ISO-10303-21;
HEADER;
FILE_DESCRIPTION(('Open CASCADE Model'),'2;1');
FILE_NAME('Open CASCADE Shape Model','2026-09-08T22:56:53',('Author'),(
    'Open CASCADE'),'Open CASCADE STEP processor 7.9','build123d',
  'Unknown');
FILE_SCHEMA(('AUTOMOTIVE_DESIGN { 1 0 10303 214 1 1 1 1 }'));
ENDSEC;
DATA;
#1 = APPLICATION_PROTOCOL_DEFINITION('international standard',
  'automotive_design',2000,#2);
#2 = APPLICATION_CONTEXT(
  'core data for automotive mechanical design processes');
#3 = SHAPE_DEFINITION_REPRESENTATION(#4,#10);
#4 = PRODUCT_DEFINITION_SHAPE('','',#5);
#5 = PRODUCT_DEFINITION('design','',#6,#9);
#6 = PRODUCT_DEFINITION_FORMATION('','',#7);
#7 = PRODUCT('SOLID','SOLID','',(#8));
#8 = PRODUCT_CONTEXT('',#2,'mechanical');
#9 = PRODUCT_DEFINITION_CONTEXT('part definition',#2,'design');
#10 = ADVANCED_BREP_SHAPE_REPRESENTATION('',(#11,#15),#3271);
#11 = AXIS2_PLACEMENT_3D('',#12,#13,#14);
#12 = CARTESIAN_POINT('',(0.,0.,0.));
#13 = DIRECTION('',(0.,0.,1.));
#14 = DIRECTION('',(1.,0.,-0.));
#15 = MANIFOLD_SOLID_BREP('',#16);
#16 = CLOSED_SHELL('',(#17,#776,#924,#1040,#1121,#1147,#1254,#1281,#1339
    ,#1450,#1485,#1955,#2071,#2096,#2177,#2202,#2313,#2368,#2503,#2530,
    #2556,#2603,#2609,#2644,#2729,#2755,#2822,#2898,#2924,#2997,#3064,
    #3068,#3100,#3106,#3112,#3167,#3173,#3200,#3227,#3233,#3260,#3267));
#17 = ADVANCED_FACE('',(#18),#41,.T.);
#18 = FACE_BOUND('',#19,.T.);
#19 = EDGE_LOOP('',(#20,#82,#105,#132,#133,#183,#298,#413,#447,#544,#578
    ,#693));
#20 = ORIENTED_EDGE('',*,*,#21,.F.);
#21 = EDGE_CURVE('',#22,#24,#26,.T.);
#22 = VERTEX_POINT('',#23);
#23 = CARTESIAN_POINT('',(-43.,-1.224646799147E-15,26.968273085249));
#24 = VERTEX_POINT('',#25);
#25 = CARTESIAN_POINT('',(-44.42928578572,3.5,26.623162919683));
#26 = SURFACE_CURVE('',#27,(#40,#61),.PCURVE_S1.);
#27 = B_SPLINE_CURVE_WITH_KNOTS('',6,(#28,#29,#30,#31,#32,#33,#34,#35,
    #36,#37,#38,#39),.UNSPECIFIED.,.F.,.F.,(7,5,7),(0.,0.722965639887,1.
    ),.UNSPECIFIED.);
#28 = CARTESIAN_POINT('',(-43.,-1.056412609424E-15,26.968273085249));
#29 = CARTESIAN_POINT('',(-43.,0.448571302857,26.968273085249));
#30 = CARTESIAN_POINT('',(-43.04829163768,0.89706377538,26.956814340526)
  );
#31 = CARTESIAN_POINT('',(-43.1448453976,1.341959331395,26.933903609325)
  );
#32 = CARTESIAN_POINT('',(-43.29059082163,1.779534497643,26.899219222671
    ));
#33 = CARTESIAN_POINT('',(-43.48720777656,2.205196673672,26.852156782923
    ));
#34 = CARTESIAN_POINT('',(-43.83244050672,2.768565286835,26.768754112242
    ));
#35 = CARTESIAN_POINT('',(-43.93586152758,2.921943103145,26.743705087722
    ));
#36 = CARTESIAN_POINT('',(-44.04716557212,3.072236020263,26.716667875913
    ));
#37 = CARTESIAN_POINT('',(-44.16644798995,3.219007122993,26.687596674232
    ));
#38 = CARTESIAN_POINT('',(-44.29379563872,3.361772448229,26.656444421758
    ));
#39 = CARTESIAN_POINT('',(-44.42928637384,3.5000006,26.623162775219));
#40 = PCURVE('',#41,#46);
#41 = CYLINDRICAL_SURFACE('',#42,5.);
#42 = AXIS2_PLACEMENT_3D('',#43,#44,#45);
#43 = CARTESIAN_POINT('',(-48.,0.,1.));
#44 = DIRECTION('',(0.,0.,1.));
#45 = DIRECTION('',(1.,0.,-0.));
#46 = DEFINITIONAL_REPRESENTATION('',(#47),#60);
#47 = B_SPLINE_CURVE_WITH_KNOTS('',6,(#48,#49,#50,#51,#52,#53,#54,#55,
    #56,#57,#58,#59),.UNSPECIFIED.,.F.,.F.,(7,5,7),(0.,0.722965639887,1.
    ),.UNSPECIFIED.);
#48 = CARTESIAN_POINT('',(0.,25.968273085249));
#49 = CARTESIAN_POINT('',(8.971426057136E-02,25.968273085249));
#50 = CARTESIAN_POINT('',(0.179413131156,25.956814340526));
#51 = CARTESIAN_POINT('',(0.269690181981,25.933903609325));
#52 = CARTESIAN_POINT('',(0.361106913411,25.899219222671));
#53 = CARTESIAN_POINT('',(0.454241073311,25.852156782923));
#54 = CARTESIAN_POINT('',(0.586387935895,25.768754112242));
#55 = CARTESIAN_POINT('',(0.623350600562,25.743705087722));
#56 = CARTESIAN_POINT('',(0.660699362898,25.716667875913));
#57 = CARTESIAN_POINT('',(0.698466378794,25.687596674232));
#58 = CARTESIAN_POINT('',(0.736686032673,25.656444421758));
#59 = CARTESIAN_POINT('',(0.775397664644,25.623162775219));
#60 = ( GEOMETRIC_REPRESENTATION_CONTEXT(2) 
PARAMETRIC_REPRESENTATION_CONTEXT() REPRESENTATION_CONTEXT('2D SPACE',''
  ) );
#61 = PCURVE('',#62,#67);
#62 = CYLINDRICAL_SURFACE('',#63,186.25);
#63 = AXIS2_PLACEMENT_3D('',#64,#65,#66);
#64 = CARTESIAN_POINT('',(0.,-5.,-154.25));
#65 = DIRECTION('',(0.,-1.,0.));
#66 = DIRECTION('',(0.289932885906,0.,0.957046979866));
#67 = DEFINITIONAL_REPRESENTATION('',(#68),#81);
#68 = B_SPLINE_CURVE_WITH_KNOTS('',6,(#69,#70,#71,#72,#73,#74,#75,#76,
    #77,#78,#79,#80),.UNSPECIFIED.,.F.,.F.,(7,5,7),(0.,0.722965639887,1.
    ),.UNSPECIFIED.);
#69 = CARTESIAN_POINT('',(0.52713100707,-5.));
#70 = CARTESIAN_POINT('',(0.52713100707,-5.448571302857));
#71 = CARTESIAN_POINT('',(0.527397490307,-5.89706377538));
#72 = CARTESIAN_POINT('',(0.527930294128,-6.341959331395));
#73 = CARTESIAN_POINT('',(0.528734673536,-6.779534497643));
#74 = CARTESIAN_POINT('',(0.529820152861,-7.205196673672));
#75 = CARTESIAN_POINT('',(0.531727075,-7.768565286835));
#76 = CARTESIAN_POINT('',(0.53229841065,-7.921943103145));
#77 = CARTESIAN_POINT('',(0.532913394742,-8.072236020263));
#78 = CARTESIAN_POINT('',(0.533572583126,-8.219007122993));
#79 = CARTESIAN_POINT('',(0.534276489275,-8.361772448229));
#80 = CARTESIAN_POINT('',(0.535025581805,-8.5000006));
#81 = ( GEOMETRIC_REPRESENTATION_CONTEXT(2) 
PARAMETRIC_REPRESENTATION_CONTEXT() REPRESENTATION_CONTEXT('2D SPACE',''
  ) );
#82 = ORIENTED_EDGE('',*,*,#83,.F.);
#83 = EDGE_CURVE('',#84,#22,#86,.T.);
#84 = VERTEX_POINT('',#85);
#85 = CARTESIAN_POINT('',(-43.,-1.224646799147E-15,2.));
#86 = SEAM_CURVE('',#87,(#91,#98),.PCURVE_S1.);
#87 = LINE('',#88,#89);
#88 = CARTESIAN_POINT('',(-43.,-1.224646799147E-15,1.));
#89 = VECTOR('',#90,1.);
#90 = DIRECTION('',(0.,0.,1.));
#91 = PCURVE('',#41,#92);
#92 = DEFINITIONAL_REPRESENTATION('',(#93),#97);
#93 = LINE('',#94,#95);
#94 = CARTESIAN_POINT('',(6.28318530718,-0.));
#95 = VECTOR('',#96,1.);
#96 = DIRECTION('',(0.,1.));
#97 = ( GEOMETRIC_REPRESENTATION_CONTEXT(2) 
PARAMETRIC_REPRESENTATION_CONTEXT() REPRESENTATION_CONTEXT('2D SPACE',''
  ) );
#98 = PCURVE('',#41,#99);
#99 = DEFINITIONAL_REPRESENTATION('',(#100),#104);
#100 = LINE('',#101,#102);
#101 = CARTESIAN_POINT('',(0.,-0.));
#102 = VECTOR('',#103,1.);
#103 = DIRECTION('',(0.,1.));
#104 = ( GEOMETRIC_REPRESENTATION_CONTEXT(2) 
PARAMETRIC_REPRESENTATION_CONTEXT() REPRESENTATION_CONTEXT('2D SPACE',''
  ) );
#105 = ORIENTED_EDGE('',*,*,#106,.T.);
#106 = EDGE_CURVE('',#84,#84,#107,.T.);
#107 = SURFACE_CURVE('',#108,(#113,#120),.PCURVE_S1.);
#108 = CIRCLE('',#109,5.);
#109 = AXIS2_PLACEMENT_3D('',#110,#111,#112);
#110 = CARTESIAN_POINT('',(-48.,0.,2.));
#111 = DIRECTION('',(0.,0.,1.));
#112 = DIRECTION('',(1.,0.,-0.));
#113 = PCURVE('',#41,#114);
#114 = DEFINITIONAL_REPRESENTATION('',(#115),#119);
#115 = LINE('',#116,#117);
#116 = CARTESIAN_POINT('',(0.,1.));
#117 = VECTOR('',#118,1.);
#118 = DIRECTION('',(1.,0.));
#119 = ( GEOMETRIC_REPRESENTATION_CONTEXT(2) 
PARAMETRIC_REPRESENTATION_CONTEXT() REPRESENTATION_CONTEXT('2D SPACE',''
  ) );
#120 = PCURVE('',#121,#126);
#121 = PLANE('',#122);
#122 = AXIS2_PLACEMENT_3D('',#123,#124,#125);
#123 = CARTESIAN_POINT('',(-48.,0.,2.));
#124 = DIRECTION('',(0.,0.,1.));
#125 = DIRECTION('',(1.,0.,0.));
#126 = DEFINITIONAL_REPRESENTATION('',(#127),#131);
#127 = CIRCLE('',#128,5.);
#128 = AXIS2_PLACEMENT_2D('',#129,#130);
#129 = CARTESIAN_POINT('',(0.,0.));
#130 = DIRECTION('',(1.,0.));
#131 = ( GEOMETRIC_REPRESENTATION_CONTEXT(2) 
PARAMETRIC_REPRESENTATION_CONTEXT() REPRESENTATION_CONTEXT('2D SPACE',''
  ) );
#132 = ORIENTED_EDGE('',*,*,#83,.T.);
#133 = ORIENTED_EDGE('',*,*,#134,.F.);
#134 = EDGE_CURVE('',#135,#22,#137,.T.);
#135 = VERTEX_POINT('',#136);
#136 = CARTESIAN_POINT('',(-44.42928578572,-3.5,26.623162919683));
#137 = SURFACE_CURVE('',#138,(#151,#167),.PCURVE_S1.);
#138 = B_SPLINE_CURVE_WITH_KNOTS('',6,(#139,#140,#141,#142,#143,#144,
    #145,#146,#147,#148,#149,#150),.UNSPECIFIED.,.F.,.F.,(7,5,7),(0.,
    0.271592680598,1.),.UNSPECIFIED.);
#139 = CARTESIAN_POINT('',(-44.42928637384,-3.5000006,26.623162775219));
#140 = CARTESIAN_POINT('',(-44.29645851619,-3.364489125735,
    26.655790318384));
#141 = CARTESIAN_POINT('',(-44.17145627088,-3.224616500253,
    26.686371477571));
#142 = CARTESIAN_POINT('',(-44.05420680913,-3.080883818278,
    26.714951670139));
#143 = CARTESIAN_POINT('',(-43.94462877217,-2.933748290092,
    26.741575185526));
#144 = CARTESIAN_POINT('',(-43.84263273806,-2.783623595467,
    26.766285202563));
#145 = CARTESIAN_POINT('',(-43.49464453267,-2.221224941971,
    26.85037658588));
#146 = CARTESIAN_POINT('',(-43.29499614982,-1.792714060934,
    26.898170845068));
#147 = CARTESIAN_POINT('',(-43.14703281204,-1.352003433071,
    26.933384558843));
#148 = CARTESIAN_POINT('',(-43.04902256315,-0.903815044825,
    26.95664090653));
#149 = CARTESIAN_POINT('',(-43.,-0.451953175306,26.968273085249));
#150 = CARTESIAN_POINT('',(-43.,-8.881784197001E-16,26.968273085249));
#151 = PCURVE('',#41,#152);
#152 = DEFINITIONAL_REPRESENTATION('',(#153),#166);
#153 = B_SPLINE_CURVE_WITH_KNOTS('',6,(#154,#155,#156,#157,#158,#159,
    #160,#161,#162,#163,#164,#165),.UNSPECIFIED.,.F.,.F.,(7,5,7),(0.,
    0.271592680598,1.),.UNSPECIFIED.);
#154 = CARTESIAN_POINT('',(5.507787642535,25.623162775219));
#155 = CARTESIAN_POINT('',(5.5457384525,25.655790318384));
#156 = CARTESIAN_POINT('',(5.583216588044,25.686371477571));
#157 = CARTESIAN_POINT('',(5.620258985749,25.714951670139));
#158 = CARTESIAN_POINT('',(5.656898039938,25.741575185526));
#159 = CARTESIAN_POINT('',(5.693164073838,25.766285202563));
#160 = CARTESIAN_POINT('',(5.825434711024,25.85037658588));
#161 = CARTESIAN_POINT('',(5.919324242825,25.898170845068));
#162 = CARTESIAN_POINT('',(6.011456727632,25.933384558843));
#163 = CARTESIAN_POINT('',(6.102421926639,25.95664090653));
#164 = CARTESIAN_POINT('',(6.192794672118,25.968273085249));
#165 = CARTESIAN_POINT('',(6.28318530718,25.968273085249));
#166 = ( GEOMETRIC_REPRESENTATION_CONTEXT(2) 
PARAMETRIC_REPRESENTATION_CONTEXT() REPRESENTATION_CONTEXT('2D SPACE',''
  ) );
#167 = PCURVE('',#62,#168);
#168 = DEFINITIONAL_REPRESENTATION('',(#169),#182);
#169 = B_SPLINE_CURVE_WITH_KNOTS('',6,(#170,#171,#172,#173,#174,#175,
    #176,#177,#178,#179,#180,#181),.UNSPECIFIED.,.F.,.F.,(7,5,7),(0.,
    0.271592680598,1.),.UNSPECIFIED.);
#170 = CARTESIAN_POINT('',(0.535025581805,-1.4999994));
#171 = CARTESIAN_POINT('',(0.534291211622,-1.635510874265));
#172 = CARTESIAN_POINT('',(0.533600266152,-1.775383499747));
#173 = CARTESIAN_POINT('',(0.53295230678,-1.919116181722));
#174 = CARTESIAN_POINT('',(0.532346852263,-2.066251709908));
#175 = CARTESIAN_POINT('',(0.531783381012,-2.216376404533));
#176 = CARTESIAN_POINT('',(0.529861209726,-2.778775058029));
#177 = CARTESIAN_POINT('',(0.528758986859,-3.207285939066));
#178 = CARTESIAN_POINT('',(0.527942364751,-3.647996566929));
#179 = CARTESIAN_POINT('',(0.527401523702,-4.096184955175));
#180 = CARTESIAN_POINT('',(0.52713100707,-4.548046824694));
#181 = CARTESIAN_POINT('',(0.52713100707,-5.));
#182 = ( GEOMETRIC_REPRESENTATION_CONTEXT(2) 
PARAMETRIC_REPRESENTATION_CONTEXT() REPRESENTATION_CONTEXT('2D SPACE',''
  ) );
#183 = ORIENTED_EDGE('',*,*,#184,.T.);
#184 = EDGE_CURVE('',#135,#185,#187,.T.);
#185 = VERTEX_POINT('',#186);
#186 = CARTESIAN_POINT('',(-48.,-5.,27.26050245096));
#187 = SURFACE_CURVE('',#188,(#221,#257),.PCURVE_S1.);
#188 = B_SPLINE_CURVE_WITH_KNOTS('',6,(#189,#190,#191,#192,#193,#194,
    #195,#196,#197,#198,#199,#200,#201,#202,#203,#204,#205,#206,#207,
    #208,#209,#210,#211,#212,#213,#214,#215,#216,#217,#218,#219,#220),
  .UNSPECIFIED.,.F.,.F.,(7,5,5,5,5,5,7),(0.,0.305474974309,
    0.634384082667,0.977174022514,0.988760462379,0.994679849097,1.),
  .UNSPECIFIED.);
#189 = CARTESIAN_POINT('',(-44.42928578572,-3.5,26.623162919683));
#190 = CARTESIAN_POINT('',(-44.55749474911,-3.630799305129,26.591669952)
  );
#191 = CARTESIAN_POINT('',(-44.6958313677,-3.760429658105,
    26.571667538742));
#192 = CARTESIAN_POINT('',(-44.84366849078,-3.88677655731,
    26.562811976592));
#193 = CARTESIAN_POINT('',(-45.00018021745,-4.008124415437,
    26.564272618236));
#194 = CARTESIAN_POINT('',(-45.16443479765,-4.123157492973,
    26.575068983473));
#195 = CARTESIAN_POINT('',(-45.51963561582,-4.346856266099,
    26.614702762078));
#196 = CARTESIAN_POINT('',(-45.71169130954,-4.454374582414,
    26.644864343375));
#197 = CARTESIAN_POINT('',(-45.91056203992,-4.552248429368,
    26.683350146685));
#198 = CARTESIAN_POINT('',(-46.11518341999,-4.639700294982,
    26.728839184695));
#199 = CARTESIAN_POINT('',(-46.32455776099,-4.716207501213,
    26.780091195159));
#200 = CARTESIAN_POINT('',(-46.76001995106,-4.849376717079,
    26.894144821662));
#201 = CARTESIAN_POINT('',(-46.98641906195,-4.905058136812,
    26.957337292423));
#202 = CARTESIAN_POINT('',(-47.21598454326,-4.948068579434,
    27.024198860239));
#203 = CARTESIAN_POINT('',(-47.44772920185,-4.978170474844,
    27.093479506498));
#204 = CARTESIAN_POINT('',(-47.68069555448,-4.995245540607,27.1639743559
    ));
#205 = CARTESIAN_POINT('',(-47.92185534393,-4.999395523566,
    27.236884572457));
#206 = CARTESIAN_POINT('',(-47.92974054074,-4.999516288068,
    27.239268445626));
#207 = CARTESIAN_POINT('',(-47.93762608829,-4.999622130134,
    27.241652319072));
#208 = CARTESIAN_POINT('',(-47.94551193068,-4.999713048109,
    27.244036140863));
#209 = CARTESIAN_POINT('',(-47.95339801199,-4.99978904071,
    27.246419859073));
#210 = CARTESIAN_POINT('',(-47.96531328339,-4.999881305147,
    27.25002115817));
#211 = CARTESIAN_POINT('',(-47.96794879944,-4.999898104568,
    27.250817668869));
#212 = CARTESIAN_POINT('',(-47.96988754788,-4.99990955098,
    27.251403589272));
#213 = CARTESIAN_POINT('',(-47.97182628937,-4.999921457203,
    27.251989514857));
#214 = CARTESIAN_POINT('',(-47.97446182184,-4.999936403183,
    27.252786001181));
#215 = CARTESIAN_POINT('',(-47.98211225618,-4.999969314156,
    27.255097869354));
#216 = CARTESIAN_POINT('',(-47.9856664259,-4.999981575122,
    27.256171822615));
#217 = CARTESIAN_POINT('',(-47.98925501807,-4.999990763534,
    27.257256148128));
#218 = CARTESIAN_POINT('',(-47.99289672941,-4.999996968044,
    27.258356491143));
#219 = CARTESIAN_POINT('',(-47.99652742483,-5.00000012131,
    27.259453417695));
#220 = CARTESIAN_POINT('',(-48.00000013748,-5.,27.260502414603));
#221 = PCURVE('',#41,#222);
#222 = DEFINITIONAL_REPRESENTATION('',(#223),#256);
#223 = B_SPLINE_CURVE_WITH_KNOTS('',6,(#224,#225,#226,#227,#228,#229,
    #230,#231,#232,#233,#234,#235,#236,#237,#238,#239,#240,#241,#242,
    #243,#244,#245,#246,#247,#248,#249,#250,#251,#252,#253,#254,#255),
  .UNSPECIFIED.,.F.,.F.,(7,5,5,5,5,5,7),(0.,0.305474974309,
    0.634384082667,0.977174022514,0.988760462379,0.994679849097,1.),
  .UNSPECIFIED.);
#224 = CARTESIAN_POINT('',(5.507787810569,25.623162919683));
#225 = CARTESIAN_POINT('',(5.471156678174,25.591669952));
#226 = CARTESIAN_POINT('',(5.433274618214,25.571667538742));
#227 = CARTESIAN_POINT('',(5.394443080678,25.562811976592));
#228 = CARTESIAN_POINT('',(5.354903602964,25.564272618236));
#229 = CARTESIAN_POINT('',(5.314845616716,25.575068983473));
#230 = CARTESIAN_POINT('',(5.230891161843,25.614702762078));
#231 = CARTESIAN_POINT('',(5.186929213044,25.644864343375));
#232 = CARTESIAN_POINT('',(5.142693335935,25.683350146685));
#233 = CARTESIAN_POINT('',(5.098283511947,25.728839184695));
#234 = CARTESIAN_POINT('',(5.053764504253,25.780091195159));
#235 = CARTESIAN_POINT('',(4.962690609193,25.894144821662));
#236 = CARTESIAN_POINT('',(4.916133649102,25.957337292423));
#237 = CARTESIAN_POINT('',(4.869531122779,26.024198860239));
#238 = CARTESIAN_POINT('',(4.82290285482,26.093479506498));
#239 = CARTESIAN_POINT('',(4.776257626016,26.1639743559));
#240 = CARTESIAN_POINT('',(4.728018527181,26.236884572457));
#241 = CARTESIAN_POINT('',(4.7264413057,26.239268445626));
#242 = CARTESIAN_POINT('',(4.72486405837,26.241652319072));
#243 = CARTESIAN_POINT('',(4.723286789313,26.244036140863));
#244 = CARTESIAN_POINT('',(4.721709502649,26.246419859073));
#245 = CARTESIAN_POINT('',(4.719326376925,26.25002115817));
#246 = CARTESIAN_POINT('',(4.718799262939,26.250817668869));
#247 = CARTESIAN_POINT('',(4.718411506941,26.251403589272));
#248 = CARTESIAN_POINT('',(4.718023751778,26.251989514857));
#249 = CARTESIAN_POINT('',(4.71749663674,26.252786001181));
#250 = CARTESIAN_POINT('',(4.715966535713,26.255097869354));
#251 = CARTESIAN_POINT('',(4.715255697832,26.256171822615));
#252 = CARTESIAN_POINT('',(4.714537977447,26.257256148128));
#253 = CARTESIAN_POINT('',(4.713809634507,26.258356491143));
#254 = CARTESIAN_POINT('',(4.713083495387,26.259453417695));
#255 = CARTESIAN_POINT('',(4.712388952888,26.260502414603));
#256 = ( GEOMETRIC_REPRESENTATION_CONTEXT(2) 
PARAMETRIC_REPRESENTATION_CONTEXT() REPRESENTATION_CONTEXT('2D SPACE',''
  ) );
#257 = PCURVE('',#258,#263);
#258 = TOROIDAL_SURFACE('',#259,187.75,1.5);
#259 = AXIS2_PLACEMENT_3D('',#260,#261,#262);
#260 = CARTESIAN_POINT('',(0.,-3.5,-154.25));
#261 = DIRECTION('',(0.,1.,0.));
#262 = DIRECTION('',(0.289932885906,-0.,0.957046979866));
#263 = DEFINITIONAL_REPRESENTATION('',(#264),#297);
#264 = B_SPLINE_CURVE_WITH_KNOTS('',6,(#265,#266,#267,#268,#269,#270,
    #271,#272,#273,#274,#275,#276,#277,#278,#279,#280,#281,#282,#283,
    #284,#285,#286,#287,#288,#289,#290,#291,#292,#293,#294,#295,#296),
  .UNSPECIFIED.,.F.,.F.,(7,5,5,5,5,5,7),(0.,0.305474974309,
    0.634384082667,0.977174022514,0.988760462379,0.994679849097,1.),
  .UNSPECIFIED.);
#265 = CARTESIAN_POINT('',(-0.535025578553,3.14159265359));
#266 = CARTESIAN_POINT('',(-0.535734412088,3.228792190342));
#267 = CARTESIAN_POINT('',(-0.536481335546,3.315212132733));
#268 = CARTESIAN_POINT('',(-0.53726328537,3.400638387555));
#269 = CARTESIAN_POINT('',(-0.538076757527,3.485006198353));
#270 = CARTESIAN_POINT('',(-0.538917907044,3.568296741722));
#271 = CARTESIAN_POINT('',(-0.540714205406,3.739073022254));
#272 = CARTESIAN_POINT('',(-0.541673292744,3.826403888952));
#273 = CARTESIAN_POINT('',(-0.542655904624,3.91260141242));
#274 = CARTESIAN_POINT('',(-0.54365797396,3.997793877227));
#275 = CARTESIAN_POINT('',(-0.544675745419,4.082121658354));
#276 = CARTESIAN_POINT('',(-0.546779656444,4.252911405164));
#277 = CARTESIAN_POINT('',(-0.547866766098,4.339304792429));
#278 = CARTESIAN_POINT('',(-0.548963661364,4.425126305939));
#279 = CARTESIAN_POINT('',(-0.550066782495,4.51055574492));
#280 = CARTESIAN_POINT('',(-0.551172745912,4.595773058185));
#281 = CARTESIAN_POINT('',(-0.552315823799,4.683852806905));
#282 = CARTESIAN_POINT('',(-0.552353197027,4.686732600172));
#283 = CARTESIAN_POINT('',(-0.552390569997,4.689612393439));
#284 = CARTESIAN_POINT('',(-0.552427942493,4.692492186706));
#285 = CARTESIAN_POINT('',(-0.552465314297,4.695371979974));
#286 = CARTESIAN_POINT('',(-0.552521777577,4.699723028453));
#287 = CARTESIAN_POINT('',(-0.552534266155,4.700685413998));
#288 = CARTESIAN_POINT('',(-0.552543452942,4.701393363075));
#289 = CARTESIAN_POINT('',(-0.552552639749,4.702101311219));
#290 = CARTESIAN_POINT('',(-0.55256512819,4.703063696307));
#291 = CARTESIAN_POINT('',(-0.552601378476,4.705857280877));
#292 = CARTESIAN_POINT('',(-0.552618218989,4.70715507824));
#293 = CARTESIAN_POINT('',(-0.552635222202,4.708465458653));
#294 = CARTESIAN_POINT('',(-0.552652476714,4.709795250264));
#295 = CARTESIAN_POINT('',(-0.552669678732,4.711121001363));
#296 = CARTESIAN_POINT('',(-0.552686132076,4.712388980385));
#297 = ( GEOMETRIC_REPRESENTATION_CONTEXT(2) 
PARAMETRIC_REPRESENTATION_CONTEXT() REPRESENTATION_CONTEXT('2D SPACE',''
  ) );
#298 = ORIENTED_EDGE('',*,*,#299,.F.);
#299 = EDGE_CURVE('',#300,#185,#302,.T.);
#300 = VERTEX_POINT('',#301);
#301 = CARTESIAN_POINT('',(-51.57071421427,-3.5,24.717941082837));
#302 = SURFACE_CURVE('',#303,(#336,#372),.PCURVE_S1.);
#303 = B_SPLINE_CURVE_WITH_KNOTS('',7,(#304,#305,#306,#307,#308,#309,
    #310,#311,#312,#313,#314,#315,#316,#317,#318,#319,#320,#321,#322,
    #323,#324,#325,#326,#327,#328,#329,#330,#331,#332,#333,#334,#335),
  .UNSPECIFIED.,.F.,.F.,(8,6,6,6,6,8),(0.,0.146298098558,0.409554839731,
    0.724369197859,0.97110144533,1.),.UNSPECIFIED.);
#304 = CARTESIAN_POINT('',(-51.57071421427,-3.5,24.717941082837));
#305 = CARTESIAN_POINT('',(-51.49876018844,-3.573407789374,
    24.738675078436));
#306 = CARTESIAN_POINT('',(-51.42580260734,-3.644317352664,
    24.764023501278));
#307 = CARTESIAN_POINT('',(-51.35211949308,-3.712578624422,
    24.793367639631));
#308 = CARTESIAN_POINT('',(-51.27794194582,-3.778137876243,
    24.826154927774));
#309 = CARTESIAN_POINT('',(-51.20344406693,-3.841013551087,
    24.861913241291));
#310 = CARTESIAN_POINT('',(-51.12873435066,-3.901277473084,
    24.900259505798));
#311 = CARTESIAN_POINT('',(-50.91909495942,-4.062985038076,
    25.01403804375));
#312 = CARTESIAN_POINT('',(-50.78394192363,-4.158702043607,
    25.094517826474));
#313 = CARTESIAN_POINT('',(-50.64861364318,-4.246868336636,
    25.180609039332));
#314 = CARTESIAN_POINT('',(-50.5133416146,-4.327981323336,
    25.271130683951));
#315 = CARTESIAN_POINT('',(-50.37825301117,-4.40252975647,
    25.365178823302));
#316 = CARTESIAN_POINT('',(-50.24335678205,-4.470958046121,
    25.462137244319));
#317 = CARTESIAN_POINT('',(-49.94726243358,-4.608665230135,
    25.680593843748));
#318 = CARTESIAN_POINT('',(-49.78625097662,-4.675410238316,
    25.803057988065));
#319 = CARTESIAN_POINT('',(-49.6254215285,-4.734538775022,25.92822406107
    ));
#320 = CARTESIAN_POINT('',(-49.46476039457,-4.786490873084,
    26.055508510391));
#321 = CARTESIAN_POINT('',(-49.30424908309,-4.831604739493,
    26.184458645509));
#322 = CARTESIAN_POINT('',(-49.14383704678,-4.870154066867,
    26.314714004857));
#323 = CARTESIAN_POINT('',(-48.85772376036,-4.927550054476,
    26.548905749563));
#324 = CARTESIAN_POINT('',(-48.73203872776,-4.948851157759,
    26.65242467919));
#325 = CARTESIAN_POINT('',(-48.60635535039,-4.966326380318,
    26.756419463028));
#326 = CARTESIAN_POINT('',(-48.4806528575,-4.980041207773,26.86075969627
    ));
#327 = CARTESIAN_POINT('',(-48.35491231641,-4.990037269223,
    26.96532523952));
#328 = CARTESIAN_POINT('',(-48.22911352436,-4.99633464991,
    27.070002940643));
#329 = CARTESIAN_POINT('',(-48.08848799464,-4.999238677065,
    27.186944067379));
#330 = CARTESIAN_POINT('',(-48.0737429906,-4.999492417917,
    27.199204790646));
#331 = CARTESIAN_POINT('',(-48.05899684792,-4.999695426438,
    27.211465341854));
#332 = CARTESIAN_POINT('',(-48.04424953204,-4.999847698707,
    27.223725539338));
#333 = CARTESIAN_POINT('',(-48.02950101413,-4.999949226883,
    27.235985204325));
#334 = CARTESIAN_POINT('',(-48.01475127115,-4.999999999207,
    27.248244160933));
#335 = CARTESIAN_POINT('',(-48.00000028578,-5.,27.260502236172));
#336 = PCURVE('',#41,#337);
#337 = DEFINITIONAL_REPRESENTATION('',(#338),#371);
#338 = B_SPLINE_CURVE_WITH_KNOTS('',7,(#339,#340,#341,#342,#343,#344,
    #345,#346,#347,#348,#349,#350,#351,#352,#353,#354,#355,#356,#357,
    #358,#359,#360,#361,#362,#363,#364,#365,#366,#367,#368,#369,#370),
  .UNSPECIFIED.,.F.,.F.,(8,6,6,6,6,8),(0.,0.146298098558,0.409554839731,
    0.724369197859,0.97110144533,1.),.UNSPECIFIED.);
#339 = CARTESIAN_POINT('',(3.916990150201,23.717941082837));
#340 = CARTESIAN_POINT('',(3.937548443295,23.738675078436));
#341 = CARTESIAN_POINT('',(3.957890413005,23.764023501278));
#342 = CARTESIAN_POINT('',(3.977969911623,23.793367639631));
#343 = CARTESIAN_POINT('',(3.997759716567,23.826154927774));
#344 = CARTESIAN_POINT('',(4.017248901145,23.861913241291));
#345 = CARTESIAN_POINT('',(4.036441527753,23.900259505798));
#346 = CARTESIAN_POINT('',(4.089393585667,24.01403804375));
#347 = CARTESIAN_POINT('',(4.122488859609,24.094517826474));
#348 = CARTESIAN_POINT('',(4.154753902477,24.180609039332));
#349 = CARTESIAN_POINT('',(4.186261372604,24.271130683951));
#350 = CARTESIAN_POINT('',(4.217089738128,24.365178823302));
#351 = CARTESIAN_POINT('',(4.247324011809,24.462137244319));
#352 = CARTESIAN_POINT('',(4.312634082003,24.680593843748));
#353 = CARTESIAN_POINT('',(4.347462345937,24.803057988065));
#354 = CARTESIAN_POINT('',(4.38168854113,24.92822406107));
#355 = CARTESIAN_POINT('',(4.41541256876,25.055508510391));
#356 = CARTESIAN_POINT('',(4.448719474439,25.184458645509));
#357 = CARTESIAN_POINT('',(4.481691672734,25.314714004857));
#358 = CARTESIAN_POINT('',(4.540054370429,25.548905749563));
#359 = CARTESIAN_POINT('',(4.5655382968,25.65242467919));
#360 = CARTESIAN_POINT('',(4.590898913516,25.756419463028));
#361 = CARTESIAN_POINT('',(4.616168929845,25.86075969627));
#362 = CARTESIAN_POINT('',(4.641379054364,25.96532523952));
#363 = CARTESIAN_POINT('',(4.666559440688,26.070002940643));
#364 = CARTESIAN_POINT('',(4.694690543035,26.186944067379));
#365 = CARTESIAN_POINT('',(4.697639963007,26.199204790646));
#366 = CARTESIAN_POINT('',(4.700589443069,26.211465341854));
#367 = CARTESIAN_POINT('',(4.703539032029,26.223725539338));
#368 = CARTESIAN_POINT('',(4.706488777552,26.235985204325));
#369 = CARTESIAN_POINT('',(4.70943872616,26.248244160933));
#370 = CARTESIAN_POINT('',(4.712388923228,26.260502236172));
#371 = ( GEOMETRIC_REPRESENTATION_CONTEXT(2) 
PARAMETRIC_REPRESENTATION_CONTEXT() REPRESENTATION_CONTEXT('2D SPACE',''
  ) );
#372 = PCURVE('',#373,#378);
#373 = TOROIDAL_SURFACE('',#374,187.75,1.5);
#374 = AXIS2_PLACEMENT_3D('',#375,#376,#377);
#375 = CARTESIAN_POINT('',(0.,-3.5,-154.25));
#376 = DIRECTION('',(0.,1.,0.));
#377 = DIRECTION('',(0.289932885906,-0.,0.957046979866));
#378 = DEFINITIONAL_REPRESENTATION('',(#379),#412);
#379 = B_SPLINE_CURVE_WITH_KNOTS('',7,(#380,#381,#382,#383,#384,#385,
    #386,#387,#388,#389,#390,#391,#392,#393,#394,#395,#396,#397,#398,
    #399,#400,#401,#402,#403,#404,#405,#406,#407,#408,#409,#410,#411),
  .UNSPECIFIED.,.F.,.F.,(8,6,6,6,6,8),(0.,0.146298098558,0.409554839731,
    0.724369197859,0.97110144533,1.),.UNSPECIFIED.);
#380 = CARTESIAN_POINT('',(-0.574712490258,3.14159265359));
#381 = CARTESIAN_POINT('',(-0.574310440453,3.190531179839));
#382 = CARTESIAN_POINT('',(-0.573896353026,3.237804223903));
#383 = CARTESIAN_POINT('',(-0.573472620101,3.28350317225));
#384 = CARTESIAN_POINT('',(-0.573041288852,3.327725011385));
#385 = CARTESIAN_POINT('',(-0.572603986876,3.370573302981));
#386 = CARTESIAN_POINT('',(-0.572161865541,3.412160314452));
#387 = CARTESIAN_POINT('',(-0.570912457196,3.525398213991));
#388 = CARTESIAN_POINT('',(-0.570096826579,3.59441234781));
#389 = CARTESIAN_POINT('',(-0.569272512098,3.66038420525));
#390 = CARTESIAN_POINT('',(-0.568442535733,3.723753694106));
#391 = CARTESIAN_POINT('',(-0.56760894455,3.784903965854));
#392 = CARTESIAN_POINT('',(-0.566772734269,3.844163655744));
#393 = CARTESIAN_POINT('',(-0.564930539626,3.97085155728));
#394 = CARTESIAN_POINT('',(-0.563924398363,4.03753670992));
#395 = CARTESIAN_POINT('',(-0.562916290231,4.102396334961));
#396 = CARTESIAN_POINT('',(-0.561907038699,4.165766689127));
#397 = CARTESIAN_POINT('',(-0.560897234699,4.227918313861));
#398 = CARTESIAN_POINT('',(-0.559887159151,4.289098444901));
#399 = CARTESIAN_POINT('',(-0.558084868686,4.396901380004));
#400 = CARTESIAN_POINT('',(-0.557292909137,4.443803597962));
#401 = CARTESIAN_POINT('',(-0.556500961101,4.490345746024));
#402 = CARTESIAN_POINT('',(-0.555709107804,4.536620612475));
#403 = CARTESIAN_POINT('',(-0.554917423692,4.582713948651));
#404 = CARTESIAN_POINT('',(-0.554125963411,4.628708790263));
#405 = CARTESIAN_POINT('',(-0.553242079886,4.680075309479));
#406 = CARTESIAN_POINT('',(-0.553149412606,4.685460638866));
#407 = CARTESIAN_POINT('',(-0.553056748998,4.690845896216));
#408 = CARTESIAN_POINT('',(-0.552964089133,4.696231213682));
#409 = CARTESIAN_POINT('',(-0.552871433108,4.701616726243));
#410 = CARTESIAN_POINT('',(-0.552778781042,4.707002571697));
#411 = CARTESIAN_POINT('',(-0.552686133082,4.71238889066));
#412 = ( GEOMETRIC_REPRESENTATION_CONTEXT(2) 
PARAMETRIC_REPRESENTATION_CONTEXT() REPRESENTATION_CONTEXT('2D SPACE',''
  ) );
#413 = ORIENTED_EDGE('',*,*,#414,.F.);
#414 = EDGE_CURVE('',#415,#300,#417,.T.);
#415 = VERTEX_POINT('',#416);
#416 = CARTESIAN_POINT('',(-52.08055925432,-2.889469877317,
    24.57023892098));
#417 = SURFACE_CURVE('',#418,(#424,#433),.PCURVE_S1.);
#418 = B_SPLINE_CURVE_WITH_KNOTS('',4,(#419,#420,#421,#422,#423),
  .UNSPECIFIED.,.F.,.F.,(5,5),(0.,1.),.PIECEWISE_BEZIER_KNOTS.);
#419 = CARTESIAN_POINT('',(-52.08055925432,-2.889469877317,
    24.57023892098));
#420 = CARTESIAN_POINT('',(-51.96766800436,-3.048896849848,
    24.603117970177));
#421 = CARTESIAN_POINT('',(-51.84514740685,-3.204313258279,
    24.638698434313));
#422 = CARTESIAN_POINT('',(-51.71286065356,-3.354981674094,
    24.676980711598));
#423 = CARTESIAN_POINT('',(-51.57071362615,-3.5000006,24.717941252307));
#424 = PCURVE('',#41,#425);
#425 = DEFINITIONAL_REPRESENTATION('',(#426),#432);
#426 = B_SPLINE_CURVE_WITH_KNOTS('',4,(#427,#428,#429,#430,#431),
  .UNSPECIFIED.,.F.,.F.,(5,5),(0.,1.),.PIECEWISE_BEZIER_KNOTS.);
#427 = CARTESIAN_POINT('',(3.757738420628,23.57023892098));
#428 = CARTESIAN_POINT('',(3.796808303601,23.603117970177));
#429 = CARTESIAN_POINT('',(3.836336750014,23.638698434313));
#430 = CARTESIAN_POINT('',(3.876376888794,23.676980711598));
#431 = CARTESIAN_POINT('',(3.916990318234,23.717941252307));
#432 = ( GEOMETRIC_REPRESENTATION_CONTEXT(2) 
PARAMETRIC_REPRESENTATION_CONTEXT() REPRESENTATION_CONTEXT('2D SPACE',''
  ) );
#433 = PCURVE('',#434,#439);
#434 = CYLINDRICAL_SURFACE('',#435,186.25);
#435 = AXIS2_PLACEMENT_3D('',#436,#437,#438);
#436 = CARTESIAN_POINT('',(0.,-5.,-154.25));
#437 = DIRECTION('',(0.,-1.,0.));
#438 = DIRECTION('',(0.289932885906,0.,0.957046979866));
#439 = DEFINITIONAL_REPRESENTATION('',(#440),#446);
#440 = B_SPLINE_CURVE_WITH_KNOTS('',4,(#441,#442,#443,#444,#445),
  .UNSPECIFIED.,.F.,.F.,(5,5),(0.,1.),.PIECEWISE_BEZIER_KNOTS.);
#441 = CARTESIAN_POINT('',(0.577562470908,-2.110530122683));
#442 = CARTESIAN_POINT('',(0.576931159539,-1.951103150152));
#443 = CARTESIAN_POINT('',(0.576246153611,-1.795686741721));
#444 = CARTESIAN_POINT('',(0.575506746695,-1.645018325906));
#445 = CARTESIAN_POINT('',(0.574712486972,-1.4999994));
#446 = ( GEOMETRIC_REPRESENTATION_CONTEXT(2) 
PARAMETRIC_REPRESENTATION_CONTEXT() REPRESENTATION_CONTEXT('2D SPACE',''
  ) );
#447 = ORIENTED_EDGE('',*,*,#448,.F.);
#448 = EDGE_CURVE('',#449,#415,#451,.T.);
#449 = VERTEX_POINT('',#450);
#450 = CARTESIAN_POINT('',(-52.08055925432,2.889469877317,24.57023892098
    ));
#451 = SURFACE_CURVE('',#452,(#479,#509),.PCURVE_S1.);
#452 = B_SPLINE_CURVE_WITH_KNOTS('',7,(#453,#454,#455,#456,#457,#458,
    #459,#460,#461,#462,#463,#464,#465,#466,#467,#468,#469,#470,#471,
    #472,#473,#474,#475,#476,#477,#478),.UNSPECIFIED.,.F.,.F.,(8,6,6,6,8
    ),(0.,0.298208844933,0.499998391503,0.701879303716,1.),
  .UNSPECIFIED.);
#453 = CARTESIAN_POINT('',(-52.08055925432,2.889469877317,24.57023892098
    ));
#454 = CARTESIAN_POINT('',(-52.2347753524,2.671683240698,24.525324202811
    ));
#455 = CARTESIAN_POINT('',(-52.37653439942,2.442734187903,
    24.504936343174));
#456 = CARTESIAN_POINT('',(-52.50295137535,2.205962386053,
    24.501113305944));
#457 = CARTESIAN_POINT('',(-52.61345482131,1.963640447015,
    24.508034770527));
#458 = CARTESIAN_POINT('',(-52.70803190228,1.717193596747,
    24.521111904456));
#459 = CARTESIAN_POINT('',(-52.78686829858,1.467497267602,24.53665395084
    ));
#460 = CARTESIAN_POINT('',(-52.89286094367,1.044457083466,
    24.562094104085));
#461 = CARTESIAN_POINT('',(-52.92856317094,0.872219421763,
    24.572211036441));
#462 = CARTESIAN_POINT('',(-52.95712802337,0.698884734553,
    24.581287843807));
#463 = CARTESIAN_POINT('',(-52.97855114247,0.524770653408,
    24.588604633255));
#464 = CARTESIAN_POINT('',(-52.99284254966,0.350123981506,
    24.593657988772));
#465 = CARTESIAN_POINT('',(-53.,0.175142910338,24.596188356629));
#466 = CARTESIAN_POINT('',(-53.,-0.175222210999,24.596188356629));
#467 = CARTESIAN_POINT('',(-52.99283606688,-0.350282246267,
    24.593655697452));
#468 = CARTESIAN_POINT('',(-52.97853175342,-0.525007408841,24.5885977766
    ));
#469 = CARTESIAN_POINT('',(-52.95708930273,-0.699199307384,
    24.58127462037));
#470 = CARTESIAN_POINT('',(-52.92849865655,-0.872610842426,
    24.572190538979));
#471 = CARTESIAN_POINT('',(-52.89276416122,-1.044923959014,
    24.562066677232));
#472 = CARTESIAN_POINT('',(-52.78672311229,-1.467957405723,
    24.536625318208));
#473 = CARTESIAN_POINT('',(-52.7078869046,-1.717570879524,24.52109187681
    ));
#474 = CARTESIAN_POINT('',(-52.61331994651,-1.963935768974,
    24.508026447509));
#475 = CARTESIAN_POINT('',(-52.50283618051,-2.206178016086,
    24.501116864656));
#476 = CARTESIAN_POINT('',(-52.37644843485,-2.442873071359,
    24.504948678768));
#477 = CARTESIAN_POINT('',(-52.23472847097,-2.671749447476,
    24.525337856811));
#478 = CARTESIAN_POINT('',(-52.08055925432,-2.889469877317,
    24.57023892098));
#479 = PCURVE('',#41,#480);
#480 = DEFINITIONAL_REPRESENTATION('',(#481),#508);
#481 = B_SPLINE_CURVE_WITH_KNOTS('',7,(#482,#483,#484,#485,#486,#487,
    #488,#489,#490,#491,#492,#493,#494,#495,#496,#497,#498,#499,#500,
    #501,#502,#503,#504,#505,#506,#507),.UNSPECIFIED.,.F.,.F.,(8,6,6,6,8
    ),(0.,0.298208844933,0.499998391503,0.701879303716,1.),
  .UNSPECIFIED.);
#482 = CARTESIAN_POINT('',(2.525446886552,23.57023892098));
#483 = CARTESIAN_POINT('',(2.578818648373,23.525324202811));
#484 = CARTESIAN_POINT('',(2.63257251836,23.504936343174));
#485 = CARTESIAN_POINT('',(2.68607884,23.501113305944));
#486 = CARTESIAN_POINT('',(2.73916275116,23.508034770527));
#487 = CARTESIAN_POINT('',(2.79180083485,23.521111904456));
#488 = CARTESIAN_POINT('',(2.844074908799,23.53665395084));
#489 = CARTESIAN_POINT('',(2.93129817134,23.562094104085));
#490 = CARTESIAN_POINT('',(2.966448242726,23.572211036441));
#491 = CARTESIAN_POINT('',(3.001535516521,23.581287843807));
#492 = CARTESIAN_POINT('',(3.036568287524,23.588604633255));
#493 = CARTESIAN_POINT('',(3.07156787157,23.593657988772));
#494 = CARTESIAN_POINT('',(3.106564071522,23.596188356629));
#495 = CARTESIAN_POINT('',(3.17663709579,23.596188356629));
#496 = CARTESIAN_POINT('',(3.211649088525,23.593655697452));
#497 = CARTESIAN_POINT('',(3.246664466223,23.5885977766));
#498 = CARTESIAN_POINT('',(3.281713085018,23.58127462037));
#499 = CARTESIAN_POINT('',(3.316816298075,23.572190538979));
#500 = CARTESIAN_POINT('',(3.351982415407,23.562066677232));
#501 = CARTESIAN_POINT('',(3.439206724196,23.536625318208));
#502 = CARTESIAN_POINT('',(3.491465066514,23.52109187681));
#503 = CARTESIAN_POINT('',(3.544087267801,23.508026447509));
#504 = CARTESIAN_POINT('',(3.597155203989,23.501116864656));
#505 = CARTESIAN_POINT('',(3.65064539323,23.504948678768));
#506 = CARTESIAN_POINT('',(3.704382883734,23.525337856811));
#507 = CARTESIAN_POINT('',(3.757738420628,23.57023892098));
#508 = ( GEOMETRIC_REPRESENTATION_CONTEXT(2) 
PARAMETRIC_REPRESENTATION_CONTEXT() REPRESENTATION_CONTEXT('2D SPACE',''
  ) );
#509 = PCURVE('',#510,#515);
#510 = CYLINDRICAL_SURFACE('',#511,1.5);
#511 = AXIS2_PLACEMENT_3D('',#512,#513,#514);
#512 = CARTESIAN_POINT('',(-52.5,-5.,26.010401919002));
#513 = DIRECTION('',(-0.,1.,-0.));
#514 = DIRECTION('',(0.279627163782,0.,-0.960108665348));
#515 = DEFINITIONAL_REPRESENTATION('',(#516),#543);
#516 = B_SPLINE_CURVE_WITH_KNOTS('',7,(#517,#518,#519,#520,#521,#522,
    #523,#524,#525,#526,#527,#528,#529,#530,#531,#532,#533,#534,#535,
    #536,#537,#538,#539,#540,#541,#542),.UNSPECIFIED.,.F.,.F.,(8,6,6,6,8
    ),(0.,0.298208844933,0.499998391503,0.701879303716,1.),
  .UNSPECIFIED.);
#517 = CARTESIAN_POINT('',(0.,7.889469877317));
#518 = CARTESIAN_POINT('',(0.107082391572,7.671683240698));
#519 = CARTESIAN_POINT('',(0.20162070577,7.442734187903));
#520 = CARTESIAN_POINT('',(0.285245588247,7.205962386053));
#521 = CARTESIAN_POINT('',(0.358619092459,6.963640447015));
#522 = CARTESIAN_POINT('',(0.422103839677,6.717193596747));
#523 = CARTESIAN_POINT('',(0.475626858411,6.467497267602));
#524 = CARTESIAN_POINT('',(0.548295488998,6.044457083466));
#525 = CARTESIAN_POINT('',(0.573013638806,5.872219421763));
#526 = CARTESIAN_POINT('',(0.592984950413,5.698884734553));
#527 = CARTESIAN_POINT('',(0.608075658953,5.524770653408));
#528 = CARTESIAN_POINT('',(0.618181745856,5.350123981506));
#529 = CARTESIAN_POINT('',(0.623242669586,5.175142910338));
#530 = CARTESIAN_POINT('',(0.623242669586,4.824777789001));
#531 = CARTESIAN_POINT('',(0.618177162369,4.649717753733));
#532 = CARTESIAN_POINT('',(0.60806194757,4.474992591159));
#533 = CARTESIAN_POINT('',(0.592957675164,4.300800692616));
#534 = CARTESIAN_POINT('',(0.572968534251,4.127389157574));
#535 = CARTESIAN_POINT('',(0.54822848194,3.955076040986));
#536 = CARTESIAN_POINT('',(0.475528285369,3.532042594277));
#537 = CARTESIAN_POINT('',(0.422006521688,3.282429120476));
#538 = CARTESIAN_POINT('',(0.358529539144,3.036064231026));
#539 = CARTESIAN_POINT('',(0.285169382964,2.793821983914));
#540 = CARTESIAN_POINT('',(0.201563378287,2.557126928641));
#541 = CARTESIAN_POINT('',(0.107049838701,2.328250552524));
#542 = CARTESIAN_POINT('',(0.,2.110530122683));
#543 = ( GEOMETRIC_REPRESENTATION_CONTEXT(2) 
PARAMETRIC_REPRESENTATION_CONTEXT() REPRESENTATION_CONTEXT('2D SPACE',''
  ) );
#544 = ORIENTED_EDGE('',*,*,#545,.F.);
#545 = EDGE_CURVE('',#546,#449,#548,.T.);
#546 = VERTEX_POINT('',#547);
#547 = CARTESIAN_POINT('',(-51.57071421427,3.5,24.717941082837));
#548 = SURFACE_CURVE('',#549,(#555,#564),.PCURVE_S1.);
#549 = B_SPLINE_CURVE_WITH_KNOTS('',4,(#550,#551,#552,#553,#554),
  .UNSPECIFIED.,.F.,.F.,(5,5),(0.,1.),.PIECEWISE_BEZIER_KNOTS.);
#550 = CARTESIAN_POINT('',(-51.57071362615,3.5000006,24.717941252307));
#551 = CARTESIAN_POINT('',(-51.71286089815,3.354981424564,
    24.676980641119));
#552 = CARTESIAN_POINT('',(-51.84514737192,3.204313250627,
    24.638698444147));
#553 = CARTESIAN_POINT('',(-51.96766786996,3.04889703965,24.603118009321
    ));
#554 = CARTESIAN_POINT('',(-52.08055925432,2.889469877317,24.57023892098
    ));
#555 = PCURVE('',#41,#556);
#556 = DEFINITIONAL_REPRESENTATION('',(#557),#563);
#557 = B_SPLINE_CURVE_WITH_KNOTS('',4,(#558,#559,#560,#561,#562),
  .UNSPECIFIED.,.F.,.F.,(5,5),(0.,1.),.PIECEWISE_BEZIER_KNOTS.);
#558 = CARTESIAN_POINT('',(2.366194988945,23.717941252307));
#559 = CARTESIAN_POINT('',(2.406808488268,23.676980641119));
#560 = CARTESIAN_POINT('',(2.446848589927,23.638698444147));
#561 = CARTESIAN_POINT('',(2.486376957065,23.603118009321));
#562 = CARTESIAN_POINT('',(2.525446886552,23.57023892098));
#563 = ( GEOMETRIC_REPRESENTATION_CONTEXT(2) 
PARAMETRIC_REPRESENTATION_CONTEXT() REPRESENTATION_CONTEXT('2D SPACE',''
  ) );
#564 = PCURVE('',#565,#570);
#565 = CYLINDRICAL_SURFACE('',#566,186.25);
#566 = AXIS2_PLACEMENT_3D('',#567,#568,#569);
#567 = CARTESIAN_POINT('',(0.,-5.,-154.25));
#568 = DIRECTION('',(0.,-1.,0.));
#569 = DIRECTION('',(0.289932885906,0.,0.957046979866));
#570 = DEFINITIONAL_REPRESENTATION('',(#571),#577);
#571 = B_SPLINE_CURVE_WITH_KNOTS('',4,(#572,#573,#574,#575,#576),
  .UNSPECIFIED.,.F.,.F.,(5,5),(0.,1.),.PIECEWISE_BEZIER_KNOTS.);
#572 = CARTESIAN_POINT('',(0.574712486972,-8.5000006));
#573 = CARTESIAN_POINT('',(0.575506748061,-8.354981424564));
#574 = CARTESIAN_POINT('',(0.576246153418,-8.204313250627));
#575 = CARTESIAN_POINT('',(0.576931158787,-8.04889703965));
#576 = CARTESIAN_POINT('',(0.577562470908,-7.889469877317));
#577 = ( GEOMETRIC_REPRESENTATION_CONTEXT(2) 
PARAMETRIC_REPRESENTATION_CONTEXT() REPRESENTATION_CONTEXT('2D SPACE',''
  ) );
#578 = ORIENTED_EDGE('',*,*,#579,.T.);
#579 = EDGE_CURVE('',#546,#580,#582,.T.);
#580 = VERTEX_POINT('',#581);
#581 = CARTESIAN_POINT('',(-48.,5.,27.26050245096));
#582 = SURFACE_CURVE('',#583,(#616,#652),.PCURVE_S1.);
#583 = B_SPLINE_CURVE_WITH_KNOTS('',7,(#584,#585,#586,#587,#588,#589,
    #590,#591,#592,#593,#594,#595,#596,#597,#598,#599,#600,#601,#602,
    #603,#604,#605,#606,#607,#608,#609,#610,#611,#612,#613,#614,#615),
  .UNSPECIFIED.,.F.,.F.,(8,6,6,6,6,8),(0.,0.146298087753,0.409554809485,
    0.724369144364,0.971101373614,1.),.UNSPECIFIED.);
#584 = CARTESIAN_POINT('',(-51.57071421427,3.5,24.717941082837));
#585 = CARTESIAN_POINT('',(-51.49876018844,3.573407789374,
    24.738675078436));
#586 = CARTESIAN_POINT('',(-51.42580260734,3.644317352664,
    24.764023501278));
#587 = CARTESIAN_POINT('',(-51.35211949308,3.712578624422,
    24.793367639631));
#588 = CARTESIAN_POINT('',(-51.27794194582,3.778137876243,
    24.826154927774));
#589 = CARTESIAN_POINT('',(-51.20344406693,3.841013551087,
    24.861913241291));
#590 = CARTESIAN_POINT('',(-51.12873435066,3.901277473084,
    24.900259505798));
#591 = CARTESIAN_POINT('',(-50.91909495942,4.062985038077,25.01403804375
    ));
#592 = CARTESIAN_POINT('',(-50.78394192364,4.158702043607,
    25.094517826474));
#593 = CARTESIAN_POINT('',(-50.64861364318,4.246868336636,
    25.180609039332));
#594 = CARTESIAN_POINT('',(-50.5133416146,4.327981323336,25.271130683951
    ));
#595 = CARTESIAN_POINT('',(-50.37825301117,4.40252975647,25.365178823302
    ));
#596 = CARTESIAN_POINT('',(-50.24335678205,4.470958046121,
    25.462137244319));
#597 = CARTESIAN_POINT('',(-49.94726243358,4.608665230135,
    25.680593843748));
#598 = CARTESIAN_POINT('',(-49.78625097662,4.675410238316,
    25.803057988065));
#599 = CARTESIAN_POINT('',(-49.6254215285,4.734538775022,25.92822406107)
  );
#600 = CARTESIAN_POINT('',(-49.46476039457,4.786490873084,
    26.055508510391));
#601 = CARTESIAN_POINT('',(-49.30424908309,4.831604739493,
    26.184458645509));
#602 = CARTESIAN_POINT('',(-49.14383704678,4.870154066867,
    26.314714004857));
#603 = CARTESIAN_POINT('',(-48.85772376036,4.927550054476,
    26.548905749563));
#604 = CARTESIAN_POINT('',(-48.73203872776,4.948851157759,26.65242467919
    ));
#605 = CARTESIAN_POINT('',(-48.60635535039,4.966326380318,
    26.756419463028));
#606 = CARTESIAN_POINT('',(-48.4806528575,4.980041207773,26.86075969627)
  );
#607 = CARTESIAN_POINT('',(-48.35491231641,4.990037269223,26.96532523952
    ));
#608 = CARTESIAN_POINT('',(-48.22911352436,4.99633464991,27.070002940643
    ));
#609 = CARTESIAN_POINT('',(-48.08848795697,4.999238677843,
    27.186944098711));
#610 = CARTESIAN_POINT('',(-48.07374291218,4.999492419214,27.19920485173
    ));
#611 = CARTESIAN_POINT('',(-48.05899673159,4.999695427995,
    27.211465434149));
#612 = CARTESIAN_POINT('',(-48.04424938208,4.999847700263,
    27.223725665057));
#613 = CARTESIAN_POINT('',(-48.02950083186,4.99994922818,27.235985364145
    ));
#614 = CARTESIAN_POINT('',(-48.01475105047,4.999999999985,
    27.248244351709));
#615 = CARTESIAN_POINT('',(-48.00000000874,5.,27.260502448648));
#616 = PCURVE('',#41,#617);
#617 = DEFINITIONAL_REPRESENTATION('',(#618),#651);
#618 = B_SPLINE_CURVE_WITH_KNOTS('',7,(#619,#620,#621,#622,#623,#624,
    #625,#626,#627,#628,#629,#630,#631,#632,#633,#634,#635,#636,#637,
    #638,#639,#640,#641,#642,#643,#644,#645,#646,#647,#648,#649,#650),
  .UNSPECIFIED.,.F.,.F.,(8,6,6,6,6,8),(0.,0.146298087753,0.409554809485,
    0.724369144364,0.971101373614,1.),.UNSPECIFIED.);
#619 = CARTESIAN_POINT('',(2.366195156979,23.717941082837));
#620 = CARTESIAN_POINT('',(2.345636863884,23.738675078436));
#621 = CARTESIAN_POINT('',(2.325294894175,23.764023501278));
#622 = CARTESIAN_POINT('',(2.305215395557,23.793367639631));
#623 = CARTESIAN_POINT('',(2.285425590613,23.826154927774));
#624 = CARTESIAN_POINT('',(2.265936406035,23.861913241291));
#625 = CARTESIAN_POINT('',(2.246743779427,23.900259505798));
#626 = CARTESIAN_POINT('',(2.193791721512,24.01403804375));
#627 = CARTESIAN_POINT('',(2.16069644757,24.094517826474));
#628 = CARTESIAN_POINT('',(2.128431404702,24.180609039332));
#629 = CARTESIAN_POINT('',(2.096923934576,24.271130683951));
#630 = CARTESIAN_POINT('',(2.066095569051,24.365178823302));
#631 = CARTESIAN_POINT('',(2.03586129537,24.462137244319));
#632 = CARTESIAN_POINT('',(1.970551225176,24.680593843748));
#633 = CARTESIAN_POINT('',(1.935722961243,24.803057988065));
#634 = CARTESIAN_POINT('',(1.90149676605,24.92822406107));
#635 = CARTESIAN_POINT('',(1.867772738419,25.055508510391));
#636 = CARTESIAN_POINT('',(1.83446583274,25.184458645509));
#637 = CARTESIAN_POINT('',(1.801493634446,25.314714004857));
#638 = CARTESIAN_POINT('',(1.74313093675,25.548905749563));
#639 = CARTESIAN_POINT('',(1.717647010379,25.65242467919));
#640 = CARTESIAN_POINT('',(1.692286393663,25.756419463028));
#641 = CARTESIAN_POINT('',(1.667016377335,25.86075969627));
#642 = CARTESIAN_POINT('',(1.641806252816,25.96532523952));
#643 = CARTESIAN_POINT('',(1.616625866491,26.070002940643));
#644 = CARTESIAN_POINT('',(1.588494756607,26.186944098711));
#645 = CARTESIAN_POINT('',(1.585545328486,26.19920485173));
#646 = CARTESIAN_POINT('',(1.582595840842,26.211465434149));
#647 = CARTESIAN_POINT('',(1.579646245158,26.223725665057));
#648 = CARTESIAN_POINT('',(1.576696493173,26.235985364145));
#649 = CARTESIAN_POINT('',(1.573746536883,26.248244351709));
#650 = CARTESIAN_POINT('',(1.570796328543,26.260502448648));
#651 = ( GEOMETRIC_REPRESENTATION_CONTEXT(2) 
PARAMETRIC_REPRESENTATION_CONTEXT() REPRESENTATION_CONTEXT('2D SPACE',''
  ) );
#652 = PCURVE('',#653,#658);
#653 = TOROIDAL_SURFACE('',#654,187.75,1.5);
#654 = AXIS2_PLACEMENT_3D('',#655,#656,#657);
#655 = CARTESIAN_POINT('',(0.,3.5,-154.25));
#656 = DIRECTION('',(-0.,-1.,-0.));
#657 = DIRECTION('',(0.289932885906,-0.,0.957046979866));
#658 = DEFINITIONAL_REPRESENTATION('',(#659),#692);
#659 = B_SPLINE_CURVE_WITH_KNOTS('',7,(#660,#661,#662,#663,#664,#665,
    #666,#667,#668,#669,#670,#671,#672,#673,#674,#675,#676,#677,#678,
    #679,#680,#681,#682,#683,#684,#685,#686,#687,#688,#689,#690,#691),
  .UNSPECIFIED.,.F.,.F.,(8,6,6,6,6,8),(0.,0.146298087753,0.409554809485,
    0.724369144364,0.971101373614,1.),.UNSPECIFIED.);
#660 = CARTESIAN_POINT('',(0.574712490258,3.14159265359));
#661 = CARTESIAN_POINT('',(0.574310440453,3.190531179839));
#662 = CARTESIAN_POINT('',(0.573896353026,3.237804223903));
#663 = CARTESIAN_POINT('',(0.573472620101,3.28350317225));
#664 = CARTESIAN_POINT('',(0.573041288852,3.327725011385));
#665 = CARTESIAN_POINT('',(0.572603986876,3.370573302981));
#666 = CARTESIAN_POINT('',(0.572161865541,3.412160314452));
#667 = CARTESIAN_POINT('',(0.570912457196,3.525398213991));
#668 = CARTESIAN_POINT('',(0.570096826579,3.59441234781));
#669 = CARTESIAN_POINT('',(0.569272512098,3.660384205251));
#670 = CARTESIAN_POINT('',(0.568442535733,3.723753694106));
#671 = CARTESIAN_POINT('',(0.56760894455,3.784903965854));
#672 = CARTESIAN_POINT('',(0.566772734269,3.844163655744));
#673 = CARTESIAN_POINT('',(0.564930539626,3.97085155728));
#674 = CARTESIAN_POINT('',(0.563924398363,4.03753670992));
#675 = CARTESIAN_POINT('',(0.562916290231,4.102396334961));
#676 = CARTESIAN_POINT('',(0.561907038699,4.165766689127));
#677 = CARTESIAN_POINT('',(0.560897234699,4.227918313861));
#678 = CARTESIAN_POINT('',(0.559887159151,4.289098444901));
#679 = CARTESIAN_POINT('',(0.558084868685,4.396901380004));
#680 = CARTESIAN_POINT('',(0.557292909137,4.443803597962));
#681 = CARTESIAN_POINT('',(0.556500961101,4.490345746024));
#682 = CARTESIAN_POINT('',(0.555709107804,4.536620612475));
#683 = CARTESIAN_POINT('',(0.554917423692,4.582713948651));
#684 = CARTESIAN_POINT('',(0.554125963411,4.628708790263));
#685 = CARTESIAN_POINT('',(0.553242079649,4.680075323242));
#686 = CARTESIAN_POINT('',(0.553149412119,4.68546066485));
#687 = CARTESIAN_POINT('',(0.553056748273,4.690845935846));
#688 = CARTESIAN_POINT('',(0.55296408819,4.69623126912));
#689 = CARTESIAN_POINT('',(0.552871431952,4.701616798155));
#690 = CARTESIAN_POINT('',(0.552778779646,4.707002657022));
#691 = CARTESIAN_POINT('',(0.552686131366,4.712388980385));
#692 = ( GEOMETRIC_REPRESENTATION_CONTEXT(2) 
PARAMETRIC_REPRESENTATION_CONTEXT() REPRESENTATION_CONTEXT('2D SPACE',''
  ) );
#693 = ORIENTED_EDGE('',*,*,#694,.F.);
#694 = EDGE_CURVE('',#24,#580,#695,.T.);
#695 = SURFACE_CURVE('',#696,(#719,#745),.PCURVE_S1.);
#696 = B_SPLINE_CURVE_WITH_KNOTS('',6,(#697,#698,#699,#700,#701,#702,
    #703,#704,#705,#706,#707,#708,#709,#710,#711,#712,#713,#714,#715,
    #716,#717,#718),.UNSPECIFIED.,.F.,.F.,(7,5,5,5,7),(0.,0.289498620439
    ,0.620040648001,0.977777332266,1.),.UNSPECIFIED.);
#697 = CARTESIAN_POINT('',(-44.42928578572,3.5,26.623162919683));
#698 = CARTESIAN_POINT('',(-44.56156981792,3.634956706882,
    26.590668961063));
#699 = CARTESIAN_POINT('',(-44.70337654315,3.767384754549,
    26.570717296586));
#700 = CARTESIAN_POINT('',(-44.85338393175,3.894751010386,26.56255186364
    ));
#701 = CARTESIAN_POINT('',(-45.01012256693,4.015361800752,
    26.564733066912));
#702 = CARTESIAN_POINT('',(-45.17224689707,4.128255151831,
    26.575825262917));
#703 = CARTESIAN_POINT('',(-45.52884425072,4.35244897012,26.615864491793
    ));
#704 = CARTESIAN_POINT('',(-45.72461310582,4.461234784833,
    26.647117316283));
#705 = CARTESIAN_POINT('',(-45.9247405133,4.558685795958,26.6863530181)
  );
#706 = CARTESIAN_POINT('',(-46.12812067196,4.644665208434,
    26.731926782437));
#707 = CARTESIAN_POINT('',(-46.33394906092,4.719267977531,
    26.782496820602));
#708 = CARTESIAN_POINT('',(-46.76674159457,4.851224429963,
    26.895964947576));
#709 = CARTESIAN_POINT('',(-46.99393835918,4.906619309403,
    26.959505125316));
#710 = CARTESIAN_POINT('',(-47.22276785633,4.949010412223,
    27.026224203793));
#711 = CARTESIAN_POINT('',(-47.45267188253,4.978533200765,
    27.094975259407));
#712 = CARTESIAN_POINT('',(-47.68318624512,4.995288401499,27.1647273703)
  );
#713 = CARTESIAN_POINT('',(-47.92830691688,4.999506545051,
    27.238835086602));
#714 = CARTESIAN_POINT('',(-47.94264416846,4.999703917293,
    27.243169454899));
#715 = CARTESIAN_POINT('',(-47.95698220426,4.99985195313,27.247503618167
    ));
#716 = CARTESIAN_POINT('',(-47.9713209223,4.999950648997,27.251837335052
    ));
#717 = CARTESIAN_POINT('',(-47.98566022292,5.000000000017,27.25617036108
    ));
#718 = CARTESIAN_POINT('',(-48.00000000874,5.,27.260502448648));
#719 = PCURVE('',#41,#720);
#720 = DEFINITIONAL_REPRESENTATION('',(#721),#744);
#721 = B_SPLINE_CURVE_WITH_KNOTS('',6,(#722,#723,#724,#725,#726,#727,
    #728,#729,#730,#731,#732,#733,#734,#735,#736,#737,#738,#739,#740,
    #741,#742,#743),.UNSPECIFIED.,.F.,.F.,(7,5,5,5,7),(0.,0.289498620439
    ,0.620040648001,0.977777332266,1.),.UNSPECIFIED.);
#722 = CARTESIAN_POINT('',(0.775397496611,25.623162919683));
#723 = CARTESIAN_POINT('',(0.813192934381,25.590668961063));
#724 = CARTESIAN_POINT('',(0.851960406504,25.570717296586));
#725 = CARTESIAN_POINT('',(0.891250042425,25.56255186364));
#726 = CARTESIAN_POINT('',(0.930737067882,25.564733066912));
#727 = CARTESIAN_POINT('',(0.970205073157,25.575825262917));
#728 = CARTESIAN_POINT('',(1.054448658263,25.615864491793));
#729 = CARTESIAN_POINT('',(1.099175975163,25.647117316283));
#730 = CARTESIAN_POINT('',(1.14359779551,25.6863530181));
#731 = CARTESIAN_POINT('',(1.187668393519,25.731926782437));
#732 = CARTESIAN_POINT('',(1.231395938728,25.782496820602));
#733 = CARTESIAN_POINT('',(1.321888343387,25.895964947576));
#734 = CARTESIAN_POINT('',(1.368583454046,25.959505125316));
#735 = CARTESIAN_POINT('',(1.415019594986,26.026224203793));
#736 = CARTESIAN_POINT('',(1.461272166821,26.094975259407));
#737 = CARTESIAN_POINT('',(1.507425893044,26.1647273703));
#738 = CARTESIAN_POINT('',(1.556457285625,26.238835086602));
#739 = CARTESIAN_POINT('',(1.55932499066,26.243169454899));
#740 = CARTESIAN_POINT('',(1.562192725186,26.247503618167));
#741 = CARTESIAN_POINT('',(1.565060511255,26.251837335052));
#742 = CARTESIAN_POINT('',(1.567928371382,26.25617036108));
#743 = CARTESIAN_POINT('',(1.570796328543,26.260502448648));
#744 = ( GEOMETRIC_REPRESENTATION_CONTEXT(2) 
PARAMETRIC_REPRESENTATION_CONTEXT() REPRESENTATION_CONTEXT('2D SPACE',''
  ) );
#745 = PCURVE('',#746,#751);
#746 = TOROIDAL_SURFACE('',#747,187.75,1.5);
#747 = AXIS2_PLACEMENT_3D('',#748,#749,#750);
#748 = CARTESIAN_POINT('',(0.,3.5,-154.25));
#749 = DIRECTION('',(-0.,-1.,-0.));
#750 = DIRECTION('',(0.289932885906,-0.,0.957046979866));
#751 = DEFINITIONAL_REPRESENTATION('',(#752),#775);
#752 = B_SPLINE_CURVE_WITH_KNOTS('',6,(#753,#754,#755,#756,#757,#758,
    #759,#760,#761,#762,#763,#764,#765,#766,#767,#768,#769,#770,#771,
    #772,#773,#774),.UNSPECIFIED.,.F.,.F.,(7,5,5,5,7),(0.,0.289498620439
    ,0.620040648001,0.977777332266,1.),.UNSPECIFIED.);
#753 = CARTESIAN_POINT('',(0.535025578553,3.14159265359));
#754 = CARTESIAN_POINT('',(0.535756942068,3.231563791511));
#755 = CARTESIAN_POINT('',(0.536521894135,3.319848512328));
#756 = CARTESIAN_POINT('',(0.53731425293,3.406073642718));
#757 = CARTESIAN_POINT('',(0.538127937449,3.490157745617));
#758 = CARTESIAN_POINT('',(0.538957574685,3.572118889841));
#759 = CARTESIAN_POINT('',(0.540760587697,3.743423449225));
#760 = CARTESIAN_POINT('',(0.541737504869,3.832150456392));
#761 = CARTESIAN_POINT('',(0.542725573716,3.918593945463));
#762 = CARTESIAN_POINT('',(0.543720992707,4.003052711441));
#763 = CARTESIAN_POINT('',(0.544721212383,4.08583830238));
#764 = CARTESIAN_POINT('',(0.546812028677,4.255510892788));
#765 = CARTESIAN_POINT('',(0.547902744693,4.342130778676));
#766 = CARTESIAN_POINT('',(0.548995962524,4.42762907173));
#767 = CARTESIAN_POINT('',(0.550090246676,4.512363702625));
#768 = CARTESIAN_POINT('',(0.551184551584,4.596682743032));
#769 = CARTESIAN_POINT('',(0.552346403733,4.686209140543));
#770 = CARTESIAN_POINT('',(0.552414354644,4.691445099937));
#771 = CARTESIAN_POINT('',(0.552482303052,4.696680978966));
#772 = CARTESIAN_POINT('',(0.552550248759,4.701916863112));
#773 = CARTESIAN_POINT('',(0.552618191585,4.707152836197));
#774 = CARTESIAN_POINT('',(0.552686131366,4.712388980385));
#775 = ( GEOMETRIC_REPRESENTATION_CONTEXT(2) 
PARAMETRIC_REPRESENTATION_CONTEXT() REPRESENTATION_CONTEXT('2D SPACE',''
  ) );
#776 = ADVANCED_FACE('',(#777),#62,.F.);
#777 = FACE_BOUND('',#778,.F.);
#778 = EDGE_LOOP('',(#779,#803,#900,#922,#923));
#779 = ORIENTED_EDGE('',*,*,#780,.F.);
#780 = EDGE_CURVE('',#781,#135,#783,.T.);
#781 = VERTEX_POINT('',#782);
#782 = CARTESIAN_POINT('',(44.429285785729,-3.5,26.623162919683));
#783 = SURFACE_CURVE('',#784,(#789,#796),.PCURVE_S1.);
#784 = CIRCLE('',#785,186.25);
#785 = AXIS2_PLACEMENT_3D('',#786,#787,#788);
#786 = CARTESIAN_POINT('',(0.,-3.5,-154.25));
#787 = DIRECTION('',(-0.,-1.,0.));
#788 = DIRECTION('',(0.289932885906,-0.,0.957046979866));
#789 = PCURVE('',#62,#790);
#790 = DEFINITIONAL_REPRESENTATION('',(#791),#795);
#791 = LINE('',#792,#793);
#792 = CARTESIAN_POINT('',(3.814994554417E-17,-1.5));
#793 = VECTOR('',#794,1.);
#794 = DIRECTION('',(1.,0.));
#795 = ( GEOMETRIC_REPRESENTATION_CONTEXT(2) 
PARAMETRIC_REPRESENTATION_CONTEXT() REPRESENTATION_CONTEXT('2D SPACE',''
  ) );
#796 = PCURVE('',#258,#797);
#797 = DEFINITIONAL_REPRESENTATION('',(#798),#802);
#798 = LINE('',#799,#800);
#799 = CARTESIAN_POINT('',(-0.,3.14159265359));
#800 = VECTOR('',#801,1.);
#801 = DIRECTION('',(-1.,0.));
#802 = ( GEOMETRIC_REPRESENTATION_CONTEXT(2) 
PARAMETRIC_REPRESENTATION_CONTEXT() REPRESENTATION_CONTEXT('2D SPACE',''
  ) );
#803 = ORIENTED_EDGE('',*,*,#804,.F.);
#804 = EDGE_CURVE('',#805,#781,#807,.T.);
#805 = VERTEX_POINT('',#806);
#806 = CARTESIAN_POINT('',(44.429285785729,3.5,26.623162919683));
#807 = SURFACE_CURVE('',#808,(#835,#865),.PCURVE_S1.);
#808 = B_SPLINE_CURVE_WITH_KNOTS('',5,(#809,#810,#811,#812,#813,#814,
    #815,#816,#817,#818,#819,#820,#821,#822,#823,#824,#825,#826,#827,
    #828,#829,#830,#831,#832,#833,#834),.UNSPECIFIED.,.F.,.F.,(6,4,4,4,4
    ,4,6),(0.,0.135800403642,0.236352736258,0.500000601872,
    0.760842782862,0.861478212603,1.),.UNSPECIFIED.);
#809 = CARTESIAN_POINT('',(44.429286373846,3.5000006,26.623162775219));
#810 = CARTESIAN_POINT('',(44.269892944669,3.337386830882,
    26.662315827017));
#811 = CARTESIAN_POINT('',(44.122237933995,3.168231334938,
    26.698399302848));
#812 = CARTESIAN_POINT('',(43.986175684278,2.993536301618,
    26.731504037429));
#813 = CARTESIAN_POINT('',(43.861534947968,2.814172267041,
    26.761717481721));
#814 = CARTESIAN_POINT('',(43.664145739444,2.495163107047,
    26.809416602954));
#815 = CARTESIAN_POINT('',(43.58631925746,2.357282201565,26.828171863621
    ));
#816 = CARTESIAN_POINT('',(43.514556876238,2.217523540802,
    26.845425269077));
#817 = CARTESIAN_POINT('',(43.448778444009,2.076139623423,
    26.861208768973));
#818 = CARTESIAN_POINT('',(43.231931611958,1.558954030115,26.91315476686
    ));
#819 = CARTESIAN_POINT('',(43.115584498614,1.174903501428,
    26.940846256234));
#820 = CARTESIAN_POINT('',(43.038532181878,0.785155517956,26.95913022396
    ));
#821 = CARTESIAN_POINT('',(43.,0.392591488373,26.968273085249));
#822 = CARTESIAN_POINT('',(43.,-0.388413613083,26.968273085249));
#823 = CARTESIAN_POINT('',(43.037716455062,-0.776802156487,
    26.959323781389));
#824 = CARTESIAN_POINT('',(43.113138328624,-1.162460487824,
    26.941426718716));
#825 = CARTESIAN_POINT('',(43.227005107539,-1.542600646247,
    26.91432726899));
#826 = CARTESIAN_POINT('',(43.439861630477,-2.056481750762,
    26.863347477827));
#827 = CARTESIAN_POINT('',(43.505033661535,-2.198156287216,
    26.847712933757));
#828 = CARTESIAN_POINT('',(43.57619296502,-2.338222709319,
    26.830608609325));
#829 = CARTESIAN_POINT('',(43.653419605604,-2.476429727319,26.8120026804
    ));
#830 = CARTESIAN_POINT('',(43.851568772418,-2.799779779487,
    26.764133031141));
#831 = CARTESIAN_POINT('',(43.978007905163,-2.983024764974,
    26.733491116012));
#832 = CARTESIAN_POINT('',(44.11632323909,-3.161447275552,
    26.699844635815));
#833 = CARTESIAN_POINT('',(44.266697491694,-3.334126817875,
    26.663100751066));
#834 = CARTESIAN_POINT('',(44.429286373846,-3.5000006,26.623162775219));
#835 = PCURVE('',#62,#836);
#836 = DEFINITIONAL_REPRESENTATION('',(#837),#864);
#837 = B_SPLINE_CURVE_WITH_KNOTS('',5,(#838,#839,#840,#841,#842,#843,
    #844,#845,#846,#847,#848,#849,#850,#851,#852,#853,#854,#855,#856,
    #857,#858,#859,#860,#861,#862,#863),.UNSPECIFIED.,.F.,.F.,(6,4,4,4,4
    ,4,6),(0.,0.135800403642,0.236352736258,0.500000601872,
    0.760842782862,0.861478212603,1.),.UNSPECIFIED.);
#838 = CARTESIAN_POINT('',(5.328783974861E-02,-8.5000006));
#839 = CARTESIAN_POINT('',(5.416908396821E-02,-8.337386830882));
#840 = CARTESIAN_POINT('',(5.498519111759E-02,-8.168231334938));
#841 = CARTESIAN_POINT('',(5.573703842999E-02,-7.993536301618));
#842 = CARTESIAN_POINT('',(5.642563101103E-02,-7.814172267041));
#843 = CARTESIAN_POINT('',(5.751594344943E-02,-7.495163107047));
#844 = CARTESIAN_POINT('',(5.794576612752E-02,-7.357282201565));
#845 = CARTESIAN_POINT('',(5.834204692849E-02,-7.217523540802));
#846 = CARTESIAN_POINT('',(5.870524451555E-02,-7.076139623423));
#847 = CARTESIAN_POINT('',(5.990246286136E-02,-6.558954030115));
#848 = CARTESIAN_POINT('',(6.054459437097E-02,-6.174903501428));
#849 = CARTESIAN_POINT('',(6.096978616295E-02,-5.785155517956));
#850 = CARTESIAN_POINT('',(6.118241448312E-02,-5.392591488373));
#851 = CARTESIAN_POINT('',(6.118241448312E-02,-4.611586386917));
#852 = CARTESIAN_POINT('',(6.097428751145E-02,-4.223197843513));
#853 = CARTESIAN_POINT('',(6.055809288632E-02,-3.837539512176));
#854 = CARTESIAN_POINT('',(5.992965268366E-02,-3.457399353753));
#855 = CARTESIAN_POINT('',(5.875447787241E-02,-2.943518249238));
#856 = CARTESIAN_POINT('',(5.839463286883E-02,-2.801843712784));
#857 = CARTESIAN_POINT('',(5.800168746565E-02,-2.661777290681));
#858 = CARTESIAN_POINT('',(5.757518361874E-02,-2.523570272681));
#859 = CARTESIAN_POINT('',(5.648068996219E-02,-2.200220220513));
#860 = CARTESIAN_POINT('',(5.578217137463E-02,-2.016975235026));
#861 = CARTESIAN_POINT('',(5.501788224877E-02,-1.838552724448));
#862 = CARTESIAN_POINT('',(5.41867507847E-02,-1.665873182125));
#863 = CARTESIAN_POINT('',(5.328783974861E-02,-1.4999994));
#864 = ( GEOMETRIC_REPRESENTATION_CONTEXT(2) 
PARAMETRIC_REPRESENTATION_CONTEXT() REPRESENTATION_CONTEXT('2D SPACE',''
  ) );
#865 = PCURVE('',#866,#871);
#866 = CYLINDRICAL_SURFACE('',#867,5.);
#867 = AXIS2_PLACEMENT_3D('',#868,#869,#870);
#868 = CARTESIAN_POINT('',(48.,0.,1.));
#869 = DIRECTION('',(0.,0.,1.));
#870 = DIRECTION('',(1.,0.,-0.));
#871 = DEFINITIONAL_REPRESENTATION('',(#872),#899);
#872 = B_SPLINE_CURVE_WITH_KNOTS('',5,(#873,#874,#875,#876,#877,#878,
    #879,#880,#881,#882,#883,#884,#885,#886,#887,#888,#889,#890,#891,
    #892,#893,#894,#895,#896,#897,#898),.UNSPECIFIED.,.F.,.F.,(6,4,4,4,4
    ,4,6),(0.,0.135800403642,0.236352736258,0.500000601872,
    0.760842782862,0.861478212603,1.),.UNSPECIFIED.);
#873 = CARTESIAN_POINT('',(2.366194988945,25.623162775219));
#874 = CARTESIAN_POINT('',(2.411735960903,25.662315827017));
#875 = CARTESIAN_POINT('',(2.456567921229,25.698399302848));
#876 = CARTESIAN_POINT('',(2.50076474309,25.731504037429));
#877 = CARTESIAN_POINT('',(2.544386672864,25.761717481721));
#878 = CARTESIAN_POINT('',(2.619414492718,25.809416602954));
#879 = CARTESIAN_POINT('',(2.651054845004,25.828171863621));
#880 = CARTESIAN_POINT('',(2.682443688391,25.845425269077));
#881 = CARTESIAN_POINT('',(2.713608106029,25.861208768973));
#882 = CARTESIAN_POINT('',(2.825769326867,25.91315476686));
#883 = CARTESIAN_POINT('',(2.905602927996,25.940846256234));
#884 = CARTESIAN_POINT('',(2.984561744946,25.95913022396));
#885 = CARTESIAN_POINT('',(3.063074355915,25.968273085249));
#886 = CARTESIAN_POINT('',(3.219275376206,25.968273085249));
#887 = CARTESIAN_POINT('',(3.29695288587,25.959323781389));
#888 = CARTESIAN_POINT('',(3.375061914205,25.941426718717));
#889 = CARTESIAN_POINT('',(3.454017954448,25.91432726899));
#890 = CARTESIAN_POINT('',(3.565262134329,25.863347477827));
#891 = CARTESIAN_POINT('',(3.596428372191,25.847712933757));
#892 = CARTESIAN_POINT('',(3.627817168964,25.830608609325));
#893 = CARTESIAN_POINT('',(3.659455654412,25.8120026804));
#894 = CARTESIAN_POINT('',(3.735302433788,25.764133031141));
#895 = CARTESIAN_POINT('',(3.779763664333,25.733491116012));
#896 = CARTESIAN_POINT('',(3.824820368642,25.699844635815));
#897 = CARTESIAN_POINT('',(3.870536359869,25.663100751066));
#898 = CARTESIAN_POINT('',(3.916990318234,25.623162775219));
#899 = ( GEOMETRIC_REPRESENTATION_CONTEXT(2) 
PARAMETRIC_REPRESENTATION_CONTEXT() REPRESENTATION_CONTEXT('2D SPACE',''
  ) );
#900 = ORIENTED_EDGE('',*,*,#901,.T.);
#901 = EDGE_CURVE('',#805,#24,#902,.T.);
#902 = SURFACE_CURVE('',#903,(#908,#915),.PCURVE_S1.);
#903 = CIRCLE('',#904,186.25);
#904 = AXIS2_PLACEMENT_3D('',#905,#906,#907);
#905 = CARTESIAN_POINT('',(0.,3.5,-154.25));
#906 = DIRECTION('',(-0.,-1.,0.));
#907 = DIRECTION('',(0.289932885906,-0.,0.957046979866));
#908 = PCURVE('',#62,#909);
#909 = DEFINITIONAL_REPRESENTATION('',(#910),#914);
#910 = LINE('',#911,#912);
#911 = CARTESIAN_POINT('',(3.814994554417E-17,-8.5));
#912 = VECTOR('',#913,1.);
#913 = DIRECTION('',(1.,0.));
#914 = ( GEOMETRIC_REPRESENTATION_CONTEXT(2) 
PARAMETRIC_REPRESENTATION_CONTEXT() REPRESENTATION_CONTEXT('2D SPACE',''
  ) );
#915 = PCURVE('',#746,#916);
#916 = DEFINITIONAL_REPRESENTATION('',(#917),#921);
#917 = LINE('',#918,#919);
#918 = CARTESIAN_POINT('',(0.,3.14159265359));
#919 = VECTOR('',#920,1.);
#920 = DIRECTION('',(1.,0.));
#921 = ( GEOMETRIC_REPRESENTATION_CONTEXT(2) 
PARAMETRIC_REPRESENTATION_CONTEXT() REPRESENTATION_CONTEXT('2D SPACE',''
  ) );
#922 = ORIENTED_EDGE('',*,*,#21,.F.);
#923 = ORIENTED_EDGE('',*,*,#134,.F.);
#924 = ADVANCED_FACE('',(#925),#746,.T.);
#925 = FACE_BOUND('',#926,.T.);
#926 = EDGE_LOOP('',(#927,#960,#1038,#1039));
#927 = ORIENTED_EDGE('',*,*,#928,.F.);
#928 = EDGE_CURVE('',#929,#580,#931,.T.);
#929 = VERTEX_POINT('',#930);
#930 = CARTESIAN_POINT('',(48.,5.,27.26050245096));
#931 = SURFACE_CURVE('',#932,(#937,#944),.PCURVE_S1.);
#932 = CIRCLE('',#933,187.75);
#933 = AXIS2_PLACEMENT_3D('',#934,#935,#936);
#934 = CARTESIAN_POINT('',(0.,5.,-154.25));
#935 = DIRECTION('',(-0.,-1.,0.));
#936 = DIRECTION('',(0.289932885906,-0.,0.957046979866));
#937 = PCURVE('',#746,#938);
#938 = DEFINITIONAL_REPRESENTATION('',(#939),#943);
#939 = LINE('',#940,#941);
#940 = CARTESIAN_POINT('',(0.,4.712388980385));
#941 = VECTOR('',#942,1.);
#942 = DIRECTION('',(1.,0.));
#943 = ( GEOMETRIC_REPRESENTATION_CONTEXT(2) 
PARAMETRIC_REPRESENTATION_CONTEXT() REPRESENTATION_CONTEXT('2D SPACE',''
  ) );
#944 = PCURVE('',#945,#950);
#945 = PLANE('',#946);
#946 = AXIS2_PLACEMENT_3D('',#947,#948,#949);
#947 = CARTESIAN_POINT('',(0.,5.,32.41413252214));
#948 = DIRECTION('',(0.,1.,0.));
#949 = DIRECTION('',(0.,-0.,1.));
#950 = DEFINITIONAL_REPRESENTATION('',(#951),#959);
#951 = ( BOUNDED_CURVE() B_SPLINE_CURVE(2,(#952,#953,#954,#955,#956,#957
,#958),.UNSPECIFIED.,.T.,.F.) B_SPLINE_CURVE_WITH_KNOTS((1,2,2,2,2,1),(
    -2.094395102393,0.,2.094395102393,4.188790204786,6.28318530718,
8.377580409573),.UNSPECIFIED.) CURVE() GEOMETRIC_REPRESENTATION_ITEM() 
RATIONAL_B_SPLINE_CURVE((1.,0.5,1.,0.5,1.,0.5,1.)) REPRESENTATION_ITEM(
  '') );
#952 = CARTESIAN_POINT('',(-6.978562052342,54.434899328859));
#953 = CARTESIAN_POINT('',(87.305449290139,-256.7896381118));
#954 = CARTESIAN_POINT('',(-229.3649120857,-182.8297183847));
#955 = CARTESIAN_POINT('',(-546.0352734617,-108.8697986577));
#956 = CARTESIAN_POINT('',(-323.6489234282,128.39481905591));
#957 = CARTESIAN_POINT('',(-101.2625733948,365.65943676954));
#958 = CARTESIAN_POINT('',(-6.978562052342,54.434899328859));
#959 = ( GEOMETRIC_REPRESENTATION_CONTEXT(2) 
PARAMETRIC_REPRESENTATION_CONTEXT() REPRESENTATION_CONTEXT('2D SPACE',''
  ) );
#960 = ORIENTED_EDGE('',*,*,#961,.F.);
#961 = EDGE_CURVE('',#805,#929,#962,.T.);
#962 = SURFACE_CURVE('',#963,(#986,#1012),.PCURVE_S1.);
#963 = B_SPLINE_CURVE_WITH_KNOTS('',6,(#964,#965,#966,#967,#968,#969,
    #970,#971,#972,#973,#974,#975,#976,#977,#978,#979,#980,#981,#982,
    #983,#984,#985),.UNSPECIFIED.,.F.,.F.,(7,5,5,5,7),(0.,0.289498621306
    ,0.620040649857,0.977777335191,1.),.UNSPECIFIED.);
#964 = CARTESIAN_POINT('',(44.429285785729,3.5,26.623162919683));
#965 = CARTESIAN_POINT('',(44.561569817925,3.634956706882,
    26.590668961063));
#966 = CARTESIAN_POINT('',(44.703376543157,3.76738475455,26.570717296586
    ));
#967 = CARTESIAN_POINT('',(44.853383931757,3.894751010385,26.56255186364
    ));
#968 = CARTESIAN_POINT('',(45.010122566932,4.015361800753,
    26.564733066912));
#969 = CARTESIAN_POINT('',(45.172246897075,4.128255151831,
    26.575825262916));
#970 = CARTESIAN_POINT('',(45.528844250726,4.35244897012,26.615864491793
    ));
#971 = CARTESIAN_POINT('',(45.724613105825,4.461234784834,
    26.647117316284));
#972 = CARTESIAN_POINT('',(45.924740513308,4.558685795958,26.6863530181)
  );
#973 = CARTESIAN_POINT('',(46.128120671961,4.644665208435,
    26.731926782437));
#974 = CARTESIAN_POINT('',(46.33394906092,4.719267977531,26.782496820602
    ));
#975 = CARTESIAN_POINT('',(46.766741594574,4.851224429963,
    26.895964947576));
#976 = CARTESIAN_POINT('',(46.993938359186,4.906619309403,
    26.959505125316));
#977 = CARTESIAN_POINT('',(47.222767856331,4.949010412223,
    27.026224203793));
#978 = CARTESIAN_POINT('',(47.452671882532,4.978533200765,
    27.094975259407));
#979 = CARTESIAN_POINT('',(47.683186245124,4.995288401499,27.1647273703)
  );
#980 = CARTESIAN_POINT('',(47.928306914956,4.999506545018,
    27.238835086019));
#981 = CARTESIAN_POINT('',(47.942644162599,4.99970391724,27.243169456377
    ));
#982 = CARTESIAN_POINT('',(47.956982197291,4.999851953071,
    27.247503617976));
#983 = CARTESIAN_POINT('',(47.97132091705,4.999950648944,27.251837329492
    ));
#984 = CARTESIAN_POINT('',(47.985660217308,4.999999999984,
    27.256170352879));
#985 = CARTESIAN_POINT('',(47.999999990915,5.,27.260502453363));
#986 = PCURVE('',#746,#987);
#987 = DEFINITIONAL_REPRESENTATION('',(#988),#1011);
#988 = B_SPLINE_CURVE_WITH_KNOTS('',6,(#989,#990,#991,#992,#993,#994,
    #995,#996,#997,#998,#999,#1000,#1001,#1002,#1003,#1004,#1005,#1006,
    #1007,#1008,#1009,#1010),.UNSPECIFIED.,.F.,.F.,(7,5,5,5,7),(0.,
    0.289498621306,0.620040649857,0.977777335191,1.),.UNSPECIFIED.);
#989 = CARTESIAN_POINT('',(5.328784300015E-02,3.14159265359));
#990 = CARTESIAN_POINT('',(5.255647948518E-02,3.231563791511));
#991 = CARTESIAN_POINT('',(5.179152741836E-02,3.319848512329));
#992 = CARTESIAN_POINT('',(5.099916862345E-02,3.406073642718));
#993 = CARTESIAN_POINT('',(5.018548410418E-02,3.490157745618));
#994 = CARTESIAN_POINT('',(4.935584686896E-02,3.572118889841));
#995 = CARTESIAN_POINT('',(4.75528338562E-02,3.743423449225));
#996 = CARTESIAN_POINT('',(4.657591668498E-02,3.832150456393));
#997 = CARTESIAN_POINT('',(4.558784783744E-02,3.918593945463));
#998 = CARTESIAN_POINT('',(4.459242884659E-02,4.003052711442));
#999 = CARTESIAN_POINT('',(4.359220917027E-02,4.08583830238));
#1000 = CARTESIAN_POINT('',(4.150139287666E-02,4.255510892788));
#1001 = CARTESIAN_POINT('',(4.041067686023E-02,4.342130778676));
#1002 = CARTESIAN_POINT('',(3.931745902957E-02,4.42762907173));
#1003 = CARTESIAN_POINT('',(3.822317487712E-02,4.512363702625));
#1004 = CARTESIAN_POINT('',(3.712886996993E-02,4.596682743032));
#1005 = CARTESIAN_POINT('',(3.596701783016E-02,4.686209139838));
#1006 = CARTESIAN_POINT('',(3.589906694162E-02,4.691445099889));
#1007 = CARTESIAN_POINT('',(3.583111853697E-02,4.696680977655));
#1008 = CARTESIAN_POINT('',(3.576317281367E-02,4.701916858633));
#1009 = CARTESIAN_POINT('',(3.569522998609E-02,4.707152829954));
#1010 = CARTESIAN_POINT('',(3.562729028558E-02,4.712388980385));
#1011 = ( GEOMETRIC_REPRESENTATION_CONTEXT(2) 
PARAMETRIC_REPRESENTATION_CONTEXT() REPRESENTATION_CONTEXT('2D SPACE',''
  ) );
#1012 = PCURVE('',#866,#1013);
#1013 = DEFINITIONAL_REPRESENTATION('',(#1014),#1037);
#1014 = B_SPLINE_CURVE_WITH_KNOTS('',6,(#1015,#1016,#1017,#1018,#1019,
    #1020,#1021,#1022,#1023,#1024,#1025,#1026,#1027,#1028,#1029,#1030,
    #1031,#1032,#1033,#1034,#1035,#1036),.UNSPECIFIED.,.F.,.F.,(7,5,5,5,
    7),(0.,0.289498621306,0.620040649857,0.977777335191,1.),
  .UNSPECIFIED.);
#1015 = CARTESIAN_POINT('',(2.366195156979,25.623162919683));
#1016 = CARTESIAN_POINT('',(2.328399719209,25.590668961063));
#1017 = CARTESIAN_POINT('',(2.289632247086,25.570717296586));
#1018 = CARTESIAN_POINT('',(2.250342611165,25.56255186364));
#1019 = CARTESIAN_POINT('',(2.210855585708,25.564733066912));
#1020 = CARTESIAN_POINT('',(2.171387580433,25.575825262916));
#1021 = CARTESIAN_POINT('',(2.087143995327,25.615864491793));
#1022 = CARTESIAN_POINT('',(2.042416678427,25.647117316284));
#1023 = CARTESIAN_POINT('',(1.99799485808,25.6863530181));
#1024 = CARTESIAN_POINT('',(1.95392426007,25.731926782437));
#1025 = CARTESIAN_POINT('',(1.910196714862,25.782496820602));
#1026 = CARTESIAN_POINT('',(1.819704310203,25.895964947576));
#1027 = CARTESIAN_POINT('',(1.773009199544,25.959505125316));
#1028 = CARTESIAN_POINT('',(1.726573058604,26.026224203793));
#1029 = CARTESIAN_POINT('',(1.680320486769,26.094975259407));
#1030 = CARTESIAN_POINT('',(1.634166760546,26.1647273703));
#1031 = CARTESIAN_POINT('',(1.585135368351,26.238835086019));
#1032 = CARTESIAN_POINT('',(1.582267664104,26.243169456377));
#1033 = CARTESIAN_POINT('',(1.579399929798,26.247503617976));
#1034 = CARTESIAN_POINT('',(1.576532143386,26.251837329492));
#1035 = CARTESIAN_POINT('',(1.573664283332,26.256170352879));
#1036 = CARTESIAN_POINT('',(1.570796328612,26.260502453363));
#1037 = ( GEOMETRIC_REPRESENTATION_CONTEXT(2) 
PARAMETRIC_REPRESENTATION_CONTEXT() REPRESENTATION_CONTEXT('2D SPACE',''
  ) );
#1038 = ORIENTED_EDGE('',*,*,#901,.T.);
#1039 = ORIENTED_EDGE('',*,*,#694,.T.);
#1040 = ADVANCED_FACE('',(#1041),#653,.T.);
#1041 = FACE_BOUND('',#1042,.T.);
#1042 = EDGE_LOOP('',(#1043,#1071,#1072,#1096));
#1043 = ORIENTED_EDGE('',*,*,#1044,.F.);
#1044 = EDGE_CURVE('',#580,#1045,#1047,.T.);
#1045 = VERTEX_POINT('',#1046);
#1046 = CARTESIAN_POINT('',(-52.5,5.,26.010401919002));
#1047 = SURFACE_CURVE('',#1048,(#1053,#1060),.PCURVE_S1.);
#1048 = CIRCLE('',#1049,187.75);
#1049 = AXIS2_PLACEMENT_3D('',#1050,#1051,#1052);
#1050 = CARTESIAN_POINT('',(0.,5.,-154.25));
#1051 = DIRECTION('',(-0.,-1.,0.));
#1052 = DIRECTION('',(0.289932885906,-0.,0.957046979866));
#1053 = PCURVE('',#653,#1054);
#1054 = DEFINITIONAL_REPRESENTATION('',(#1055),#1059);
#1055 = LINE('',#1056,#1057);
#1056 = CARTESIAN_POINT('',(0.,4.712388980385));
#1057 = VECTOR('',#1058,1.);
#1058 = DIRECTION('',(1.,0.));
#1059 = ( GEOMETRIC_REPRESENTATION_CONTEXT(2) 
PARAMETRIC_REPRESENTATION_CONTEXT() REPRESENTATION_CONTEXT('2D SPACE',''
  ) );
#1060 = PCURVE('',#945,#1061);
#1061 = DEFINITIONAL_REPRESENTATION('',(#1062),#1070);
#1062 = ( BOUNDED_CURVE() B_SPLINE_CURVE(2,(#1063,#1064,#1065,#1066,
#1067,#1068,#1069),.UNSPECIFIED.,.T.,.F.) B_SPLINE_CURVE_WITH_KNOTS((1,2
    ,2,2,2,1),(-2.094395102393,0.,2.094395102393,4.188790204786,
6.28318530718,8.377580409573),.UNSPECIFIED.) CURVE() 
GEOMETRIC_REPRESENTATION_ITEM() RATIONAL_B_SPLINE_CURVE((1.,0.5,1.,0.5,
1.,0.5,1.)) REPRESENTATION_ITEM('') );
#1063 = CARTESIAN_POINT('',(-6.978562052342,54.434899328859));
#1064 = CARTESIAN_POINT('',(87.305449290139,-256.7896381118));
#1065 = CARTESIAN_POINT('',(-229.3649120857,-182.8297183847));
#1066 = CARTESIAN_POINT('',(-546.0352734617,-108.8697986577));
#1067 = CARTESIAN_POINT('',(-323.6489234282,128.39481905591));
#1068 = CARTESIAN_POINT('',(-101.2625733948,365.65943676954));
#1069 = CARTESIAN_POINT('',(-6.978562052342,54.434899328859));
#1070 = ( GEOMETRIC_REPRESENTATION_CONTEXT(2) 
PARAMETRIC_REPRESENTATION_CONTEXT() REPRESENTATION_CONTEXT('2D SPACE',''
  ) );
#1071 = ORIENTED_EDGE('',*,*,#579,.F.);
#1072 = ORIENTED_EDGE('',*,*,#1073,.T.);
#1073 = EDGE_CURVE('',#546,#1074,#1076,.T.);
#1074 = VERTEX_POINT('',#1075);
#1075 = CARTESIAN_POINT('',(-52.08055925432,3.5,24.57023892098));
#1076 = SURFACE_CURVE('',#1077,(#1082,#1089),.PCURVE_S1.);
#1077 = CIRCLE('',#1078,186.25);
#1078 = AXIS2_PLACEMENT_3D('',#1079,#1080,#1081);
#1079 = CARTESIAN_POINT('',(0.,3.5,-154.25));
#1080 = DIRECTION('',(-0.,-1.,0.));
#1081 = DIRECTION('',(0.289932885906,-0.,0.957046979866));
#1082 = PCURVE('',#653,#1083);
#1083 = DEFINITIONAL_REPRESENTATION('',(#1084),#1088);
#1084 = LINE('',#1085,#1086);
#1085 = CARTESIAN_POINT('',(0.,3.14159265359));
#1086 = VECTOR('',#1087,1.);
#1087 = DIRECTION('',(1.,0.));
#1088 = ( GEOMETRIC_REPRESENTATION_CONTEXT(2) 
PARAMETRIC_REPRESENTATION_CONTEXT() REPRESENTATION_CONTEXT('2D SPACE',''
  ) );
#1089 = PCURVE('',#565,#1090);
#1090 = DEFINITIONAL_REPRESENTATION('',(#1091),#1095);
#1091 = LINE('',#1092,#1093);
#1092 = CARTESIAN_POINT('',(3.814994554417E-17,-8.5));
#1093 = VECTOR('',#1094,1.);
#1094 = DIRECTION('',(1.,0.));
#1095 = ( GEOMETRIC_REPRESENTATION_CONTEXT(2) 
PARAMETRIC_REPRESENTATION_CONTEXT() REPRESENTATION_CONTEXT('2D SPACE',''
  ) );
#1096 = ORIENTED_EDGE('',*,*,#1097,.F.);
#1097 = EDGE_CURVE('',#1045,#1074,#1098,.T.);
#1098 = SURFACE_CURVE('',#1099,(#1104,#1110),.PCURVE_S1.);
#1099 = CIRCLE('',#1100,1.5);
#1100 = AXIS2_PLACEMENT_3D('',#1101,#1102,#1103);
#1101 = CARTESIAN_POINT('',(-52.5,3.5,26.010401919002));
#1102 = DIRECTION('',(-0.960108665348,0.,-0.279627163782));
#1103 = DIRECTION('',(0.279627163782,0.,-0.960108665348));
#1104 = PCURVE('',#653,#1105);
#1105 = DEFINITIONAL_REPRESENTATION('',(#1106),#1109);
#1106 = B_SPLINE_CURVE_WITH_KNOTS('',1,(#1107,#1108),.UNSPECIFIED.,.F.,
  .F.,(2,2),(4.712388980385,6.28318530718),.PIECEWISE_BEZIER_KNOTS.);
#1107 = CARTESIAN_POINT('',(0.577562470908,4.712388980385));
#1108 = CARTESIAN_POINT('',(0.577562470908,3.14159265359));
#1109 = ( GEOMETRIC_REPRESENTATION_CONTEXT(2) 
PARAMETRIC_REPRESENTATION_CONTEXT() REPRESENTATION_CONTEXT('2D SPACE',''
  ) );
#1110 = PCURVE('',#1111,#1116);
#1111 = SPHERICAL_SURFACE('',#1112,1.5);
#1112 = AXIS2_PLACEMENT_3D('',#1113,#1114,#1115);
#1113 = CARTESIAN_POINT('',(-52.5,3.5,26.010401919002));
#1114 = DIRECTION('',(-0.,-1.,-0.));
#1115 = DIRECTION('',(0.279627163782,0.,-0.960108665348));
#1116 = DEFINITIONAL_REPRESENTATION('',(#1117),#1120);
#1117 = B_SPLINE_CURVE_WITH_KNOTS('',1,(#1118,#1119),.UNSPECIFIED.,.F.,
  .F.,(2,2),(4.712388980385,6.28318530718),.PIECEWISE_BEZIER_KNOTS.);
#1118 = CARTESIAN_POINT('',(0.,-1.570796326795));
#1119 = CARTESIAN_POINT('',(0.,0.));
#1120 = ( GEOMETRIC_REPRESENTATION_CONTEXT(2) 
PARAMETRIC_REPRESENTATION_CONTEXT() REPRESENTATION_CONTEXT('2D SPACE',''
  ) );
#1121 = ADVANCED_FACE('',(#1122),#565,.F.);
#1122 = FACE_BOUND('',#1123,.F.);
#1123 = EDGE_LOOP('',(#1124,#1125,#1126));
#1124 = ORIENTED_EDGE('',*,*,#545,.F.);
#1125 = ORIENTED_EDGE('',*,*,#1073,.T.);
#1126 = ORIENTED_EDGE('',*,*,#1127,.F.);
#1127 = EDGE_CURVE('',#449,#1074,#1128,.T.);
#1128 = SURFACE_CURVE('',#1129,(#1133,#1140),.PCURVE_S1.);
#1129 = LINE('',#1130,#1131);
#1130 = CARTESIAN_POINT('',(-52.08055925432,-5.,24.57023892098));
#1131 = VECTOR('',#1132,1.);
#1132 = DIRECTION('',(-0.,1.,-0.));
#1133 = PCURVE('',#565,#1134);
#1134 = DEFINITIONAL_REPRESENTATION('',(#1135),#1139);
#1135 = LINE('',#1136,#1137);
#1136 = CARTESIAN_POINT('',(0.577562470908,0.));
#1137 = VECTOR('',#1138,1.);
#1138 = DIRECTION('',(-0.,-1.));
#1139 = ( GEOMETRIC_REPRESENTATION_CONTEXT(2) 
PARAMETRIC_REPRESENTATION_CONTEXT() REPRESENTATION_CONTEXT('2D SPACE',''
  ) );
#1140 = PCURVE('',#510,#1141);
#1141 = DEFINITIONAL_REPRESENTATION('',(#1142),#1146);
#1142 = LINE('',#1143,#1144);
#1143 = CARTESIAN_POINT('',(0.,0.));
#1144 = VECTOR('',#1145,1.);
#1145 = DIRECTION('',(0.,1.));
#1146 = ( GEOMETRIC_REPRESENTATION_CONTEXT(2) 
PARAMETRIC_REPRESENTATION_CONTEXT() REPRESENTATION_CONTEXT('2D SPACE',''
  ) );
#1147 = ADVANCED_FACE('',(#1148),#510,.T.);
#1148 = FACE_BOUND('',#1149,.T.);
#1149 = EDGE_LOOP('',(#1150,#1173,#1202,#1230,#1252,#1253));
#1150 = ORIENTED_EDGE('',*,*,#1151,.F.);
#1151 = EDGE_CURVE('',#1152,#415,#1154,.T.);
#1152 = VERTEX_POINT('',#1153);
#1153 = CARTESIAN_POINT('',(-52.08055925432,-3.5,24.57023892098));
#1154 = SURFACE_CURVE('',#1155,(#1159,#1166),.PCURVE_S1.);
#1155 = LINE('',#1156,#1157);
#1156 = CARTESIAN_POINT('',(-52.08055925432,-5.,24.57023892098));
#1157 = VECTOR('',#1158,1.);
#1158 = DIRECTION('',(-0.,1.,-0.));
#1159 = PCURVE('',#510,#1160);
#1160 = DEFINITIONAL_REPRESENTATION('',(#1161),#1165);
#1161 = LINE('',#1162,#1163);
#1162 = CARTESIAN_POINT('',(0.,0.));
#1163 = VECTOR('',#1164,1.);
#1164 = DIRECTION('',(0.,1.));
#1165 = ( GEOMETRIC_REPRESENTATION_CONTEXT(2) 
PARAMETRIC_REPRESENTATION_CONTEXT() REPRESENTATION_CONTEXT('2D SPACE',''
  ) );
#1166 = PCURVE('',#434,#1167);
#1167 = DEFINITIONAL_REPRESENTATION('',(#1168),#1172);
#1168 = LINE('',#1169,#1170);
#1169 = CARTESIAN_POINT('',(0.577562470908,0.));
#1170 = VECTOR('',#1171,1.);
#1171 = DIRECTION('',(-0.,-1.));
#1172 = ( GEOMETRIC_REPRESENTATION_CONTEXT(2) 
PARAMETRIC_REPRESENTATION_CONTEXT() REPRESENTATION_CONTEXT('2D SPACE',''
  ) );
#1173 = ORIENTED_EDGE('',*,*,#1174,.T.);
#1174 = EDGE_CURVE('',#1152,#1175,#1177,.T.);
#1175 = VERTEX_POINT('',#1176);
#1176 = CARTESIAN_POINT('',(-54.,-3.5,26.010401919002));
#1177 = SURFACE_CURVE('',#1178,(#1183,#1190),.PCURVE_S1.);
#1178 = CIRCLE('',#1179,1.5);
#1179 = AXIS2_PLACEMENT_3D('',#1180,#1181,#1182);
#1180 = CARTESIAN_POINT('',(-52.5,-3.5,26.010401919002));
#1181 = DIRECTION('',(0.,1.,0.));
#1182 = DIRECTION('',(0.279627163782,0.,-0.960108665348));
#1183 = PCURVE('',#510,#1184);
#1184 = DEFINITIONAL_REPRESENTATION('',(#1185),#1189);
#1185 = LINE('',#1186,#1187);
#1186 = CARTESIAN_POINT('',(0.,1.5));
#1187 = VECTOR('',#1188,1.);
#1188 = DIRECTION('',(1.,0.));
#1189 = ( GEOMETRIC_REPRESENTATION_CONTEXT(2) 
PARAMETRIC_REPRESENTATION_CONTEXT() REPRESENTATION_CONTEXT('2D SPACE',''
  ) );
#1190 = PCURVE('',#1191,#1196);
#1191 = SPHERICAL_SURFACE('',#1192,1.5);
#1192 = AXIS2_PLACEMENT_3D('',#1193,#1194,#1195);
#1193 = CARTESIAN_POINT('',(-52.5,-3.5,26.010401919002));
#1194 = DIRECTION('',(0.,1.,0.));
#1195 = DIRECTION('',(0.279627163782,0.,-0.960108665348));
#1196 = DEFINITIONAL_REPRESENTATION('',(#1197),#1201);
#1197 = LINE('',#1198,#1199);
#1198 = CARTESIAN_POINT('',(0.,0.));
#1199 = VECTOR('',#1200,1.);
#1200 = DIRECTION('',(1.,0.));
#1201 = ( GEOMETRIC_REPRESENTATION_CONTEXT(2) 
PARAMETRIC_REPRESENTATION_CONTEXT() REPRESENTATION_CONTEXT('2D SPACE',''
  ) );
#1202 = ORIENTED_EDGE('',*,*,#1203,.T.);
#1203 = EDGE_CURVE('',#1175,#1204,#1206,.T.);
#1204 = VERTEX_POINT('',#1205);
#1205 = CARTESIAN_POINT('',(-54.,3.5,26.010401919002));
#1206 = SURFACE_CURVE('',#1207,(#1211,#1218),.PCURVE_S1.);
#1207 = LINE('',#1208,#1209);
#1208 = CARTESIAN_POINT('',(-54.,-5.,26.010401919002));
#1209 = VECTOR('',#1210,1.);
#1210 = DIRECTION('',(-0.,1.,-0.));
#1211 = PCURVE('',#510,#1212);
#1212 = DEFINITIONAL_REPRESENTATION('',(#1213),#1217);
#1213 = LINE('',#1214,#1215);
#1214 = CARTESIAN_POINT('',(1.854202086927,0.));
#1215 = VECTOR('',#1216,1.);
#1216 = DIRECTION('',(0.,1.));
#1217 = ( GEOMETRIC_REPRESENTATION_CONTEXT(2) 
PARAMETRIC_REPRESENTATION_CONTEXT() REPRESENTATION_CONTEXT('2D SPACE',''
  ) );
#1218 = PCURVE('',#1219,#1224);
#1219 = PLANE('',#1220);
#1220 = AXIS2_PLACEMENT_3D('',#1221,#1222,#1223);
#1221 = CARTESIAN_POINT('',(-54.,-5.,24.));
#1222 = DIRECTION('',(1.,0.,0.));
#1223 = DIRECTION('',(0.,0.,1.));
#1224 = DEFINITIONAL_REPRESENTATION('',(#1225),#1229);
#1225 = LINE('',#1226,#1227);
#1226 = CARTESIAN_POINT('',(2.010401919002,0.));
#1227 = VECTOR('',#1228,1.);
#1228 = DIRECTION('',(0.,-1.));
#1229 = ( GEOMETRIC_REPRESENTATION_CONTEXT(2) 
PARAMETRIC_REPRESENTATION_CONTEXT() REPRESENTATION_CONTEXT('2D SPACE',''
  ) );
#1230 = ORIENTED_EDGE('',*,*,#1231,.F.);
#1231 = EDGE_CURVE('',#1074,#1204,#1232,.T.);
#1232 = SURFACE_CURVE('',#1233,(#1238,#1245),.PCURVE_S1.);
#1233 = CIRCLE('',#1234,1.5);
#1234 = AXIS2_PLACEMENT_3D('',#1235,#1236,#1237);
#1235 = CARTESIAN_POINT('',(-52.5,3.5,26.010401919002));
#1236 = DIRECTION('',(0.,1.,0.));
#1237 = DIRECTION('',(0.279627163782,0.,-0.960108665348));
#1238 = PCURVE('',#510,#1239);
#1239 = DEFINITIONAL_REPRESENTATION('',(#1240),#1244);
#1240 = LINE('',#1241,#1242);
#1241 = CARTESIAN_POINT('',(0.,8.5));
#1242 = VECTOR('',#1243,1.);
#1243 = DIRECTION('',(1.,0.));
#1244 = ( GEOMETRIC_REPRESENTATION_CONTEXT(2) 
PARAMETRIC_REPRESENTATION_CONTEXT() REPRESENTATION_CONTEXT('2D SPACE',''
  ) );
#1245 = PCURVE('',#1111,#1246);
#1246 = DEFINITIONAL_REPRESENTATION('',(#1247),#1251);
#1247 = LINE('',#1248,#1249);
#1248 = CARTESIAN_POINT('',(-0.,0.));
#1249 = VECTOR('',#1250,1.);
#1250 = DIRECTION('',(-1.,0.));
#1251 = ( GEOMETRIC_REPRESENTATION_CONTEXT(2) 
PARAMETRIC_REPRESENTATION_CONTEXT() REPRESENTATION_CONTEXT('2D SPACE',''
  ) );
#1252 = ORIENTED_EDGE('',*,*,#1127,.F.);
#1253 = ORIENTED_EDGE('',*,*,#448,.T.);
#1254 = ADVANCED_FACE('',(#1255),#434,.F.);
#1255 = FACE_BOUND('',#1256,.F.);
#1256 = EDGE_LOOP('',(#1257,#1279,#1280));
#1257 = ORIENTED_EDGE('',*,*,#1258,.F.);
#1258 = EDGE_CURVE('',#300,#1152,#1259,.T.);
#1259 = SURFACE_CURVE('',#1260,(#1265,#1272),.PCURVE_S1.);
#1260 = CIRCLE('',#1261,186.25);
#1261 = AXIS2_PLACEMENT_3D('',#1262,#1263,#1264);
#1262 = CARTESIAN_POINT('',(0.,-3.5,-154.25));
#1263 = DIRECTION('',(-0.,-1.,0.));
#1264 = DIRECTION('',(0.289932885906,-0.,0.957046979866));
#1265 = PCURVE('',#434,#1266);
#1266 = DEFINITIONAL_REPRESENTATION('',(#1267),#1271);
#1267 = LINE('',#1268,#1269);
#1268 = CARTESIAN_POINT('',(3.814994554417E-17,-1.5));
#1269 = VECTOR('',#1270,1.);
#1270 = DIRECTION('',(1.,0.));
#1271 = ( GEOMETRIC_REPRESENTATION_CONTEXT(2) 
PARAMETRIC_REPRESENTATION_CONTEXT() REPRESENTATION_CONTEXT('2D SPACE',''
  ) );
#1272 = PCURVE('',#373,#1273);
#1273 = DEFINITIONAL_REPRESENTATION('',(#1274),#1278);
#1274 = LINE('',#1275,#1276);
#1275 = CARTESIAN_POINT('',(-0.,3.14159265359));
#1276 = VECTOR('',#1277,1.);
#1277 = DIRECTION('',(-1.,0.));
#1278 = ( GEOMETRIC_REPRESENTATION_CONTEXT(2) 
PARAMETRIC_REPRESENTATION_CONTEXT() REPRESENTATION_CONTEXT('2D SPACE',''
  ) );
#1279 = ORIENTED_EDGE('',*,*,#414,.F.);
#1280 = ORIENTED_EDGE('',*,*,#1151,.F.);
#1281 = ADVANCED_FACE('',(#1282),#373,.T.);
#1282 = FACE_BOUND('',#1283,.F.);
#1283 = EDGE_LOOP('',(#1284,#1285,#1286,#1308));
#1284 = ORIENTED_EDGE('',*,*,#299,.F.);
#1285 = ORIENTED_EDGE('',*,*,#1258,.T.);
#1286 = ORIENTED_EDGE('',*,*,#1287,.F.);
#1287 = EDGE_CURVE('',#1288,#1152,#1290,.T.);
#1288 = VERTEX_POINT('',#1289);
#1289 = CARTESIAN_POINT('',(-52.5,-5.,26.010401919002));
#1290 = SURFACE_CURVE('',#1291,(#1296,#1302),.PCURVE_S1.);
#1291 = CIRCLE('',#1292,1.5);
#1292 = AXIS2_PLACEMENT_3D('',#1293,#1294,#1295);
#1293 = CARTESIAN_POINT('',(-52.5,-3.5,26.010401919002));
#1294 = DIRECTION('',(0.960108665348,-0.,0.279627163782));
#1295 = DIRECTION('',(0.279627163782,0.,-0.960108665348));
#1296 = PCURVE('',#373,#1297);
#1297 = DEFINITIONAL_REPRESENTATION('',(#1298),#1301);
#1298 = B_SPLINE_CURVE_WITH_KNOTS('',1,(#1299,#1300),.UNSPECIFIED.,.F.,
  .F.,(2,2),(4.712388980385,6.28318530718),.PIECEWISE_BEZIER_KNOTS.);
#1299 = CARTESIAN_POINT('',(-0.577562470908,4.712388980385));
#1300 = CARTESIAN_POINT('',(-0.577562470908,3.14159265359));
#1301 = ( GEOMETRIC_REPRESENTATION_CONTEXT(2) 
PARAMETRIC_REPRESENTATION_CONTEXT() REPRESENTATION_CONTEXT('2D SPACE',''
  ) );
#1302 = PCURVE('',#1191,#1303);
#1303 = DEFINITIONAL_REPRESENTATION('',(#1304),#1307);
#1304 = B_SPLINE_CURVE_WITH_KNOTS('',1,(#1305,#1306),.UNSPECIFIED.,.F.,
  .F.,(2,2),(4.712388980385,6.28318530718),.PIECEWISE_BEZIER_KNOTS.);
#1305 = CARTESIAN_POINT('',(0.,-1.570796326795));
#1306 = CARTESIAN_POINT('',(0.,0.));
#1307 = ( GEOMETRIC_REPRESENTATION_CONTEXT(2) 
PARAMETRIC_REPRESENTATION_CONTEXT() REPRESENTATION_CONTEXT('2D SPACE',''
  ) );
#1308 = ORIENTED_EDGE('',*,*,#1309,.F.);
#1309 = EDGE_CURVE('',#185,#1288,#1310,.T.);
#1310 = SURFACE_CURVE('',#1311,(#1316,#1323),.PCURVE_S1.);
#1311 = CIRCLE('',#1312,187.75);
#1312 = AXIS2_PLACEMENT_3D('',#1313,#1314,#1315);
#1313 = CARTESIAN_POINT('',(0.,-5.,-154.25));
#1314 = DIRECTION('',(-0.,-1.,0.));
#1315 = DIRECTION('',(0.289932885906,-0.,0.957046979866));
#1316 = PCURVE('',#373,#1317);
#1317 = DEFINITIONAL_REPRESENTATION('',(#1318),#1322);
#1318 = LINE('',#1319,#1320);
#1319 = CARTESIAN_POINT('',(-0.,4.712388980385));
#1320 = VECTOR('',#1321,1.);
#1321 = DIRECTION('',(-1.,0.));
#1322 = ( GEOMETRIC_REPRESENTATION_CONTEXT(2) 
PARAMETRIC_REPRESENTATION_CONTEXT() REPRESENTATION_CONTEXT('2D SPACE',''
  ) );
#1323 = PCURVE('',#1324,#1329);
#1324 = PLANE('',#1325);
#1325 = AXIS2_PLACEMENT_3D('',#1326,#1327,#1328);
#1326 = CARTESIAN_POINT('',(0.,-5.,32.41413252214));
#1327 = DIRECTION('',(0.,1.,0.));
#1328 = DIRECTION('',(0.,-0.,1.));
#1329 = DEFINITIONAL_REPRESENTATION('',(#1330),#1338);
#1330 = ( BOUNDED_CURVE() B_SPLINE_CURVE(2,(#1331,#1332,#1333,#1334,
#1335,#1336,#1337),.UNSPECIFIED.,.T.,.F.) B_SPLINE_CURVE_WITH_KNOTS((1,2
    ,2,2,2,1),(-2.094395102393,0.,2.094395102393,4.188790204786,
6.28318530718,8.377580409573),.UNSPECIFIED.) CURVE() 
GEOMETRIC_REPRESENTATION_ITEM() RATIONAL_B_SPLINE_CURVE((1.,0.5,1.,0.5,
1.,0.5,1.)) REPRESENTATION_ITEM('') );
#1331 = CARTESIAN_POINT('',(-6.978562052342,54.434899328859));
#1332 = CARTESIAN_POINT('',(87.305449290139,-256.7896381118));
#1333 = CARTESIAN_POINT('',(-229.3649120857,-182.8297183847));
#1334 = CARTESIAN_POINT('',(-546.0352734617,-108.8697986577));
#1335 = CARTESIAN_POINT('',(-323.6489234282,128.39481905591));
#1336 = CARTESIAN_POINT('',(-101.2625733948,365.65943676954));
#1337 = CARTESIAN_POINT('',(-6.978562052342,54.434899328859));
#1338 = ( GEOMETRIC_REPRESENTATION_CONTEXT(2) 
PARAMETRIC_REPRESENTATION_CONTEXT() REPRESENTATION_CONTEXT('2D SPACE',''
  ) );
#1339 = ADVANCED_FACE('',(#1340),#258,.T.);
#1340 = FACE_BOUND('',#1341,.F.);
#1341 = EDGE_LOOP('',(#1342,#1422,#1423,#1424));
#1342 = ORIENTED_EDGE('',*,*,#1343,.F.);
#1343 = EDGE_CURVE('',#781,#1344,#1346,.T.);
#1344 = VERTEX_POINT('',#1345);
#1345 = CARTESIAN_POINT('',(48.,-5.,27.26050245096));
#1346 = SURFACE_CURVE('',#1347,(#1370,#1396),.PCURVE_S1.);
#1347 = B_SPLINE_CURVE_WITH_KNOTS('',6,(#1348,#1349,#1350,#1351,#1352,
    #1353,#1354,#1355,#1356,#1357,#1358,#1359,#1360,#1361,#1362,#1363,
    #1364,#1365,#1366,#1367,#1368,#1369),.UNSPECIFIED.,.F.,.F.,(7,5,5,5,
    7),(0.,0.289498641807,0.620040693764,0.977777404431,1.),
  .UNSPECIFIED.);
#1348 = CARTESIAN_POINT('',(44.429285785729,-3.5,26.623162919683));
#1349 = CARTESIAN_POINT('',(44.561569817925,-3.634956706882,
    26.590668961063));
#1350 = CARTESIAN_POINT('',(44.703376543157,-3.76738475455,
    26.570717296586));
#1351 = CARTESIAN_POINT('',(44.853383931757,-3.894751010385,
    26.56255186364));
#1352 = CARTESIAN_POINT('',(45.010122566932,-4.015361800753,
    26.564733066912));
#1353 = CARTESIAN_POINT('',(45.172246897075,-4.128255151831,
    26.575825262916));
#1354 = CARTESIAN_POINT('',(45.528844250726,-4.35244897012,
    26.615864491793));
#1355 = CARTESIAN_POINT('',(45.724613105825,-4.461234784833,
    26.647117316284));
#1356 = CARTESIAN_POINT('',(45.924740513308,-4.558685795958,
    26.6863530181));
#1357 = CARTESIAN_POINT('',(46.128120671961,-4.644665208435,
    26.731926782437));
#1358 = CARTESIAN_POINT('',(46.33394906092,-4.719267977531,
    26.782496820602));
#1359 = CARTESIAN_POINT('',(46.766741594574,-4.851224429963,
    26.895964947576));
#1360 = CARTESIAN_POINT('',(46.993938359186,-4.906619309403,
    26.959505125316));
#1361 = CARTESIAN_POINT('',(47.222767856331,-4.949010412223,
    27.026224203793));
#1362 = CARTESIAN_POINT('',(47.452671882531,-4.978533200765,
    27.094975259407));
#1363 = CARTESIAN_POINT('',(47.683186245124,-4.995288401499,
    27.1647273703));
#1364 = CARTESIAN_POINT('',(47.928306869273,-4.999506544231,
    27.238835072207));
#1365 = CARTESIAN_POINT('',(47.942644069216,-4.999703915982,
    27.243169431399));
#1366 = CARTESIAN_POINT('',(47.956982059044,-4.999851951655,
    27.247503578104));
#1367 = CARTESIAN_POINT('',(47.971320736754,-4.999950647686,
    27.251837271027));
#1368 = CARTESIAN_POINT('',(47.98565999288,-4.999999999197,
    27.256170278556));
#1369 = CARTESIAN_POINT('',(47.999999710502,-5.,27.260502378756));
#1370 = PCURVE('',#258,#1371);
#1371 = DEFINITIONAL_REPRESENTATION('',(#1372),#1395);
#1372 = B_SPLINE_CURVE_WITH_KNOTS('',6,(#1373,#1374,#1375,#1376,#1377,
    #1378,#1379,#1380,#1381,#1382,#1383,#1384,#1385,#1386,#1387,#1388,
    #1389,#1390,#1391,#1392,#1393,#1394),.UNSPECIFIED.,.F.,.F.,(7,5,5,5,
    7),(0.,0.289498641807,0.620040693764,0.977777404431,1.),
  .UNSPECIFIED.);
#1373 = CARTESIAN_POINT('',(-5.328784300015E-02,3.14159265359));
#1374 = CARTESIAN_POINT('',(-5.255647948518E-02,3.231563791511));
#1375 = CARTESIAN_POINT('',(-5.179152741836E-02,3.319848512329));
#1376 = CARTESIAN_POINT('',(-5.099916862344E-02,3.406073642718));
#1377 = CARTESIAN_POINT('',(-5.018548410418E-02,3.490157745618));
#1378 = CARTESIAN_POINT('',(-4.935584686896E-02,3.572118889841));
#1379 = CARTESIAN_POINT('',(-4.75528338562E-02,3.743423449225));
#1380 = CARTESIAN_POINT('',(-4.657591668499E-02,3.832150456393));
#1381 = CARTESIAN_POINT('',(-4.558784783744E-02,3.918593945463));
#1382 = CARTESIAN_POINT('',(-4.459242884659E-02,4.003052711442));
#1383 = CARTESIAN_POINT('',(-4.359220917027E-02,4.08583830238));
#1384 = CARTESIAN_POINT('',(-4.150139287666E-02,4.255510892788));
#1385 = CARTESIAN_POINT('',(-4.041067686023E-02,4.342130778676));
#1386 = CARTESIAN_POINT('',(-3.931745902957E-02,4.42762907173));
#1387 = CARTESIAN_POINT('',(-3.822317487713E-02,4.512363702625));
#1388 = CARTESIAN_POINT('',(-3.712886996993E-02,4.596682743032));
#1389 = CARTESIAN_POINT('',(-3.59670180467E-02,4.686209123153));
#1390 = CARTESIAN_POINT('',(-3.589906738863E-02,4.691445067882));
#1391 = CARTESIAN_POINT('',(-3.583111919474E-02,4.696680928407));
#1392 = CARTESIAN_POINT('',(-3.576317366262E-02,4.701916790236));
#1393 = CARTESIAN_POINT('',(-3.569523104062E-02,4.707152743812));
#1394 = CARTESIAN_POINT('',(-3.56272916279E-02,4.712388884506));
#1395 = ( GEOMETRIC_REPRESENTATION_CONTEXT(2) 
PARAMETRIC_REPRESENTATION_CONTEXT() REPRESENTATION_CONTEXT('2D SPACE',''
  ) );
#1396 = PCURVE('',#866,#1397);
#1397 = DEFINITIONAL_REPRESENTATION('',(#1398),#1421);
#1398 = B_SPLINE_CURVE_WITH_KNOTS('',6,(#1399,#1400,#1401,#1402,#1403,
    #1404,#1405,#1406,#1407,#1408,#1409,#1410,#1411,#1412,#1413,#1414,
    #1415,#1416,#1417,#1418,#1419,#1420),.UNSPECIFIED.,.F.,.F.,(7,5,5,5,
    7),(0.,0.289498641807,0.620040693764,0.977777404431,1.),
  .UNSPECIFIED.);
#1399 = CARTESIAN_POINT('',(3.916990150201,25.623162919683));
#1400 = CARTESIAN_POINT('',(3.954785587971,25.590668961063));
#1401 = CARTESIAN_POINT('',(3.993553060094,25.570717296586));
#1402 = CARTESIAN_POINT('',(4.032842696014,25.56255186364));
#1403 = CARTESIAN_POINT('',(4.072329721472,25.564733066912));
#1404 = CARTESIAN_POINT('',(4.111797726746,25.575825262916));
#1405 = CARTESIAN_POINT('',(4.196041311853,25.615864491793));
#1406 = CARTESIAN_POINT('',(4.240768628753,25.647117316284));
#1407 = CARTESIAN_POINT('',(4.285190449099,25.6863530181));
#1408 = CARTESIAN_POINT('',(4.329261047109,25.731926782437));
#1409 = CARTESIAN_POINT('',(4.372988592318,25.782496820602));
#1410 = CARTESIAN_POINT('',(4.463480996977,25.895964947576));
#1411 = CARTESIAN_POINT('',(4.510176107636,25.959505125316));
#1412 = CARTESIAN_POINT('',(4.556612248576,26.026224203793));
#1413 = CARTESIAN_POINT('',(4.602864820411,26.094975259407));
#1414 = CARTESIAN_POINT('',(4.649018546634,26.1647273703));
#1415 = CARTESIAN_POINT('',(4.69804992969,26.238835072207));
#1416 = CARTESIAN_POINT('',(4.700917624398,26.243169431399));
#1417 = CARTESIAN_POINT('',(4.703785349731,26.247503578104));
#1418 = CARTESIAN_POINT('',(4.706653127733,26.251837271027));
#1419 = CARTESIAN_POINT('',(4.709520978962,26.256170278556));
#1420 = CARTESIAN_POINT('',(4.712388922485,26.260502378756));
#1421 = ( GEOMETRIC_REPRESENTATION_CONTEXT(2) 
PARAMETRIC_REPRESENTATION_CONTEXT() REPRESENTATION_CONTEXT('2D SPACE',''
  ) );
#1422 = ORIENTED_EDGE('',*,*,#780,.T.);
#1423 = ORIENTED_EDGE('',*,*,#184,.T.);
#1424 = ORIENTED_EDGE('',*,*,#1425,.F.);
#1425 = EDGE_CURVE('',#1344,#185,#1426,.T.);
#1426 = SURFACE_CURVE('',#1427,(#1432,#1439),.PCURVE_S1.);
#1427 = CIRCLE('',#1428,187.75);
#1428 = AXIS2_PLACEMENT_3D('',#1429,#1430,#1431);
#1429 = CARTESIAN_POINT('',(0.,-5.,-154.25));
#1430 = DIRECTION('',(-0.,-1.,0.));
#1431 = DIRECTION('',(0.289932885906,-0.,0.957046979866));
#1432 = PCURVE('',#258,#1433);
#1433 = DEFINITIONAL_REPRESENTATION('',(#1434),#1438);
#1434 = LINE('',#1435,#1436);
#1435 = CARTESIAN_POINT('',(-0.,4.712388980385));
#1436 = VECTOR('',#1437,1.);
#1437 = DIRECTION('',(-1.,0.));
#1438 = ( GEOMETRIC_REPRESENTATION_CONTEXT(2) 
PARAMETRIC_REPRESENTATION_CONTEXT() REPRESENTATION_CONTEXT('2D SPACE',''
  ) );
#1439 = PCURVE('',#1324,#1440);
#1440 = DEFINITIONAL_REPRESENTATION('',(#1441),#1449);
#1441 = ( BOUNDED_CURVE() B_SPLINE_CURVE(2,(#1442,#1443,#1444,#1445,
#1446,#1447,#1448),.UNSPECIFIED.,.T.,.F.) B_SPLINE_CURVE_WITH_KNOTS((1,2
    ,2,2,2,1),(-2.094395102393,0.,2.094395102393,4.188790204786,
6.28318530718,8.377580409573),.UNSPECIFIED.) CURVE() 
GEOMETRIC_REPRESENTATION_ITEM() RATIONAL_B_SPLINE_CURVE((1.,0.5,1.,0.5,
1.,0.5,1.)) REPRESENTATION_ITEM('') );
#1442 = CARTESIAN_POINT('',(-6.978562052342,54.434899328859));
#1443 = CARTESIAN_POINT('',(87.305449290139,-256.7896381118));
#1444 = CARTESIAN_POINT('',(-229.3649120857,-182.8297183847));
#1445 = CARTESIAN_POINT('',(-546.0352734617,-108.8697986577));
#1446 = CARTESIAN_POINT('',(-323.6489234282,128.39481905591));
#1447 = CARTESIAN_POINT('',(-101.2625733948,365.65943676954));
#1448 = CARTESIAN_POINT('',(-6.978562052342,54.434899328859));
#1449 = ( GEOMETRIC_REPRESENTATION_CONTEXT(2) 
PARAMETRIC_REPRESENTATION_CONTEXT() REPRESENTATION_CONTEXT('2D SPACE',''
  ) );
#1450 = ADVANCED_FACE('',(#1451,#1482),#121,.T.);
#1451 = FACE_BOUND('',#1452,.T.);
#1452 = EDGE_LOOP('',(#1453));
#1453 = ORIENTED_EDGE('',*,*,#1454,.T.);
#1454 = EDGE_CURVE('',#1455,#1455,#1457,.T.);
#1455 = VERTEX_POINT('',#1456);
#1456 = CARTESIAN_POINT('',(-41.,-1.714505518806E-15,2.));
#1457 = SURFACE_CURVE('',#1458,(#1463,#1470),.PCURVE_S1.);
#1458 = CIRCLE('',#1459,7.);
#1459 = AXIS2_PLACEMENT_3D('',#1460,#1461,#1462);
#1460 = CARTESIAN_POINT('',(-48.,0.,2.));
#1461 = DIRECTION('',(0.,0.,1.));
#1462 = DIRECTION('',(1.,0.,0.));
#1463 = PCURVE('',#121,#1464);
#1464 = DEFINITIONAL_REPRESENTATION('',(#1465),#1469);
#1465 = CIRCLE('',#1466,7.);
#1466 = AXIS2_PLACEMENT_2D('',#1467,#1468);
#1467 = CARTESIAN_POINT('',(0.,0.));
#1468 = DIRECTION('',(1.,0.));
#1469 = ( GEOMETRIC_REPRESENTATION_CONTEXT(2) 
PARAMETRIC_REPRESENTATION_CONTEXT() REPRESENTATION_CONTEXT('2D SPACE',''
  ) );
#1470 = PCURVE('',#1471,#1476);
#1471 = CYLINDRICAL_SURFACE('',#1472,7.);
#1472 = AXIS2_PLACEMENT_3D('',#1473,#1474,#1475);
#1473 = CARTESIAN_POINT('',(-48.,0.,0.));
#1474 = DIRECTION('',(0.,0.,1.));
#1475 = DIRECTION('',(1.,0.,0.));
#1476 = DEFINITIONAL_REPRESENTATION('',(#1477),#1481);
#1477 = LINE('',#1478,#1479);
#1478 = CARTESIAN_POINT('',(0.,2.));
#1479 = VECTOR('',#1480,1.);
#1480 = DIRECTION('',(1.,0.));
#1481 = ( GEOMETRIC_REPRESENTATION_CONTEXT(2) 
PARAMETRIC_REPRESENTATION_CONTEXT() REPRESENTATION_CONTEXT('2D SPACE',''
  ) );
#1482 = FACE_BOUND('',#1483,.T.);
#1483 = EDGE_LOOP('',(#1484));
#1484 = ORIENTED_EDGE('',*,*,#106,.F.);
#1485 = ADVANCED_FACE('',(#1486),#866,.T.);
#1486 = FACE_BOUND('',#1487,.T.);
#1487 = EDGE_LOOP('',(#1488,#1551,#1574,#1601,#1602,#1658,#1692,#1805,
    #1806,#1807,#1808,#1923));
#1488 = ORIENTED_EDGE('',*,*,#1489,.F.);
#1489 = EDGE_CURVE('',#1490,#1492,#1494,.T.);
#1490 = VERTEX_POINT('',#1491);
#1491 = CARTESIAN_POINT('',(53.,-1.224646799147E-15,24.596188356629));
#1492 = VERTEX_POINT('',#1493);
#1493 = CARTESIAN_POINT('',(52.080559254328,2.889469877317,
    24.57023892098));
#1494 = SURFACE_CURVE('',#1495,(#1510,#1528),.PCURVE_S1.);
#1495 = B_SPLINE_CURVE_WITH_KNOTS('',7,(#1496,#1497,#1498,#1499,#1500,
    #1501,#1502,#1503,#1504,#1505,#1506,#1507,#1508,#1509),
  .UNSPECIFIED.,.F.,.F.,(8,6,8),(0.,0.403760525529,1.),.UNSPECIFIED.);
#1496 = CARTESIAN_POINT('',(53.,-1.056412609424E-15,24.596188356629));
#1497 = CARTESIAN_POINT('',(53.,0.175222210999,24.596188356629));
#1498 = CARTESIAN_POINT('',(52.99283606688,0.350282246267,
    24.593655697452));
#1499 = CARTESIAN_POINT('',(52.97853175342,0.525007408841,24.5885977766)
  );
#1500 = CARTESIAN_POINT('',(52.957089302736,0.699199307384,
    24.58127462037));
#1501 = CARTESIAN_POINT('',(52.92849865655,0.872610842426,
    24.572190538979));
#1502 = CARTESIAN_POINT('',(52.892764161227,1.044923959014,
    24.562066677232));
#1503 = CARTESIAN_POINT('',(52.786723112292,1.467957405723,
    24.536625318208));
#1504 = CARTESIAN_POINT('',(52.707886904605,1.717570879523,
    24.52109187681));
#1505 = CARTESIAN_POINT('',(52.613319946513,1.963935768977,
    24.508026447509));
#1506 = CARTESIAN_POINT('',(52.502836180512,2.206178016084,
    24.501116864656));
#1507 = CARTESIAN_POINT('',(52.376448434853,2.44287307136,
    24.504948678768));
#1508 = CARTESIAN_POINT('',(52.234728470969,2.671749447476,
    24.525337856811));
#1509 = CARTESIAN_POINT('',(52.080559254328,2.889469877317,
    24.57023892098));
#1510 = PCURVE('',#866,#1511);
#1511 = DEFINITIONAL_REPRESENTATION('',(#1512),#1527);
#1512 = B_SPLINE_CURVE_WITH_KNOTS('',7,(#1513,#1514,#1515,#1516,#1517,
    #1518,#1519,#1520,#1521,#1522,#1523,#1524,#1525,#1526),
  .UNSPECIFIED.,.F.,.F.,(8,6,8),(0.,0.403760525529,1.),.UNSPECIFIED.);
#1513 = CARTESIAN_POINT('',(0.,23.596188356629));
#1514 = CARTESIAN_POINT('',(3.504444219985E-02,23.596188356629));
#1515 = CARTESIAN_POINT('',(7.005643493542E-02,23.593655697452));
#1516 = CARTESIAN_POINT('',(0.105071812634,23.5885977766));
#1517 = CARTESIAN_POINT('',(0.140120431428,23.58127462037));
#1518 = CARTESIAN_POINT('',(0.175223644486,23.572190538979));
#1519 = CARTESIAN_POINT('',(0.210389761817,23.562066677232));
#1520 = CARTESIAN_POINT('',(0.297614070607,23.536625318208));
#1521 = CARTESIAN_POINT('',(0.349872412924,23.52109187681));
#1522 = CARTESIAN_POINT('',(0.402494614212,23.508026447509));
#1523 = CARTESIAN_POINT('',(0.455562550398,23.501116864656));
#1524 = CARTESIAN_POINT('',(0.50905273964,23.504948678768));
#1525 = CARTESIAN_POINT('',(0.562790230145,23.525337856811));
#1526 = CARTESIAN_POINT('',(0.616145767038,23.57023892098));
#1527 = ( GEOMETRIC_REPRESENTATION_CONTEXT(2) 
PARAMETRIC_REPRESENTATION_CONTEXT() REPRESENTATION_CONTEXT('2D SPACE',''
  ) );
#1528 = PCURVE('',#1529,#1534);
#1529 = CYLINDRICAL_SURFACE('',#1530,1.5);
#1530 = AXIS2_PLACEMENT_3D('',#1531,#1532,#1533);
#1531 = CARTESIAN_POINT('',(52.5,-5.,26.010401919002));
#1532 = DIRECTION('',(-0.,1.,-0.));
#1533 = DIRECTION('',(1.,0.,-0.));
#1534 = DEFINITIONAL_REPRESENTATION('',(#1535),#1550);
#1535 = B_SPLINE_CURVE_WITH_KNOTS('',7,(#1536,#1537,#1538,#1539,#1540,
    #1541,#1542,#1543,#1544,#1545,#1546,#1547,#1548,#1549),
  .UNSPECIFIED.,.F.,.F.,(8,6,8),(0.,0.403760525529,1.),.UNSPECIFIED.);
#1536 = CARTESIAN_POINT('',(1.230959417341,5.));
#1537 = CARTESIAN_POINT('',(1.230959417341,5.175222210999));
#1538 = CARTESIAN_POINT('',(1.236024924557,5.350282246267));
#1539 = CARTESIAN_POINT('',(1.246140139357,5.525007408841));
#1540 = CARTESIAN_POINT('',(1.261244411762,5.699199307384));
#1541 = CARTESIAN_POINT('',(1.281233552676,5.872610842426));
#1542 = CARTESIAN_POINT('',(1.305973604987,6.044923959014));
#1543 = CARTESIAN_POINT('',(1.378673801558,6.467957405723));
#1544 = CARTESIAN_POINT('',(1.432195565238,6.717570879523));
#1545 = CARTESIAN_POINT('',(1.495672547783,6.963935768977));
#1546 = CARTESIAN_POINT('',(1.569032703962,7.206178016084));
#1547 = CARTESIAN_POINT('',(1.652638708639,7.44287307136));
#1548 = CARTESIAN_POINT('',(1.747152248225,7.671749447476));
#1549 = CARTESIAN_POINT('',(1.854202086927,7.889469877317));
#1550 = ( GEOMETRIC_REPRESENTATION_CONTEXT(2) 
PARAMETRIC_REPRESENTATION_CONTEXT() REPRESENTATION_CONTEXT('2D SPACE',''
  ) );
#1551 = ORIENTED_EDGE('',*,*,#1552,.F.);
#1552 = EDGE_CURVE('',#1553,#1490,#1555,.T.);
#1553 = VERTEX_POINT('',#1554);
#1554 = CARTESIAN_POINT('',(53.,-1.224646799147E-15,2.));
#1555 = SEAM_CURVE('',#1556,(#1560,#1567),.PCURVE_S1.);
#1556 = LINE('',#1557,#1558);
#1557 = CARTESIAN_POINT('',(53.,-1.224646799147E-15,1.));
#1558 = VECTOR('',#1559,1.);
#1559 = DIRECTION('',(0.,0.,1.));
#1560 = PCURVE('',#866,#1561);
#1561 = DEFINITIONAL_REPRESENTATION('',(#1562),#1566);
#1562 = LINE('',#1563,#1564);
#1563 = CARTESIAN_POINT('',(6.28318530718,-0.));
#1564 = VECTOR('',#1565,1.);
#1565 = DIRECTION('',(0.,1.));
#1566 = ( GEOMETRIC_REPRESENTATION_CONTEXT(2) 
PARAMETRIC_REPRESENTATION_CONTEXT() REPRESENTATION_CONTEXT('2D SPACE',''
  ) );
#1567 = PCURVE('',#866,#1568);
#1568 = DEFINITIONAL_REPRESENTATION('',(#1569),#1573);
#1569 = LINE('',#1570,#1571);
#1570 = CARTESIAN_POINT('',(0.,-0.));
#1571 = VECTOR('',#1572,1.);
#1572 = DIRECTION('',(0.,1.));
#1573 = ( GEOMETRIC_REPRESENTATION_CONTEXT(2) 
PARAMETRIC_REPRESENTATION_CONTEXT() REPRESENTATION_CONTEXT('2D SPACE',''
  ) );
#1574 = ORIENTED_EDGE('',*,*,#1575,.T.);
#1575 = EDGE_CURVE('',#1553,#1553,#1576,.T.);
#1576 = SURFACE_CURVE('',#1577,(#1582,#1589),.PCURVE_S1.);
#1577 = CIRCLE('',#1578,5.);
#1578 = AXIS2_PLACEMENT_3D('',#1579,#1580,#1581);
#1579 = CARTESIAN_POINT('',(48.,0.,2.));
#1580 = DIRECTION('',(0.,0.,1.));
#1581 = DIRECTION('',(1.,0.,-0.));
#1582 = PCURVE('',#866,#1583);
#1583 = DEFINITIONAL_REPRESENTATION('',(#1584),#1588);
#1584 = LINE('',#1585,#1586);
#1585 = CARTESIAN_POINT('',(0.,1.));
#1586 = VECTOR('',#1587,1.);
#1587 = DIRECTION('',(1.,0.));
#1588 = ( GEOMETRIC_REPRESENTATION_CONTEXT(2) 
PARAMETRIC_REPRESENTATION_CONTEXT() REPRESENTATION_CONTEXT('2D SPACE',''
  ) );
#1589 = PCURVE('',#1590,#1595);
#1590 = PLANE('',#1591);
#1591 = AXIS2_PLACEMENT_3D('',#1592,#1593,#1594);
#1592 = CARTESIAN_POINT('',(48.,0.,2.));
#1593 = DIRECTION('',(0.,0.,1.));
#1594 = DIRECTION('',(1.,0.,0.));
#1595 = DEFINITIONAL_REPRESENTATION('',(#1596),#1600);
#1596 = CIRCLE('',#1597,5.);
#1597 = AXIS2_PLACEMENT_2D('',#1598,#1599);
#1598 = CARTESIAN_POINT('',(0.,0.));
#1599 = DIRECTION('',(1.,0.));
#1600 = ( GEOMETRIC_REPRESENTATION_CONTEXT(2) 
PARAMETRIC_REPRESENTATION_CONTEXT() REPRESENTATION_CONTEXT('2D SPACE',''
  ) );
#1601 = ORIENTED_EDGE('',*,*,#1552,.T.);
#1602 = ORIENTED_EDGE('',*,*,#1603,.F.);
#1603 = EDGE_CURVE('',#1604,#1490,#1606,.T.);
#1604 = VERTEX_POINT('',#1605);
#1605 = CARTESIAN_POINT('',(52.080559254328,-2.889469877317,
    24.57023892098));
#1606 = SURFACE_CURVE('',#1607,(#1622,#1640),.PCURVE_S1.);
#1607 = B_SPLINE_CURVE_WITH_KNOTS('',7,(#1608,#1609,#1610,#1611,#1612,
    #1613,#1614,#1615,#1616,#1617,#1618,#1619,#1620,#1621),
  .UNSPECIFIED.,.F.,.F.,(8,6,8),(0.,0.596419608544,1.),.UNSPECIFIED.);
#1608 = CARTESIAN_POINT('',(52.080559254328,-2.889469877317,
    24.57023892098));
#1609 = CARTESIAN_POINT('',(52.234775352408,-2.671683240699,
    24.525324202811));
#1610 = CARTESIAN_POINT('',(52.376534399428,-2.442734187902,
    24.504936343174));
#1611 = CARTESIAN_POINT('',(52.50295137536,-2.205962386052,
    24.501113305944));
#1612 = CARTESIAN_POINT('',(52.613454821313,-1.963640447015,
    24.508034770527));
#1613 = CARTESIAN_POINT('',(52.708031902283,-1.717193596746,
    24.521111904456));
#1614 = CARTESIAN_POINT('',(52.786868298582,-1.467497267603,
    24.53665395084));
#1615 = CARTESIAN_POINT('',(52.892860943673,-1.044457083465,
    24.562094104085));
#1616 = CARTESIAN_POINT('',(52.928563170947,-0.872219421763,
    24.572211036441));
#1617 = CARTESIAN_POINT('',(52.957128023376,-0.698884734553,
    24.581287843807));
#1618 = CARTESIAN_POINT('',(52.978551142471,-0.524770653408,
    24.588604633255));
#1619 = CARTESIAN_POINT('',(52.992842549666,-0.350123981506,
    24.593657988772));
#1620 = CARTESIAN_POINT('',(53.,-0.175142910338,24.596188356629));
#1621 = CARTESIAN_POINT('',(53.,-8.881784197001E-16,24.596188356629));
#1622 = PCURVE('',#866,#1623);
#1623 = DEFINITIONAL_REPRESENTATION('',(#1624),#1639);
#1624 = B_SPLINE_CURVE_WITH_KNOTS('',7,(#1625,#1626,#1627,#1628,#1629,
    #1630,#1631,#1632,#1633,#1634,#1635,#1636,#1637,#1638),
  .UNSPECIFIED.,.F.,.F.,(8,6,8),(0.,0.596419608544,1.),.UNSPECIFIED.);
#1625 = CARTESIAN_POINT('',(5.667039540141,23.57023892098));
#1626 = CARTESIAN_POINT('',(5.720411301962,23.525324202811));
#1627 = CARTESIAN_POINT('',(5.77416517195,23.504936343174));
#1628 = CARTESIAN_POINT('',(5.82767149359,23.501113305944));
#1629 = CARTESIAN_POINT('',(5.880755404749,23.508034770527));
#1630 = CARTESIAN_POINT('',(5.933393488439,23.521111904456));
#1631 = CARTESIAN_POINT('',(5.985667562389,23.53665395084));
#1632 = CARTESIAN_POINT('',(6.07289082493,23.562094104085));
#1633 = CARTESIAN_POINT('',(6.108040896316,23.572211036441));
#1634 = CARTESIAN_POINT('',(6.14312817011,23.581287843807));
#1635 = CARTESIAN_POINT('',(6.178160941114,23.588604633255));
#1636 = CARTESIAN_POINT('',(6.21316052516,23.593657988772));
#1637 = CARTESIAN_POINT('',(6.248156725112,23.596188356629));
#1638 = CARTESIAN_POINT('',(6.28318530718,23.596188356629));
#1639 = ( GEOMETRIC_REPRESENTATION_CONTEXT(2) 
PARAMETRIC_REPRESENTATION_CONTEXT() REPRESENTATION_CONTEXT('2D SPACE',''
  ) );
#1640 = PCURVE('',#1529,#1641);
#1641 = DEFINITIONAL_REPRESENTATION('',(#1642),#1657);
#1642 = B_SPLINE_CURVE_WITH_KNOTS('',7,(#1643,#1644,#1645,#1646,#1647,
    #1648,#1649,#1650,#1651,#1652,#1653,#1654,#1655,#1656),
  .UNSPECIFIED.,.F.,.F.,(8,6,8),(0.,0.596419608544,1.),.UNSPECIFIED.);
#1643 = CARTESIAN_POINT('',(1.854202086927,2.110530122683));
#1644 = CARTESIAN_POINT('',(1.747119695355,2.328316759301));
#1645 = CARTESIAN_POINT('',(1.652581381156,2.557265812098));
#1646 = CARTESIAN_POINT('',(1.568956498679,2.794037613948));
#1647 = CARTESIAN_POINT('',(1.495582994468,3.036359552985));
#1648 = CARTESIAN_POINT('',(1.43209824725,3.282806403254));
#1649 = CARTESIAN_POINT('',(1.378575228515,3.532502732397));
#1650 = CARTESIAN_POINT('',(1.305906597929,3.955542916535));
#1651 = CARTESIAN_POINT('',(1.281188448121,4.127780578237));
#1652 = CARTESIAN_POINT('',(1.261217136513,4.301115265447));
#1653 = CARTESIAN_POINT('',(1.246126427973,4.475229346592));
#1654 = CARTESIAN_POINT('',(1.23602034107,4.649876018494));
#1655 = CARTESIAN_POINT('',(1.230959417341,4.824857089662));
#1656 = CARTESIAN_POINT('',(1.230959417341,5.));
#1657 = ( GEOMETRIC_REPRESENTATION_CONTEXT(2) 
PARAMETRIC_REPRESENTATION_CONTEXT() REPRESENTATION_CONTEXT('2D SPACE',''
  ) );
#1658 = ORIENTED_EDGE('',*,*,#1659,.F.);
#1659 = EDGE_CURVE('',#1660,#1604,#1662,.T.);
#1660 = VERTEX_POINT('',#1661);
#1661 = CARTESIAN_POINT('',(51.570714214271,-3.5,24.717941082837));
#1662 = SURFACE_CURVE('',#1663,(#1669,#1678),.PCURVE_S1.);
#1663 = B_SPLINE_CURVE_WITH_KNOTS('',4,(#1664,#1665,#1666,#1667,#1668),
  .UNSPECIFIED.,.F.,.F.,(5,5),(0.,1.),.PIECEWISE_BEZIER_KNOTS.);
#1664 = CARTESIAN_POINT('',(51.570713626154,-3.5000006,24.717941252307)
  );
#1665 = CARTESIAN_POINT('',(51.712860904067,-3.354981418527,
    24.676980639413));
#1666 = CARTESIAN_POINT('',(51.845147363591,-3.204313260891,
    24.638698446562));
#1667 = CARTESIAN_POINT('',(51.967667873778,-3.048897034268,
    24.603118008211));
#1668 = CARTESIAN_POINT('',(52.080559254328,-2.889469877317,
    24.57023892098));
#1669 = PCURVE('',#866,#1670);
#1670 = DEFINITIONAL_REPRESENTATION('',(#1671),#1677);
#1671 = B_SPLINE_CURVE_WITH_KNOTS('',4,(#1672,#1673,#1674,#1675,#1676),
  .UNSPECIFIED.,.F.,.F.,(5,5),(0.,1.),.PIECEWISE_BEZIER_KNOTS.);
#1672 = CARTESIAN_POINT('',(5.507787642535,23.717941252307));
#1673 = CARTESIAN_POINT('',(5.548401143548,23.676980639413));
#1674 = CARTESIAN_POINT('',(5.588441240866,23.638698446562));
#1675 = CARTESIAN_POINT('',(5.627969611974,23.603118008211));
#1676 = CARTESIAN_POINT('',(5.667039540141,23.57023892098));
#1677 = ( GEOMETRIC_REPRESENTATION_CONTEXT(2) 
PARAMETRIC_REPRESENTATION_CONTEXT() REPRESENTATION_CONTEXT('2D SPACE',''
  ) );
#1678 = PCURVE('',#1679,#1684);
#1679 = CYLINDRICAL_SURFACE('',#1680,186.25);
#1680 = AXIS2_PLACEMENT_3D('',#1681,#1682,#1683);
#1681 = CARTESIAN_POINT('',(0.,-5.,-154.25));
#1682 = DIRECTION('',(0.,-1.,0.));
#1683 = DIRECTION('',(0.289932885906,0.,0.957046979866));
#1684 = DEFINITIONAL_REPRESENTATION('',(#1685),#1691);
#1685 = B_SPLINE_CURVE_WITH_KNOTS('',4,(#1686,#1687,#1688,#1689,#1690),
  .UNSPECIFIED.,.F.,.F.,(5,5),(0.,1.),.PIECEWISE_BEZIER_KNOTS.);
#1686 = CARTESIAN_POINT('',(1.360093458166E-02,-1.4999994));
#1687 = CARTESIAN_POINT('',(1.280667345914E-02,-1.645018581473));
#1688 = CARTESIAN_POINT('',(1.206726818216E-02,-1.795686739109));
#1689 = CARTESIAN_POINT('',(1.138226274516E-02,-1.951102965732));
#1690 = CARTESIAN_POINT('',(1.075095064519E-02,-2.110530122683));
#1691 = ( GEOMETRIC_REPRESENTATION_CONTEXT(2) 
PARAMETRIC_REPRESENTATION_CONTEXT() REPRESENTATION_CONTEXT('2D SPACE',''
  ) );
#1692 = ORIENTED_EDGE('',*,*,#1693,.T.);
#1693 = EDGE_CURVE('',#1660,#1344,#1694,.T.);
#1694 = SURFACE_CURVE('',#1695,(#1728,#1764),.PCURVE_S1.);
#1695 = B_SPLINE_CURVE_WITH_KNOTS('',7,(#1696,#1697,#1698,#1699,#1700,
    #1701,#1702,#1703,#1704,#1705,#1706,#1707,#1708,#1709,#1710,#1711,
    #1712,#1713,#1714,#1715,#1716,#1717,#1718,#1719,#1720,#1721,#1722,
    #1723,#1724,#1725,#1726,#1727),.UNSPECIFIED.,.F.,.F.,(8,6,6,6,6,8),(
    0.,0.146298098557,0.40955483973,0.724369197859,0.97110144533,1.),
  .UNSPECIFIED.);
#1696 = CARTESIAN_POINT('',(51.570714214271,-3.5,24.717941082837));
#1697 = CARTESIAN_POINT('',(51.49876018844,-3.573407789374,
    24.738675078436));
#1698 = CARTESIAN_POINT('',(51.425802607348,-3.644317352664,
    24.764023501278));
#1699 = CARTESIAN_POINT('',(51.352119493081,-3.712578624422,
    24.793367639631));
#1700 = CARTESIAN_POINT('',(51.277941945826,-3.778137876243,
    24.826154927774));
#1701 = CARTESIAN_POINT('',(51.203444066935,-3.841013551087,
    24.861913241291));
#1702 = CARTESIAN_POINT('',(51.128734350661,-3.901277473085,
    24.900259505798));
#1703 = CARTESIAN_POINT('',(50.919094959425,-4.062985038076,
    25.01403804375));
#1704 = CARTESIAN_POINT('',(50.783941923639,-4.158702043607,
    25.094517826474));
#1705 = CARTESIAN_POINT('',(50.648613643187,-4.246868336636,
    25.180609039332));
#1706 = CARTESIAN_POINT('',(50.513341614606,-4.327981323336,
    25.271130683951));
#1707 = CARTESIAN_POINT('',(50.378253011176,-4.40252975647,
    25.365178823302));
#1708 = CARTESIAN_POINT('',(50.24335678205,-4.470958046121,
    25.462137244319));
#1709 = CARTESIAN_POINT('',(49.947262433589,-4.608665230135,
    25.680593843748));
#1710 = CARTESIAN_POINT('',(49.786250976626,-4.675410238316,
    25.803057988065));
#1711 = CARTESIAN_POINT('',(49.6254215285,-4.734538775022,25.92822406107
    ));
#1712 = CARTESIAN_POINT('',(49.464760394579,-4.786490873084,
    26.055508510391));
#1713 = CARTESIAN_POINT('',(49.304249083094,-4.831604739493,
    26.184458645508));
#1714 = CARTESIAN_POINT('',(49.14383704678,-4.870154066867,
    26.314714004857));
#1715 = CARTESIAN_POINT('',(48.857723760365,-4.927550054476,
    26.548905749563));
#1716 = CARTESIAN_POINT('',(48.732038727767,-4.948851157759,
    26.65242467919));
#1717 = CARTESIAN_POINT('',(48.606355350397,-4.966326380318,
    26.756419463028));
#1718 = CARTESIAN_POINT('',(48.480652857506,-4.980041207773,
    26.86075969627));
#1719 = CARTESIAN_POINT('',(48.354912316415,-4.990037269223,
    26.96532523952));
#1720 = CARTESIAN_POINT('',(48.229113524364,-4.99633464991,
    27.070002940643));
#1721 = CARTESIAN_POINT('',(48.088487994648,-4.999238677065,
    27.186944067379));
#1722 = CARTESIAN_POINT('',(48.073742990609,-4.999492417917,
    27.199204790646));
#1723 = CARTESIAN_POINT('',(48.058996847928,-4.999695426438,
    27.211465341854));
#1724 = CARTESIAN_POINT('',(48.044249532041,-4.999847698707,
    27.223725539338));
#1725 = CARTESIAN_POINT('',(48.029501014137,-4.999949226883,
    27.235985204325));
#1726 = CARTESIAN_POINT('',(48.014751271155,-4.999999999207,
    27.248244160933));
#1727 = CARTESIAN_POINT('',(48.000000285784,-5.,27.260502236172));
#1728 = PCURVE('',#866,#1729);
#1729 = DEFINITIONAL_REPRESENTATION('',(#1730),#1763);
#1730 = B_SPLINE_CURVE_WITH_KNOTS('',7,(#1731,#1732,#1733,#1734,#1735,
    #1736,#1737,#1738,#1739,#1740,#1741,#1742,#1743,#1744,#1745,#1746,
    #1747,#1748,#1749,#1750,#1751,#1752,#1753,#1754,#1755,#1756,#1757,
    #1758,#1759,#1760,#1761,#1762),.UNSPECIFIED.,.F.,.F.,(8,6,6,6,6,8),(
    0.,0.146298098557,0.40955483973,0.724369197859,0.97110144533,1.),
  .UNSPECIFIED.);
#1731 = CARTESIAN_POINT('',(5.507787810569,23.717941082837));
#1732 = CARTESIAN_POINT('',(5.487229517474,23.738675078436));
#1733 = CARTESIAN_POINT('',(5.466887547765,23.764023501278));
#1734 = CARTESIAN_POINT('',(5.446808049146,23.793367639631));
#1735 = CARTESIAN_POINT('',(5.427018244203,23.826154927774));
#1736 = CARTESIAN_POINT('',(5.407529059625,23.861913241291));
#1737 = CARTESIAN_POINT('',(5.388336433016,23.900259505798));
#1738 = CARTESIAN_POINT('',(5.335384375102,24.01403804375));
#1739 = CARTESIAN_POINT('',(5.30228910116,24.094517826474));
#1740 = CARTESIAN_POINT('',(5.270024058292,24.180609039332));
#1741 = CARTESIAN_POINT('',(5.238516588165,24.271130683951));
#1742 = CARTESIAN_POINT('',(5.207688222641,24.365178823302));
#1743 = CARTESIAN_POINT('',(5.17745394896,24.462137244319));
#1744 = CARTESIAN_POINT('',(5.112143878766,24.680593843748));
#1745 = CARTESIAN_POINT('',(5.077315614833,24.803057988065));
#1746 = CARTESIAN_POINT('',(5.04308941964,24.92822406107));
#1747 = CARTESIAN_POINT('',(5.009365392009,25.055508510391));
#1748 = CARTESIAN_POINT('',(4.97605848633,25.184458645508));
#1749 = CARTESIAN_POINT('',(4.943086288035,25.314714004857));
#1750 = CARTESIAN_POINT('',(4.88472359034,25.548905749563));
#1751 = CARTESIAN_POINT('',(4.859239663969,25.65242467919));
#1752 = CARTESIAN_POINT('',(4.833879047253,25.756419463028));
#1753 = CARTESIAN_POINT('',(4.808609030924,25.86075969627));
#1754 = CARTESIAN_POINT('',(4.783398906406,25.96532523952));
#1755 = CARTESIAN_POINT('',(4.758218520081,26.070002940643));
#1756 = CARTESIAN_POINT('',(4.730087417734,26.186944067379));
#1757 = CARTESIAN_POINT('',(4.727137997762,26.199204790646));
#1758 = CARTESIAN_POINT('',(4.7241885177,26.211465341854));
#1759 = CARTESIAN_POINT('',(4.72123892874,26.223725539338));
#1760 = CARTESIAN_POINT('',(4.718289183217,26.235985204325));
#1761 = CARTESIAN_POINT('',(4.715339234609,26.248244160933));
#1762 = CARTESIAN_POINT('',(4.712389037542,26.260502236172));
#1763 = ( GEOMETRIC_REPRESENTATION_CONTEXT(2) 
PARAMETRIC_REPRESENTATION_CONTEXT() REPRESENTATION_CONTEXT('2D SPACE',''
  ) );
#1764 = PCURVE('',#1765,#1770);
#1765 = TOROIDAL_SURFACE('',#1766,187.75,1.5);
#1766 = AXIS2_PLACEMENT_3D('',#1767,#1768,#1769);
#1767 = CARTESIAN_POINT('',(0.,-3.5,-154.25));
#1768 = DIRECTION('',(0.,1.,0.));
#1769 = DIRECTION('',(0.289932885906,-0.,0.957046979866));
#1770 = DEFINITIONAL_REPRESENTATION('',(#1771),#1804);
#1771 = B_SPLINE_CURVE_WITH_KNOTS('',7,(#1772,#1773,#1774,#1775,#1776,
    #1777,#1778,#1779,#1780,#1781,#1782,#1783,#1784,#1785,#1786,#1787,
    #1788,#1789,#1790,#1791,#1792,#1793,#1794,#1795,#1796,#1797,#1798,
    #1799,#1800,#1801,#1802,#1803),.UNSPECIFIED.,.F.,.F.,(8,6,6,6,6,8),(
    0.,0.146298098557,0.40955483973,0.724369197859,0.97110144533,1.),
  .UNSPECIFIED.);
#1772 = CARTESIAN_POINT('',(-1.36009312955E-02,3.14159265359));
#1773 = CARTESIAN_POINT('',(-1.40029811006E-02,3.190531179839));
#1774 = CARTESIAN_POINT('',(-1.441706852761E-02,3.237804223903));
#1775 = CARTESIAN_POINT('',(-1.484080145233E-02,3.28350317225));
#1776 = CARTESIAN_POINT('',(-1.527213270191E-02,3.327725011385));
#1777 = CARTESIAN_POINT('',(-1.570943467767E-02,3.37057330298));
#1778 = CARTESIAN_POINT('',(-1.615155601228E-02,3.412160314452));
#1779 = CARTESIAN_POINT('',(-1.74009643577E-02,3.525398213991));
#1780 = CARTESIAN_POINT('',(-1.821659497488E-02,3.59441234781));
#1781 = CARTESIAN_POINT('',(-1.904090945561E-02,3.66038420525));
#1782 = CARTESIAN_POINT('',(-1.98708858208E-02,3.723753694106));
#1783 = CARTESIAN_POINT('',(-2.070447700384E-02,3.784903965854));
#1784 = CARTESIAN_POINT('',(-2.154068728495E-02,3.844163655744));
#1785 = CARTESIAN_POINT('',(-2.338288192713E-02,3.97085155728));
#1786 = CARTESIAN_POINT('',(-2.43890231903E-02,4.03753670992));
#1787 = CARTESIAN_POINT('',(-2.539713132255E-02,4.102396334961));
#1788 = CARTESIAN_POINT('',(-2.640638285453E-02,4.165766689127));
#1789 = CARTESIAN_POINT('',(-2.741618685445E-02,4.227918313861));
#1790 = CARTESIAN_POINT('',(-2.842626240269E-02,4.289098444901));
#1791 = CARTESIAN_POINT('',(-3.022855286811E-02,4.396901380004));
#1792 = CARTESIAN_POINT('',(-3.102051241644E-02,4.443803597962));
#1793 = CARTESIAN_POINT('',(-3.181246045305E-02,4.490345746024));
#1794 = CARTESIAN_POINT('',(-3.260431374957E-02,4.536620612475));
#1795 = CARTESIAN_POINT('',(-3.339599786121E-02,4.582713948652));
#1796 = CARTESIAN_POINT('',(-3.418745814214E-02,4.628708790263));
#1797 = CARTESIAN_POINT('',(-3.507134166767E-02,4.680075309479));
#1798 = CARTESIAN_POINT('',(-3.516400894783E-02,4.685460638867));
#1799 = CARTESIAN_POINT('',(-3.525667255558E-02,4.690845896216));
#1800 = CARTESIAN_POINT('',(-3.534933242013E-02,4.696231213682));
#1801 = CARTESIAN_POINT('',(-3.544198844568E-02,4.701616726243));
#1802 = CARTESIAN_POINT('',(-3.553464051141E-02,4.707002571697));
#1803 = CARTESIAN_POINT('',(-3.562728847148E-02,4.71238889066));
#1804 = ( GEOMETRIC_REPRESENTATION_CONTEXT(2) 
PARAMETRIC_REPRESENTATION_CONTEXT() REPRESENTATION_CONTEXT('2D SPACE',''
  ) );
#1805 = ORIENTED_EDGE('',*,*,#1343,.F.);
#1806 = ORIENTED_EDGE('',*,*,#804,.F.);
#1807 = ORIENTED_EDGE('',*,*,#961,.T.);
#1808 = ORIENTED_EDGE('',*,*,#1809,.F.);
#1809 = EDGE_CURVE('',#1810,#929,#1812,.T.);
#1810 = VERTEX_POINT('',#1811);
#1811 = CARTESIAN_POINT('',(51.570714214271,3.5,24.717941082837));
#1812 = SURFACE_CURVE('',#1813,(#1846,#1882),.PCURVE_S1.);
#1813 = B_SPLINE_CURVE_WITH_KNOTS('',7,(#1814,#1815,#1816,#1817,#1818,
    #1819,#1820,#1821,#1822,#1823,#1824,#1825,#1826,#1827,#1828,#1829,
    #1830,#1831,#1832,#1833,#1834,#1835,#1836,#1837,#1838,#1839,#1840,
    #1841,#1842,#1843,#1844,#1845),.UNSPECIFIED.,.F.,.F.,(8,6,6,6,6,8),(
    0.,0.146298087322,0.409554808276,0.724369142226,0.971101370748,1.),
  .UNSPECIFIED.);
#1814 = CARTESIAN_POINT('',(51.570714214271,3.5,24.717941082837));
#1815 = CARTESIAN_POINT('',(51.49876018844,3.573407789374,
    24.738675078436));
#1816 = CARTESIAN_POINT('',(51.425802607347,3.644317352665,
    24.764023501278));
#1817 = CARTESIAN_POINT('',(51.352119493081,3.712578624422,
    24.793367639631));
#1818 = CARTESIAN_POINT('',(51.277941945826,3.778137876243,
    24.826154927774));
#1819 = CARTESIAN_POINT('',(51.203444066935,3.841013551087,
    24.861913241291));
#1820 = CARTESIAN_POINT('',(51.128734350661,3.901277473084,
    24.900259505798));
#1821 = CARTESIAN_POINT('',(50.919094959425,4.062985038076,
    25.01403804375));
#1822 = CARTESIAN_POINT('',(50.783941923639,4.158702043608,
    25.094517826475));
#1823 = CARTESIAN_POINT('',(50.648613643187,4.246868336636,
    25.180609039332));
#1824 = CARTESIAN_POINT('',(50.513341614606,4.327981323336,
    25.271130683952));
#1825 = CARTESIAN_POINT('',(50.378253011176,4.40252975647,
    25.365178823302));
#1826 = CARTESIAN_POINT('',(50.24335678205,4.470958046121,
    25.462137244319));
#1827 = CARTESIAN_POINT('',(49.947262433589,4.608665230135,
    25.680593843748));
#1828 = CARTESIAN_POINT('',(49.786250976626,4.675410238316,
    25.803057988065));
#1829 = CARTESIAN_POINT('',(49.6254215285,4.734538775022,25.92822406107)
  );
#1830 = CARTESIAN_POINT('',(49.464760394579,4.786490873084,
    26.055508510391));
#1831 = CARTESIAN_POINT('',(49.304249083094,4.831604739493,
    26.184458645509));
#1832 = CARTESIAN_POINT('',(49.14383704678,4.870154066867,
    26.314714004857));
#1833 = CARTESIAN_POINT('',(48.857723760365,4.927550054476,
    26.548905749563));
#1834 = CARTESIAN_POINT('',(48.732038727767,4.948851157759,
    26.65242467919));
#1835 = CARTESIAN_POINT('',(48.606355350396,4.966326380318,
    26.756419463028));
#1836 = CARTESIAN_POINT('',(48.480652857506,4.980041207773,
    26.86075969627));
#1837 = CARTESIAN_POINT('',(48.354912316415,4.990037269223,
    26.96532523952));
#1838 = CARTESIAN_POINT('',(48.229113524363,4.99633464991,
    27.070002940643));
#1839 = CARTESIAN_POINT('',(48.088487955465,4.999238677874,
    27.186944099963));
#1840 = CARTESIAN_POINT('',(48.073742907484,4.999492419265,
    27.199204853292));
#1841 = CARTESIAN_POINT('',(48.058996725296,4.999695428056,
    27.211465436862));
#1842 = CARTESIAN_POINT('',(48.044249376603,4.999847700324,
    27.223725670211));
#1843 = CARTESIAN_POINT('',(48.029500827934,4.999949228231,
    27.235985372145));
#1844 = CARTESIAN_POINT('',(48.014751044644,5.000000000016,
    27.248244360745));
#1845 = CARTESIAN_POINT('',(47.999999990915,5.,27.260502453363));
#1846 = PCURVE('',#866,#1847);
#1847 = DEFINITIONAL_REPRESENTATION('',(#1848),#1881);
#1848 = B_SPLINE_CURVE_WITH_KNOTS('',7,(#1849,#1850,#1851,#1852,#1853,
    #1854,#1855,#1856,#1857,#1858,#1859,#1860,#1861,#1862,#1863,#1864,
    #1865,#1866,#1867,#1868,#1869,#1870,#1871,#1872,#1873,#1874,#1875,
    #1876,#1877,#1878,#1879,#1880),.UNSPECIFIED.,.F.,.F.,(8,6,6,6,6,8),(
    0.,0.146298087322,0.409554808276,0.724369142226,0.971101370748,1.),
  .UNSPECIFIED.);
#1849 = CARTESIAN_POINT('',(0.775397496611,23.717941082837));
#1850 = CARTESIAN_POINT('',(0.795955789705,23.738675078436));
#1851 = CARTESIAN_POINT('',(0.816297759415,23.764023501278));
#1852 = CARTESIAN_POINT('',(0.836377258033,23.793367639631));
#1853 = CARTESIAN_POINT('',(0.856167062977,23.826154927774));
#1854 = CARTESIAN_POINT('',(0.875656247555,23.861913241291));
#1855 = CARTESIAN_POINT('',(0.894848874163,23.900259505798));
#1856 = CARTESIAN_POINT('',(0.947800932077,24.01403804375));
#1857 = CARTESIAN_POINT('',(0.98089620602,24.094517826475));
#1858 = CARTESIAN_POINT('',(1.013161248887,24.180609039332));
#1859 = CARTESIAN_POINT('',(1.044668719014,24.271130683952));
#1860 = CARTESIAN_POINT('',(1.075497084539,24.365178823302));
#1861 = CARTESIAN_POINT('',(1.105731358219,24.462137244319));
#1862 = CARTESIAN_POINT('',(1.171041428414,24.680593843748));
#1863 = CARTESIAN_POINT('',(1.205869692347,24.803057988065));
#1864 = CARTESIAN_POINT('',(1.24009588754,24.92822406107));
#1865 = CARTESIAN_POINT('',(1.273819915171,25.055508510391));
#1866 = CARTESIAN_POINT('',(1.307126820849,25.184458645509));
#1867 = CARTESIAN_POINT('',(1.340099019144,25.314714004857));
#1868 = CARTESIAN_POINT('',(1.39846171684,25.548905749563));
#1869 = CARTESIAN_POINT('',(1.423945643211,25.65242467919));
#1870 = CARTESIAN_POINT('',(1.449306259927,25.756419463028));
#1871 = CARTESIAN_POINT('',(1.474576276255,25.86075969627));
#1872 = CARTESIAN_POINT('',(1.499786400774,25.96532523952));
#1873 = CARTESIAN_POINT('',(1.524966787098,26.070002940643));
#1874 = CARTESIAN_POINT('',(1.553097897284,26.186944099963));
#1875 = CARTESIAN_POINT('',(1.556047326045,26.199204853292));
#1876 = CARTESIAN_POINT('',(1.558996814008,26.211465436862));
#1877 = CARTESIAN_POINT('',(1.561946409528,26.223725670211));
#1878 = CARTESIAN_POINT('',(1.564896161204,26.235985372145));
#1879 = CARTESIAN_POINT('',(1.567846117872,26.248244360745));
#1880 = CARTESIAN_POINT('',(1.570796328612,26.260502453363));
#1881 = ( GEOMETRIC_REPRESENTATION_CONTEXT(2) 
PARAMETRIC_REPRESENTATION_CONTEXT() REPRESENTATION_CONTEXT('2D SPACE',''
  ) );
#1882 = PCURVE('',#1883,#1888);
#1883 = TOROIDAL_SURFACE('',#1884,187.75,1.5);
#1884 = AXIS2_PLACEMENT_3D('',#1885,#1886,#1887);
#1885 = CARTESIAN_POINT('',(0.,3.5,-154.25));
#1886 = DIRECTION('',(-0.,-1.,-0.));
#1887 = DIRECTION('',(0.289932885906,-0.,0.957046979866));
#1888 = DEFINITIONAL_REPRESENTATION('',(#1889),#1922);
#1889 = B_SPLINE_CURVE_WITH_KNOTS('',7,(#1890,#1891,#1892,#1893,#1894,
    #1895,#1896,#1897,#1898,#1899,#1900,#1901,#1902,#1903,#1904,#1905,
    #1906,#1907,#1908,#1909,#1910,#1911,#1912,#1913,#1914,#1915,#1916,
    #1917,#1918,#1919,#1920,#1921),.UNSPECIFIED.,.F.,.F.,(8,6,6,6,6,8),(
    0.,0.146298087322,0.409554808276,0.724369142226,0.971101370748,1.),
  .UNSPECIFIED.);
#1890 = CARTESIAN_POINT('',(1.36009312955E-02,3.14159265359));
#1891 = CARTESIAN_POINT('',(1.400298110059E-02,3.190531179839));
#1892 = CARTESIAN_POINT('',(1.441706852762E-02,3.237804223904));
#1893 = CARTESIAN_POINT('',(1.484080145233E-02,3.28350317225));
#1894 = CARTESIAN_POINT('',(1.527213270191E-02,3.327725011385));
#1895 = CARTESIAN_POINT('',(1.570943467767E-02,3.370573302981));
#1896 = CARTESIAN_POINT('',(1.615155601228E-02,3.412160314452));
#1897 = CARTESIAN_POINT('',(1.74009643577E-02,3.525398213991));
#1898 = CARTESIAN_POINT('',(1.821659497489E-02,3.59441234781));
#1899 = CARTESIAN_POINT('',(1.904090945561E-02,3.66038420525));
#1900 = CARTESIAN_POINT('',(1.98708858208E-02,3.723753694107));
#1901 = CARTESIAN_POINT('',(2.070447700384E-02,3.784903965854));
#1902 = CARTESIAN_POINT('',(2.154068728495E-02,3.844163655744));
#1903 = CARTESIAN_POINT('',(2.338288192713E-02,3.97085155728));
#1904 = CARTESIAN_POINT('',(2.43890231903E-02,4.03753670992));
#1905 = CARTESIAN_POINT('',(2.539713132255E-02,4.102396334961));
#1906 = CARTESIAN_POINT('',(2.640638285453E-02,4.165766689127));
#1907 = CARTESIAN_POINT('',(2.741618685445E-02,4.227918313861));
#1908 = CARTESIAN_POINT('',(2.842626240269E-02,4.289098444901));
#1909 = CARTESIAN_POINT('',(3.022855286811E-02,4.396901380004));
#1910 = CARTESIAN_POINT('',(3.102051241644E-02,4.443803597962));
#1911 = CARTESIAN_POINT('',(3.181246045305E-02,4.490345746024));
#1912 = CARTESIAN_POINT('',(3.260431374957E-02,4.536620612475));
#1913 = CARTESIAN_POINT('',(3.339599786121E-02,4.582713948651));
#1914 = CARTESIAN_POINT('',(3.418745814214E-02,4.628708790263));
#1915 = CARTESIAN_POINT('',(3.507134191395E-02,4.680075323791));
#1916 = CARTESIAN_POINT('',(3.516400946142E-02,4.685460665055));
#1917 = CARTESIAN_POINT('',(3.525667331671E-02,4.69084593652));
#1918 = CARTESIAN_POINT('',(3.534933339903E-02,4.696231271506));
#1919 = CARTESIAN_POINT('',(3.544198963325E-02,4.701616802639));
#1920 = CARTESIAN_POINT('',(3.553464195E-02,4.707002661852));
#1921 = CARTESIAN_POINT('',(3.562729028558E-02,4.712388980385));
#1922 = ( GEOMETRIC_REPRESENTATION_CONTEXT(2) 
PARAMETRIC_REPRESENTATION_CONTEXT() REPRESENTATION_CONTEXT('2D SPACE',''
  ) );
#1923 = ORIENTED_EDGE('',*,*,#1924,.F.);
#1924 = EDGE_CURVE('',#1492,#1810,#1925,.T.);
#1925 = SURFACE_CURVE('',#1926,(#1932,#1941),.PCURVE_S1.);
#1926 = B_SPLINE_CURVE_WITH_KNOTS('',4,(#1927,#1928,#1929,#1930,#1931),
  .UNSPECIFIED.,.F.,.F.,(5,5),(0.,1.),.PIECEWISE_BEZIER_KNOTS.);
#1927 = CARTESIAN_POINT('',(52.080559254328,2.889469877317,
    24.57023892098));
#1928 = CARTESIAN_POINT('',(51.967668008467,3.048896844058,
    24.603117968983));
#1929 = CARTESIAN_POINT('',(51.845147398546,3.204313268191,
    24.63869843672));
#1930 = CARTESIAN_POINT('',(51.712860658834,3.354981668715,
    24.676980710079));
#1931 = CARTESIAN_POINT('',(51.570713626154,3.5000006,24.717941252307));
#1932 = PCURVE('',#866,#1933);
#1933 = DEFINITIONAL_REPRESENTATION('',(#1934),#1940);
#1934 = B_SPLINE_CURVE_WITH_KNOTS('',4,(#1935,#1936,#1937,#1938,#1939),
  .UNSPECIFIED.,.F.,.F.,(5,5),(0.,1.),.PIECEWISE_BEZIER_KNOTS.);
#1935 = CARTESIAN_POINT('',(0.616145767038,23.57023892098));
#1936 = CARTESIAN_POINT('',(0.655215648592,23.603117968983));
#1937 = CARTESIAN_POINT('',(0.694744099019,23.63869843672));
#1938 = CARTESIAN_POINT('',(0.734784233698,23.676980710079));
#1939 = CARTESIAN_POINT('',(0.775397664644,23.717941252307));
#1940 = ( GEOMETRIC_REPRESENTATION_CONTEXT(2) 
PARAMETRIC_REPRESENTATION_CONTEXT() REPRESENTATION_CONTEXT('2D SPACE',''
  ) );
#1941 = PCURVE('',#1942,#1947);
#1942 = CYLINDRICAL_SURFACE('',#1943,186.25);
#1943 = AXIS2_PLACEMENT_3D('',#1944,#1945,#1946);
#1944 = CARTESIAN_POINT('',(0.,-5.,-154.25));
#1945 = DIRECTION('',(0.,-1.,0.));
#1946 = DIRECTION('',(0.289932885906,0.,0.957046979866));
#1947 = DEFINITIONAL_REPRESENTATION('',(#1948),#1954);
#1948 = B_SPLINE_CURVE_WITH_KNOTS('',4,(#1949,#1950,#1951,#1952,#1953),
  .UNSPECIFIED.,.F.,.F.,(5,5),(0.,1.),.PIECEWISE_BEZIER_KNOTS.);
#1949 = CARTESIAN_POINT('',(1.075095064519E-02,-7.889469877317));
#1950 = CARTESIAN_POINT('',(1.138226199195E-02,-8.048896844058));
#1951 = CARTESIAN_POINT('',(1.206726798925E-02,-8.204313268191));
#1952 = CARTESIAN_POINT('',(1.280667482941E-02,-8.354981668715));
#1953 = CARTESIAN_POINT('',(1.360093458166E-02,-8.5000006));
#1954 = ( GEOMETRIC_REPRESENTATION_CONTEXT(2) 
PARAMETRIC_REPRESENTATION_CONTEXT() REPRESENTATION_CONTEXT('2D SPACE',''
  ) );
#1955 = ADVANCED_FACE('',(#1956),#945,.T.);
#1956 = FACE_BOUND('',#1957,.T.);
#1957 = EDGE_LOOP('',(#1958,#1989,#2017,#2043,#2044,#2045));
#1958 = ORIENTED_EDGE('',*,*,#1959,.T.);
#1959 = EDGE_CURVE('',#1960,#1962,#1964,.T.);
#1960 = VERTEX_POINT('',#1961);
#1961 = CARTESIAN_POINT('',(-52.5,5.,30.883600708618));
#1962 = VERTEX_POINT('',#1963);
#1963 = CARTESIAN_POINT('',(52.5,5.,30.883600708618));
#1964 = SURFACE_CURVE('',#1965,(#1970,#1977),.PCURVE_S1.);
#1965 = CIRCLE('',#1966,184.75);
#1966 = AXIS2_PLACEMENT_3D('',#1967,#1968,#1969);
#1967 = CARTESIAN_POINT('',(0.,5.,-146.25));
#1968 = DIRECTION('',(0.,1.,0.));
#1969 = DIRECTION('',(-0.289932885906,0.,0.957046979866));
#1970 = PCURVE('',#945,#1971);
#1971 = DEFINITIONAL_REPRESENTATION('',(#1972),#1976);
#1972 = CIRCLE('',#1973,184.75);
#1973 = AXIS2_PLACEMENT_2D('',#1974,#1975);
#1974 = CARTESIAN_POINT('',(-178.6641325221,0.));
#1975 = DIRECTION('',(0.957046979866,-0.289932885906));
#1976 = ( GEOMETRIC_REPRESENTATION_CONTEXT(2) 
PARAMETRIC_REPRESENTATION_CONTEXT() REPRESENTATION_CONTEXT('2D SPACE',''
  ) );
#1977 = PCURVE('',#1978,#1983);
#1978 = TOROIDAL_SURFACE('',#1979,184.75,1.5);
#1979 = AXIS2_PLACEMENT_3D('',#1980,#1981,#1982);
#1980 = CARTESIAN_POINT('',(0.,3.5,-146.25));
#1981 = DIRECTION('',(0.,1.,0.));
#1982 = DIRECTION('',(-0.289932885906,0.,0.957046979866));
#1983 = DEFINITIONAL_REPRESENTATION('',(#1984),#1988);
#1984 = LINE('',#1985,#1986);
#1985 = CARTESIAN_POINT('',(0.,1.570796326795));
#1986 = VECTOR('',#1987,1.);
#1987 = DIRECTION('',(1.,0.));
#1988 = ( GEOMETRIC_REPRESENTATION_CONTEXT(2) 
PARAMETRIC_REPRESENTATION_CONTEXT() REPRESENTATION_CONTEXT('2D SPACE',''
  ) );
#1989 = ORIENTED_EDGE('',*,*,#1990,.T.);
#1990 = EDGE_CURVE('',#1962,#1991,#1993,.T.);
#1991 = VERTEX_POINT('',#1992);
#1992 = CARTESIAN_POINT('',(52.5,5.,26.010401919002));
#1993 = SURFACE_CURVE('',#1994,(#1998,#2005),.PCURVE_S1.);
#1994 = LINE('',#1995,#1996);
#1995 = CARTESIAN_POINT('',(52.5,5.,32.));
#1996 = VECTOR('',#1997,1.);
#1997 = DIRECTION('',(0.,0.,-1.));
#1998 = PCURVE('',#945,#1999);
#1999 = DEFINITIONAL_REPRESENTATION('',(#2000),#2004);
#2000 = LINE('',#2001,#2002);
#2001 = CARTESIAN_POINT('',(-0.41413252214,52.5));
#2002 = VECTOR('',#2003,1.);
#2003 = DIRECTION('',(-1.,0.));
#2004 = ( GEOMETRIC_REPRESENTATION_CONTEXT(2) 
PARAMETRIC_REPRESENTATION_CONTEXT() REPRESENTATION_CONTEXT('2D SPACE',''
  ) );
#2005 = PCURVE('',#2006,#2011);
#2006 = CYLINDRICAL_SURFACE('',#2007,1.5);
#2007 = AXIS2_PLACEMENT_3D('',#2008,#2009,#2010);
#2008 = CARTESIAN_POINT('',(52.5,3.5,32.));
#2009 = DIRECTION('',(0.,0.,-1.));
#2010 = DIRECTION('',(1.,-0.,0.));
#2011 = DEFINITIONAL_REPRESENTATION('',(#2012),#2016);
#2012 = LINE('',#2013,#2014);
#2013 = CARTESIAN_POINT('',(-1.570796326795,0.));
#2014 = VECTOR('',#2015,1.);
#2015 = DIRECTION('',(-0.,1.));
#2016 = ( GEOMETRIC_REPRESENTATION_CONTEXT(2) 
PARAMETRIC_REPRESENTATION_CONTEXT() REPRESENTATION_CONTEXT('2D SPACE',''
  ) );
#2017 = ORIENTED_EDGE('',*,*,#2018,.T.);
#2018 = EDGE_CURVE('',#1991,#929,#2019,.T.);
#2019 = SURFACE_CURVE('',#2020,(#2025,#2036),.PCURVE_S1.);
#2020 = CIRCLE('',#2021,187.75);
#2021 = AXIS2_PLACEMENT_3D('',#2022,#2023,#2024);
#2022 = CARTESIAN_POINT('',(0.,5.,-154.25));
#2023 = DIRECTION('',(-0.,-1.,0.));
#2024 = DIRECTION('',(0.289932885906,-0.,0.957046979866));
#2025 = PCURVE('',#945,#2026);
#2026 = DEFINITIONAL_REPRESENTATION('',(#2027),#2035);
#2027 = ( BOUNDED_CURVE() B_SPLINE_CURVE(2,(#2028,#2029,#2030,#2031,
#2032,#2033,#2034),.UNSPECIFIED.,.T.,.F.) B_SPLINE_CURVE_WITH_KNOTS((1,2
    ,2,2,2,1),(-2.094395102393,0.,2.094395102393,4.188790204786,
6.28318530718,8.377580409573),.UNSPECIFIED.) CURVE() 
GEOMETRIC_REPRESENTATION_ITEM() RATIONAL_B_SPLINE_CURVE((1.,0.5,1.,0.5,
1.,0.5,1.)) REPRESENTATION_ITEM('') );
#2028 = CARTESIAN_POINT('',(-6.978562052342,54.434899328859));
#2029 = CARTESIAN_POINT('',(87.305449290139,-256.7896381118));
#2030 = CARTESIAN_POINT('',(-229.3649120857,-182.8297183847));
#2031 = CARTESIAN_POINT('',(-546.0352734617,-108.8697986577));
#2032 = CARTESIAN_POINT('',(-323.6489234282,128.39481905591));
#2033 = CARTESIAN_POINT('',(-101.2625733948,365.65943676954));
#2034 = CARTESIAN_POINT('',(-6.978562052342,54.434899328859));
#2035 = ( GEOMETRIC_REPRESENTATION_CONTEXT(2) 
PARAMETRIC_REPRESENTATION_CONTEXT() REPRESENTATION_CONTEXT('2D SPACE',''
  ) );
#2036 = PCURVE('',#1883,#2037);
#2037 = DEFINITIONAL_REPRESENTATION('',(#2038),#2042);
#2038 = LINE('',#2039,#2040);
#2039 = CARTESIAN_POINT('',(0.,4.712388980385));
#2040 = VECTOR('',#2041,1.);
#2041 = DIRECTION('',(1.,0.));
#2042 = ( GEOMETRIC_REPRESENTATION_CONTEXT(2) 
PARAMETRIC_REPRESENTATION_CONTEXT() REPRESENTATION_CONTEXT('2D SPACE',''
  ) );
#2043 = ORIENTED_EDGE('',*,*,#928,.T.);
#2044 = ORIENTED_EDGE('',*,*,#1044,.T.);
#2045 = ORIENTED_EDGE('',*,*,#2046,.T.);
#2046 = EDGE_CURVE('',#1045,#1960,#2047,.T.);
#2047 = SURFACE_CURVE('',#2048,(#2052,#2059),.PCURVE_S1.);
#2048 = LINE('',#2049,#2050);
#2049 = CARTESIAN_POINT('',(-52.5,5.,24.));
#2050 = VECTOR('',#2051,1.);
#2051 = DIRECTION('',(0.,0.,1.));
#2052 = PCURVE('',#945,#2053);
#2053 = DEFINITIONAL_REPRESENTATION('',(#2054),#2058);
#2054 = LINE('',#2055,#2056);
#2055 = CARTESIAN_POINT('',(-8.41413252214,-52.5));
#2056 = VECTOR('',#2057,1.);
#2057 = DIRECTION('',(1.,0.));
#2058 = ( GEOMETRIC_REPRESENTATION_CONTEXT(2) 
PARAMETRIC_REPRESENTATION_CONTEXT() REPRESENTATION_CONTEXT('2D SPACE',''
  ) );
#2059 = PCURVE('',#2060,#2065);
#2060 = CYLINDRICAL_SURFACE('',#2061,1.5);
#2061 = AXIS2_PLACEMENT_3D('',#2062,#2063,#2064);
#2062 = CARTESIAN_POINT('',(-52.5,3.5,24.));
#2063 = DIRECTION('',(0.,0.,1.));
#2064 = DIRECTION('',(-1.,-0.,0.));
#2065 = DEFINITIONAL_REPRESENTATION('',(#2066),#2070);
#2066 = LINE('',#2067,#2068);
#2067 = CARTESIAN_POINT('',(-1.570796326795,0.));
#2068 = VECTOR('',#2069,1.);
#2069 = DIRECTION('',(-0.,1.));
#2070 = ( GEOMETRIC_REPRESENTATION_CONTEXT(2) 
PARAMETRIC_REPRESENTATION_CONTEXT() REPRESENTATION_CONTEXT('2D SPACE',''
  ) );
#2071 = ADVANCED_FACE('',(#2072),#1111,.T.);
#2072 = FACE_BOUND('',#2073,.F.);
#2073 = EDGE_LOOP('',(#2074,#2075,#2095));
#2074 = ORIENTED_EDGE('',*,*,#1097,.F.);
#2075 = ORIENTED_EDGE('',*,*,#2076,.T.);
#2076 = EDGE_CURVE('',#1045,#1204,#2077,.T.);
#2077 = SURFACE_CURVE('',#2078,(#2083,#2089),.PCURVE_S1.);
#2078 = CIRCLE('',#2079,1.5);
#2079 = AXIS2_PLACEMENT_3D('',#2080,#2081,#2082);
#2080 = CARTESIAN_POINT('',(-52.5,3.5,26.010401919002));
#2081 = DIRECTION('',(-1.51699392194E-14,0.,1.));
#2082 = DIRECTION('',(-1.,0.,-1.51699392194E-14));
#2083 = PCURVE('',#1111,#2084);
#2084 = DEFINITIONAL_REPRESENTATION('',(#2085),#2088);
#2085 = B_SPLINE_CURVE_WITH_KNOTS('',1,(#2086,#2087),.UNSPECIFIED.,.F.,
  .F.,(2,2),(4.712388980385,6.28318530718),.PIECEWISE_BEZIER_KNOTS.);
#2086 = CARTESIAN_POINT('',(-1.854202086927,-1.570796326795));
#2087 = CARTESIAN_POINT('',(-1.854202086927,0.));
#2088 = ( GEOMETRIC_REPRESENTATION_CONTEXT(2) 
PARAMETRIC_REPRESENTATION_CONTEXT() REPRESENTATION_CONTEXT('2D SPACE',''
  ) );
#2089 = PCURVE('',#2060,#2090);
#2090 = DEFINITIONAL_REPRESENTATION('',(#2091),#2094);
#2091 = B_SPLINE_CURVE_WITH_KNOTS('',1,(#2092,#2093),.UNSPECIFIED.,.F.,
  .F.,(2,2),(4.712388980385,6.28318530718),.PIECEWISE_BEZIER_KNOTS.);
#2092 = CARTESIAN_POINT('',(-1.570796326795,2.010401919002));
#2093 = CARTESIAN_POINT('',(0.,2.010401919002));
#2094 = ( GEOMETRIC_REPRESENTATION_CONTEXT(2) 
PARAMETRIC_REPRESENTATION_CONTEXT() REPRESENTATION_CONTEXT('2D SPACE',''
  ) );
#2095 = ORIENTED_EDGE('',*,*,#1231,.F.);
#2096 = ADVANCED_FACE('',(#2097),#1219,.F.);
#2097 = FACE_BOUND('',#2098,.F.);
#2098 = EDGE_LOOP('',(#2099,#2129,#2155,#2156));
#2099 = ORIENTED_EDGE('',*,*,#2100,.F.);
#2100 = EDGE_CURVE('',#2101,#2103,#2105,.T.);
#2101 = VERTEX_POINT('',#2102);
#2102 = CARTESIAN_POINT('',(-54.,-3.5,30.883600708618));
#2103 = VERTEX_POINT('',#2104);
#2104 = CARTESIAN_POINT('',(-54.,3.5,30.883600708618));
#2105 = SURFACE_CURVE('',#2106,(#2110,#2117),.PCURVE_S1.);
#2106 = LINE('',#2107,#2108);
#2107 = CARTESIAN_POINT('',(-54.,-5.,30.883600708618));
#2108 = VECTOR('',#2109,1.);
#2109 = DIRECTION('',(-0.,1.,0.));
#2110 = PCURVE('',#1219,#2111);
#2111 = DEFINITIONAL_REPRESENTATION('',(#2112),#2116);
#2112 = LINE('',#2113,#2114);
#2113 = CARTESIAN_POINT('',(6.883600708618,0.));
#2114 = VECTOR('',#2115,1.);
#2115 = DIRECTION('',(0.,-1.));
#2116 = ( GEOMETRIC_REPRESENTATION_CONTEXT(2) 
PARAMETRIC_REPRESENTATION_CONTEXT() REPRESENTATION_CONTEXT('2D SPACE',''
  ) );
#2117 = PCURVE('',#2118,#2123);
#2118 = CYLINDRICAL_SURFACE('',#2119,1.5);
#2119 = AXIS2_PLACEMENT_3D('',#2120,#2121,#2122);
#2120 = CARTESIAN_POINT('',(-52.5,-5.,30.883600708618));
#2121 = DIRECTION('',(-0.,1.,0.));
#2122 = DIRECTION('',(-0.284167794317,-0.,0.958774564052));
#2123 = DEFINITIONAL_REPRESENTATION('',(#2124),#2128);
#2124 = LINE('',#2125,#2126);
#2125 = CARTESIAN_POINT('',(-1.282657999313,0.));
#2126 = VECTOR('',#2127,1.);
#2127 = DIRECTION('',(-0.,1.));
#2128 = ( GEOMETRIC_REPRESENTATION_CONTEXT(2) 
PARAMETRIC_REPRESENTATION_CONTEXT() REPRESENTATION_CONTEXT('2D SPACE',''
  ) );
#2129 = ORIENTED_EDGE('',*,*,#2130,.F.);
#2130 = EDGE_CURVE('',#1175,#2101,#2131,.T.);
#2131 = SURFACE_CURVE('',#2132,(#2136,#2143),.PCURVE_S1.);
#2132 = LINE('',#2133,#2134);
#2133 = CARTESIAN_POINT('',(-54.,-3.5,24.));
#2134 = VECTOR('',#2135,1.);
#2135 = DIRECTION('',(0.,0.,1.));
#2136 = PCURVE('',#1219,#2137);
#2137 = DEFINITIONAL_REPRESENTATION('',(#2138),#2142);
#2138 = LINE('',#2139,#2140);
#2139 = CARTESIAN_POINT('',(0.,-1.5));
#2140 = VECTOR('',#2141,1.);
#2141 = DIRECTION('',(1.,0.));
#2142 = ( GEOMETRIC_REPRESENTATION_CONTEXT(2) 
PARAMETRIC_REPRESENTATION_CONTEXT() REPRESENTATION_CONTEXT('2D SPACE',''
  ) );
#2143 = PCURVE('',#2144,#2149);
#2144 = CYLINDRICAL_SURFACE('',#2145,1.5);
#2145 = AXIS2_PLACEMENT_3D('',#2146,#2147,#2148);
#2146 = CARTESIAN_POINT('',(-52.5,-3.5,24.));
#2147 = DIRECTION('',(0.,0.,1.));
#2148 = DIRECTION('',(-1.,-0.,0.));
#2149 = DEFINITIONAL_REPRESENTATION('',(#2150),#2154);
#2150 = LINE('',#2151,#2152);
#2151 = CARTESIAN_POINT('',(0.,0.));
#2152 = VECTOR('',#2153,1.);
#2153 = DIRECTION('',(0.,1.));
#2154 = ( GEOMETRIC_REPRESENTATION_CONTEXT(2) 
PARAMETRIC_REPRESENTATION_CONTEXT() REPRESENTATION_CONTEXT('2D SPACE',''
  ) );
#2155 = ORIENTED_EDGE('',*,*,#1203,.T.);
#2156 = ORIENTED_EDGE('',*,*,#2157,.T.);
#2157 = EDGE_CURVE('',#1204,#2103,#2158,.T.);
#2158 = SURFACE_CURVE('',#2159,(#2163,#2170),.PCURVE_S1.);
#2159 = LINE('',#2160,#2161);
#2160 = CARTESIAN_POINT('',(-54.,3.5,24.));
#2161 = VECTOR('',#2162,1.);
#2162 = DIRECTION('',(0.,0.,1.));
#2163 = PCURVE('',#1219,#2164);
#2164 = DEFINITIONAL_REPRESENTATION('',(#2165),#2169);
#2165 = LINE('',#2166,#2167);
#2166 = CARTESIAN_POINT('',(0.,-8.5));
#2167 = VECTOR('',#2168,1.);
#2168 = DIRECTION('',(1.,0.));
#2169 = ( GEOMETRIC_REPRESENTATION_CONTEXT(2) 
PARAMETRIC_REPRESENTATION_CONTEXT() REPRESENTATION_CONTEXT('2D SPACE',''
  ) );
#2170 = PCURVE('',#2060,#2171);
#2171 = DEFINITIONAL_REPRESENTATION('',(#2172),#2176);
#2172 = LINE('',#2173,#2174);
#2173 = CARTESIAN_POINT('',(-0.,0.));
#2174 = VECTOR('',#2175,1.);
#2175 = DIRECTION('',(-0.,1.));
#2176 = ( GEOMETRIC_REPRESENTATION_CONTEXT(2) 
PARAMETRIC_REPRESENTATION_CONTEXT() REPRESENTATION_CONTEXT('2D SPACE',''
  ) );
#2177 = ADVANCED_FACE('',(#2178),#1191,.T.);
#2178 = FACE_BOUND('',#2179,.T.);
#2179 = EDGE_LOOP('',(#2180,#2181,#2201));
#2180 = ORIENTED_EDGE('',*,*,#1287,.F.);
#2181 = ORIENTED_EDGE('',*,*,#2182,.T.);
#2182 = EDGE_CURVE('',#1288,#1175,#2183,.T.);
#2183 = SURFACE_CURVE('',#2184,(#2189,#2195),.PCURVE_S1.);
#2184 = CIRCLE('',#2185,1.5);
#2185 = AXIS2_PLACEMENT_3D('',#2186,#2187,#2188);
#2186 = CARTESIAN_POINT('',(-52.5,-3.5,26.010401919002));
#2187 = DIRECTION('',(1.51699392194E-14,0.,-1.));
#2188 = DIRECTION('',(-1.,0.,-1.51699392194E-14));
#2189 = PCURVE('',#1191,#2190);
#2190 = DEFINITIONAL_REPRESENTATION('',(#2191),#2194);
#2191 = B_SPLINE_CURVE_WITH_KNOTS('',1,(#2192,#2193),.UNSPECIFIED.,.F.,
  .F.,(2,2),(4.712388980385,6.28318530718),.PIECEWISE_BEZIER_KNOTS.);
#2192 = CARTESIAN_POINT('',(1.854202086927,-1.570796326795));
#2193 = CARTESIAN_POINT('',(1.854202086927,0.));
#2194 = ( GEOMETRIC_REPRESENTATION_CONTEXT(2) 
PARAMETRIC_REPRESENTATION_CONTEXT() REPRESENTATION_CONTEXT('2D SPACE',''
  ) );
#2195 = PCURVE('',#2144,#2196);
#2196 = DEFINITIONAL_REPRESENTATION('',(#2197),#2200);
#2197 = B_SPLINE_CURVE_WITH_KNOTS('',1,(#2198,#2199),.UNSPECIFIED.,.F.,
  .F.,(2,2),(4.712388980385,6.28318530718),.PIECEWISE_BEZIER_KNOTS.);
#2198 = CARTESIAN_POINT('',(1.570796326795,2.010401919002));
#2199 = CARTESIAN_POINT('',(0.,2.010401919002));
#2200 = ( GEOMETRIC_REPRESENTATION_CONTEXT(2) 
PARAMETRIC_REPRESENTATION_CONTEXT() REPRESENTATION_CONTEXT('2D SPACE',''
  ) );
#2201 = ORIENTED_EDGE('',*,*,#1174,.F.);
#2202 = ADVANCED_FACE('',(#2203),#1324,.F.);
#2203 = FACE_BOUND('',#2204,.F.);
#2204 = EDGE_LOOP('',(#2205,#2236,#2264,#2290,#2291,#2292));
#2205 = ORIENTED_EDGE('',*,*,#2206,.T.);
#2206 = EDGE_CURVE('',#2207,#2209,#2211,.T.);
#2207 = VERTEX_POINT('',#2208);
#2208 = CARTESIAN_POINT('',(-52.5,-5.,30.883600708618));
#2209 = VERTEX_POINT('',#2210);
#2210 = CARTESIAN_POINT('',(52.5,-5.,30.883600708618));
#2211 = SURFACE_CURVE('',#2212,(#2217,#2224),.PCURVE_S1.);
#2212 = CIRCLE('',#2213,184.75);
#2213 = AXIS2_PLACEMENT_3D('',#2214,#2215,#2216);
#2214 = CARTESIAN_POINT('',(0.,-5.,-146.25));
#2215 = DIRECTION('',(0.,1.,0.));
#2216 = DIRECTION('',(-0.289932885906,0.,0.957046979866));
#2217 = PCURVE('',#1324,#2218);
#2218 = DEFINITIONAL_REPRESENTATION('',(#2219),#2223);
#2219 = CIRCLE('',#2220,184.75);
#2220 = AXIS2_PLACEMENT_2D('',#2221,#2222);
#2221 = CARTESIAN_POINT('',(-178.6641325221,0.));
#2222 = DIRECTION('',(0.957046979866,-0.289932885906));
#2223 = ( GEOMETRIC_REPRESENTATION_CONTEXT(2) 
PARAMETRIC_REPRESENTATION_CONTEXT() REPRESENTATION_CONTEXT('2D SPACE',''
  ) );
#2224 = PCURVE('',#2225,#2230);
#2225 = TOROIDAL_SURFACE('',#2226,184.75,1.5);
#2226 = AXIS2_PLACEMENT_3D('',#2227,#2228,#2229);
#2227 = CARTESIAN_POINT('',(0.,-3.5,-146.25));
#2228 = DIRECTION('',(-0.,-1.,-0.));
#2229 = DIRECTION('',(-0.289932885906,0.,0.957046979866));
#2230 = DEFINITIONAL_REPRESENTATION('',(#2231),#2235);
#2231 = LINE('',#2232,#2233);
#2232 = CARTESIAN_POINT('',(-0.,1.570796326795));
#2233 = VECTOR('',#2234,1.);
#2234 = DIRECTION('',(-1.,0.));
#2235 = ( GEOMETRIC_REPRESENTATION_CONTEXT(2) 
PARAMETRIC_REPRESENTATION_CONTEXT() REPRESENTATION_CONTEXT('2D SPACE',''
  ) );
#2236 = ORIENTED_EDGE('',*,*,#2237,.T.);
#2237 = EDGE_CURVE('',#2209,#2238,#2240,.T.);
#2238 = VERTEX_POINT('',#2239);
#2239 = CARTESIAN_POINT('',(52.5,-5.,26.010401919002));
#2240 = SURFACE_CURVE('',#2241,(#2245,#2252),.PCURVE_S1.);
#2241 = LINE('',#2242,#2243);
#2242 = CARTESIAN_POINT('',(52.5,-5.,32.));
#2243 = VECTOR('',#2244,1.);
#2244 = DIRECTION('',(0.,0.,-1.));
#2245 = PCURVE('',#1324,#2246);
#2246 = DEFINITIONAL_REPRESENTATION('',(#2247),#2251);
#2247 = LINE('',#2248,#2249);
#2248 = CARTESIAN_POINT('',(-0.41413252214,52.5));
#2249 = VECTOR('',#2250,1.);
#2250 = DIRECTION('',(-1.,0.));
#2251 = ( GEOMETRIC_REPRESENTATION_CONTEXT(2) 
PARAMETRIC_REPRESENTATION_CONTEXT() REPRESENTATION_CONTEXT('2D SPACE',''
  ) );
#2252 = PCURVE('',#2253,#2258);
#2253 = CYLINDRICAL_SURFACE('',#2254,1.5);
#2254 = AXIS2_PLACEMENT_3D('',#2255,#2256,#2257);
#2255 = CARTESIAN_POINT('',(52.5,-3.5,32.));
#2256 = DIRECTION('',(0.,0.,-1.));
#2257 = DIRECTION('',(1.,-0.,0.));
#2258 = DEFINITIONAL_REPRESENTATION('',(#2259),#2263);
#2259 = LINE('',#2260,#2261);
#2260 = CARTESIAN_POINT('',(1.570796326795,0.));
#2261 = VECTOR('',#2262,1.);
#2262 = DIRECTION('',(0.,1.));
#2263 = ( GEOMETRIC_REPRESENTATION_CONTEXT(2) 
PARAMETRIC_REPRESENTATION_CONTEXT() REPRESENTATION_CONTEXT('2D SPACE',''
  ) );
#2264 = ORIENTED_EDGE('',*,*,#2265,.T.);
#2265 = EDGE_CURVE('',#2238,#1344,#2266,.T.);
#2266 = SURFACE_CURVE('',#2267,(#2272,#2283),.PCURVE_S1.);
#2267 = CIRCLE('',#2268,187.75);
#2268 = AXIS2_PLACEMENT_3D('',#2269,#2270,#2271);
#2269 = CARTESIAN_POINT('',(0.,-5.,-154.25));
#2270 = DIRECTION('',(-0.,-1.,0.));
#2271 = DIRECTION('',(0.289932885906,-0.,0.957046979866));
#2272 = PCURVE('',#1324,#2273);
#2273 = DEFINITIONAL_REPRESENTATION('',(#2274),#2282);
#2274 = ( BOUNDED_CURVE() B_SPLINE_CURVE(2,(#2275,#2276,#2277,#2278,
#2279,#2280,#2281),.UNSPECIFIED.,.T.,.F.) B_SPLINE_CURVE_WITH_KNOTS((1,2
    ,2,2,2,1),(-2.094395102393,0.,2.094395102393,4.188790204786,
6.28318530718,8.377580409573),.UNSPECIFIED.) CURVE() 
GEOMETRIC_REPRESENTATION_ITEM() RATIONAL_B_SPLINE_CURVE((1.,0.5,1.,0.5,
1.,0.5,1.)) REPRESENTATION_ITEM('') );
#2275 = CARTESIAN_POINT('',(-6.978562052342,54.434899328859));
#2276 = CARTESIAN_POINT('',(87.305449290139,-256.7896381118));
#2277 = CARTESIAN_POINT('',(-229.3649120857,-182.8297183847));
#2278 = CARTESIAN_POINT('',(-546.0352734617,-108.8697986577));
#2279 = CARTESIAN_POINT('',(-323.6489234282,128.39481905591));
#2280 = CARTESIAN_POINT('',(-101.2625733948,365.65943676954));
#2281 = CARTESIAN_POINT('',(-6.978562052342,54.434899328859));
#2282 = ( GEOMETRIC_REPRESENTATION_CONTEXT(2) 
PARAMETRIC_REPRESENTATION_CONTEXT() REPRESENTATION_CONTEXT('2D SPACE',''
  ) );
#2283 = PCURVE('',#1765,#2284);
#2284 = DEFINITIONAL_REPRESENTATION('',(#2285),#2289);
#2285 = LINE('',#2286,#2287);
#2286 = CARTESIAN_POINT('',(-0.,4.712388980385));
#2287 = VECTOR('',#2288,1.);
#2288 = DIRECTION('',(-1.,0.));
#2289 = ( GEOMETRIC_REPRESENTATION_CONTEXT(2) 
PARAMETRIC_REPRESENTATION_CONTEXT() REPRESENTATION_CONTEXT('2D SPACE',''
  ) );
#2290 = ORIENTED_EDGE('',*,*,#1425,.T.);
#2291 = ORIENTED_EDGE('',*,*,#1309,.T.);
#2292 = ORIENTED_EDGE('',*,*,#2293,.T.);
#2293 = EDGE_CURVE('',#1288,#2207,#2294,.T.);
#2294 = SURFACE_CURVE('',#2295,(#2299,#2306),.PCURVE_S1.);
#2295 = LINE('',#2296,#2297);
#2296 = CARTESIAN_POINT('',(-52.5,-5.,24.));
#2297 = VECTOR('',#2298,1.);
#2298 = DIRECTION('',(0.,0.,1.));
#2299 = PCURVE('',#1324,#2300);
#2300 = DEFINITIONAL_REPRESENTATION('',(#2301),#2305);
#2301 = LINE('',#2302,#2303);
#2302 = CARTESIAN_POINT('',(-8.41413252214,-52.5));
#2303 = VECTOR('',#2304,1.);
#2304 = DIRECTION('',(1.,0.));
#2305 = ( GEOMETRIC_REPRESENTATION_CONTEXT(2) 
PARAMETRIC_REPRESENTATION_CONTEXT() REPRESENTATION_CONTEXT('2D SPACE',''
  ) );
#2306 = PCURVE('',#2144,#2307);
#2307 = DEFINITIONAL_REPRESENTATION('',(#2308),#2312);
#2308 = LINE('',#2309,#2310);
#2309 = CARTESIAN_POINT('',(1.570796326795,0.));
#2310 = VECTOR('',#2311,1.);
#2311 = DIRECTION('',(0.,1.));
#2312 = ( GEOMETRIC_REPRESENTATION_CONTEXT(2) 
PARAMETRIC_REPRESENTATION_CONTEXT() REPRESENTATION_CONTEXT('2D SPACE',''
  ) );
#2313 = ADVANCED_FACE('',(#2314),#1471,.T.);
#2314 = FACE_BOUND('',#2315,.T.);
#2315 = EDGE_LOOP('',(#2316,#2317,#2340,#2367));
#2316 = ORIENTED_EDGE('',*,*,#1454,.F.);
#2317 = ORIENTED_EDGE('',*,*,#2318,.F.);
#2318 = EDGE_CURVE('',#2319,#1455,#2321,.T.);
#2319 = VERTEX_POINT('',#2320);
#2320 = CARTESIAN_POINT('',(-41.,-1.714505518806E-15,0.));
#2321 = SEAM_CURVE('',#2322,(#2326,#2333),.PCURVE_S1.);
#2322 = LINE('',#2323,#2324);
#2323 = CARTESIAN_POINT('',(-41.,-1.714505518806E-15,0.));
#2324 = VECTOR('',#2325,1.);
#2325 = DIRECTION('',(0.,0.,1.));
#2326 = PCURVE('',#1471,#2327);
#2327 = DEFINITIONAL_REPRESENTATION('',(#2328),#2332);
#2328 = LINE('',#2329,#2330);
#2329 = CARTESIAN_POINT('',(0.,-0.));
#2330 = VECTOR('',#2331,1.);
#2331 = DIRECTION('',(0.,1.));
#2332 = ( GEOMETRIC_REPRESENTATION_CONTEXT(2) 
PARAMETRIC_REPRESENTATION_CONTEXT() REPRESENTATION_CONTEXT('2D SPACE',''
  ) );
#2333 = PCURVE('',#1471,#2334);
#2334 = DEFINITIONAL_REPRESENTATION('',(#2335),#2339);
#2335 = LINE('',#2336,#2337);
#2336 = CARTESIAN_POINT('',(6.28318530718,-0.));
#2337 = VECTOR('',#2338,1.);
#2338 = DIRECTION('',(0.,1.));
#2339 = ( GEOMETRIC_REPRESENTATION_CONTEXT(2) 
PARAMETRIC_REPRESENTATION_CONTEXT() REPRESENTATION_CONTEXT('2D SPACE',''
  ) );
#2340 = ORIENTED_EDGE('',*,*,#2341,.T.);
#2341 = EDGE_CURVE('',#2319,#2319,#2342,.T.);
#2342 = SURFACE_CURVE('',#2343,(#2348,#2355),.PCURVE_S1.);
#2343 = CIRCLE('',#2344,7.);
#2344 = AXIS2_PLACEMENT_3D('',#2345,#2346,#2347);
#2345 = CARTESIAN_POINT('',(-48.,0.,0.));
#2346 = DIRECTION('',(0.,0.,1.));
#2347 = DIRECTION('',(1.,0.,0.));
#2348 = PCURVE('',#1471,#2349);
#2349 = DEFINITIONAL_REPRESENTATION('',(#2350),#2354);
#2350 = LINE('',#2351,#2352);
#2351 = CARTESIAN_POINT('',(0.,0.));
#2352 = VECTOR('',#2353,1.);
#2353 = DIRECTION('',(1.,0.));
#2354 = ( GEOMETRIC_REPRESENTATION_CONTEXT(2) 
PARAMETRIC_REPRESENTATION_CONTEXT() REPRESENTATION_CONTEXT('2D SPACE',''
  ) );
#2355 = PCURVE('',#2356,#2361);
#2356 = PLANE('',#2357);
#2357 = AXIS2_PLACEMENT_3D('',#2358,#2359,#2360);
#2358 = CARTESIAN_POINT('',(-48.,0.,0.));
#2359 = DIRECTION('',(0.,0.,1.));
#2360 = DIRECTION('',(1.,0.,0.));
#2361 = DEFINITIONAL_REPRESENTATION('',(#2362),#2366);
#2362 = CIRCLE('',#2363,7.);
#2363 = AXIS2_PLACEMENT_2D('',#2364,#2365);
#2364 = CARTESIAN_POINT('',(0.,0.));
#2365 = DIRECTION('',(1.,0.));
#2366 = ( GEOMETRIC_REPRESENTATION_CONTEXT(2) 
PARAMETRIC_REPRESENTATION_CONTEXT() REPRESENTATION_CONTEXT('2D SPACE',''
  ) );
#2367 = ORIENTED_EDGE('',*,*,#2318,.T.);
#2368 = ADVANCED_FACE('',(#2369),#1529,.T.);
#2369 = FACE_BOUND('',#2370,.T.);
#2370 = EDGE_LOOP('',(#2371,#2401,#2430,#2451,#2452,#2453,#2476));
#2371 = ORIENTED_EDGE('',*,*,#2372,.F.);
#2372 = EDGE_CURVE('',#2373,#2375,#2377,.T.);
#2373 = VERTEX_POINT('',#2374);
#2374 = CARTESIAN_POINT('',(54.,-3.5,26.010401919002));
#2375 = VERTEX_POINT('',#2376);
#2376 = CARTESIAN_POINT('',(54.,3.5,26.010401919002));
#2377 = SURFACE_CURVE('',#2378,(#2382,#2389),.PCURVE_S1.);
#2378 = LINE('',#2379,#2380);
#2379 = CARTESIAN_POINT('',(54.,-5.,26.010401919002));
#2380 = VECTOR('',#2381,1.);
#2381 = DIRECTION('',(-0.,1.,-0.));
#2382 = PCURVE('',#1529,#2383);
#2383 = DEFINITIONAL_REPRESENTATION('',(#2384),#2388);
#2384 = LINE('',#2385,#2386);
#2385 = CARTESIAN_POINT('',(0.,0.));
#2386 = VECTOR('',#2387,1.);
#2387 = DIRECTION('',(0.,1.));
#2388 = ( GEOMETRIC_REPRESENTATION_CONTEXT(2) 
PARAMETRIC_REPRESENTATION_CONTEXT() REPRESENTATION_CONTEXT('2D SPACE',''
  ) );
#2389 = PCURVE('',#2390,#2395);
#2390 = PLANE('',#2391);
#2391 = AXIS2_PLACEMENT_3D('',#2392,#2393,#2394);
#2392 = CARTESIAN_POINT('',(54.,-5.,32.));
#2393 = DIRECTION('',(-1.,0.,0.));
#2394 = DIRECTION('',(0.,0.,-1.));
#2395 = DEFINITIONAL_REPRESENTATION('',(#2396),#2400);
#2396 = LINE('',#2397,#2398);
#2397 = CARTESIAN_POINT('',(5.989598080998,0.));
#2398 = VECTOR('',#2399,1.);
#2399 = DIRECTION('',(0.,-1.));
#2400 = ( GEOMETRIC_REPRESENTATION_CONTEXT(2) 
PARAMETRIC_REPRESENTATION_CONTEXT() REPRESENTATION_CONTEXT('2D SPACE',''
  ) );
#2401 = ORIENTED_EDGE('',*,*,#2402,.T.);
#2402 = EDGE_CURVE('',#2373,#2403,#2405,.T.);
#2403 = VERTEX_POINT('',#2404);
#2404 = CARTESIAN_POINT('',(52.080559254328,-3.5,24.57023892098));
#2405 = SURFACE_CURVE('',#2406,(#2411,#2418),.PCURVE_S1.);
#2406 = CIRCLE('',#2407,1.5);
#2407 = AXIS2_PLACEMENT_3D('',#2408,#2409,#2410);
#2408 = CARTESIAN_POINT('',(52.5,-3.5,26.010401919002));
#2409 = DIRECTION('',(0.,1.,0.));
#2410 = DIRECTION('',(1.,-0.,0.));
#2411 = PCURVE('',#1529,#2412);
#2412 = DEFINITIONAL_REPRESENTATION('',(#2413),#2417);
#2413 = LINE('',#2414,#2415);
#2414 = CARTESIAN_POINT('',(0.,1.5));
#2415 = VECTOR('',#2416,1.);
#2416 = DIRECTION('',(1.,0.));
#2417 = ( GEOMETRIC_REPRESENTATION_CONTEXT(2) 
PARAMETRIC_REPRESENTATION_CONTEXT() REPRESENTATION_CONTEXT('2D SPACE',''
  ) );
#2418 = PCURVE('',#2419,#2424);
#2419 = SPHERICAL_SURFACE('',#2420,1.5);
#2420 = AXIS2_PLACEMENT_3D('',#2421,#2422,#2423);
#2421 = CARTESIAN_POINT('',(52.5,-3.5,26.010401919002));
#2422 = DIRECTION('',(0.,1.,0.));
#2423 = DIRECTION('',(1.,-0.,0.));
#2424 = DEFINITIONAL_REPRESENTATION('',(#2425),#2429);
#2425 = LINE('',#2426,#2427);
#2426 = CARTESIAN_POINT('',(0.,0.));
#2427 = VECTOR('',#2428,1.);
#2428 = DIRECTION('',(1.,0.));
#2429 = ( GEOMETRIC_REPRESENTATION_CONTEXT(2) 
PARAMETRIC_REPRESENTATION_CONTEXT() REPRESENTATION_CONTEXT('2D SPACE',''
  ) );
#2430 = ORIENTED_EDGE('',*,*,#2431,.T.);
#2431 = EDGE_CURVE('',#2403,#1604,#2432,.T.);
#2432 = SURFACE_CURVE('',#2433,(#2437,#2444),.PCURVE_S1.);
#2433 = LINE('',#2434,#2435);
#2434 = CARTESIAN_POINT('',(52.080559254328,-5.,24.57023892098));
#2435 = VECTOR('',#2436,1.);
#2436 = DIRECTION('',(-0.,1.,-0.));
#2437 = PCURVE('',#1529,#2438);
#2438 = DEFINITIONAL_REPRESENTATION('',(#2439),#2443);
#2439 = LINE('',#2440,#2441);
#2440 = CARTESIAN_POINT('',(1.854202086927,0.));
#2441 = VECTOR('',#2442,1.);
#2442 = DIRECTION('',(0.,1.));
#2443 = ( GEOMETRIC_REPRESENTATION_CONTEXT(2) 
PARAMETRIC_REPRESENTATION_CONTEXT() REPRESENTATION_CONTEXT('2D SPACE',''
  ) );
#2444 = PCURVE('',#1679,#2445);
#2445 = DEFINITIONAL_REPRESENTATION('',(#2446),#2450);
#2446 = LINE('',#2447,#2448);
#2447 = CARTESIAN_POINT('',(1.075095064519E-02,0.));
#2448 = VECTOR('',#2449,1.);
#2449 = DIRECTION('',(-0.,-1.));
#2450 = ( GEOMETRIC_REPRESENTATION_CONTEXT(2) 
PARAMETRIC_REPRESENTATION_CONTEXT() REPRESENTATION_CONTEXT('2D SPACE',''
  ) );
#2451 = ORIENTED_EDGE('',*,*,#1603,.T.);
#2452 = ORIENTED_EDGE('',*,*,#1489,.T.);
#2453 = ORIENTED_EDGE('',*,*,#2454,.T.);
#2454 = EDGE_CURVE('',#1492,#2455,#2457,.T.);
#2455 = VERTEX_POINT('',#2456);
#2456 = CARTESIAN_POINT('',(52.080559254328,3.5,24.57023892098));
#2457 = SURFACE_CURVE('',#2458,(#2462,#2469),.PCURVE_S1.);
#2458 = LINE('',#2459,#2460);
#2459 = CARTESIAN_POINT('',(52.080559254328,-5.,24.57023892098));
#2460 = VECTOR('',#2461,1.);
#2461 = DIRECTION('',(-0.,1.,-0.));
#2462 = PCURVE('',#1529,#2463);
#2463 = DEFINITIONAL_REPRESENTATION('',(#2464),#2468);
#2464 = LINE('',#2465,#2466);
#2465 = CARTESIAN_POINT('',(1.854202086927,0.));
#2466 = VECTOR('',#2467,1.);
#2467 = DIRECTION('',(0.,1.));
#2468 = ( GEOMETRIC_REPRESENTATION_CONTEXT(2) 
PARAMETRIC_REPRESENTATION_CONTEXT() REPRESENTATION_CONTEXT('2D SPACE',''
  ) );
#2469 = PCURVE('',#1942,#2470);
#2470 = DEFINITIONAL_REPRESENTATION('',(#2471),#2475);
#2471 = LINE('',#2472,#2473);
#2472 = CARTESIAN_POINT('',(1.075095064519E-02,0.));
#2473 = VECTOR('',#2474,1.);
#2474 = DIRECTION('',(-0.,-1.));
#2475 = ( GEOMETRIC_REPRESENTATION_CONTEXT(2) 
PARAMETRIC_REPRESENTATION_CONTEXT() REPRESENTATION_CONTEXT('2D SPACE',''
  ) );
#2476 = ORIENTED_EDGE('',*,*,#2477,.F.);
#2477 = EDGE_CURVE('',#2375,#2455,#2478,.T.);
#2478 = SURFACE_CURVE('',#2479,(#2484,#2491),.PCURVE_S1.);
#2479 = CIRCLE('',#2480,1.5);
#2480 = AXIS2_PLACEMENT_3D('',#2481,#2482,#2483);
#2481 = CARTESIAN_POINT('',(52.5,3.5,26.010401919002));
#2482 = DIRECTION('',(0.,1.,0.));
#2483 = DIRECTION('',(1.,-0.,0.));
#2484 = PCURVE('',#1529,#2485);
#2485 = DEFINITIONAL_REPRESENTATION('',(#2486),#2490);
#2486 = LINE('',#2487,#2488);
#2487 = CARTESIAN_POINT('',(0.,8.5));
#2488 = VECTOR('',#2489,1.);
#2489 = DIRECTION('',(1.,0.));
#2490 = ( GEOMETRIC_REPRESENTATION_CONTEXT(2) 
PARAMETRIC_REPRESENTATION_CONTEXT() REPRESENTATION_CONTEXT('2D SPACE',''
  ) );
#2491 = PCURVE('',#2492,#2497);
#2492 = SPHERICAL_SURFACE('',#2493,1.5);
#2493 = AXIS2_PLACEMENT_3D('',#2494,#2495,#2496);
#2494 = CARTESIAN_POINT('',(52.5,3.5,26.010401919002));
#2495 = DIRECTION('',(-0.,-1.,-0.));
#2496 = DIRECTION('',(1.,-0.,0.));
#2497 = DEFINITIONAL_REPRESENTATION('',(#2498),#2502);
#2498 = LINE('',#2499,#2500);
#2499 = CARTESIAN_POINT('',(-0.,0.));
#2500 = VECTOR('',#2501,1.);
#2501 = DIRECTION('',(-1.,0.));
#2502 = ( GEOMETRIC_REPRESENTATION_CONTEXT(2) 
PARAMETRIC_REPRESENTATION_CONTEXT() REPRESENTATION_CONTEXT('2D SPACE',''
  ) );
#2503 = ADVANCED_FACE('',(#2504),#1942,.F.);
#2504 = FACE_BOUND('',#2505,.F.);
#2505 = EDGE_LOOP('',(#2506,#2507,#2508));
#2506 = ORIENTED_EDGE('',*,*,#1924,.F.);
#2507 = ORIENTED_EDGE('',*,*,#2454,.T.);
#2508 = ORIENTED_EDGE('',*,*,#2509,.T.);
#2509 = EDGE_CURVE('',#2455,#1810,#2510,.T.);
#2510 = SURFACE_CURVE('',#2511,(#2516,#2523),.PCURVE_S1.);
#2511 = CIRCLE('',#2512,186.25);
#2512 = AXIS2_PLACEMENT_3D('',#2513,#2514,#2515);
#2513 = CARTESIAN_POINT('',(0.,3.5,-154.25));
#2514 = DIRECTION('',(-0.,-1.,0.));
#2515 = DIRECTION('',(0.289932885906,-0.,0.957046979866));
#2516 = PCURVE('',#1942,#2517);
#2517 = DEFINITIONAL_REPRESENTATION('',(#2518),#2522);
#2518 = LINE('',#2519,#2520);
#2519 = CARTESIAN_POINT('',(3.814994554417E-17,-8.5));
#2520 = VECTOR('',#2521,1.);
#2521 = DIRECTION('',(1.,0.));
#2522 = ( GEOMETRIC_REPRESENTATION_CONTEXT(2) 
PARAMETRIC_REPRESENTATION_CONTEXT() REPRESENTATION_CONTEXT('2D SPACE',''
  ) );
#2523 = PCURVE('',#1883,#2524);
#2524 = DEFINITIONAL_REPRESENTATION('',(#2525),#2529);
#2525 = LINE('',#2526,#2527);
#2526 = CARTESIAN_POINT('',(0.,3.14159265359));
#2527 = VECTOR('',#2528,1.);
#2528 = DIRECTION('',(1.,0.));
#2529 = ( GEOMETRIC_REPRESENTATION_CONTEXT(2) 
PARAMETRIC_REPRESENTATION_CONTEXT() REPRESENTATION_CONTEXT('2D SPACE',''
  ) );
#2530 = ADVANCED_FACE('',(#2531),#1883,.T.);
#2531 = FACE_BOUND('',#2532,.T.);
#2532 = EDGE_LOOP('',(#2533,#2534,#2554,#2555));
#2533 = ORIENTED_EDGE('',*,*,#2018,.F.);
#2534 = ORIENTED_EDGE('',*,*,#2535,.T.);
#2535 = EDGE_CURVE('',#1991,#2455,#2536,.T.);
#2536 = SURFACE_CURVE('',#2537,(#2542,#2548),.PCURVE_S1.);
#2537 = CIRCLE('',#2538,1.5);
#2538 = AXIS2_PLACEMENT_3D('',#2539,#2540,#2541);
#2539 = CARTESIAN_POINT('',(52.5,3.5,26.010401919002));
#2540 = DIRECTION('',(-0.960108665348,0.,0.279627163782));
#2541 = DIRECTION('',(-0.279627163782,0.,-0.960108665348));
#2542 = PCURVE('',#1883,#2543);
#2543 = DEFINITIONAL_REPRESENTATION('',(#2544),#2547);
#2544 = B_SPLINE_CURVE_WITH_KNOTS('',1,(#2545,#2546),.UNSPECIFIED.,.F.,
  .F.,(2,2),(4.712388980385,6.28318530718),.PIECEWISE_BEZIER_KNOTS.);
#2545 = CARTESIAN_POINT('',(1.075095064519E-02,4.712388980385));
#2546 = CARTESIAN_POINT('',(1.075095064519E-02,3.14159265359));
#2547 = ( GEOMETRIC_REPRESENTATION_CONTEXT(2) 
PARAMETRIC_REPRESENTATION_CONTEXT() REPRESENTATION_CONTEXT('2D SPACE',''
  ) );
#2548 = PCURVE('',#2492,#2549);
#2549 = DEFINITIONAL_REPRESENTATION('',(#2550),#2553);
#2550 = B_SPLINE_CURVE_WITH_KNOTS('',1,(#2551,#2552),.UNSPECIFIED.,.F.,
  .F.,(2,2),(4.712388980385,6.28318530718),.PIECEWISE_BEZIER_KNOTS.);
#2551 = CARTESIAN_POINT('',(-1.854202086927,-1.570796326795));
#2552 = CARTESIAN_POINT('',(-1.854202086927,0.));
#2553 = ( GEOMETRIC_REPRESENTATION_CONTEXT(2) 
PARAMETRIC_REPRESENTATION_CONTEXT() REPRESENTATION_CONTEXT('2D SPACE',''
  ) );
#2554 = ORIENTED_EDGE('',*,*,#2509,.T.);
#2555 = ORIENTED_EDGE('',*,*,#1809,.T.);
#2556 = ADVANCED_FACE('',(#2557),#1765,.T.);
#2557 = FACE_BOUND('',#2558,.F.);
#2558 = EDGE_LOOP('',(#2559,#2560,#2580,#2602));
#2559 = ORIENTED_EDGE('',*,*,#2265,.F.);
#2560 = ORIENTED_EDGE('',*,*,#2561,.T.);
#2561 = EDGE_CURVE('',#2238,#2403,#2562,.T.);
#2562 = SURFACE_CURVE('',#2563,(#2568,#2574),.PCURVE_S1.);
#2563 = CIRCLE('',#2564,1.5);
#2564 = AXIS2_PLACEMENT_3D('',#2565,#2566,#2567);
#2565 = CARTESIAN_POINT('',(52.5,-3.5,26.010401919002));
#2566 = DIRECTION('',(0.960108665348,0.,-0.279627163782));
#2567 = DIRECTION('',(-0.279627163782,0.,-0.960108665348));
#2568 = PCURVE('',#1765,#2569);
#2569 = DEFINITIONAL_REPRESENTATION('',(#2570),#2573);
#2570 = B_SPLINE_CURVE_WITH_KNOTS('',1,(#2571,#2572),.UNSPECIFIED.,.F.,
  .F.,(2,2),(4.712388980385,6.28318530718),.PIECEWISE_BEZIER_KNOTS.);
#2571 = CARTESIAN_POINT('',(-1.075095064519E-02,4.712388980385));
#2572 = CARTESIAN_POINT('',(-1.075095064519E-02,3.14159265359));
#2573 = ( GEOMETRIC_REPRESENTATION_CONTEXT(2) 
PARAMETRIC_REPRESENTATION_CONTEXT() REPRESENTATION_CONTEXT('2D SPACE',''
  ) );
#2574 = PCURVE('',#2419,#2575);
#2575 = DEFINITIONAL_REPRESENTATION('',(#2576),#2579);
#2576 = B_SPLINE_CURVE_WITH_KNOTS('',1,(#2577,#2578),.UNSPECIFIED.,.F.,
  .F.,(2,2),(4.712388980385,6.28318530718),.PIECEWISE_BEZIER_KNOTS.);
#2577 = CARTESIAN_POINT('',(1.854202086927,-1.570796326795));
#2578 = CARTESIAN_POINT('',(1.854202086927,0.));
#2579 = ( GEOMETRIC_REPRESENTATION_CONTEXT(2) 
PARAMETRIC_REPRESENTATION_CONTEXT() REPRESENTATION_CONTEXT('2D SPACE',''
  ) );
#2580 = ORIENTED_EDGE('',*,*,#2581,.T.);
#2581 = EDGE_CURVE('',#2403,#1660,#2582,.T.);
#2582 = SURFACE_CURVE('',#2583,(#2588,#2595),.PCURVE_S1.);
#2583 = CIRCLE('',#2584,186.25);
#2584 = AXIS2_PLACEMENT_3D('',#2585,#2586,#2587);
#2585 = CARTESIAN_POINT('',(0.,-3.5,-154.25));
#2586 = DIRECTION('',(-0.,-1.,0.));
#2587 = DIRECTION('',(0.289932885906,-0.,0.957046979866));
#2588 = PCURVE('',#1765,#2589);
#2589 = DEFINITIONAL_REPRESENTATION('',(#2590),#2594);
#2590 = LINE('',#2591,#2592);
#2591 = CARTESIAN_POINT('',(-0.,3.14159265359));
#2592 = VECTOR('',#2593,1.);
#2593 = DIRECTION('',(-1.,0.));
#2594 = ( GEOMETRIC_REPRESENTATION_CONTEXT(2) 
PARAMETRIC_REPRESENTATION_CONTEXT() REPRESENTATION_CONTEXT('2D SPACE',''
  ) );
#2595 = PCURVE('',#1679,#2596);
#2596 = DEFINITIONAL_REPRESENTATION('',(#2597),#2601);
#2597 = LINE('',#2598,#2599);
#2598 = CARTESIAN_POINT('',(3.814994554417E-17,-1.5));
#2599 = VECTOR('',#2600,1.);
#2600 = DIRECTION('',(1.,0.));
#2601 = ( GEOMETRIC_REPRESENTATION_CONTEXT(2) 
PARAMETRIC_REPRESENTATION_CONTEXT() REPRESENTATION_CONTEXT('2D SPACE',''
  ) );
#2602 = ORIENTED_EDGE('',*,*,#1693,.T.);
#2603 = ADVANCED_FACE('',(#2604),#1679,.F.);
#2604 = FACE_BOUND('',#2605,.F.);
#2605 = EDGE_LOOP('',(#2606,#2607,#2608));
#2606 = ORIENTED_EDGE('',*,*,#2581,.F.);
#2607 = ORIENTED_EDGE('',*,*,#2431,.T.);
#2608 = ORIENTED_EDGE('',*,*,#1659,.F.);
#2609 = ADVANCED_FACE('',(#2610,#2641),#1590,.T.);
#2610 = FACE_BOUND('',#2611,.T.);
#2611 = EDGE_LOOP('',(#2612));
#2612 = ORIENTED_EDGE('',*,*,#2613,.T.);
#2613 = EDGE_CURVE('',#2614,#2614,#2616,.T.);
#2614 = VERTEX_POINT('',#2615);
#2615 = CARTESIAN_POINT('',(55.,-1.714505518806E-15,2.));
#2616 = SURFACE_CURVE('',#2617,(#2622,#2629),.PCURVE_S1.);
#2617 = CIRCLE('',#2618,7.);
#2618 = AXIS2_PLACEMENT_3D('',#2619,#2620,#2621);
#2619 = CARTESIAN_POINT('',(48.,0.,2.));
#2620 = DIRECTION('',(0.,0.,1.));
#2621 = DIRECTION('',(1.,0.,0.));
#2622 = PCURVE('',#1590,#2623);
#2623 = DEFINITIONAL_REPRESENTATION('',(#2624),#2628);
#2624 = CIRCLE('',#2625,7.);
#2625 = AXIS2_PLACEMENT_2D('',#2626,#2627);
#2626 = CARTESIAN_POINT('',(0.,0.));
#2627 = DIRECTION('',(1.,0.));
#2628 = ( GEOMETRIC_REPRESENTATION_CONTEXT(2) 
PARAMETRIC_REPRESENTATION_CONTEXT() REPRESENTATION_CONTEXT('2D SPACE',''
  ) );
#2629 = PCURVE('',#2630,#2635);
#2630 = CYLINDRICAL_SURFACE('',#2631,7.);
#2631 = AXIS2_PLACEMENT_3D('',#2632,#2633,#2634);
#2632 = CARTESIAN_POINT('',(48.,0.,0.));
#2633 = DIRECTION('',(0.,0.,1.));
#2634 = DIRECTION('',(1.,0.,0.));
#2635 = DEFINITIONAL_REPRESENTATION('',(#2636),#2640);
#2636 = LINE('',#2637,#2638);
#2637 = CARTESIAN_POINT('',(0.,2.));
#2638 = VECTOR('',#2639,1.);
#2639 = DIRECTION('',(1.,0.));
#2640 = ( GEOMETRIC_REPRESENTATION_CONTEXT(2) 
PARAMETRIC_REPRESENTATION_CONTEXT() REPRESENTATION_CONTEXT('2D SPACE',''
  ) );
#2641 = FACE_BOUND('',#2642,.T.);
#2642 = EDGE_LOOP('',(#2643));
#2643 = ORIENTED_EDGE('',*,*,#1575,.F.);
#2644 = ADVANCED_FACE('',(#2645),#1978,.T.);
#2645 = FACE_BOUND('',#2646,.T.);
#2646 = EDGE_LOOP('',(#2647,#2674,#2703,#2728));
#2647 = ORIENTED_EDGE('',*,*,#2648,.T.);
#2648 = EDGE_CURVE('',#1960,#2649,#2651,.T.);
#2649 = VERTEX_POINT('',#2650);
#2650 = CARTESIAN_POINT('',(-52.92625169147,3.5,32.321762554696));
#2651 = SURFACE_CURVE('',#2652,(#2657,#2663),.PCURVE_S1.);
#2652 = CIRCLE('',#2653,1.5);
#2653 = AXIS2_PLACEMENT_3D('',#2654,#2655,#2656);
#2654 = CARTESIAN_POINT('',(-52.5,3.5,30.883600708618));
#2655 = DIRECTION('',(0.958774564052,0.,0.284167794317));
#2656 = DIRECTION('',(-0.284167794317,0.,0.958774564052));
#2657 = PCURVE('',#1978,#2658);
#2658 = DEFINITIONAL_REPRESENTATION('',(#2659),#2662);
#2659 = B_SPLINE_CURVE_WITH_KNOTS('',1,(#2660,#2661),.UNSPECIFIED.,.F.,
  .F.,(2,2),(4.712388980385,6.28318530718),.PIECEWISE_BEZIER_KNOTS.);
#2660 = CARTESIAN_POINT('',(6.018383294906E-03,1.570796326795));
#2661 = CARTESIAN_POINT('',(6.018383294906E-03,0.));
#2662 = ( GEOMETRIC_REPRESENTATION_CONTEXT(2) 
PARAMETRIC_REPRESENTATION_CONTEXT() REPRESENTATION_CONTEXT('2D SPACE',''
  ) );
#2663 = PCURVE('',#2664,#2669);
#2664 = SPHERICAL_SURFACE('',#2665,1.5);
#2665 = AXIS2_PLACEMENT_3D('',#2666,#2667,#2668);
#2666 = CARTESIAN_POINT('',(-52.5,3.5,30.883600708618));
#2667 = DIRECTION('',(-0.,-1.,-0.));
#2668 = DIRECTION('',(-0.284167794317,0.,0.958774564052));
#2669 = DEFINITIONAL_REPRESENTATION('',(#2670),#2673);
#2670 = B_SPLINE_CURVE_WITH_KNOTS('',1,(#2671,#2672),.UNSPECIFIED.,.F.,
  .F.,(2,2),(4.712388980385,6.28318530718),.PIECEWISE_BEZIER_KNOTS.);
#2671 = CARTESIAN_POINT('',(0.,-1.570796326795));
#2672 = CARTESIAN_POINT('',(0.,0.));
#2673 = ( GEOMETRIC_REPRESENTATION_CONTEXT(2) 
PARAMETRIC_REPRESENTATION_CONTEXT() REPRESENTATION_CONTEXT('2D SPACE',''
  ) );
#2674 = ORIENTED_EDGE('',*,*,#2675,.T.);
#2675 = EDGE_CURVE('',#2649,#2676,#2678,.T.);
#2676 = VERTEX_POINT('',#2677);
#2677 = CARTESIAN_POINT('',(52.926251691475,3.5,32.321762554696));
#2678 = SURFACE_CURVE('',#2679,(#2684,#2691),.PCURVE_S1.);
#2679 = CIRCLE('',#2680,186.25);
#2680 = AXIS2_PLACEMENT_3D('',#2681,#2682,#2683);
#2681 = CARTESIAN_POINT('',(0.,3.5,-146.25));
#2682 = DIRECTION('',(0.,1.,0.));
#2683 = DIRECTION('',(-0.289932885906,0.,0.957046979866));
#2684 = PCURVE('',#1978,#2685);
#2685 = DEFINITIONAL_REPRESENTATION('',(#2686),#2690);
#2686 = LINE('',#2687,#2688);
#2687 = CARTESIAN_POINT('',(0.,0.));
#2688 = VECTOR('',#2689,1.);
#2689 = DIRECTION('',(1.,0.));
#2690 = ( GEOMETRIC_REPRESENTATION_CONTEXT(2) 
PARAMETRIC_REPRESENTATION_CONTEXT() REPRESENTATION_CONTEXT('2D SPACE',''
  ) );
#2691 = PCURVE('',#2692,#2697);
#2692 = CYLINDRICAL_SURFACE('',#2693,186.25);
#2693 = AXIS2_PLACEMENT_3D('',#2694,#2695,#2696);
#2694 = CARTESIAN_POINT('',(0.,-5.,-146.25));
#2695 = DIRECTION('',(0.,-1.,-0.));
#2696 = DIRECTION('',(-0.289932885906,-0.,0.957046979866));
#2697 = DEFINITIONAL_REPRESENTATION('',(#2698),#2702);
#2698 = LINE('',#2699,#2700);
#2699 = CARTESIAN_POINT('',(-3.814994554417E-17,-8.5));
#2700 = VECTOR('',#2701,1.);
#2701 = DIRECTION('',(-1.,0.));
#2702 = ( GEOMETRIC_REPRESENTATION_CONTEXT(2) 
PARAMETRIC_REPRESENTATION_CONTEXT() REPRESENTATION_CONTEXT('2D SPACE',''
  ) );
#2703 = ORIENTED_EDGE('',*,*,#2704,.F.);
#2704 = EDGE_CURVE('',#1962,#2676,#2705,.T.);
#2705 = SURFACE_CURVE('',#2706,(#2711,#2717),.PCURVE_S1.);
#2706 = CIRCLE('',#2707,1.5);
#2707 = AXIS2_PLACEMENT_3D('',#2708,#2709,#2710);
#2708 = CARTESIAN_POINT('',(52.5,3.5,30.883600708618));
#2709 = DIRECTION('',(0.958774564052,0.,-0.284167794317));
#2710 = DIRECTION('',(0.284167794317,-0.,0.958774564052));
#2711 = PCURVE('',#1978,#2712);
#2712 = DEFINITIONAL_REPRESENTATION('',(#2713),#2716);
#2713 = B_SPLINE_CURVE_WITH_KNOTS('',1,(#2714,#2715),.UNSPECIFIED.,.F.,
  .F.,(2,2),(4.712388980385,6.28318530718),.PIECEWISE_BEZIER_KNOTS.);
#2714 = CARTESIAN_POINT('',(0.582295038259,1.570796326795));
#2715 = CARTESIAN_POINT('',(0.582295038259,0.));
#2716 = ( GEOMETRIC_REPRESENTATION_CONTEXT(2) 
PARAMETRIC_REPRESENTATION_CONTEXT() REPRESENTATION_CONTEXT('2D SPACE',''
  ) );
#2717 = PCURVE('',#2718,#2723);
#2718 = SPHERICAL_SURFACE('',#2719,1.5);
#2719 = AXIS2_PLACEMENT_3D('',#2720,#2721,#2722);
#2720 = CARTESIAN_POINT('',(52.5,3.5,30.883600708618));
#2721 = DIRECTION('',(-0.,-1.,-0.));
#2722 = DIRECTION('',(0.284167794317,-0.,0.958774564052));
#2723 = DEFINITIONAL_REPRESENTATION('',(#2724),#2727);
#2724 = B_SPLINE_CURVE_WITH_KNOTS('',1,(#2725,#2726),.UNSPECIFIED.,.F.,
  .F.,(2,2),(4.712388980385,6.28318530718),.PIECEWISE_BEZIER_KNOTS.);
#2725 = CARTESIAN_POINT('',(0.,-1.570796326795));
#2726 = CARTESIAN_POINT('',(0.,0.));
#2727 = ( GEOMETRIC_REPRESENTATION_CONTEXT(2) 
PARAMETRIC_REPRESENTATION_CONTEXT() REPRESENTATION_CONTEXT('2D SPACE',''
  ) );
#2728 = ORIENTED_EDGE('',*,*,#1959,.F.);
#2729 = ADVANCED_FACE('',(#2730),#2060,.T.);
#2730 = FACE_BOUND('',#2731,.F.);
#2731 = EDGE_LOOP('',(#2732,#2733,#2734,#2754));
#2732 = ORIENTED_EDGE('',*,*,#2076,.F.);
#2733 = ORIENTED_EDGE('',*,*,#2046,.T.);
#2734 = ORIENTED_EDGE('',*,*,#2735,.T.);
#2735 = EDGE_CURVE('',#1960,#2103,#2736,.T.);
#2736 = SURFACE_CURVE('',#2737,(#2742,#2748),.PCURVE_S1.);
#2737 = CIRCLE('',#2738,1.5);
#2738 = AXIS2_PLACEMENT_3D('',#2739,#2740,#2741);
#2739 = CARTESIAN_POINT('',(-52.5,3.5,30.883600708618));
#2740 = DIRECTION('',(-6.246719578448E-15,0.,1.));
#2741 = DIRECTION('',(-1.,0.,-6.246719578448E-15));
#2742 = PCURVE('',#2060,#2743);
#2743 = DEFINITIONAL_REPRESENTATION('',(#2744),#2747);
#2744 = B_SPLINE_CURVE_WITH_KNOTS('',1,(#2745,#2746),.UNSPECIFIED.,.F.,
  .F.,(2,2),(4.712388980385,6.28318530718),.PIECEWISE_BEZIER_KNOTS.);
#2745 = CARTESIAN_POINT('',(-1.570796326795,6.883600708618));
#2746 = CARTESIAN_POINT('',(0.,6.883600708618));
#2747 = ( GEOMETRIC_REPRESENTATION_CONTEXT(2) 
PARAMETRIC_REPRESENTATION_CONTEXT() REPRESENTATION_CONTEXT('2D SPACE',''
  ) );
#2748 = PCURVE('',#2664,#2749);
#2749 = DEFINITIONAL_REPRESENTATION('',(#2750),#2753);
#2750 = B_SPLINE_CURVE_WITH_KNOTS('',1,(#2751,#2752),.UNSPECIFIED.,.F.,
  .F.,(2,2),(4.712388980385,6.28318530718),.PIECEWISE_BEZIER_KNOTS.);
#2751 = CARTESIAN_POINT('',(1.282657999313,-1.570796326795));
#2752 = CARTESIAN_POINT('',(1.282657999313,0.));
#2753 = ( GEOMETRIC_REPRESENTATION_CONTEXT(2) 
PARAMETRIC_REPRESENTATION_CONTEXT() REPRESENTATION_CONTEXT('2D SPACE',''
  ) );
#2754 = ORIENTED_EDGE('',*,*,#2157,.F.);
#2755 = ADVANCED_FACE('',(#2756),#2006,.T.);
#2756 = FACE_BOUND('',#2757,.F.);
#2757 = EDGE_LOOP('',(#2758,#2780,#2781,#2801));
#2758 = ORIENTED_EDGE('',*,*,#2759,.F.);
#2759 = EDGE_CURVE('',#1962,#2760,#2762,.T.);
#2760 = VERTEX_POINT('',#2761);
#2761 = CARTESIAN_POINT('',(54.,3.5,30.883600708618));
#2762 = SURFACE_CURVE('',#2763,(#2768,#2774),.PCURVE_S1.);
#2763 = CIRCLE('',#2764,1.5);
#2764 = AXIS2_PLACEMENT_3D('',#2765,#2766,#2767);
#2765 = CARTESIAN_POINT('',(52.5,3.5,30.883600708618));
#2766 = DIRECTION('',(-1.050098988116E-14,0.,-1.));
#2767 = DIRECTION('',(1.,0.,-1.050098988116E-14));
#2768 = PCURVE('',#2006,#2769);
#2769 = DEFINITIONAL_REPRESENTATION('',(#2770),#2773);
#2770 = B_SPLINE_CURVE_WITH_KNOTS('',1,(#2771,#2772),.UNSPECIFIED.,.F.,
  .F.,(2,2),(4.712388980385,6.28318530718),.PIECEWISE_BEZIER_KNOTS.);
#2771 = CARTESIAN_POINT('',(-1.570796326795,1.116399291382));
#2772 = CARTESIAN_POINT('',(0.,1.116399291382));
#2773 = ( GEOMETRIC_REPRESENTATION_CONTEXT(2) 
PARAMETRIC_REPRESENTATION_CONTEXT() REPRESENTATION_CONTEXT('2D SPACE',''
  ) );
#2774 = PCURVE('',#2718,#2775);
#2775 = DEFINITIONAL_REPRESENTATION('',(#2776),#2779);
#2776 = B_SPLINE_CURVE_WITH_KNOTS('',1,(#2777,#2778),.UNSPECIFIED.,.F.,
  .F.,(2,2),(4.712388980385,6.28318530718),.PIECEWISE_BEZIER_KNOTS.);
#2777 = CARTESIAN_POINT('',(-1.282657999313,-1.570796326795));
#2778 = CARTESIAN_POINT('',(-1.282657999313,0.));
#2779 = ( GEOMETRIC_REPRESENTATION_CONTEXT(2) 
PARAMETRIC_REPRESENTATION_CONTEXT() REPRESENTATION_CONTEXT('2D SPACE',''
  ) );
#2780 = ORIENTED_EDGE('',*,*,#1990,.T.);
#2781 = ORIENTED_EDGE('',*,*,#2782,.T.);
#2782 = EDGE_CURVE('',#1991,#2375,#2783,.T.);
#2783 = SURFACE_CURVE('',#2784,(#2789,#2795),.PCURVE_S1.);
#2784 = CIRCLE('',#2785,1.5);
#2785 = AXIS2_PLACEMENT_3D('',#2786,#2787,#2788);
#2786 = CARTESIAN_POINT('',(52.5,3.5,26.010401919002));
#2787 = DIRECTION('',(0.,0.,-1.));
#2788 = DIRECTION('',(1.,-0.,0.));
#2789 = PCURVE('',#2006,#2790);
#2790 = DEFINITIONAL_REPRESENTATION('',(#2791),#2794);
#2791 = B_SPLINE_CURVE_WITH_KNOTS('',1,(#2792,#2793),.UNSPECIFIED.,.F.,
  .F.,(2,2),(4.712388980385,6.28318530718),.PIECEWISE_BEZIER_KNOTS.);
#2792 = CARTESIAN_POINT('',(-1.570796326795,5.989598080998));
#2793 = CARTESIAN_POINT('',(0.,5.989598080998));
#2794 = ( GEOMETRIC_REPRESENTATION_CONTEXT(2) 
PARAMETRIC_REPRESENTATION_CONTEXT() REPRESENTATION_CONTEXT('2D SPACE',''
  ) );
#2795 = PCURVE('',#2492,#2796);
#2796 = DEFINITIONAL_REPRESENTATION('',(#2797),#2800);
#2797 = B_SPLINE_CURVE_WITH_KNOTS('',1,(#2798,#2799),.UNSPECIFIED.,.F.,
  .F.,(2,2),(4.712388980385,6.28318530718),.PIECEWISE_BEZIER_KNOTS.);
#2798 = CARTESIAN_POINT('',(0.,-1.570796326795));
#2799 = CARTESIAN_POINT('',(0.,0.));
#2800 = ( GEOMETRIC_REPRESENTATION_CONTEXT(2) 
PARAMETRIC_REPRESENTATION_CONTEXT() REPRESENTATION_CONTEXT('2D SPACE',''
  ) );
#2801 = ORIENTED_EDGE('',*,*,#2802,.F.);
#2802 = EDGE_CURVE('',#2760,#2375,#2803,.T.);
#2803 = SURFACE_CURVE('',#2804,(#2808,#2815),.PCURVE_S1.);
#2804 = LINE('',#2805,#2806);
#2805 = CARTESIAN_POINT('',(54.,3.5,32.));
#2806 = VECTOR('',#2807,1.);
#2807 = DIRECTION('',(0.,0.,-1.));
#2808 = PCURVE('',#2006,#2809);
#2809 = DEFINITIONAL_REPRESENTATION('',(#2810),#2814);
#2810 = LINE('',#2811,#2812);
#2811 = CARTESIAN_POINT('',(-0.,0.));
#2812 = VECTOR('',#2813,1.);
#2813 = DIRECTION('',(-0.,1.));
#2814 = ( GEOMETRIC_REPRESENTATION_CONTEXT(2) 
PARAMETRIC_REPRESENTATION_CONTEXT() REPRESENTATION_CONTEXT('2D SPACE',''
  ) );
#2815 = PCURVE('',#2390,#2816);
#2816 = DEFINITIONAL_REPRESENTATION('',(#2817),#2821);
#2817 = LINE('',#2818,#2819);
#2818 = CARTESIAN_POINT('',(0.,-8.5));
#2819 = VECTOR('',#2820,1.);
#2820 = DIRECTION('',(1.,0.));
#2821 = ( GEOMETRIC_REPRESENTATION_CONTEXT(2) 
PARAMETRIC_REPRESENTATION_CONTEXT() REPRESENTATION_CONTEXT('2D SPACE',''
  ) );
#2822 = ADVANCED_FACE('',(#2823),#2118,.T.);
#2823 = FACE_BOUND('',#2824,.F.);
#2824 = EDGE_LOOP('',(#2825,#2848,#2875,#2876));
#2825 = ORIENTED_EDGE('',*,*,#2826,.F.);
#2826 = EDGE_CURVE('',#2827,#2649,#2829,.T.);
#2827 = VERTEX_POINT('',#2828);
#2828 = CARTESIAN_POINT('',(-52.92625169147,-3.5,32.321762554696));
#2829 = SURFACE_CURVE('',#2830,(#2834,#2841),.PCURVE_S1.);
#2830 = LINE('',#2831,#2832);
#2831 = CARTESIAN_POINT('',(-52.92625169147,-5.,32.321762554696));
#2832 = VECTOR('',#2833,1.);
#2833 = DIRECTION('',(-0.,1.,0.));
#2834 = PCURVE('',#2118,#2835);
#2835 = DEFINITIONAL_REPRESENTATION('',(#2836),#2840);
#2836 = LINE('',#2837,#2838);
#2837 = CARTESIAN_POINT('',(-0.,0.));
#2838 = VECTOR('',#2839,1.);
#2839 = DIRECTION('',(-0.,1.));
#2840 = ( GEOMETRIC_REPRESENTATION_CONTEXT(2) 
PARAMETRIC_REPRESENTATION_CONTEXT() REPRESENTATION_CONTEXT('2D SPACE',''
  ) );
#2841 = PCURVE('',#2692,#2842);
#2842 = DEFINITIONAL_REPRESENTATION('',(#2843),#2847);
#2843 = LINE('',#2844,#2845);
#2844 = CARTESIAN_POINT('',(-6.018383294905E-03,0.));
#2845 = VECTOR('',#2846,1.);
#2846 = DIRECTION('',(-0.,-1.));
#2847 = ( GEOMETRIC_REPRESENTATION_CONTEXT(2) 
PARAMETRIC_REPRESENTATION_CONTEXT() REPRESENTATION_CONTEXT('2D SPACE',''
  ) );
#2848 = ORIENTED_EDGE('',*,*,#2849,.T.);
#2849 = EDGE_CURVE('',#2827,#2101,#2850,.T.);
#2850 = SURFACE_CURVE('',#2851,(#2856,#2863),.PCURVE_S1.);
#2851 = CIRCLE('',#2852,1.5);
#2852 = AXIS2_PLACEMENT_3D('',#2853,#2854,#2855);
#2853 = CARTESIAN_POINT('',(-52.5,-3.5,30.883600708618));
#2854 = DIRECTION('',(-0.,-1.,0.));
#2855 = DIRECTION('',(-0.284167794317,0.,0.958774564052));
#2856 = PCURVE('',#2118,#2857);
#2857 = DEFINITIONAL_REPRESENTATION('',(#2858),#2862);
#2858 = LINE('',#2859,#2860);
#2859 = CARTESIAN_POINT('',(-0.,1.5));
#2860 = VECTOR('',#2861,1.);
#2861 = DIRECTION('',(-1.,0.));
#2862 = ( GEOMETRIC_REPRESENTATION_CONTEXT(2) 
PARAMETRIC_REPRESENTATION_CONTEXT() REPRESENTATION_CONTEXT('2D SPACE',''
  ) );
#2863 = PCURVE('',#2864,#2869);
#2864 = SPHERICAL_SURFACE('',#2865,1.5);
#2865 = AXIS2_PLACEMENT_3D('',#2866,#2867,#2868);
#2866 = CARTESIAN_POINT('',(-52.5,-3.5,30.883600708618));
#2867 = DIRECTION('',(0.,1.,0.));
#2868 = DIRECTION('',(-0.284167794317,0.,0.958774564052));
#2869 = DEFINITIONAL_REPRESENTATION('',(#2870),#2874);
#2870 = LINE('',#2871,#2872);
#2871 = CARTESIAN_POINT('',(-0.,0.));
#2872 = VECTOR('',#2873,1.);
#2873 = DIRECTION('',(-1.,0.));
#2874 = ( GEOMETRIC_REPRESENTATION_CONTEXT(2) 
PARAMETRIC_REPRESENTATION_CONTEXT() REPRESENTATION_CONTEXT('2D SPACE',''
  ) );
#2875 = ORIENTED_EDGE('',*,*,#2100,.T.);
#2876 = ORIENTED_EDGE('',*,*,#2877,.F.);
#2877 = EDGE_CURVE('',#2649,#2103,#2878,.T.);
#2878 = SURFACE_CURVE('',#2879,(#2884,#2891),.PCURVE_S1.);
#2879 = CIRCLE('',#2880,1.5);
#2880 = AXIS2_PLACEMENT_3D('',#2881,#2882,#2883);
#2881 = CARTESIAN_POINT('',(-52.5,3.5,30.883600708618));
#2882 = DIRECTION('',(-0.,-1.,0.));
#2883 = DIRECTION('',(-0.284167794317,0.,0.958774564052));
#2884 = PCURVE('',#2118,#2885);
#2885 = DEFINITIONAL_REPRESENTATION('',(#2886),#2890);
#2886 = LINE('',#2887,#2888);
#2887 = CARTESIAN_POINT('',(-0.,8.5));
#2888 = VECTOR('',#2889,1.);
#2889 = DIRECTION('',(-1.,0.));
#2890 = ( GEOMETRIC_REPRESENTATION_CONTEXT(2) 
PARAMETRIC_REPRESENTATION_CONTEXT() REPRESENTATION_CONTEXT('2D SPACE',''
  ) );
#2891 = PCURVE('',#2664,#2892);
#2892 = DEFINITIONAL_REPRESENTATION('',(#2893),#2897);
#2893 = LINE('',#2894,#2895);
#2894 = CARTESIAN_POINT('',(0.,0.));
#2895 = VECTOR('',#2896,1.);
#2896 = DIRECTION('',(1.,0.));
#2897 = ( GEOMETRIC_REPRESENTATION_CONTEXT(2) 
PARAMETRIC_REPRESENTATION_CONTEXT() REPRESENTATION_CONTEXT('2D SPACE',''
  ) );
#2898 = ADVANCED_FACE('',(#2899),#2144,.T.);
#2899 = FACE_BOUND('',#2900,.T.);
#2900 = EDGE_LOOP('',(#2901,#2902,#2903,#2923));
#2901 = ORIENTED_EDGE('',*,*,#2182,.F.);
#2902 = ORIENTED_EDGE('',*,*,#2293,.T.);
#2903 = ORIENTED_EDGE('',*,*,#2904,.T.);
#2904 = EDGE_CURVE('',#2207,#2101,#2905,.T.);
#2905 = SURFACE_CURVE('',#2906,(#2911,#2917),.PCURVE_S1.);
#2906 = CIRCLE('',#2907,1.5);
#2907 = AXIS2_PLACEMENT_3D('',#2908,#2909,#2910);
#2908 = CARTESIAN_POINT('',(-52.5,-3.5,30.883600708618));
#2909 = DIRECTION('',(6.246719578448E-15,0.,-1.));
#2910 = DIRECTION('',(-1.,0.,-6.246719578448E-15));
#2911 = PCURVE('',#2144,#2912);
#2912 = DEFINITIONAL_REPRESENTATION('',(#2913),#2916);
#2913 = B_SPLINE_CURVE_WITH_KNOTS('',1,(#2914,#2915),.UNSPECIFIED.,.F.,
  .F.,(2,2),(4.712388980385,6.28318530718),.PIECEWISE_BEZIER_KNOTS.);
#2914 = CARTESIAN_POINT('',(1.570796326795,6.883600708618));
#2915 = CARTESIAN_POINT('',(0.,6.883600708618));
#2916 = ( GEOMETRIC_REPRESENTATION_CONTEXT(2) 
PARAMETRIC_REPRESENTATION_CONTEXT() REPRESENTATION_CONTEXT('2D SPACE',''
  ) );
#2917 = PCURVE('',#2864,#2918);
#2918 = DEFINITIONAL_REPRESENTATION('',(#2919),#2922);
#2919 = B_SPLINE_CURVE_WITH_KNOTS('',1,(#2920,#2921),.UNSPECIFIED.,.F.,
  .F.,(2,2),(4.712388980385,6.28318530718),.PIECEWISE_BEZIER_KNOTS.);
#2920 = CARTESIAN_POINT('',(-1.282657999313,-1.570796326795));
#2921 = CARTESIAN_POINT('',(-1.282657999313,0.));
#2922 = ( GEOMETRIC_REPRESENTATION_CONTEXT(2) 
PARAMETRIC_REPRESENTATION_CONTEXT() REPRESENTATION_CONTEXT('2D SPACE',''
  ) );
#2923 = ORIENTED_EDGE('',*,*,#2130,.F.);
#2924 = ADVANCED_FACE('',(#2925),#2225,.T.);
#2925 = FACE_BOUND('',#2926,.F.);
#2926 = EDGE_LOOP('',(#2927,#2947,#2971,#2996));
#2927 = ORIENTED_EDGE('',*,*,#2928,.T.);
#2928 = EDGE_CURVE('',#2207,#2827,#2929,.T.);
#2929 = SURFACE_CURVE('',#2930,(#2935,#2941),.PCURVE_S1.);
#2930 = CIRCLE('',#2931,1.5);
#2931 = AXIS2_PLACEMENT_3D('',#2932,#2933,#2934);
#2932 = CARTESIAN_POINT('',(-52.5,-3.5,30.883600708618));
#2933 = DIRECTION('',(-0.958774564052,0.,-0.284167794317));
#2934 = DIRECTION('',(-0.284167794317,0.,0.958774564052));
#2935 = PCURVE('',#2225,#2936);
#2936 = DEFINITIONAL_REPRESENTATION('',(#2937),#2940);
#2937 = B_SPLINE_CURVE_WITH_KNOTS('',1,(#2938,#2939),.UNSPECIFIED.,.F.,
  .F.,(2,2),(4.712388980385,6.28318530718),.PIECEWISE_BEZIER_KNOTS.);
#2938 = CARTESIAN_POINT('',(-6.018383294906E-03,1.570796326795));
#2939 = CARTESIAN_POINT('',(-6.018383294906E-03,0.));
#2940 = ( GEOMETRIC_REPRESENTATION_CONTEXT(2) 
PARAMETRIC_REPRESENTATION_CONTEXT() REPRESENTATION_CONTEXT('2D SPACE',''
  ) );
#2941 = PCURVE('',#2864,#2942);
#2942 = DEFINITIONAL_REPRESENTATION('',(#2943),#2946);
#2943 = B_SPLINE_CURVE_WITH_KNOTS('',1,(#2944,#2945),.UNSPECIFIED.,.F.,
  .F.,(2,2),(4.712388980385,6.28318530718),.PIECEWISE_BEZIER_KNOTS.);
#2944 = CARTESIAN_POINT('',(0.,-1.570796326795));
#2945 = CARTESIAN_POINT('',(0.,0.));
#2946 = ( GEOMETRIC_REPRESENTATION_CONTEXT(2) 
PARAMETRIC_REPRESENTATION_CONTEXT() REPRESENTATION_CONTEXT('2D SPACE',''
  ) );
#2947 = ORIENTED_EDGE('',*,*,#2948,.T.);
#2948 = EDGE_CURVE('',#2827,#2949,#2951,.T.);
#2949 = VERTEX_POINT('',#2950);
#2950 = CARTESIAN_POINT('',(52.926251691475,-3.5,32.321762554696));
#2951 = SURFACE_CURVE('',#2952,(#2957,#2964),.PCURVE_S1.);
#2952 = CIRCLE('',#2953,186.25);
#2953 = AXIS2_PLACEMENT_3D('',#2954,#2955,#2956);
#2954 = CARTESIAN_POINT('',(0.,-3.5,-146.25));
#2955 = DIRECTION('',(0.,1.,0.));
#2956 = DIRECTION('',(-0.289932885906,0.,0.957046979866));
#2957 = PCURVE('',#2225,#2958);
#2958 = DEFINITIONAL_REPRESENTATION('',(#2959),#2963);
#2959 = LINE('',#2960,#2961);
#2960 = CARTESIAN_POINT('',(-0.,0.));
#2961 = VECTOR('',#2962,1.);
#2962 = DIRECTION('',(-1.,0.));
#2963 = ( GEOMETRIC_REPRESENTATION_CONTEXT(2) 
PARAMETRIC_REPRESENTATION_CONTEXT() REPRESENTATION_CONTEXT('2D SPACE',''
  ) );
#2964 = PCURVE('',#2692,#2965);
#2965 = DEFINITIONAL_REPRESENTATION('',(#2966),#2970);
#2966 = LINE('',#2967,#2968);
#2967 = CARTESIAN_POINT('',(-3.814994554417E-17,-1.5));
#2968 = VECTOR('',#2969,1.);
#2969 = DIRECTION('',(-1.,0.));
#2970 = ( GEOMETRIC_REPRESENTATION_CONTEXT(2) 
PARAMETRIC_REPRESENTATION_CONTEXT() REPRESENTATION_CONTEXT('2D SPACE',''
  ) );
#2971 = ORIENTED_EDGE('',*,*,#2972,.F.);
#2972 = EDGE_CURVE('',#2209,#2949,#2973,.T.);
#2973 = SURFACE_CURVE('',#2974,(#2979,#2985),.PCURVE_S1.);
#2974 = CIRCLE('',#2975,1.5);
#2975 = AXIS2_PLACEMENT_3D('',#2976,#2977,#2978);
#2976 = CARTESIAN_POINT('',(52.5,-3.5,30.883600708618));
#2977 = DIRECTION('',(-0.958774564052,0.,0.284167794317));
#2978 = DIRECTION('',(0.284167794317,0.,0.958774564052));
#2979 = PCURVE('',#2225,#2980);
#2980 = DEFINITIONAL_REPRESENTATION('',(#2981),#2984);
#2981 = B_SPLINE_CURVE_WITH_KNOTS('',1,(#2982,#2983),.UNSPECIFIED.,.F.,
  .F.,(2,2),(4.712388980385,6.28318530718),.PIECEWISE_BEZIER_KNOTS.);
#2982 = CARTESIAN_POINT('',(-0.582295038259,1.570796326795));
#2983 = CARTESIAN_POINT('',(-0.582295038259,0.));
#2984 = ( GEOMETRIC_REPRESENTATION_CONTEXT(2) 
PARAMETRIC_REPRESENTATION_CONTEXT() REPRESENTATION_CONTEXT('2D SPACE',''
  ) );
#2985 = PCURVE('',#2986,#2991);
#2986 = SPHERICAL_SURFACE('',#2987,1.5);
#2987 = AXIS2_PLACEMENT_3D('',#2988,#2989,#2990);
#2988 = CARTESIAN_POINT('',(52.5,-3.5,30.883600708618));
#2989 = DIRECTION('',(0.,1.,0.));
#2990 = DIRECTION('',(0.284167794317,-0.,0.958774564052));
#2991 = DEFINITIONAL_REPRESENTATION('',(#2992),#2995);
#2992 = B_SPLINE_CURVE_WITH_KNOTS('',1,(#2993,#2994),.UNSPECIFIED.,.F.,
  .F.,(2,2),(4.712388980385,6.28318530718),.PIECEWISE_BEZIER_KNOTS.);
#2993 = CARTESIAN_POINT('',(0.,-1.570796326795));
#2994 = CARTESIAN_POINT('',(0.,0.));
#2995 = ( GEOMETRIC_REPRESENTATION_CONTEXT(2) 
PARAMETRIC_REPRESENTATION_CONTEXT() REPRESENTATION_CONTEXT('2D SPACE',''
  ) );
#2996 = ORIENTED_EDGE('',*,*,#2206,.F.);
#2997 = ADVANCED_FACE('',(#2998),#2253,.T.);
#2998 = FACE_BOUND('',#2999,.T.);
#2999 = EDGE_LOOP('',(#3000,#3022,#3023,#3043));
#3000 = ORIENTED_EDGE('',*,*,#3001,.F.);
#3001 = EDGE_CURVE('',#2209,#3002,#3004,.T.);
#3002 = VERTEX_POINT('',#3003);
#3003 = CARTESIAN_POINT('',(54.,-3.5,30.883600708618));
#3004 = SURFACE_CURVE('',#3005,(#3010,#3016),.PCURVE_S1.);
#3005 = CIRCLE('',#3006,1.5);
#3006 = AXIS2_PLACEMENT_3D('',#3007,#3008,#3009);
#3007 = CARTESIAN_POINT('',(52.5,-3.5,30.883600708618));
#3008 = DIRECTION('',(1.050098988116E-14,-0.,1.));
#3009 = DIRECTION('',(1.,0.,-1.050098988116E-14));
#3010 = PCURVE('',#2253,#3011);
#3011 = DEFINITIONAL_REPRESENTATION('',(#3012),#3015);
#3012 = B_SPLINE_CURVE_WITH_KNOTS('',1,(#3013,#3014),.UNSPECIFIED.,.F.,
  .F.,(2,2),(4.712388980385,6.28318530718),.PIECEWISE_BEZIER_KNOTS.);
#3013 = CARTESIAN_POINT('',(1.570796326795,1.116399291382));
#3014 = CARTESIAN_POINT('',(0.,1.116399291382));
#3015 = ( GEOMETRIC_REPRESENTATION_CONTEXT(2) 
PARAMETRIC_REPRESENTATION_CONTEXT() REPRESENTATION_CONTEXT('2D SPACE',''
  ) );
#3016 = PCURVE('',#2986,#3017);
#3017 = DEFINITIONAL_REPRESENTATION('',(#3018),#3021);
#3018 = B_SPLINE_CURVE_WITH_KNOTS('',1,(#3019,#3020),.UNSPECIFIED.,.F.,
  .F.,(2,2),(4.712388980385,6.28318530718),.PIECEWISE_BEZIER_KNOTS.);
#3019 = CARTESIAN_POINT('',(1.282657999313,-1.570796326795));
#3020 = CARTESIAN_POINT('',(1.282657999313,0.));
#3021 = ( GEOMETRIC_REPRESENTATION_CONTEXT(2) 
PARAMETRIC_REPRESENTATION_CONTEXT() REPRESENTATION_CONTEXT('2D SPACE',''
  ) );
#3022 = ORIENTED_EDGE('',*,*,#2237,.T.);
#3023 = ORIENTED_EDGE('',*,*,#3024,.T.);
#3024 = EDGE_CURVE('',#2238,#2373,#3025,.T.);
#3025 = SURFACE_CURVE('',#3026,(#3031,#3037),.PCURVE_S1.);
#3026 = CIRCLE('',#3027,1.5);
#3027 = AXIS2_PLACEMENT_3D('',#3028,#3029,#3030);
#3028 = CARTESIAN_POINT('',(52.5,-3.5,26.010401919002));
#3029 = DIRECTION('',(0.,0.,1.));
#3030 = DIRECTION('',(1.,0.,-0.));
#3031 = PCURVE('',#2253,#3032);
#3032 = DEFINITIONAL_REPRESENTATION('',(#3033),#3036);
#3033 = B_SPLINE_CURVE_WITH_KNOTS('',1,(#3034,#3035),.UNSPECIFIED.,.F.,
  .F.,(2,2),(4.712388980385,6.28318530718),.PIECEWISE_BEZIER_KNOTS.);
#3034 = CARTESIAN_POINT('',(1.570796326795,5.989598080998));
#3035 = CARTESIAN_POINT('',(0.,5.989598080998));
#3036 = ( GEOMETRIC_REPRESENTATION_CONTEXT(2) 
PARAMETRIC_REPRESENTATION_CONTEXT() REPRESENTATION_CONTEXT('2D SPACE',''
  ) );
#3037 = PCURVE('',#2419,#3038);
#3038 = DEFINITIONAL_REPRESENTATION('',(#3039),#3042);
#3039 = B_SPLINE_CURVE_WITH_KNOTS('',1,(#3040,#3041),.UNSPECIFIED.,.F.,
  .F.,(2,2),(4.712388980385,6.28318530718),.PIECEWISE_BEZIER_KNOTS.);
#3040 = CARTESIAN_POINT('',(0.,-1.570796326795));
#3041 = CARTESIAN_POINT('',(0.,0.));
#3042 = ( GEOMETRIC_REPRESENTATION_CONTEXT(2) 
PARAMETRIC_REPRESENTATION_CONTEXT() REPRESENTATION_CONTEXT('2D SPACE',''
  ) );
#3043 = ORIENTED_EDGE('',*,*,#3044,.F.);
#3044 = EDGE_CURVE('',#3002,#2373,#3045,.T.);
#3045 = SURFACE_CURVE('',#3046,(#3050,#3057),.PCURVE_S1.);
#3046 = LINE('',#3047,#3048);
#3047 = CARTESIAN_POINT('',(54.,-3.5,32.));
#3048 = VECTOR('',#3049,1.);
#3049 = DIRECTION('',(0.,0.,-1.));
#3050 = PCURVE('',#2253,#3051);
#3051 = DEFINITIONAL_REPRESENTATION('',(#3052),#3056);
#3052 = LINE('',#3053,#3054);
#3053 = CARTESIAN_POINT('',(0.,0.));
#3054 = VECTOR('',#3055,1.);
#3055 = DIRECTION('',(0.,1.));
#3056 = ( GEOMETRIC_REPRESENTATION_CONTEXT(2) 
PARAMETRIC_REPRESENTATION_CONTEXT() REPRESENTATION_CONTEXT('2D SPACE',''
  ) );
#3057 = PCURVE('',#2390,#3058);
#3058 = DEFINITIONAL_REPRESENTATION('',(#3059),#3063);
#3059 = LINE('',#3060,#3061);
#3060 = CARTESIAN_POINT('',(0.,-1.5));
#3061 = VECTOR('',#3062,1.);
#3062 = DIRECTION('',(1.,0.));
#3063 = ( GEOMETRIC_REPRESENTATION_CONTEXT(2) 
PARAMETRIC_REPRESENTATION_CONTEXT() REPRESENTATION_CONTEXT('2D SPACE',''
  ) );
#3064 = ADVANCED_FACE('',(#3065),#2356,.F.);
#3065 = FACE_BOUND('',#3066,.T.);
#3066 = EDGE_LOOP('',(#3067));
#3067 = ORIENTED_EDGE('',*,*,#2341,.F.);
#3068 = ADVANCED_FACE('',(#3069),#2390,.F.);
#3069 = FACE_BOUND('',#3070,.F.);
#3070 = EDGE_LOOP('',(#3071,#3097,#3098,#3099));
#3071 = ORIENTED_EDGE('',*,*,#3072,.T.);
#3072 = EDGE_CURVE('',#3002,#2760,#3073,.T.);
#3073 = SURFACE_CURVE('',#3074,(#3078,#3085),.PCURVE_S1.);
#3074 = LINE('',#3075,#3076);
#3075 = CARTESIAN_POINT('',(54.,-5.,30.883600708618));
#3076 = VECTOR('',#3077,1.);
#3077 = DIRECTION('',(-0.,1.,0.));
#3078 = PCURVE('',#2390,#3079);
#3079 = DEFINITIONAL_REPRESENTATION('',(#3080),#3084);
#3080 = LINE('',#3081,#3082);
#3081 = CARTESIAN_POINT('',(1.116399291382,0.));
#3082 = VECTOR('',#3083,1.);
#3083 = DIRECTION('',(0.,-1.));
#3084 = ( GEOMETRIC_REPRESENTATION_CONTEXT(2) 
PARAMETRIC_REPRESENTATION_CONTEXT() REPRESENTATION_CONTEXT('2D SPACE',''
  ) );
#3085 = PCURVE('',#3086,#3091);
#3086 = CYLINDRICAL_SURFACE('',#3087,1.5);
#3087 = AXIS2_PLACEMENT_3D('',#3088,#3089,#3090);
#3088 = CARTESIAN_POINT('',(52.5,-5.,30.883600708618));
#3089 = DIRECTION('',(-0.,1.,0.));
#3090 = DIRECTION('',(0.284167794317,0.,0.958774564052));
#3091 = DEFINITIONAL_REPRESENTATION('',(#3092),#3096);
#3092 = LINE('',#3093,#3094);
#3093 = CARTESIAN_POINT('',(1.282657999313,0.));
#3094 = VECTOR('',#3095,1.);
#3095 = DIRECTION('',(0.,1.));
#3096 = ( GEOMETRIC_REPRESENTATION_CONTEXT(2) 
PARAMETRIC_REPRESENTATION_CONTEXT() REPRESENTATION_CONTEXT('2D SPACE',''
  ) );
#3097 = ORIENTED_EDGE('',*,*,#2802,.T.);
#3098 = ORIENTED_EDGE('',*,*,#2372,.F.);
#3099 = ORIENTED_EDGE('',*,*,#3044,.F.);
#3100 = ADVANCED_FACE('',(#3101),#2492,.T.);
#3101 = FACE_BOUND('',#3102,.F.);
#3102 = EDGE_LOOP('',(#3103,#3104,#3105));
#3103 = ORIENTED_EDGE('',*,*,#2782,.F.);
#3104 = ORIENTED_EDGE('',*,*,#2535,.T.);
#3105 = ORIENTED_EDGE('',*,*,#2477,.F.);
#3106 = ADVANCED_FACE('',(#3107),#2419,.T.);
#3107 = FACE_BOUND('',#3108,.T.);
#3108 = EDGE_LOOP('',(#3109,#3110,#3111));
#3109 = ORIENTED_EDGE('',*,*,#3024,.F.);
#3110 = ORIENTED_EDGE('',*,*,#2561,.T.);
#3111 = ORIENTED_EDGE('',*,*,#2402,.F.);
#3112 = ADVANCED_FACE('',(#3113),#2630,.T.);
#3113 = FACE_BOUND('',#3114,.T.);
#3114 = EDGE_LOOP('',(#3115,#3116,#3139,#3166));
#3115 = ORIENTED_EDGE('',*,*,#2613,.F.);
#3116 = ORIENTED_EDGE('',*,*,#3117,.F.);
#3117 = EDGE_CURVE('',#3118,#2614,#3120,.T.);
#3118 = VERTEX_POINT('',#3119);
#3119 = CARTESIAN_POINT('',(55.,-1.714505518806E-15,0.));
#3120 = SEAM_CURVE('',#3121,(#3125,#3132),.PCURVE_S1.);
#3121 = LINE('',#3122,#3123);
#3122 = CARTESIAN_POINT('',(55.,-1.714505518806E-15,0.));
#3123 = VECTOR('',#3124,1.);
#3124 = DIRECTION('',(0.,0.,1.));
#3125 = PCURVE('',#2630,#3126);
#3126 = DEFINITIONAL_REPRESENTATION('',(#3127),#3131);
#3127 = LINE('',#3128,#3129);
#3128 = CARTESIAN_POINT('',(0.,-0.));
#3129 = VECTOR('',#3130,1.);
#3130 = DIRECTION('',(0.,1.));
#3131 = ( GEOMETRIC_REPRESENTATION_CONTEXT(2) 
PARAMETRIC_REPRESENTATION_CONTEXT() REPRESENTATION_CONTEXT('2D SPACE',''
  ) );
#3132 = PCURVE('',#2630,#3133);
#3133 = DEFINITIONAL_REPRESENTATION('',(#3134),#3138);
#3134 = LINE('',#3135,#3136);
#3135 = CARTESIAN_POINT('',(6.28318530718,-0.));
#3136 = VECTOR('',#3137,1.);
#3137 = DIRECTION('',(0.,1.));
#3138 = ( GEOMETRIC_REPRESENTATION_CONTEXT(2) 
PARAMETRIC_REPRESENTATION_CONTEXT() REPRESENTATION_CONTEXT('2D SPACE',''
  ) );
#3139 = ORIENTED_EDGE('',*,*,#3140,.T.);
#3140 = EDGE_CURVE('',#3118,#3118,#3141,.T.);
#3141 = SURFACE_CURVE('',#3142,(#3147,#3154),.PCURVE_S1.);
#3142 = CIRCLE('',#3143,7.);
#3143 = AXIS2_PLACEMENT_3D('',#3144,#3145,#3146);
#3144 = CARTESIAN_POINT('',(48.,0.,0.));
#3145 = DIRECTION('',(0.,0.,1.));
#3146 = DIRECTION('',(1.,0.,0.));
#3147 = PCURVE('',#2630,#3148);
#3148 = DEFINITIONAL_REPRESENTATION('',(#3149),#3153);
#3149 = LINE('',#3150,#3151);
#3150 = CARTESIAN_POINT('',(0.,0.));
#3151 = VECTOR('',#3152,1.);
#3152 = DIRECTION('',(1.,0.));
#3153 = ( GEOMETRIC_REPRESENTATION_CONTEXT(2) 
PARAMETRIC_REPRESENTATION_CONTEXT() REPRESENTATION_CONTEXT('2D SPACE',''
  ) );
#3154 = PCURVE('',#3155,#3160);
#3155 = PLANE('',#3156);
#3156 = AXIS2_PLACEMENT_3D('',#3157,#3158,#3159);
#3157 = CARTESIAN_POINT('',(48.,0.,0.));
#3158 = DIRECTION('',(0.,0.,1.));
#3159 = DIRECTION('',(1.,0.,0.));
#3160 = DEFINITIONAL_REPRESENTATION('',(#3161),#3165);
#3161 = CIRCLE('',#3162,7.);
#3162 = AXIS2_PLACEMENT_2D('',#3163,#3164);
#3163 = CARTESIAN_POINT('',(0.,0.));
#3164 = DIRECTION('',(1.,0.));
#3165 = ( GEOMETRIC_REPRESENTATION_CONTEXT(2) 
PARAMETRIC_REPRESENTATION_CONTEXT() REPRESENTATION_CONTEXT('2D SPACE',''
  ) );
#3166 = ORIENTED_EDGE('',*,*,#3117,.T.);
#3167 = ADVANCED_FACE('',(#3168),#2664,.T.);
#3168 = FACE_BOUND('',#3169,.T.);
#3169 = EDGE_LOOP('',(#3170,#3171,#3172));
#3170 = ORIENTED_EDGE('',*,*,#2648,.F.);
#3171 = ORIENTED_EDGE('',*,*,#2735,.T.);
#3172 = ORIENTED_EDGE('',*,*,#2877,.F.);
#3173 = ADVANCED_FACE('',(#3174),#2692,.T.);
#3174 = FACE_BOUND('',#3175,.F.);
#3175 = EDGE_LOOP('',(#3176,#3177,#3178,#3199));
#3176 = ORIENTED_EDGE('',*,*,#2826,.T.);
#3177 = ORIENTED_EDGE('',*,*,#2675,.T.);
#3178 = ORIENTED_EDGE('',*,*,#3179,.F.);
#3179 = EDGE_CURVE('',#2949,#2676,#3180,.T.);
#3180 = SURFACE_CURVE('',#3181,(#3185,#3192),.PCURVE_S1.);
#3181 = LINE('',#3182,#3183);
#3182 = CARTESIAN_POINT('',(52.926251691475,-5.,32.321762554696));
#3183 = VECTOR('',#3184,1.);
#3184 = DIRECTION('',(-0.,1.,0.));
#3185 = PCURVE('',#2692,#3186);
#3186 = DEFINITIONAL_REPRESENTATION('',(#3187),#3191);
#3187 = LINE('',#3188,#3189);
#3188 = CARTESIAN_POINT('',(-0.582295038259,0.));
#3189 = VECTOR('',#3190,1.);
#3190 = DIRECTION('',(-0.,-1.));
#3191 = ( GEOMETRIC_REPRESENTATION_CONTEXT(2) 
PARAMETRIC_REPRESENTATION_CONTEXT() REPRESENTATION_CONTEXT('2D SPACE',''
  ) );
#3192 = PCURVE('',#3086,#3193);
#3193 = DEFINITIONAL_REPRESENTATION('',(#3194),#3198);
#3194 = LINE('',#3195,#3196);
#3195 = CARTESIAN_POINT('',(0.,0.));
#3196 = VECTOR('',#3197,1.);
#3197 = DIRECTION('',(0.,1.));
#3198 = ( GEOMETRIC_REPRESENTATION_CONTEXT(2) 
PARAMETRIC_REPRESENTATION_CONTEXT() REPRESENTATION_CONTEXT('2D SPACE',''
  ) );
#3199 = ORIENTED_EDGE('',*,*,#2948,.F.);
#3200 = ADVANCED_FACE('',(#3201),#2718,.T.);
#3201 = FACE_BOUND('',#3202,.F.);
#3202 = EDGE_LOOP('',(#3203,#3204,#3205));
#3203 = ORIENTED_EDGE('',*,*,#2704,.F.);
#3204 = ORIENTED_EDGE('',*,*,#2759,.T.);
#3205 = ORIENTED_EDGE('',*,*,#3206,.F.);
#3206 = EDGE_CURVE('',#2676,#2760,#3207,.T.);
#3207 = SURFACE_CURVE('',#3208,(#3213,#3220),.PCURVE_S1.);
#3208 = CIRCLE('',#3209,1.5);
#3209 = AXIS2_PLACEMENT_3D('',#3210,#3211,#3212);
#3210 = CARTESIAN_POINT('',(52.5,3.5,30.883600708618));
#3211 = DIRECTION('',(0.,1.,0.));
#3212 = DIRECTION('',(0.284167794317,-0.,0.958774564052));
#3213 = PCURVE('',#2718,#3214);
#3214 = DEFINITIONAL_REPRESENTATION('',(#3215),#3219);
#3215 = LINE('',#3216,#3217);
#3216 = CARTESIAN_POINT('',(-0.,0.));
#3217 = VECTOR('',#3218,1.);
#3218 = DIRECTION('',(-1.,0.));
#3219 = ( GEOMETRIC_REPRESENTATION_CONTEXT(2) 
PARAMETRIC_REPRESENTATION_CONTEXT() REPRESENTATION_CONTEXT('2D SPACE',''
  ) );
#3220 = PCURVE('',#3086,#3221);
#3221 = DEFINITIONAL_REPRESENTATION('',(#3222),#3226);
#3222 = LINE('',#3223,#3224);
#3223 = CARTESIAN_POINT('',(0.,8.5));
#3224 = VECTOR('',#3225,1.);
#3225 = DIRECTION('',(1.,0.));
#3226 = ( GEOMETRIC_REPRESENTATION_CONTEXT(2) 
PARAMETRIC_REPRESENTATION_CONTEXT() REPRESENTATION_CONTEXT('2D SPACE',''
  ) );
#3227 = ADVANCED_FACE('',(#3228),#2864,.T.);
#3228 = FACE_BOUND('',#3229,.F.);
#3229 = EDGE_LOOP('',(#3230,#3231,#3232));
#3230 = ORIENTED_EDGE('',*,*,#2928,.F.);
#3231 = ORIENTED_EDGE('',*,*,#2904,.T.);
#3232 = ORIENTED_EDGE('',*,*,#2849,.F.);
#3233 = ADVANCED_FACE('',(#3234),#2986,.T.);
#3234 = FACE_BOUND('',#3235,.T.);
#3235 = EDGE_LOOP('',(#3236,#3237,#3238));
#3236 = ORIENTED_EDGE('',*,*,#2972,.F.);
#3237 = ORIENTED_EDGE('',*,*,#3001,.T.);
#3238 = ORIENTED_EDGE('',*,*,#3239,.F.);
#3239 = EDGE_CURVE('',#2949,#3002,#3240,.T.);
#3240 = SURFACE_CURVE('',#3241,(#3246,#3253),.PCURVE_S1.);
#3241 = CIRCLE('',#3242,1.5);
#3242 = AXIS2_PLACEMENT_3D('',#3243,#3244,#3245);
#3243 = CARTESIAN_POINT('',(52.5,-3.5,30.883600708618));
#3244 = DIRECTION('',(0.,1.,0.));
#3245 = DIRECTION('',(0.284167794317,-0.,0.958774564052));
#3246 = PCURVE('',#2986,#3247);
#3247 = DEFINITIONAL_REPRESENTATION('',(#3248),#3252);
#3248 = LINE('',#3249,#3250);
#3249 = CARTESIAN_POINT('',(0.,0.));
#3250 = VECTOR('',#3251,1.);
#3251 = DIRECTION('',(1.,0.));
#3252 = ( GEOMETRIC_REPRESENTATION_CONTEXT(2) 
PARAMETRIC_REPRESENTATION_CONTEXT() REPRESENTATION_CONTEXT('2D SPACE',''
  ) );
#3253 = PCURVE('',#3086,#3254);
#3254 = DEFINITIONAL_REPRESENTATION('',(#3255),#3259);
#3255 = LINE('',#3256,#3257);
#3256 = CARTESIAN_POINT('',(0.,1.5));
#3257 = VECTOR('',#3258,1.);
#3258 = DIRECTION('',(1.,0.));
#3259 = ( GEOMETRIC_REPRESENTATION_CONTEXT(2) 
PARAMETRIC_REPRESENTATION_CONTEXT() REPRESENTATION_CONTEXT('2D SPACE',''
  ) );
#3260 = ADVANCED_FACE('',(#3261),#3086,.T.);
#3261 = FACE_BOUND('',#3262,.T.);
#3262 = EDGE_LOOP('',(#3263,#3264,#3265,#3266));
#3263 = ORIENTED_EDGE('',*,*,#3179,.F.);
#3264 = ORIENTED_EDGE('',*,*,#3239,.T.);
#3265 = ORIENTED_EDGE('',*,*,#3072,.T.);
#3266 = ORIENTED_EDGE('',*,*,#3206,.F.);
#3267 = ADVANCED_FACE('',(#3268),#3155,.F.);
#3268 = FACE_BOUND('',#3269,.T.);
#3269 = EDGE_LOOP('',(#3270));
#3270 = ORIENTED_EDGE('',*,*,#3140,.F.);
#3271 = ( GEOMETRIC_REPRESENTATION_CONTEXT(3) 
GLOBAL_UNCERTAINTY_ASSIGNED_CONTEXT((#3275)) 
GLOBAL_UNIT_ASSIGNED_CONTEXT((#3272,#3273,#3274)) REPRESENTATION_CONTEXT
('Context #1','3D Context with UNIT and UNCERTAINTY') );
#3272 = ( LENGTH_UNIT() NAMED_UNIT(*) SI_UNIT(.MILLI.,.METRE.) );
#3273 = ( NAMED_UNIT(*) PLANE_ANGLE_UNIT() SI_UNIT($,.RADIAN.) );
#3274 = ( NAMED_UNIT(*) SI_UNIT($,.STERADIAN.) SOLID_ANGLE_UNIT() );
#3275 = UNCERTAINTY_MEASURE_WITH_UNIT(LENGTH_MEASURE(1.E-07),#3272,
  'distance_accuracy_value','confusion accuracy');
#3276 = PRODUCT_RELATED_PRODUCT_CATEGORY('part',$,(#7));
ENDSEC;
END-ISO-10303-21;
