ISO-10303-21;
HEADER;
FILE_DESCRIPTION(('Open CASCADE Model'),'2;1');
FILE_NAME('SOLID','2026-09-08T23:02:17',('Author'),('Open CASCADE'),
  'Open CASCADE STEP processor 7.9','build123d','Unknown');
FILE_SCHEMA(('AUTOMOTIVE_DESIGN { 1 0 10303 214 1 1 1 1 }'));
ENDSEC;
DATA;
#1 = APPLICATION_PROTOCOL_DEFINITION('international standard',
  'automotive_design',2000,#2);
#2 = APPLICATION_CONTEXT(
  'core data for automotive mechanical design processes');
#3 = SHAPE_DEFINITION_REPRESENTATION(#4,#10);
#4 = PRODUCT_DEFINITION_SHAPE('','',#5);
#5 = PRODUCT_DEFINITION('design','',#6,#9);
#6 = PRODUCT_DEFINITION_FORMATION('','',#7);
#7 = PRODUCT('SOLID','SOLID','',(#8));
#8 = PRODUCT_CONTEXT('',#2,'mechanical');
#9 = PRODUCT_DEFINITION_CONTEXT('part definition',#2,'design');
#10 = ADVANCED_BREP_SHAPE_REPRESENTATION('',(#11,#15),#4999);
#11 = AXIS2_PLACEMENT_3D('',#12,#13,#14);
#12 = CARTESIAN_POINT('',(0.,0.,0.));
#13 = DIRECTION('',(0.,0.,1.));
#14 = DIRECTION('',(1.,0.,-0.));
#15 = MANIFOLD_SOLID_BREP('',#16);
#16 = CLOSED_SHELL('',(#17,#574,#609,#664,#668,#842,#898,#978,#1036,
    #1118,#1838,#1918,#1971,#2051,#2109,#2360,#2416,#2612,#3026,#3318,
    #3487,#3627,#3677,#3730,#3776,#4452,#4487,#4542,#4546,#4620,#4647,
    #4679,#4744,#4795,#4857,#4864,#4871,#4877,#4905,#4933,#4961,#4968,
    #4974));
#17 = ADVANCED_FACE('',(#18),#41,.T.);
#18 = FACE_BOUND('',#19,.T.);
#19 = EDGE_LOOP('',(#20,#82,#105,#132,#133,#183,#311,#340,#437,#466));
#20 = ORIENTED_EDGE('',*,*,#21,.F.);
#21 = EDGE_CURVE('',#22,#24,#26,.T.);
#22 = VERTEX_POINT('',#23);
#23 = CARTESIAN_POINT('',(-43.,-1.224646799147E-15,26.968273085249));
#24 = VERTEX_POINT('',#25);
#25 = CARTESIAN_POINT('',(-44.42928578572,3.5,26.623162919683));
#26 = SURFACE_CURVE('',#27,(#40,#61),.PCURVE_S1.);
#27 = B_SPLINE_CURVE_WITH_KNOTS('',6,(#28,#29,#30,#31,#32,#33,#34,#35,
    #36,#37,#38,#39),.UNSPECIFIED.,.F.,.F.,(7,5,7),(0.,0.722965639887,1.
    ),.UNSPECIFIED.);
#28 = CARTESIAN_POINT('',(-43.,-1.056412609424E-15,26.968273085249));
#29 = CARTESIAN_POINT('',(-43.,0.448571302857,26.968273085249));
#30 = CARTESIAN_POINT('',(-43.04829163768,0.89706377538,26.956814340526)
  );
#31 = CARTESIAN_POINT('',(-43.1448453976,1.341959331395,26.933903609325)
  );
#32 = CARTESIAN_POINT('',(-43.29059082163,1.779534497643,26.899219222671
    ));
#33 = CARTESIAN_POINT('',(-43.48720777656,2.205196673672,26.852156782923
    ));
#34 = CARTESIAN_POINT('',(-43.83244050672,2.768565286835,26.768754112242
    ));
#35 = CARTESIAN_POINT('',(-43.93586152758,2.921943103145,26.743705087722
    ));
#36 = CARTESIAN_POINT('',(-44.04716557212,3.072236020263,26.716667875913
    ));
#37 = CARTESIAN_POINT('',(-44.16644798995,3.219007122993,26.687596674232
    ));
#38 = CARTESIAN_POINT('',(-44.29379563872,3.361772448229,26.656444421758
    ));
#39 = CARTESIAN_POINT('',(-44.42928637384,3.5000006,26.623162775219));
#40 = PCURVE('',#41,#46);
#41 = CYLINDRICAL_SURFACE('',#42,5.);
#42 = AXIS2_PLACEMENT_3D('',#43,#44,#45);
#43 = CARTESIAN_POINT('',(-48.,0.,1.));
#44 = DIRECTION('',(0.,0.,1.));
#45 = DIRECTION('',(1.,0.,-0.));
#46 = DEFINITIONAL_REPRESENTATION('',(#47),#60);
#47 = B_SPLINE_CURVE_WITH_KNOTS('',6,(#48,#49,#50,#51,#52,#53,#54,#55,
    #56,#57,#58,#59),.UNSPECIFIED.,.F.,.F.,(7,5,7),(0.,0.722965639887,1.
    ),.UNSPECIFIED.);
#48 = CARTESIAN_POINT('',(0.,25.968273085249));
#49 = CARTESIAN_POINT('',(8.971426057136E-02,25.968273085249));
#50 = CARTESIAN_POINT('',(0.179413131156,25.956814340526));
#51 = CARTESIAN_POINT('',(0.269690181981,25.933903609325));
#52 = CARTESIAN_POINT('',(0.361106913411,25.899219222671));
#53 = CARTESIAN_POINT('',(0.454241073311,25.852156782923));
#54 = CARTESIAN_POINT('',(0.586387935895,25.768754112242));
#55 = CARTESIAN_POINT('',(0.623350600562,25.743705087722));
#56 = CARTESIAN_POINT('',(0.660699362898,25.716667875913));
#57 = CARTESIAN_POINT('',(0.698466378794,25.687596674232));
#58 = CARTESIAN_POINT('',(0.736686032673,25.656444421758));
#59 = CARTESIAN_POINT('',(0.775397664644,25.623162775219));
#60 = ( GEOMETRIC_REPRESENTATION_CONTEXT(2) 
PARAMETRIC_REPRESENTATION_CONTEXT() REPRESENTATION_CONTEXT('2D SPACE',''
  ) );
#61 = PCURVE('',#62,#67);
#62 = CYLINDRICAL_SURFACE('',#63,186.25);
#63 = AXIS2_PLACEMENT_3D('',#64,#65,#66);
#64 = CARTESIAN_POINT('',(0.,-5.,-154.25));
#65 = DIRECTION('',(0.,-1.,0.));
#66 = DIRECTION('',(0.289932885906,0.,0.957046979866));
#67 = DEFINITIONAL_REPRESENTATION('',(#68),#81);
#68 = B_SPLINE_CURVE_WITH_KNOTS('',6,(#69,#70,#71,#72,#73,#74,#75,#76,
    #77,#78,#79,#80),.UNSPECIFIED.,.F.,.F.,(7,5,7),(0.,0.722965639887,1.
    ),.UNSPECIFIED.);
#69 = CARTESIAN_POINT('',(0.52713100707,-5.));
#70 = CARTESIAN_POINT('',(0.52713100707,-5.448571302857));
#71 = CARTESIAN_POINT('',(0.527397490307,-5.89706377538));
#72 = CARTESIAN_POINT('',(0.527930294128,-6.341959331395));
#73 = CARTESIAN_POINT('',(0.528734673536,-6.779534497643));
#74 = CARTESIAN_POINT('',(0.529820152861,-7.205196673672));
#75 = CARTESIAN_POINT('',(0.531727075,-7.768565286835));
#76 = CARTESIAN_POINT('',(0.53229841065,-7.921943103145));
#77 = CARTESIAN_POINT('',(0.532913394742,-8.072236020263));
#78 = CARTESIAN_POINT('',(0.533572583126,-8.219007122993));
#79 = CARTESIAN_POINT('',(0.534276489275,-8.361772448229));
#80 = CARTESIAN_POINT('',(0.535025581805,-8.5000006));
#81 = ( GEOMETRIC_REPRESENTATION_CONTEXT(2) 
PARAMETRIC_REPRESENTATION_CONTEXT() REPRESENTATION_CONTEXT('2D SPACE',''
  ) );
#82 = ORIENTED_EDGE('',*,*,#83,.F.);
#83 = EDGE_CURVE('',#84,#22,#86,.T.);
#84 = VERTEX_POINT('',#85);
#85 = CARTESIAN_POINT('',(-43.,-1.224646799147E-15,2.));
#86 = SEAM_CURVE('',#87,(#91,#98),.PCURVE_S1.);
#87 = LINE('',#88,#89);
#88 = CARTESIAN_POINT('',(-43.,-1.224646799147E-15,1.));
#89 = VECTOR('',#90,1.);
#90 = DIRECTION('',(0.,0.,1.));
#91 = PCURVE('',#41,#92);
#92 = DEFINITIONAL_REPRESENTATION('',(#93),#97);
#93 = LINE('',#94,#95);
#94 = CARTESIAN_POINT('',(6.28318530718,-0.));
#95 = VECTOR('',#96,1.);
#96 = DIRECTION('',(0.,1.));
#97 = ( GEOMETRIC_REPRESENTATION_CONTEXT(2) 
PARAMETRIC_REPRESENTATION_CONTEXT() REPRESENTATION_CONTEXT('2D SPACE',''
  ) );
#98 = PCURVE('',#41,#99);
#99 = DEFINITIONAL_REPRESENTATION('',(#100),#104);
#100 = LINE('',#101,#102);
#101 = CARTESIAN_POINT('',(0.,-0.));
#102 = VECTOR('',#103,1.);
#103 = DIRECTION('',(0.,1.));
#104 = ( GEOMETRIC_REPRESENTATION_CONTEXT(2) 
PARAMETRIC_REPRESENTATION_CONTEXT() REPRESENTATION_CONTEXT('2D SPACE',''
  ) );
#105 = ORIENTED_EDGE('',*,*,#106,.T.);
#106 = EDGE_CURVE('',#84,#84,#107,.T.);
#107 = SURFACE_CURVE('',#108,(#113,#120),.PCURVE_S1.);
#108 = CIRCLE('',#109,5.);
#109 = AXIS2_PLACEMENT_3D('',#110,#111,#112);
#110 = CARTESIAN_POINT('',(-48.,0.,2.));
#111 = DIRECTION('',(0.,0.,1.));
#112 = DIRECTION('',(1.,0.,-0.));
#113 = PCURVE('',#41,#114);
#114 = DEFINITIONAL_REPRESENTATION('',(#115),#119);
#115 = LINE('',#116,#117);
#116 = CARTESIAN_POINT('',(0.,1.));
#117 = VECTOR('',#118,1.);
#118 = DIRECTION('',(1.,0.));
#119 = ( GEOMETRIC_REPRESENTATION_CONTEXT(2) 
PARAMETRIC_REPRESENTATION_CONTEXT() REPRESENTATION_CONTEXT('2D SPACE',''
  ) );
#120 = PCURVE('',#121,#126);
#121 = PLANE('',#122);
#122 = AXIS2_PLACEMENT_3D('',#123,#124,#125);
#123 = CARTESIAN_POINT('',(-48.,0.,2.));
#124 = DIRECTION('',(0.,0.,1.));
#125 = DIRECTION('',(1.,0.,-0.));
#126 = DEFINITIONAL_REPRESENTATION('',(#127),#131);
#127 = CIRCLE('',#128,5.);
#128 = AXIS2_PLACEMENT_2D('',#129,#130);
#129 = CARTESIAN_POINT('',(0.,0.));
#130 = DIRECTION('',(1.,0.));
#131 = ( GEOMETRIC_REPRESENTATION_CONTEXT(2) 
PARAMETRIC_REPRESENTATION_CONTEXT() REPRESENTATION_CONTEXT('2D SPACE',''
  ) );
#132 = ORIENTED_EDGE('',*,*,#83,.T.);
#133 = ORIENTED_EDGE('',*,*,#134,.F.);
#134 = EDGE_CURVE('',#135,#22,#137,.T.);
#135 = VERTEX_POINT('',#136);
#136 = CARTESIAN_POINT('',(-44.42928578572,-3.5,26.623162919683));
#137 = SURFACE_CURVE('',#138,(#151,#167),.PCURVE_S1.);
#138 = B_SPLINE_CURVE_WITH_KNOTS('',6,(#139,#140,#141,#142,#143,#144,
    #145,#146,#147,#148,#149,#150),.UNSPECIFIED.,.F.,.F.,(7,5,7),(0.,
    0.271592680598,1.),.UNSPECIFIED.);
#139 = CARTESIAN_POINT('',(-44.42928637384,-3.5000006,26.623162775219));
#140 = CARTESIAN_POINT('',(-44.29645851619,-3.364489125735,
    26.655790318384));
#141 = CARTESIAN_POINT('',(-44.17145627088,-3.224616500253,
    26.686371477571));
#142 = CARTESIAN_POINT('',(-44.05420680913,-3.080883818278,
    26.714951670139));
#143 = CARTESIAN_POINT('',(-43.94462877217,-2.933748290092,
    26.741575185526));
#144 = CARTESIAN_POINT('',(-43.84263273806,-2.783623595467,
    26.766285202563));
#145 = CARTESIAN_POINT('',(-43.49464453267,-2.221224941971,
    26.85037658588));
#146 = CARTESIAN_POINT('',(-43.29499614982,-1.792714060934,
    26.898170845068));
#147 = CARTESIAN_POINT('',(-43.14703281204,-1.352003433071,
    26.933384558843));
#148 = CARTESIAN_POINT('',(-43.04902256315,-0.903815044825,
    26.95664090653));
#149 = CARTESIAN_POINT('',(-43.,-0.451953175306,26.968273085249));
#150 = CARTESIAN_POINT('',(-43.,-8.881784197001E-16,26.968273085249));
#151 = PCURVE('',#41,#152);
#152 = DEFINITIONAL_REPRESENTATION('',(#153),#166);
#153 = B_SPLINE_CURVE_WITH_KNOTS('',6,(#154,#155,#156,#157,#158,#159,
    #160,#161,#162,#163,#164,#165),.UNSPECIFIED.,.F.,.F.,(7,5,7),(0.,
    0.271592680598,1.),.UNSPECIFIED.);
#154 = CARTESIAN_POINT('',(5.507787642535,25.623162775219));
#155 = CARTESIAN_POINT('',(5.5457384525,25.655790318384));
#156 = CARTESIAN_POINT('',(5.583216588044,25.686371477571));
#157 = CARTESIAN_POINT('',(5.620258985749,25.714951670139));
#158 = CARTESIAN_POINT('',(5.656898039938,25.741575185526));
#159 = CARTESIAN_POINT('',(5.693164073838,25.766285202563));
#160 = CARTESIAN_POINT('',(5.825434711024,25.85037658588));
#161 = CARTESIAN_POINT('',(5.919324242825,25.898170845068));
#162 = CARTESIAN_POINT('',(6.011456727632,25.933384558843));
#163 = CARTESIAN_POINT('',(6.102421926639,25.95664090653));
#164 = CARTESIAN_POINT('',(6.192794672118,25.968273085249));
#165 = CARTESIAN_POINT('',(6.28318530718,25.968273085249));
#166 = ( GEOMETRIC_REPRESENTATION_CONTEXT(2) 
PARAMETRIC_REPRESENTATION_CONTEXT() REPRESENTATION_CONTEXT('2D SPACE',''
  ) );
#167 = PCURVE('',#62,#168);
#168 = DEFINITIONAL_REPRESENTATION('',(#169),#182);
#169 = B_SPLINE_CURVE_WITH_KNOTS('',6,(#170,#171,#172,#173,#174,#175,
    #176,#177,#178,#179,#180,#181),.UNSPECIFIED.,.F.,.F.,(7,5,7),(0.,
    0.271592680598,1.),.UNSPECIFIED.);
#170 = CARTESIAN_POINT('',(0.535025581805,-1.4999994));
#171 = CARTESIAN_POINT('',(0.534291211622,-1.635510874265));
#172 = CARTESIAN_POINT('',(0.533600266152,-1.775383499747));
#173 = CARTESIAN_POINT('',(0.53295230678,-1.919116181722));
#174 = CARTESIAN_POINT('',(0.532346852263,-2.066251709908));
#175 = CARTESIAN_POINT('',(0.531783381012,-2.216376404533));
#176 = CARTESIAN_POINT('',(0.529861209726,-2.778775058029));
#177 = CARTESIAN_POINT('',(0.528758986859,-3.207285939066));
#178 = CARTESIAN_POINT('',(0.527942364751,-3.647996566929));
#179 = CARTESIAN_POINT('',(0.527401523702,-4.096184955175));
#180 = CARTESIAN_POINT('',(0.52713100707,-4.548046824694));
#181 = CARTESIAN_POINT('',(0.52713100707,-5.));
#182 = ( GEOMETRIC_REPRESENTATION_CONTEXT(2) 
PARAMETRIC_REPRESENTATION_CONTEXT() REPRESENTATION_CONTEXT('2D SPACE',''
  ) );
#183 = ORIENTED_EDGE('',*,*,#184,.F.);
#184 = EDGE_CURVE('',#185,#135,#187,.T.);
#185 = VERTEX_POINT('',#186);
#186 = CARTESIAN_POINT('',(-51.57071421427,-3.5,24.717941082837));
#187 = SURFACE_CURVE('',#188,(#227,#269),.PCURVE_S1.);
#188 = B_SPLINE_CURVE_WITH_KNOTS('',7,(#189,#190,#191,#192,#193,#194,
    #195,#196,#197,#198,#199,#200,#201,#202,#203,#204,#205,#206,#207,
    #208,#209,#210,#211,#212,#213,#214,#215,#216,#217,#218,#219,#220,
    #221,#222,#223,#224,#225,#226),.UNSPECIFIED.,.F.,.F.,(8,6,6,6,6,6,8)
  ,(0.,0.177647286954,0.28711455881,0.435763497499,0.592395575971,
    0.700503917805,1.),.UNSPECIFIED.);
#189 = CARTESIAN_POINT('',(-52.08055925432,-2.889469877317,
    24.57023892098));
#190 = CARTESIAN_POINT('',(-51.90883892255,-3.131976295011,
    24.620251665445));
#191 = CARTESIAN_POINT('',(-51.71742902145,-3.366636861947,
    24.675790210738));
#192 = CARTESIAN_POINT('',(-51.50610750476,-3.59161866152,
    24.736833263628));
#193 = CARTESIAN_POINT('',(-51.27476164925,-3.804931548617,
    24.803311707311));
#194 = CARTESIAN_POINT('',(-51.02342615684,-4.004395161579,
    24.875097521884));
#195 = CARTESIAN_POINT('',(-50.75232599352,-4.187603653204,
    24.951994745152));
#196 = CARTESIAN_POINT('',(-50.28297657825,-4.453121179411,
    25.084099728574));
#197 = CARTESIAN_POINT('',(-50.09669442518,-4.547171659547,
    25.136306576782));
#198 = CARTESIAN_POINT('',(-49.90352398546,-4.633221988963,
    25.190194400074));
#199 = CARTESIAN_POINT('',(-49.70398977002,-4.710519576561,
    25.245584096917));
#200 = CARTESIAN_POINT('',(-49.49868665808,-4.778379890236,
    25.302279860419));
#201 = CARTESIAN_POINT('',(-49.28827223409,-4.83618951474,
    25.360072956162));
#202 = CARTESIAN_POINT('',(-48.78175786804,-4.947530269656,
    25.498418732268));
#203 = CARTESIAN_POINT('',(-48.48202414174,-4.992106473552,
    25.579692149712));
#204 = CARTESIAN_POINT('',(-48.17715778429,-5.015563105246,
    25.661715988068));
#205 = CARTESIAN_POINT('',(-47.87025981309,-5.017062450641,
    25.743618643608));
#206 = CARTESIAN_POINT('',(-47.56450793089,-4.996503921483,
    25.824549885606));
#207 = CARTESIAN_POINT('',(-47.26302795294,-4.954524427661,
    25.903715372677));
#208 = CARTESIAN_POINT('',(-46.65869086012,-4.82714251384,
    26.061208027523));
#209 = CARTESIAN_POINT('',(-46.35747121493,-4.739706573609,
    26.139042473425));
#210 = CARTESIAN_POINT('',(-46.06713704042,-4.631737099734,
    26.213444929554));
#211 = CARTESIAN_POINT('',(-45.78950268971,-4.505052539017,
    26.284035325403));
#212 = CARTESIAN_POINT('',(-45.52612189831,-4.361729070036,
    26.350515154591));
#213 = CARTESIAN_POINT('',(-45.27824763461,-4.204085810672,
    26.412668228325));
#214 = CARTESIAN_POINT('',(-44.88703993488,-3.917738297601,
    26.510181600474));
#215 = CARTESIAN_POINT('',(-44.73481255535,-3.794981372075,
    26.547951166386));
#216 = CARTESIAN_POINT('',(-44.59013936712,-3.666961722442,
    26.583692623915));
#217 = CARTESIAN_POINT('',(-44.4530280808,-3.534210064783,
    26.617431876578));
#218 = CARTESIAN_POINT('',(-44.32346482485,-3.397225598069,
    26.649198004127));
#219 = CARTESIAN_POINT('',(-44.20141440808,-3.256476244364,
    26.679023032576));
#220 = CARTESIAN_POINT('',(-43.76935755114,-2.713256669966,
    26.784285715253));
#221 = CARTESIAN_POINT('',(-43.50909091921,-2.288532040088,
    26.847006535231));
#222 = CARTESIAN_POINT('',(-43.30382599172,-1.846178360796,
    26.89608661515));
#223 = CARTESIAN_POINT('',(-43.15149716913,-1.391991199416,26.9323254207
    ));
#224 = CARTESIAN_POINT('',(-43.05051224265,-0.930442248074,
    26.956287387206));
#225 = CARTESIAN_POINT('',(-43.,-0.465278698054,26.968273085249));
#226 = CARTESIAN_POINT('',(-43.,-8.881784197001E-16,26.968273085249));
#227 = PCURVE('',#41,#228);
#228 = DEFINITIONAL_REPRESENTATION('',(#229),#268);
#229 = B_SPLINE_CURVE_WITH_KNOTS('',7,(#230,#231,#232,#233,#234,#235,
    #236,#237,#238,#239,#240,#241,#242,#243,#244,#245,#246,#247,#248,
    #249,#250,#251,#252,#253,#254,#255,#256,#257,#258,#259,#260,#261,
    #262,#263,#264,#265,#266,#267),.UNSPECIFIED.,.F.,.F.,(8,6,6,6,6,6,8)
  ,(0.,0.177647286954,0.28711455881,0.435763497499,0.592395575971,
    0.700503917805,1.),.UNSPECIFIED.);
#230 = CARTESIAN_POINT('',(3.757738420628,23.57023892098));
#231 = CARTESIAN_POINT('',(3.817168121946,23.620251665445));
#232 = CARTESIAN_POINT('',(3.877592957743,23.675790210738));
#233 = CARTESIAN_POINT('',(3.939081962951,23.736833263628));
#234 = CARTESIAN_POINT('',(4.001718431283,23.803311707311));
#235 = CARTESIAN_POINT('',(4.065597503195,23.875097521884));
#236 = CARTESIAN_POINT('',(4.130831269714,23.951994745152));
#237 = CARTESIAN_POINT('',(4.238680874318,24.084099728574));
#238 = CARTESIAN_POINT('',(4.280369824563,24.136306576782));
#239 = CARTESIAN_POINT('',(4.322583637597,24.190194400074));
#240 = CARTESIAN_POINT('',(4.365284520896,24.245584096917));
#241 = CARTESIAN_POINT('',(4.408440486868,24.302279860419));
#242 = CARTESIAN_POINT('',(4.452024345035,24.360072956162));
#243 = CARTESIAN_POINT('',(4.555745811804,24.498418732268));
#244 = CARTESIAN_POINT('',(4.616208717769,24.579692149712));
#245 = CARTESIAN_POINT('',(4.67711558001,24.661715988068));
#246 = CARTESIAN_POINT('',(4.738210816483,24.743618643608));
#247 = CARTESIAN_POINT('',(4.799249948698,24.824549885606));
#248 = CARTESIAN_POINT('',(4.859981180549,24.903715372677));
#249 = CARTESIAN_POINT('',(4.983504372497,25.061208027523));
#250 = CARTESIAN_POINT('',(5.046059941304,25.139042473425));
#251 = CARTESIAN_POINT('',(5.107747427368,25.213444929554));
#252 = CARTESIAN_POINT('',(5.168504977734,25.284035325403));
#253 = CARTESIAN_POINT('',(5.228250453585,25.350515154591));
#254 = CARTESIAN_POINT('',(5.286876015831,25.412668228325));
#255 = CARTESIAN_POINT('',(5.38383752625,25.510181600474));
#256 = CARTESIAN_POINT('',(5.422906118298,25.547951166386));
#257 = CARTESIAN_POINT('',(5.461478527606,25.583692623915));
#258 = CARTESIAN_POINT('',(5.499580276167,25.617431876578));
#259 = CARTESIAN_POINT('',(5.537233752464,25.649198004127));
#260 = CARTESIAN_POINT('',(5.574459596736,25.679023032576));
#261 = CARTESIAN_POINT('',(5.713277554311,25.784285715253));
#262 = CARTESIAN_POINT('',(5.812160710775,25.847006535231));
#263 = CARTESIAN_POINT('',(5.90868856887,25.89608661515));
#264 = CARTESIAN_POINT('',(6.003470545994,25.9323254207));
#265 = CARTESIAN_POINT('',(6.097096959711,25.956287387206));
#266 = CARTESIAN_POINT('',(6.190129567569,25.968273085249));
#267 = CARTESIAN_POINT('',(6.28318530718,25.968273085249));
#268 = ( GEOMETRIC_REPRESENTATION_CONTEXT(2) 
PARAMETRIC_REPRESENTATION_CONTEXT() REPRESENTATION_CONTEXT('2D SPACE',''
  ) );
#269 = PCURVE('',#62,#270);
#270 = DEFINITIONAL_REPRESENTATION('',(#271),#310);
#271 = B_SPLINE_CURVE_WITH_KNOTS('',7,(#272,#273,#274,#275,#276,#277,
    #278,#279,#280,#281,#282,#283,#284,#285,#286,#287,#288,#289,#290,
    #291,#292,#293,#294,#295,#296,#297,#298,#299,#300,#301,#302,#303,
    #304,#305,#306,#307,#308,#309),.UNSPECIFIED.,.F.,.F.,(8,6,6,6,6,6,8)
  ,(0.,0.177647286954,0.28711455881,0.435763497499,0.592395575971,
    0.700503917805,1.),.UNSPECIFIED.);
#272 = CARTESIAN_POINT('',(0.577562470908,-2.110530122683));
#273 = CARTESIAN_POINT('',(0.576602175067,-1.868023704989));
#274 = CARTESIAN_POINT('',(0.575532084384,-1.633363138053));
#275 = CARTESIAN_POINT('',(0.574351084721,-1.40838133848));
#276 = CARTESIAN_POINT('',(0.573058695882,-1.195068451383));
#277 = CARTESIAN_POINT('',(0.571655283586,-0.995604838421));
#278 = CARTESIAN_POINT('',(0.570142292832,-0.812396346796));
#279 = CARTESIAN_POINT('',(0.567524378709,-0.546878820589));
#280 = CARTESIAN_POINT('',(0.566485670382,-0.452828340453));
#281 = CARTESIAN_POINT('',(0.565408914376,-0.366778011037));
#282 = CARTESIAN_POINT('',(0.564297079798,-0.289480423439));
#283 = CARTESIAN_POINT('',(0.563153523171,-0.221620109764));
#284 = CARTESIAN_POINT('',(0.561981943444,-0.16381048526));
#285 = CARTESIAN_POINT('',(0.559162786642,-5.246973034409E-02));
#286 = CARTESIAN_POINT('',(0.557495369115,-7.893526447855E-03));
#287 = CARTESIAN_POINT('',(0.555800299085,1.55631052455E-02));
#288 = CARTESIAN_POINT('',(0.554094862136,1.706245064063E-02));
#289 = CARTESIAN_POINT('',(0.552396711031,-3.496078517004E-03));
#290 = CARTESIAN_POINT('',(0.550723152885,-4.547557233895E-02));
#291 = CARTESIAN_POINT('',(0.547370016652,-0.17285748616));
#292 = CARTESIAN_POINT('',(0.545699613407,-0.260293426391));
#293 = CARTESIAN_POINT('',(0.544090405024,-0.368262900266));
#294 = CARTESIAN_POINT('',(0.542552327022,-0.494947460983));
#295 = CARTESIAN_POINT('',(0.541093853211,-0.638270929964));
#296 = CARTESIAN_POINT('',(0.539721785985,-0.795914189328));
#297 = CARTESIAN_POINT('',(0.537557073073,-1.082261702399));
#298 = CARTESIAN_POINT('',(0.536714963695,-1.205018627925));
#299 = CARTESIAN_POINT('',(0.535914842102,-1.333038277557));
#300 = CARTESIAN_POINT('',(0.535156714175,-1.465789935217));
#301 = CARTESIAN_POINT('',(0.534440469608,-1.602774401931));
#302 = CARTESIAN_POINT('',(0.533765883467,-1.743523755636));
#303 = CARTESIAN_POINT('',(0.531378261014,-2.286743330034));
#304 = CARTESIAN_POINT('',(0.529940856491,-2.711467959912));
#305 = CARTESIAN_POINT('',(0.528807698058,-3.153821639204));
#306 = CARTESIAN_POINT('',(0.52796699984,-3.608008800585));
#307 = CARTESIAN_POINT('',(0.527409744102,-4.069557751925));
#308 = CARTESIAN_POINT('',(0.52713100707,-4.534721301946));
#309 = CARTESIAN_POINT('',(0.52713100707,-5.));
#310 = ( GEOMETRIC_REPRESENTATION_CONTEXT(2) 
PARAMETRIC_REPRESENTATION_CONTEXT() REPRESENTATION_CONTEXT('2D SPACE',''
  ) );
#311 = ORIENTED_EDGE('',*,*,#312,.F.);
#312 = EDGE_CURVE('',#313,#185,#315,.T.);
#313 = VERTEX_POINT('',#314);
#314 = CARTESIAN_POINT('',(-52.08055925432,-2.889469877317,
    24.57023892098));
#315 = SURFACE_CURVE('',#316,(#322,#331),.PCURVE_S1.);
#316 = B_SPLINE_CURVE_WITH_KNOTS('',4,(#317,#318,#319,#320,#321),
  .UNSPECIFIED.,.F.,.F.,(5,5),(0.,1.),.PIECEWISE_BEZIER_KNOTS.);
#317 = CARTESIAN_POINT('',(-52.08055925432,-2.889469877317,
    24.57023892098));
#318 = CARTESIAN_POINT('',(-51.96766800436,-3.048896849848,
    24.603117970177));
#319 = CARTESIAN_POINT('',(-51.84514740685,-3.204313258279,
    24.638698434313));
#320 = CARTESIAN_POINT('',(-51.71286065356,-3.354981674094,
    24.676980711598));
#321 = CARTESIAN_POINT('',(-51.57071362615,-3.5000006,24.717941252307));
#322 = PCURVE('',#41,#323);
#323 = DEFINITIONAL_REPRESENTATION('',(#324),#330);
#324 = B_SPLINE_CURVE_WITH_KNOTS('',4,(#325,#326,#327,#328,#329),
  .UNSPECIFIED.,.F.,.F.,(5,5),(0.,1.),.PIECEWISE_BEZIER_KNOTS.);
#325 = CARTESIAN_POINT('',(3.757738420628,23.57023892098));
#326 = CARTESIAN_POINT('',(3.796808303601,23.603117970177));
#327 = CARTESIAN_POINT('',(3.836336750014,23.638698434313));
#328 = CARTESIAN_POINT('',(3.876376888794,23.676980711598));
#329 = CARTESIAN_POINT('',(3.916990318234,23.717941252307));
#330 = ( GEOMETRIC_REPRESENTATION_CONTEXT(2) 
PARAMETRIC_REPRESENTATION_CONTEXT() REPRESENTATION_CONTEXT('2D SPACE',''
  ) );
#331 = PCURVE('',#62,#332);
#332 = DEFINITIONAL_REPRESENTATION('',(#333),#339);
#333 = B_SPLINE_CURVE_WITH_KNOTS('',4,(#334,#335,#336,#337,#338),
  .UNSPECIFIED.,.F.,.F.,(5,5),(0.,1.),.PIECEWISE_BEZIER_KNOTS.);
#334 = CARTESIAN_POINT('',(0.577562470908,-2.110530122683));
#335 = CARTESIAN_POINT('',(0.576931159539,-1.951103150152));
#336 = CARTESIAN_POINT('',(0.576246153611,-1.795686741721));
#337 = CARTESIAN_POINT('',(0.575506746695,-1.645018325906));
#338 = CARTESIAN_POINT('',(0.574712486972,-1.4999994));
#339 = ( GEOMETRIC_REPRESENTATION_CONTEXT(2) 
PARAMETRIC_REPRESENTATION_CONTEXT() REPRESENTATION_CONTEXT('2D SPACE',''
  ) );
#340 = ORIENTED_EDGE('',*,*,#341,.F.);
#341 = EDGE_CURVE('',#342,#313,#344,.T.);
#342 = VERTEX_POINT('',#343);
#343 = CARTESIAN_POINT('',(-52.08055925432,2.889469877317,24.57023892098
    ));
#344 = SURFACE_CURVE('',#345,(#372,#402),.PCURVE_S1.);
#345 = B_SPLINE_CURVE_WITH_KNOTS('',7,(#346,#347,#348,#349,#350,#351,
    #352,#353,#354,#355,#356,#357,#358,#359,#360,#361,#362,#363,#364,
    #365,#366,#367,#368,#369,#370,#371),.UNSPECIFIED.,.F.,.F.,(8,6,6,6,8
    ),(0.,0.298208844933,0.499998391503,0.701879303716,1.),
  .UNSPECIFIED.);
#346 = CARTESIAN_POINT('',(-52.08055925432,2.889469877317,24.57023892098
    ));
#347 = CARTESIAN_POINT('',(-52.2347753524,2.671683240698,24.525324202811
    ));
#348 = CARTESIAN_POINT('',(-52.37653439942,2.442734187903,
    24.504936343174));
#349 = CARTESIAN_POINT('',(-52.50295137535,2.205962386053,
    24.501113305944));
#350 = CARTESIAN_POINT('',(-52.61345482131,1.963640447015,
    24.508034770527));
#351 = CARTESIAN_POINT('',(-52.70803190228,1.717193596747,
    24.521111904456));
#352 = CARTESIAN_POINT('',(-52.78686829858,1.467497267602,24.53665395084
    ));
#353 = CARTESIAN_POINT('',(-52.89286094367,1.044457083466,
    24.562094104085));
#354 = CARTESIAN_POINT('',(-52.92856317094,0.872219421763,
    24.572211036441));
#355 = CARTESIAN_POINT('',(-52.95712802337,0.698884734553,
    24.581287843807));
#356 = CARTESIAN_POINT('',(-52.97855114247,0.524770653408,
    24.588604633255));
#357 = CARTESIAN_POINT('',(-52.99284254966,0.350123981506,
    24.593657988772));
#358 = CARTESIAN_POINT('',(-53.,0.175142910338,24.596188356629));
#359 = CARTESIAN_POINT('',(-53.,-0.175222210999,24.596188356629));
#360 = CARTESIAN_POINT('',(-52.99283606688,-0.350282246267,
    24.593655697452));
#361 = CARTESIAN_POINT('',(-52.97853175342,-0.525007408841,24.5885977766
    ));
#362 = CARTESIAN_POINT('',(-52.95708930273,-0.699199307384,
    24.58127462037));
#363 = CARTESIAN_POINT('',(-52.92849865655,-0.872610842426,
    24.572190538979));
#364 = CARTESIAN_POINT('',(-52.89276416122,-1.044923959014,
    24.562066677232));
#365 = CARTESIAN_POINT('',(-52.78672311229,-1.467957405723,
    24.536625318208));
#366 = CARTESIAN_POINT('',(-52.7078869046,-1.717570879524,24.52109187681
    ));
#367 = CARTESIAN_POINT('',(-52.61331994651,-1.963935768974,
    24.508026447509));
#368 = CARTESIAN_POINT('',(-52.50283618051,-2.206178016086,
    24.501116864656));
#369 = CARTESIAN_POINT('',(-52.37644843485,-2.442873071359,
    24.504948678768));
#370 = CARTESIAN_POINT('',(-52.23472847097,-2.671749447476,
    24.525337856811));
#371 = CARTESIAN_POINT('',(-52.08055925432,-2.889469877317,
    24.57023892098));
#372 = PCURVE('',#41,#373);
#373 = DEFINITIONAL_REPRESENTATION('',(#374),#401);
#374 = B_SPLINE_CURVE_WITH_KNOTS('',7,(#375,#376,#377,#378,#379,#380,
    #381,#382,#383,#384,#385,#386,#387,#388,#389,#390,#391,#392,#393,
    #394,#395,#396,#397,#398,#399,#400),.UNSPECIFIED.,.F.,.F.,(8,6,6,6,8
    ),(0.,0.298208844933,0.499998391503,0.701879303716,1.),
  .UNSPECIFIED.);
#375 = CARTESIAN_POINT('',(2.525446886552,23.57023892098));
#376 = CARTESIAN_POINT('',(2.578818648373,23.525324202811));
#377 = CARTESIAN_POINT('',(2.63257251836,23.504936343174));
#378 = CARTESIAN_POINT('',(2.68607884,23.501113305944));
#379 = CARTESIAN_POINT('',(2.73916275116,23.508034770527));
#380 = CARTESIAN_POINT('',(2.79180083485,23.521111904456));
#381 = CARTESIAN_POINT('',(2.844074908799,23.53665395084));
#382 = CARTESIAN_POINT('',(2.93129817134,23.562094104085));
#383 = CARTESIAN_POINT('',(2.966448242726,23.572211036441));
#384 = CARTESIAN_POINT('',(3.001535516521,23.581287843807));
#385 = CARTESIAN_POINT('',(3.036568287524,23.588604633255));
#386 = CARTESIAN_POINT('',(3.07156787157,23.593657988772));
#387 = CARTESIAN_POINT('',(3.106564071522,23.596188356629));
#388 = CARTESIAN_POINT('',(3.17663709579,23.596188356629));
#389 = CARTESIAN_POINT('',(3.211649088525,23.593655697452));
#390 = CARTESIAN_POINT('',(3.246664466223,23.5885977766));
#391 = CARTESIAN_POINT('',(3.281713085018,23.58127462037));
#392 = CARTESIAN_POINT('',(3.316816298075,23.572190538979));
#393 = CARTESIAN_POINT('',(3.351982415407,23.562066677232));
#394 = CARTESIAN_POINT('',(3.439206724196,23.536625318208));
#395 = CARTESIAN_POINT('',(3.491465066514,23.52109187681));
#396 = CARTESIAN_POINT('',(3.544087267801,23.508026447509));
#397 = CARTESIAN_POINT('',(3.597155203989,23.501116864656));
#398 = CARTESIAN_POINT('',(3.65064539323,23.504948678768));
#399 = CARTESIAN_POINT('',(3.704382883734,23.525337856811));
#400 = CARTESIAN_POINT('',(3.757738420628,23.57023892098));
#401 = ( GEOMETRIC_REPRESENTATION_CONTEXT(2) 
PARAMETRIC_REPRESENTATION_CONTEXT() REPRESENTATION_CONTEXT('2D SPACE',''
  ) );
#402 = PCURVE('',#403,#408);
#403 = CYLINDRICAL_SURFACE('',#404,1.5);
#404 = AXIS2_PLACEMENT_3D('',#405,#406,#407);
#405 = CARTESIAN_POINT('',(-52.5,-5.,26.010401919002));
#406 = DIRECTION('',(-0.,1.,-0.));
#407 = DIRECTION('',(0.279627163782,0.,-0.960108665347));
#408 = DEFINITIONAL_REPRESENTATION('',(#409),#436);
#409 = B_SPLINE_CURVE_WITH_KNOTS('',7,(#410,#411,#412,#413,#414,#415,
    #416,#417,#418,#419,#420,#421,#422,#423,#424,#425,#426,#427,#428,
    #429,#430,#431,#432,#433,#434,#435),.UNSPECIFIED.,.F.,.F.,(8,6,6,6,8
    ),(0.,0.298208844933,0.499998391503,0.701879303716,1.),
  .UNSPECIFIED.);
#410 = CARTESIAN_POINT('',(6.28318530718,7.889469877317));
#411 = CARTESIAN_POINT('',(6.390267698752,7.671683240698));
#412 = CARTESIAN_POINT('',(6.48480601295,7.442734187903));
#413 = CARTESIAN_POINT('',(6.568430895427,7.205962386053));
#414 = CARTESIAN_POINT('',(6.641804399639,6.963640447015));
#415 = CARTESIAN_POINT('',(6.705289146857,6.717193596747));
#416 = CARTESIAN_POINT('',(6.758812165591,6.467497267602));
#417 = CARTESIAN_POINT('',(6.831480796178,6.044457083466));
#418 = CARTESIAN_POINT('',(6.856198945986,5.872219421763));
#419 = CARTESIAN_POINT('',(6.876170257593,5.698884734553));
#420 = CARTESIAN_POINT('',(6.891260966133,5.524770653408));
#421 = CARTESIAN_POINT('',(6.901367053036,5.350123981506));
#422 = CARTESIAN_POINT('',(6.906427976766,5.175142910338));
#423 = CARTESIAN_POINT('',(6.906427976766,4.824777789001));
#424 = CARTESIAN_POINT('',(6.901362469549,4.649717753733));
#425 = CARTESIAN_POINT('',(6.89124725475,4.474992591159));
#426 = CARTESIAN_POINT('',(6.876142982344,4.300800692616));
#427 = CARTESIAN_POINT('',(6.856153841431,4.127389157574));
#428 = CARTESIAN_POINT('',(6.83141378912,3.955076040986));
#429 = CARTESIAN_POINT('',(6.758713592549,3.532042594277));
#430 = CARTESIAN_POINT('',(6.705191828868,3.282429120476));
#431 = CARTESIAN_POINT('',(6.641714846324,3.036064231026));
#432 = CARTESIAN_POINT('',(6.568354690144,2.793821983914));
#433 = CARTESIAN_POINT('',(6.484748685467,2.557126928641));
#434 = CARTESIAN_POINT('',(6.390235145881,2.328250552524));
#435 = CARTESIAN_POINT('',(6.28318530718,2.110530122683));
#436 = ( GEOMETRIC_REPRESENTATION_CONTEXT(2) 
PARAMETRIC_REPRESENTATION_CONTEXT() REPRESENTATION_CONTEXT('2D SPACE',''
  ) );
#437 = ORIENTED_EDGE('',*,*,#438,.F.);
#438 = EDGE_CURVE('',#439,#342,#441,.T.);
#439 = VERTEX_POINT('',#440);
#440 = CARTESIAN_POINT('',(-51.57071421427,3.5,24.717941082837));
#441 = SURFACE_CURVE('',#442,(#448,#457),.PCURVE_S1.);
#442 = B_SPLINE_CURVE_WITH_KNOTS('',4,(#443,#444,#445,#446,#447),
  .UNSPECIFIED.,.F.,.F.,(5,5),(0.,1.),.PIECEWISE_BEZIER_KNOTS.);
#443 = CARTESIAN_POINT('',(-51.57071362615,3.5000006,24.717941252307));
#444 = CARTESIAN_POINT('',(-51.71286089815,3.354981424564,
    24.676980641119));
#445 = CARTESIAN_POINT('',(-51.84514737192,3.204313250627,
    24.638698444147));
#446 = CARTESIAN_POINT('',(-51.96766786996,3.04889703965,24.603118009321
    ));
#447 = CARTESIAN_POINT('',(-52.08055925432,2.889469877317,24.57023892098
    ));
#448 = PCURVE('',#41,#449);
#449 = DEFINITIONAL_REPRESENTATION('',(#450),#456);
#450 = B_SPLINE_CURVE_WITH_KNOTS('',4,(#451,#452,#453,#454,#455),
  .UNSPECIFIED.,.F.,.F.,(5,5),(0.,1.),.PIECEWISE_BEZIER_KNOTS.);
#451 = CARTESIAN_POINT('',(2.366194988945,23.717941252307));
#452 = CARTESIAN_POINT('',(2.406808488268,23.676980641119));
#453 = CARTESIAN_POINT('',(2.446848589927,23.638698444147));
#454 = CARTESIAN_POINT('',(2.486376957065,23.603118009321));
#455 = CARTESIAN_POINT('',(2.525446886552,23.57023892098));
#456 = ( GEOMETRIC_REPRESENTATION_CONTEXT(2) 
PARAMETRIC_REPRESENTATION_CONTEXT() REPRESENTATION_CONTEXT('2D SPACE',''
  ) );
#457 = PCURVE('',#62,#458);
#458 = DEFINITIONAL_REPRESENTATION('',(#459),#465);
#459 = B_SPLINE_CURVE_WITH_KNOTS('',4,(#460,#461,#462,#463,#464),
  .UNSPECIFIED.,.F.,.F.,(5,5),(0.,1.),.PIECEWISE_BEZIER_KNOTS.);
#460 = CARTESIAN_POINT('',(0.574712486972,-8.5000006));
#461 = CARTESIAN_POINT('',(0.575506748061,-8.354981424564));
#462 = CARTESIAN_POINT('',(0.576246153418,-8.204313250627));
#463 = CARTESIAN_POINT('',(0.576931158787,-8.04889703965));
#464 = CARTESIAN_POINT('',(0.577562470908,-7.889469877317));
#465 = ( GEOMETRIC_REPRESENTATION_CONTEXT(2) 
PARAMETRIC_REPRESENTATION_CONTEXT() REPRESENTATION_CONTEXT('2D SPACE',''
  ) );
#466 = ORIENTED_EDGE('',*,*,#467,.F.);
#467 = EDGE_CURVE('',#24,#439,#468,.T.);
#468 = SURFACE_CURVE('',#469,(#502,#538),.PCURVE_S1.);
#469 = B_SPLINE_CURVE_WITH_KNOTS('',7,(#470,#471,#472,#473,#474,#475,
    #476,#477,#478,#479,#480,#481,#482,#483,#484,#485,#486,#487,#488,
    #489,#490,#491,#492,#493,#494,#495,#496,#497,#498,#499,#500,#501),
  .UNSPECIFIED.,.F.,.F.,(8,6,6,6,6,8),(0.,0.300493847838,0.408323446165,
    0.5645743467,0.707418746022,1.),.UNSPECIFIED.);
#470 = CARTESIAN_POINT('',(-43.,-1.056412609424E-15,26.968273085249));
#471 = CARTESIAN_POINT('',(-43.,0.467581883824,26.968273085249));
#472 = CARTESIAN_POINT('',(-43.05101354073,0.935046687141,
    26.956168437377));
#473 = CARTESIAN_POINT('',(-43.15300030072,1.398844700721,
    26.931968754803));
#474 = CARTESIAN_POINT('',(-43.30684969336,1.855171476216,
    26.895367269911));
#475 = CARTESIAN_POINT('',(-43.51418534801,2.299479977378,
    26.845788387807));
#476 = CARTESIAN_POINT('',(-43.77710973457,2.725866529956,
    26.782417388986));
#477 = CARTESIAN_POINT('',(-44.21294208127,3.269874224291,
    26.676206741486));
#478 = CARTESIAN_POINT('',(-44.33548449489,3.410187041267,
    26.646253147033));
#479 = CARTESIAN_POINT('',(-44.46552972092,3.546712729047,
    26.614359553459));
#480 = CARTESIAN_POINT('',(-44.60311084886,3.678981593652,
    26.580494385308));
#481 = CARTESIAN_POINT('',(-44.74823928419,3.806493013522,
    26.544629121697));
#482 = CARTESIAN_POINT('',(-44.90090449166,3.928715202341,
    26.506738532845));
#483 = CARTESIAN_POINT('',(-45.29316761119,4.213711040847,
    26.408929157822));
#484 = CARTESIAN_POINT('',(-45.54164460298,4.370502832833,
    26.346602945459));
#485 = CARTESIAN_POINT('',(-45.8055734851,4.512907753822,26.279960167257
    ));
#486 = CARTESIAN_POINT('',(-46.083680585,4.638607221019,26.209222488649)
  );
#487 = CARTESIAN_POINT('',(-46.37439101086,4.745531749175,
    26.134694359897));
#488 = CARTESIAN_POINT('',(-46.67586987598,4.831876036922,
    26.056762023213));
#489 = CARTESIAN_POINT('',(-47.26964221019,4.954840375993,
    25.901961709987));
#490 = CARTESIAN_POINT('',(-47.55980087862,4.994945524383,
    25.825759505083));
#491 = CARTESIAN_POINT('',(-47.85390639466,5.015221399909,
    25.747924998216));
#492 = CARTESIAN_POINT('',(-48.14916896963,5.015095456179,25.669167192)
  );
#493 = CARTESIAN_POINT('',(-48.44275205229,4.994630609517,25.59024350276
    ));
#494 = CARTESIAN_POINT('',(-48.73187899255,4.954525350049,
    25.511931303206));
#495 = CARTESIAN_POINT('',(-49.59166113957,4.776473027024,
    25.277402492809));
#496 = CARTESIAN_POINT('',(-50.1327430969,4.581479301219,25.12747943805)
  );
#497 = CARTESIAN_POINT('',(-50.6286972702,4.32330918502,24.988060891636)
  );
#498 = CARTESIAN_POINT('',(-51.07386254189,4.013647313787,
    24.861373590155));
#499 = CARTESIAN_POINT('',(-51.46478611687,3.663966081226,
    24.749023193192));
#500 = CARTESIAN_POINT('',(-51.80008201843,3.285564672957,
    24.651926605729));
#501 = CARTESIAN_POINT('',(-52.08055925432,2.889469877317,24.57023892098
    ));
#502 = PCURVE('',#41,#503);
#503 = DEFINITIONAL_REPRESENTATION('',(#504),#537);
#504 = B_SPLINE_CURVE_WITH_KNOTS('',7,(#505,#506,#507,#508,#509,#510,
    #511,#512,#513,#514,#515,#516,#517,#518,#519,#520,#521,#522,#523,
    #524,#525,#526,#527,#528,#529,#530,#531,#532,#533,#534,#535,#536),
  .UNSPECIFIED.,.F.,.F.,(8,6,6,6,6,8),(0.,0.300493847838,0.408323446165,
    0.5645743467,0.707418746022,1.),.UNSPECIFIED.);
#505 = CARTESIAN_POINT('',(0.,25.968273085249));
#506 = CARTESIAN_POINT('',(9.351637676472E-02,25.968273085249));
#507 = CARTESIAN_POINT('',(0.187009230514,25.956168437377));
#508 = CARTESIAN_POINT('',(0.281105121015,25.931968754803));
#509 = CARTESIAN_POINT('',(0.376373824079,25.89536726991));
#510 = CARTESIAN_POINT('',(0.473414636457,25.845788387807));
#511 = CARTESIAN_POINT('',(0.572846020392,25.782417388986));
#512 = CARTESIAN_POINT('',(0.712258244524,25.676206741486));
#513 = CARTESIAN_POINT('',(0.749482833301,25.646253147033));
#514 = CARTESIAN_POINT('',(0.78713612273,25.614359553459));
#515 = CARTESIAN_POINT('',(0.825238448848,25.580494385308));
#516 = CARTESIAN_POINT('',(0.863811918616,25.544629121697));
#517 = CARTESIAN_POINT('',(0.902881780668,25.506738532846));
#518 = CARTESIAN_POINT('',(0.999854556829,25.408929157822));
#519 = CARTESIAN_POINT('',(1.058490757824,25.346602945459));
#520 = CARTESIAN_POINT('',(1.118244937005,25.279960167257));
#521 = CARTESIAN_POINT('',(1.179006999764,25.209222488649));
#522 = CARTESIAN_POINT('',(1.240692635568,25.134694359897));
#523 = CARTESIAN_POINT('',(1.303237734583,25.056762023213));
#524 = CARTESIAN_POINT('',(1.424511938527,24.901961709987));
#525 = CARTESIAN_POINT('',(1.482964481049,24.825759505083));
#526 = CARTESIAN_POINT('',(1.541703198146,24.747924998216));
#527 = CARTESIAN_POINT('',(1.600501940112,24.669167192));
#528 = CARTESIAN_POINT('',(1.659140920628,24.59024350276));
#529 = CARTESIAN_POINT('',(1.717391411,24.511931303206));
#530 = CARTESIAN_POINT('',(1.89299641891,24.277402492809));
#531 = CARTESIAN_POINT('',(2.006872980741,24.127479438051));
#532 = CARTESIAN_POINT('',(2.117156075311,23.988060891636));
#533 = CARTESIAN_POINT('',(2.224108623765,23.861373590155));
#534 = CARTESIAN_POINT('',(2.327861641077,23.749023193192));
#535 = CARTESIAN_POINT('',(2.428378134218,23.651926605729));
#536 = CARTESIAN_POINT('',(2.525446886552,23.57023892098));
#537 = ( GEOMETRIC_REPRESENTATION_CONTEXT(2) 
PARAMETRIC_REPRESENTATION_CONTEXT() REPRESENTATION_CONTEXT('2D SPACE',''
  ) );
#538 = PCURVE('',#62,#539);
#539 = DEFINITIONAL_REPRESENTATION('',(#540),#573);
#540 = B_SPLINE_CURVE_WITH_KNOTS('',7,(#541,#542,#543,#544,#545,#546,
    #547,#548,#549,#550,#551,#552,#553,#554,#555,#556,#557,#558,#559,
    #560,#561,#562,#563,#564,#565,#566,#567,#568,#569,#570,#571,#572),
  .UNSPECIFIED.,.F.,.F.,(8,6,6,6,6,8),(0.,0.300493847838,0.408323446165,
    0.5645743467,0.707418746022,1.),.UNSPECIFIED.);
#541 = CARTESIAN_POINT('',(0.52713100707,-5.));
#542 = CARTESIAN_POINT('',(0.52713100707,-5.467581883824));
#543 = CARTESIAN_POINT('',(0.527412510369,-5.935046687141));
#544 = CARTESIAN_POINT('',(0.52797529443,-6.398844700721));
#545 = CARTESIAN_POINT('',(0.528824385791,-6.855171476217));
#546 = CARTESIAN_POINT('',(0.529968980169,-7.299479977378));
#547 = CARTESIAN_POINT('',(0.531421075082,-7.725866529956));
#548 = CARTESIAN_POINT('',(0.53382959732,-8.269874224291));
#549 = CARTESIAN_POINT('',(0.53450691341,-8.410187041267));
#550 = CARTESIAN_POINT('',(0.535225834263,-8.546712729047));
#551 = CARTESIAN_POINT('',(0.535986573293,-8.678981593652));
#552 = CARTESIAN_POINT('',(0.536789227249,-8.806493013522));
#553 = CARTESIAN_POINT('',(0.537633774678,-8.928715202341));
#554 = CARTESIAN_POINT('',(0.539804370425,-9.213711040847));
#555 = CARTESIAN_POINT('',(0.54117980269,-9.370502832833));
#556 = CARTESIAN_POINT('',(0.542641343879,-9.512907753822));
#557 = CARTESIAN_POINT('',(0.544182076706,-9.638607221019));
#558 = CARTESIAN_POINT('',(0.545793409488,-9.745531749175));
#559 = CARTESIAN_POINT('',(0.547465291755,-9.831876036922));
#560 = CARTESIAN_POINT('',(0.550759892358,-9.954840375993));
#561 = CARTESIAN_POINT('',(0.552370617554,-9.994945524383));
#562 = CARTESIAN_POINT('',(0.554004065722,-10.0152213999));
#563 = CARTESIAN_POINT('',(0.555644790128,-10.01509545617));
#564 = CARTESIAN_POINT('',(0.557277035234,-9.994630609517));
#565 = CARTESIAN_POINT('',(0.558885327809,-9.954525350049));
#566 = CARTESIAN_POINT('',(0.563670269139,-9.776473027024));
#567 = CARTESIAN_POINT('',(0.566684839691,-9.581479301219));
#568 = CARTESIAN_POINT('',(0.56945086596,-9.32330918502));
#569 = CARTESIAN_POINT('',(0.571935901435,-9.013647313787));
#570 = CARTESIAN_POINT('',(0.574119775253,-8.663966081226));
#571 = CARTESIAN_POINT('',(0.57599398382,-8.285564672957));
#572 = CARTESIAN_POINT('',(0.577562470908,-7.889469877317));
#573 = ( GEOMETRIC_REPRESENTATION_CONTEXT(2) 
PARAMETRIC_REPRESENTATION_CONTEXT() REPRESENTATION_CONTEXT('2D SPACE',''
  ) );
#574 = ADVANCED_FACE('',(#575,#606),#121,.T.);
#575 = FACE_BOUND('',#576,.T.);
#576 = EDGE_LOOP('',(#577));
#577 = ORIENTED_EDGE('',*,*,#578,.T.);
#578 = EDGE_CURVE('',#579,#579,#581,.T.);
#579 = VERTEX_POINT('',#580);
#580 = CARTESIAN_POINT('',(-41.,-1.714505518806E-15,2.));
#581 = SURFACE_CURVE('',#582,(#587,#594),.PCURVE_S1.);
#582 = CIRCLE('',#583,7.);
#583 = AXIS2_PLACEMENT_3D('',#584,#585,#586);
#584 = CARTESIAN_POINT('',(-48.,0.,2.));
#585 = DIRECTION('',(0.,0.,1.));
#586 = DIRECTION('',(1.,0.,-0.));
#587 = PCURVE('',#121,#588);
#588 = DEFINITIONAL_REPRESENTATION('',(#589),#593);
#589 = CIRCLE('',#590,7.);
#590 = AXIS2_PLACEMENT_2D('',#591,#592);
#591 = CARTESIAN_POINT('',(0.,0.));
#592 = DIRECTION('',(1.,0.));
#593 = ( GEOMETRIC_REPRESENTATION_CONTEXT(2) 
PARAMETRIC_REPRESENTATION_CONTEXT() REPRESENTATION_CONTEXT('2D SPACE',''
  ) );
#594 = PCURVE('',#595,#600);
#595 = CYLINDRICAL_SURFACE('',#596,7.);
#596 = AXIS2_PLACEMENT_3D('',#597,#598,#599);
#597 = CARTESIAN_POINT('',(-48.,0.,0.));
#598 = DIRECTION('',(0.,0.,1.));
#599 = DIRECTION('',(1.,0.,-0.));
#600 = DEFINITIONAL_REPRESENTATION('',(#601),#605);
#601 = LINE('',#602,#603);
#602 = CARTESIAN_POINT('',(0.,2.));
#603 = VECTOR('',#604,1.);
#604 = DIRECTION('',(1.,0.));
#605 = ( GEOMETRIC_REPRESENTATION_CONTEXT(2) 
PARAMETRIC_REPRESENTATION_CONTEXT() REPRESENTATION_CONTEXT('2D SPACE',''
  ) );
#606 = FACE_BOUND('',#607,.T.);
#607 = EDGE_LOOP('',(#608));
#608 = ORIENTED_EDGE('',*,*,#106,.F.);
#609 = ADVANCED_FACE('',(#610),#595,.T.);
#610 = FACE_BOUND('',#611,.T.);
#611 = EDGE_LOOP('',(#612,#613,#636,#663));
#612 = ORIENTED_EDGE('',*,*,#578,.F.);
#613 = ORIENTED_EDGE('',*,*,#614,.F.);
#614 = EDGE_CURVE('',#615,#579,#617,.T.);
#615 = VERTEX_POINT('',#616);
#616 = CARTESIAN_POINT('',(-41.,-1.714505518806E-15,0.));
#617 = SEAM_CURVE('',#618,(#622,#629),.PCURVE_S1.);
#618 = LINE('',#619,#620);
#619 = CARTESIAN_POINT('',(-41.,-1.714505518806E-15,0.));
#620 = VECTOR('',#621,1.);
#621 = DIRECTION('',(0.,0.,1.));
#622 = PCURVE('',#595,#623);
#623 = DEFINITIONAL_REPRESENTATION('',(#624),#628);
#624 = LINE('',#625,#626);
#625 = CARTESIAN_POINT('',(0.,-0.));
#626 = VECTOR('',#627,1.);
#627 = DIRECTION('',(0.,1.));
#628 = ( GEOMETRIC_REPRESENTATION_CONTEXT(2) 
PARAMETRIC_REPRESENTATION_CONTEXT() REPRESENTATION_CONTEXT('2D SPACE',''
  ) );
#629 = PCURVE('',#595,#630);
#630 = DEFINITIONAL_REPRESENTATION('',(#631),#635);
#631 = LINE('',#632,#633);
#632 = CARTESIAN_POINT('',(6.28318530718,-0.));
#633 = VECTOR('',#634,1.);
#634 = DIRECTION('',(0.,1.));
#635 = ( GEOMETRIC_REPRESENTATION_CONTEXT(2) 
PARAMETRIC_REPRESENTATION_CONTEXT() REPRESENTATION_CONTEXT('2D SPACE',''
  ) );
#636 = ORIENTED_EDGE('',*,*,#637,.T.);
#637 = EDGE_CURVE('',#615,#615,#638,.T.);
#638 = SURFACE_CURVE('',#639,(#644,#651),.PCURVE_S1.);
#639 = CIRCLE('',#640,7.);
#640 = AXIS2_PLACEMENT_3D('',#641,#642,#643);
#641 = CARTESIAN_POINT('',(-48.,0.,0.));
#642 = DIRECTION('',(0.,0.,1.));
#643 = DIRECTION('',(1.,0.,-0.));
#644 = PCURVE('',#595,#645);
#645 = DEFINITIONAL_REPRESENTATION('',(#646),#650);
#646 = LINE('',#647,#648);
#647 = CARTESIAN_POINT('',(0.,0.));
#648 = VECTOR('',#649,1.);
#649 = DIRECTION('',(1.,0.));
#650 = ( GEOMETRIC_REPRESENTATION_CONTEXT(2) 
PARAMETRIC_REPRESENTATION_CONTEXT() REPRESENTATION_CONTEXT('2D SPACE',''
  ) );
#651 = PCURVE('',#652,#657);
#652 = PLANE('',#653);
#653 = AXIS2_PLACEMENT_3D('',#654,#655,#656);
#654 = CARTESIAN_POINT('',(-48.,0.,0.));
#655 = DIRECTION('',(0.,0.,1.));
#656 = DIRECTION('',(1.,0.,-0.));
#657 = DEFINITIONAL_REPRESENTATION('',(#658),#662);
#658 = CIRCLE('',#659,7.);
#659 = AXIS2_PLACEMENT_2D('',#660,#661);
#660 = CARTESIAN_POINT('',(0.,0.));
#661 = DIRECTION('',(1.,0.));
#662 = ( GEOMETRIC_REPRESENTATION_CONTEXT(2) 
PARAMETRIC_REPRESENTATION_CONTEXT() REPRESENTATION_CONTEXT('2D SPACE',''
  ) );
#663 = ORIENTED_EDGE('',*,*,#614,.T.);
#664 = ADVANCED_FACE('',(#665),#652,.F.);
#665 = FACE_BOUND('',#666,.T.);
#666 = EDGE_LOOP('',(#667));
#667 = ORIENTED_EDGE('',*,*,#637,.F.);
#668 = ADVANCED_FACE('',(#669),#403,.T.);
#669 = FACE_BOUND('',#670,.T.);
#670 = EDGE_LOOP('',(#671,#693,#715,#743,#771,#799,#821,#841));
#671 = ORIENTED_EDGE('',*,*,#672,.F.);
#672 = EDGE_CURVE('',#673,#313,#675,.T.);
#673 = VERTEX_POINT('',#674);
#674 = CARTESIAN_POINT('',(-52.08055925432,-3.5,24.57023892098));
#675 = SURFACE_CURVE('',#676,(#680,#686),.PCURVE_S1.);
#676 = LINE('',#677,#678);
#677 = CARTESIAN_POINT('',(-52.08055925432,-5.,24.57023892098));
#678 = VECTOR('',#679,1.);
#679 = DIRECTION('',(-0.,1.,-0.));
#680 = PCURVE('',#403,#681);
#681 = DEFINITIONAL_REPRESENTATION('',(#682),#685);
#682 = B_SPLINE_CURVE_WITH_KNOTS('',1,(#683,#684),.UNSPECIFIED.,.F.,.F.,
  (2,2),(1.5,2.110530122683),.PIECEWISE_BEZIER_KNOTS.);
#683 = CARTESIAN_POINT('',(6.28318530718,1.5));
#684 = CARTESIAN_POINT('',(6.28318530718,2.110530122683));
#685 = ( GEOMETRIC_REPRESENTATION_CONTEXT(2) 
PARAMETRIC_REPRESENTATION_CONTEXT() REPRESENTATION_CONTEXT('2D SPACE',''
  ) );
#686 = PCURVE('',#62,#687);
#687 = DEFINITIONAL_REPRESENTATION('',(#688),#692);
#688 = LINE('',#689,#690);
#689 = CARTESIAN_POINT('',(0.577562470908,0.));
#690 = VECTOR('',#691,1.);
#691 = DIRECTION('',(-0.,-1.));
#692 = ( GEOMETRIC_REPRESENTATION_CONTEXT(2) 
PARAMETRIC_REPRESENTATION_CONTEXT() REPRESENTATION_CONTEXT('2D SPACE',''
  ) );
#693 = ORIENTED_EDGE('',*,*,#694,.F.);
#694 = EDGE_CURVE('',#695,#673,#697,.T.);
#695 = VERTEX_POINT('',#696);
#696 = CARTESIAN_POINT('',(-52.08055925432,-5.5,24.57023892098));
#697 = SURFACE_CURVE('',#698,(#702,#708),.PCURVE_S1.);
#698 = LINE('',#699,#700);
#699 = CARTESIAN_POINT('',(-52.08055925432,-7.,24.57023892098));
#700 = VECTOR('',#701,1.);
#701 = DIRECTION('',(-0.,1.,-0.));
#702 = PCURVE('',#403,#703);
#703 = DEFINITIONAL_REPRESENTATION('',(#704),#707);
#704 = B_SPLINE_CURVE_WITH_KNOTS('',1,(#705,#706),.UNSPECIFIED.,.F.,.F.,
  (2,2),(1.5,3.5),.PIECEWISE_BEZIER_KNOTS.);
#705 = CARTESIAN_POINT('',(6.28318530718,-0.5));
#706 = CARTESIAN_POINT('',(6.28318530718,1.5));
#707 = ( GEOMETRIC_REPRESENTATION_CONTEXT(2) 
PARAMETRIC_REPRESENTATION_CONTEXT() REPRESENTATION_CONTEXT('2D SPACE',''
  ) );
#708 = PCURVE('',#62,#709);
#709 = DEFINITIONAL_REPRESENTATION('',(#710),#714);
#710 = LINE('',#711,#712);
#711 = CARTESIAN_POINT('',(0.577562470908,2.));
#712 = VECTOR('',#713,1.);
#713 = DIRECTION('',(-0.,-1.));
#714 = ( GEOMETRIC_REPRESENTATION_CONTEXT(2) 
PARAMETRIC_REPRESENTATION_CONTEXT() REPRESENTATION_CONTEXT('2D SPACE',''
  ) );
#715 = ORIENTED_EDGE('',*,*,#716,.T.);
#716 = EDGE_CURVE('',#695,#717,#719,.T.);
#717 = VERTEX_POINT('',#718);
#718 = CARTESIAN_POINT('',(-54.,-5.5,26.010401919002));
#719 = SURFACE_CURVE('',#720,(#725,#731),.PCURVE_S1.);
#720 = CIRCLE('',#721,1.5);
#721 = AXIS2_PLACEMENT_3D('',#722,#723,#724);
#722 = CARTESIAN_POINT('',(-52.5,-5.5,26.010401919002));
#723 = DIRECTION('',(0.,1.,0.));
#724 = DIRECTION('',(0.279627163782,0.,-0.960108665348));
#725 = PCURVE('',#403,#726);
#726 = DEFINITIONAL_REPRESENTATION('',(#727),#730);
#727 = B_SPLINE_CURVE_WITH_KNOTS('',1,(#728,#729),.UNSPECIFIED.,.F.,.F.,
  (2,2),(0.,1.854202086927),.PIECEWISE_BEZIER_KNOTS.);
#728 = CARTESIAN_POINT('',(6.28318530718,-0.5));
#729 = CARTESIAN_POINT('',(8.137387394106,-0.5));
#730 = ( GEOMETRIC_REPRESENTATION_CONTEXT(2) 
PARAMETRIC_REPRESENTATION_CONTEXT() REPRESENTATION_CONTEXT('2D SPACE',''
  ) );
#731 = PCURVE('',#732,#737);
#732 = SPHERICAL_SURFACE('',#733,1.5);
#733 = AXIS2_PLACEMENT_3D('',#734,#735,#736);
#734 = CARTESIAN_POINT('',(-52.5,-5.5,26.010401919002));
#735 = DIRECTION('',(0.,1.,0.));
#736 = DIRECTION('',(0.279627163782,0.,-0.960108665348));
#737 = DEFINITIONAL_REPRESENTATION('',(#738),#742);
#738 = LINE('',#739,#740);
#739 = CARTESIAN_POINT('',(0.,0.));
#740 = VECTOR('',#741,1.);
#741 = DIRECTION('',(1.,0.));
#742 = ( GEOMETRIC_REPRESENTATION_CONTEXT(2) 
PARAMETRIC_REPRESENTATION_CONTEXT() REPRESENTATION_CONTEXT('2D SPACE',''
  ) );
#743 = ORIENTED_EDGE('',*,*,#744,.T.);
#744 = EDGE_CURVE('',#717,#745,#747,.T.);
#745 = VERTEX_POINT('',#746);
#746 = CARTESIAN_POINT('',(-54.,5.5,26.010401919002));
#747 = SURFACE_CURVE('',#748,(#752,#759),.PCURVE_S1.);
#748 = LINE('',#749,#750);
#749 = CARTESIAN_POINT('',(-54.,-5.5,26.010401919002));
#750 = VECTOR('',#751,1.);
#751 = DIRECTION('',(0.,1.,0.));
#752 = PCURVE('',#403,#753);
#753 = DEFINITIONAL_REPRESENTATION('',(#754),#758);
#754 = LINE('',#755,#756);
#755 = CARTESIAN_POINT('',(8.137387394106,-0.5));
#756 = VECTOR('',#757,1.);
#757 = DIRECTION('',(-0.,1.));
#758 = ( GEOMETRIC_REPRESENTATION_CONTEXT(2) 
PARAMETRIC_REPRESENTATION_CONTEXT() REPRESENTATION_CONTEXT('2D SPACE',''
  ) );
#759 = PCURVE('',#760,#765);
#760 = PLANE('',#761);
#761 = AXIS2_PLACEMENT_3D('',#762,#763,#764);
#762 = CARTESIAN_POINT('',(-54.,-5.,24.));
#763 = DIRECTION('',(1.,0.,0.));
#764 = DIRECTION('',(0.,0.,1.));
#765 = DEFINITIONAL_REPRESENTATION('',(#766),#770);
#766 = LINE('',#767,#768);
#767 = CARTESIAN_POINT('',(2.010401919002,0.5));
#768 = VECTOR('',#769,1.);
#769 = DIRECTION('',(0.,-1.));
#770 = ( GEOMETRIC_REPRESENTATION_CONTEXT(2) 
PARAMETRIC_REPRESENTATION_CONTEXT() REPRESENTATION_CONTEXT('2D SPACE',''
  ) );
#771 = ORIENTED_EDGE('',*,*,#772,.F.);
#772 = EDGE_CURVE('',#773,#745,#775,.T.);
#773 = VERTEX_POINT('',#774);
#774 = CARTESIAN_POINT('',(-52.08055925432,5.5,24.57023892098));
#775 = SURFACE_CURVE('',#776,(#781,#787),.PCURVE_S1.);
#776 = CIRCLE('',#777,1.5);
#777 = AXIS2_PLACEMENT_3D('',#778,#779,#780);
#778 = CARTESIAN_POINT('',(-52.5,5.5,26.010401919002));
#779 = DIRECTION('',(-0.,1.,0.));
#780 = DIRECTION('',(0.279627163782,0.,-0.960108665348));
#781 = PCURVE('',#403,#782);
#782 = DEFINITIONAL_REPRESENTATION('',(#783),#786);
#783 = B_SPLINE_CURVE_WITH_KNOTS('',1,(#784,#785),.UNSPECIFIED.,.F.,.F.,
  (2,2),(0.,1.854202086927),.PIECEWISE_BEZIER_KNOTS.);
#784 = CARTESIAN_POINT('',(6.28318530718,10.5));
#785 = CARTESIAN_POINT('',(8.137387394106,10.5));
#786 = ( GEOMETRIC_REPRESENTATION_CONTEXT(2) 
PARAMETRIC_REPRESENTATION_CONTEXT() REPRESENTATION_CONTEXT('2D SPACE',''
  ) );
#787 = PCURVE('',#788,#793);
#788 = SPHERICAL_SURFACE('',#789,1.5);
#789 = AXIS2_PLACEMENT_3D('',#790,#791,#792);
#790 = CARTESIAN_POINT('',(-52.5,5.5,26.010401919002));
#791 = DIRECTION('',(0.,-1.,0.));
#792 = DIRECTION('',(0.279627163782,0.,-0.960108665348));
#793 = DEFINITIONAL_REPRESENTATION('',(#794),#798);
#794 = LINE('',#795,#796);
#795 = CARTESIAN_POINT('',(-0.,0.));
#796 = VECTOR('',#797,1.);
#797 = DIRECTION('',(-1.,0.));
#798 = ( GEOMETRIC_REPRESENTATION_CONTEXT(2) 
PARAMETRIC_REPRESENTATION_CONTEXT() REPRESENTATION_CONTEXT('2D SPACE',''
  ) );
#799 = ORIENTED_EDGE('',*,*,#800,.F.);
#800 = EDGE_CURVE('',#801,#773,#803,.T.);
#801 = VERTEX_POINT('',#802);
#802 = CARTESIAN_POINT('',(-52.08055925432,3.5,24.57023892098));
#803 = SURFACE_CURVE('',#804,(#808,#814),.PCURVE_S1.);
#804 = LINE('',#805,#806);
#805 = CARTESIAN_POINT('',(-52.08055925432,-7.,24.57023892098));
#806 = VECTOR('',#807,1.);
#807 = DIRECTION('',(-0.,1.,-0.));
#808 = PCURVE('',#403,#809);
#809 = DEFINITIONAL_REPRESENTATION('',(#810),#813);
#810 = B_SPLINE_CURVE_WITH_KNOTS('',1,(#811,#812),.UNSPECIFIED.,.F.,.F.,
  (2,2),(10.5,12.5),.PIECEWISE_BEZIER_KNOTS.);
#811 = CARTESIAN_POINT('',(6.28318530718,8.5));
#812 = CARTESIAN_POINT('',(6.28318530718,10.5));
#813 = ( GEOMETRIC_REPRESENTATION_CONTEXT(2) 
PARAMETRIC_REPRESENTATION_CONTEXT() REPRESENTATION_CONTEXT('2D SPACE',''
  ) );
#814 = PCURVE('',#62,#815);
#815 = DEFINITIONAL_REPRESENTATION('',(#816),#820);
#816 = LINE('',#817,#818);
#817 = CARTESIAN_POINT('',(0.577562470908,2.));
#818 = VECTOR('',#819,1.);
#819 = DIRECTION('',(-0.,-1.));
#820 = ( GEOMETRIC_REPRESENTATION_CONTEXT(2) 
PARAMETRIC_REPRESENTATION_CONTEXT() REPRESENTATION_CONTEXT('2D SPACE',''
  ) );
#821 = ORIENTED_EDGE('',*,*,#822,.F.);
#822 = EDGE_CURVE('',#342,#801,#823,.T.);
#823 = SURFACE_CURVE('',#824,(#828,#834),.PCURVE_S1.);
#824 = LINE('',#825,#826);
#825 = CARTESIAN_POINT('',(-52.08055925432,-5.,24.57023892098));
#826 = VECTOR('',#827,1.);
#827 = DIRECTION('',(-0.,1.,-0.));
#828 = PCURVE('',#403,#829);
#829 = DEFINITIONAL_REPRESENTATION('',(#830),#833);
#830 = B_SPLINE_CURVE_WITH_KNOTS('',1,(#831,#832),.UNSPECIFIED.,.F.,.F.,
  (2,2),(7.889469877317,8.5),.PIECEWISE_BEZIER_KNOTS.);
#831 = CARTESIAN_POINT('',(6.28318530718,7.889469877317));
#832 = CARTESIAN_POINT('',(6.28318530718,8.5));
#833 = ( GEOMETRIC_REPRESENTATION_CONTEXT(2) 
PARAMETRIC_REPRESENTATION_CONTEXT() REPRESENTATION_CONTEXT('2D SPACE',''
  ) );
#834 = PCURVE('',#62,#835);
#835 = DEFINITIONAL_REPRESENTATION('',(#836),#840);
#836 = LINE('',#837,#838);
#837 = CARTESIAN_POINT('',(0.577562470908,0.));
#838 = VECTOR('',#839,1.);
#839 = DIRECTION('',(-0.,-1.));
#840 = ( GEOMETRIC_REPRESENTATION_CONTEXT(2) 
PARAMETRIC_REPRESENTATION_CONTEXT() REPRESENTATION_CONTEXT('2D SPACE',''
  ) );
#841 = ORIENTED_EDGE('',*,*,#341,.T.);
#842 = ADVANCED_FACE('',(#843),#788,.T.);
#843 = FACE_BOUND('',#844,.F.);
#844 = EDGE_LOOP('',(#845,#872,#897));
#845 = ORIENTED_EDGE('',*,*,#846,.F.);
#846 = EDGE_CURVE('',#847,#773,#849,.T.);
#847 = VERTEX_POINT('',#848);
#848 = CARTESIAN_POINT('',(-52.5,7.,26.010401919002));
#849 = SURFACE_CURVE('',#850,(#855,#861),.PCURVE_S1.);
#850 = CIRCLE('',#851,1.5);
#851 = AXIS2_PLACEMENT_3D('',#852,#853,#854);
#852 = CARTESIAN_POINT('',(-52.5,5.5,26.010401919002));
#853 = DIRECTION('',(-0.960108665348,-0.,-0.279627163782));
#854 = DIRECTION('',(0.279627163782,0.,-0.960108665348));
#855 = PCURVE('',#788,#856);
#856 = DEFINITIONAL_REPRESENTATION('',(#857),#860);
#857 = B_SPLINE_CURVE_WITH_KNOTS('',1,(#858,#859),.UNSPECIFIED.,.F.,.F.,
  (2,2),(4.712388980385,6.28318530718),.PIECEWISE_BEZIER_KNOTS.);
#858 = CARTESIAN_POINT('',(0.,-1.570796326795));
#859 = CARTESIAN_POINT('',(0.,0.));
#860 = ( GEOMETRIC_REPRESENTATION_CONTEXT(2) 
PARAMETRIC_REPRESENTATION_CONTEXT() REPRESENTATION_CONTEXT('2D SPACE',''
  ) );
#861 = PCURVE('',#862,#867);
#862 = TOROIDAL_SURFACE('',#863,187.75,1.5);
#863 = AXIS2_PLACEMENT_3D('',#864,#865,#866);
#864 = CARTESIAN_POINT('',(0.,5.5,-154.25));
#865 = DIRECTION('',(-0.,1.,-0.));
#866 = DIRECTION('',(-0.118120805369,0.,0.992999232295));
#867 = DEFINITIONAL_REPRESENTATION('',(#868),#871);
#868 = B_SPLINE_CURVE_WITH_KNOTS('',1,(#869,#870),.UNSPECIFIED.,.F.,.F.,
  (2,2),(4.712388980385,6.28318530718),.PIECEWISE_BEZIER_KNOTS.);
#869 = CARTESIAN_POINT('',(-0.165008535108,1.570796326795));
#870 = CARTESIAN_POINT('',(-0.165008535108,3.14159265359));
#871 = ( GEOMETRIC_REPRESENTATION_CONTEXT(2) 
PARAMETRIC_REPRESENTATION_CONTEXT() REPRESENTATION_CONTEXT('2D SPACE',''
  ) );
#872 = ORIENTED_EDGE('',*,*,#873,.T.);
#873 = EDGE_CURVE('',#847,#745,#874,.T.);
#874 = SURFACE_CURVE('',#875,(#880,#886),.PCURVE_S1.);
#875 = CIRCLE('',#876,1.5);
#876 = AXIS2_PLACEMENT_3D('',#877,#878,#879);
#877 = CARTESIAN_POINT('',(-52.5,5.5,26.010401919002));
#878 = DIRECTION('',(-6.293893443352E-15,0.,1.));
#879 = DIRECTION('',(-1.,0.,-6.293893443352E-15));
#880 = PCURVE('',#788,#881);
#881 = DEFINITIONAL_REPRESENTATION('',(#882),#885);
#882 = B_SPLINE_CURVE_WITH_KNOTS('',1,(#883,#884),.UNSPECIFIED.,.F.,.F.,
  (2,2),(4.712388980385,6.28318530718),.PIECEWISE_BEZIER_KNOTS.);
#883 = CARTESIAN_POINT('',(-1.854202086927,-1.570796326795));
#884 = CARTESIAN_POINT('',(-1.854202086927,0.));
#885 = ( GEOMETRIC_REPRESENTATION_CONTEXT(2) 
PARAMETRIC_REPRESENTATION_CONTEXT() REPRESENTATION_CONTEXT('2D SPACE',''
  ) );
#886 = PCURVE('',#887,#892);
#887 = CYLINDRICAL_SURFACE('',#888,1.5);
#888 = AXIS2_PLACEMENT_3D('',#889,#890,#891);
#889 = CARTESIAN_POINT('',(-52.5,5.5,24.));
#890 = DIRECTION('',(0.,0.,1.));
#891 = DIRECTION('',(-0.,1.,0.));
#892 = DEFINITIONAL_REPRESENTATION('',(#893),#896);
#893 = B_SPLINE_CURVE_WITH_KNOTS('',1,(#894,#895),.UNSPECIFIED.,.F.,.F.,
  (2,2),(4.712388980385,6.28318530718),.PIECEWISE_BEZIER_KNOTS.);
#894 = CARTESIAN_POINT('',(0.,2.010401919002));
#895 = CARTESIAN_POINT('',(1.570796326795,2.010401919002));
#896 = ( GEOMETRIC_REPRESENTATION_CONTEXT(2) 
PARAMETRIC_REPRESENTATION_CONTEXT() REPRESENTATION_CONTEXT('2D SPACE',''
  ) );
#897 = ORIENTED_EDGE('',*,*,#772,.F.);
#898 = ADVANCED_FACE('',(#899),#887,.T.);
#899 = FACE_BOUND('',#900,.T.);
#900 = EDGE_LOOP('',(#901,#902,#925,#952));
#901 = ORIENTED_EDGE('',*,*,#873,.T.);
#902 = ORIENTED_EDGE('',*,*,#903,.T.);
#903 = EDGE_CURVE('',#745,#904,#906,.T.);
#904 = VERTEX_POINT('',#905);
#905 = CARTESIAN_POINT('',(-54.,5.5,30.883600708618));
#906 = SURFACE_CURVE('',#907,(#911,#918),.PCURVE_S1.);
#907 = LINE('',#908,#909);
#908 = CARTESIAN_POINT('',(-54.,5.5,24.));
#909 = VECTOR('',#910,1.);
#910 = DIRECTION('',(0.,0.,1.));
#911 = PCURVE('',#887,#912);
#912 = DEFINITIONAL_REPRESENTATION('',(#913),#917);
#913 = LINE('',#914,#915);
#914 = CARTESIAN_POINT('',(1.570796326795,0.));
#915 = VECTOR('',#916,1.);
#916 = DIRECTION('',(0.,1.));
#917 = ( GEOMETRIC_REPRESENTATION_CONTEXT(2) 
PARAMETRIC_REPRESENTATION_CONTEXT() REPRESENTATION_CONTEXT('2D SPACE',''
  ) );
#918 = PCURVE('',#760,#919);
#919 = DEFINITIONAL_REPRESENTATION('',(#920),#924);
#920 = LINE('',#921,#922);
#921 = CARTESIAN_POINT('',(0.,-10.5));
#922 = VECTOR('',#923,1.);
#923 = DIRECTION('',(1.,0.));
#924 = ( GEOMETRIC_REPRESENTATION_CONTEXT(2) 
PARAMETRIC_REPRESENTATION_CONTEXT() REPRESENTATION_CONTEXT('2D SPACE',''
  ) );
#925 = ORIENTED_EDGE('',*,*,#926,.F.);
#926 = EDGE_CURVE('',#927,#904,#929,.T.);
#927 = VERTEX_POINT('',#928);
#928 = CARTESIAN_POINT('',(-52.5,7.,30.883600708618));
#929 = SURFACE_CURVE('',#930,(#935,#941),.PCURVE_S1.);
#930 = CIRCLE('',#931,1.5);
#931 = AXIS2_PLACEMENT_3D('',#932,#933,#934);
#932 = CARTESIAN_POINT('',(-52.5,5.5,30.883600708618));
#933 = DIRECTION('',(2.368475785867E-15,0.,1.));
#934 = DIRECTION('',(-1.,0.,2.368475785867E-15));
#935 = PCURVE('',#887,#936);
#936 = DEFINITIONAL_REPRESENTATION('',(#937),#940);
#937 = B_SPLINE_CURVE_WITH_KNOTS('',1,(#938,#939),.UNSPECIFIED.,.F.,.F.,
  (2,2),(4.712388980385,6.28318530718),.PIECEWISE_BEZIER_KNOTS.);
#938 = CARTESIAN_POINT('',(0.,6.883600708618));
#939 = CARTESIAN_POINT('',(1.570796326795,6.883600708618));
#940 = ( GEOMETRIC_REPRESENTATION_CONTEXT(2) 
PARAMETRIC_REPRESENTATION_CONTEXT() REPRESENTATION_CONTEXT('2D SPACE',''
  ) );
#941 = PCURVE('',#942,#947);
#942 = SPHERICAL_SURFACE('',#943,1.5);
#943 = AXIS2_PLACEMENT_3D('',#944,#945,#946);
#944 = CARTESIAN_POINT('',(-52.5,5.5,30.883600708618));
#945 = DIRECTION('',(0.,-1.,0.));
#946 = DIRECTION('',(-1.,0.,2.368475785867E-15));
#947 = DEFINITIONAL_REPRESENTATION('',(#948),#951);
#948 = B_SPLINE_CURVE_WITH_KNOTS('',1,(#949,#950),.UNSPECIFIED.,.F.,.F.,
  (2,2),(4.712388980385,6.28318530718),.PIECEWISE_BEZIER_KNOTS.);
#949 = CARTESIAN_POINT('',(0.,-1.570796326795));
#950 = CARTESIAN_POINT('',(0.,0.));
#951 = ( GEOMETRIC_REPRESENTATION_CONTEXT(2) 
PARAMETRIC_REPRESENTATION_CONTEXT() REPRESENTATION_CONTEXT('2D SPACE',''
  ) );
#952 = ORIENTED_EDGE('',*,*,#953,.F.);
#953 = EDGE_CURVE('',#847,#927,#954,.T.);
#954 = SURFACE_CURVE('',#955,(#959,#966),.PCURVE_S1.);
#955 = LINE('',#956,#957);
#956 = CARTESIAN_POINT('',(-52.5,7.,24.));
#957 = VECTOR('',#958,1.);
#958 = DIRECTION('',(0.,0.,1.));
#959 = PCURVE('',#887,#960);
#960 = DEFINITIONAL_REPRESENTATION('',(#961),#965);
#961 = LINE('',#962,#963);
#962 = CARTESIAN_POINT('',(0.,0.));
#963 = VECTOR('',#964,1.);
#964 = DIRECTION('',(0.,1.));
#965 = ( GEOMETRIC_REPRESENTATION_CONTEXT(2) 
PARAMETRIC_REPRESENTATION_CONTEXT() REPRESENTATION_CONTEXT('2D SPACE',''
  ) );
#966 = PCURVE('',#967,#972);
#967 = PLANE('',#968);
#968 = AXIS2_PLACEMENT_3D('',#969,#970,#971);
#969 = CARTESIAN_POINT('',(-22.,7.,0.));
#970 = DIRECTION('',(0.,-1.,0.));
#971 = DIRECTION('',(-1.,0.,0.));
#972 = DEFINITIONAL_REPRESENTATION('',(#973),#977);
#973 = LINE('',#974,#975);
#974 = CARTESIAN_POINT('',(30.5,-24.));
#975 = VECTOR('',#976,1.);
#976 = DIRECTION('',(0.,-1.));
#977 = ( GEOMETRIC_REPRESENTATION_CONTEXT(2) 
PARAMETRIC_REPRESENTATION_CONTEXT() REPRESENTATION_CONTEXT('2D SPACE',''
  ) );
#978 = ADVANCED_FACE('',(#979),#942,.T.);
#979 = FACE_BOUND('',#980,.F.);
#980 = EDGE_LOOP('',(#981,#982,#1009));
#981 = ORIENTED_EDGE('',*,*,#926,.F.);
#982 = ORIENTED_EDGE('',*,*,#983,.T.);
#983 = EDGE_CURVE('',#927,#984,#986,.T.);
#984 = VERTEX_POINT('',#985);
#985 = CARTESIAN_POINT('',(-52.92625169147,5.5,32.321762554696));
#986 = SURFACE_CURVE('',#987,(#992,#998),.PCURVE_S1.);
#987 = CIRCLE('',#988,1.5);
#988 = AXIS2_PLACEMENT_3D('',#989,#990,#991);
#989 = CARTESIAN_POINT('',(-52.5,5.5,30.883600708618));
#990 = DIRECTION('',(0.958774564052,0.,0.284167794317));
#991 = DIRECTION('',(-0.284167794317,0.,0.958774564052));
#992 = PCURVE('',#942,#993);
#993 = DEFINITIONAL_REPRESENTATION('',(#994),#997);
#994 = B_SPLINE_CURVE_WITH_KNOTS('',1,(#995,#996),.UNSPECIFIED.,.F.,.F.,
  (2,2),(4.712388980385,6.28318530718),.PIECEWISE_BEZIER_KNOTS.);
#995 = CARTESIAN_POINT('',(-1.282657999313,-1.570796326795));
#996 = CARTESIAN_POINT('',(-1.282657999313,0.));
#997 = ( GEOMETRIC_REPRESENTATION_CONTEXT(2) 
PARAMETRIC_REPRESENTATION_CONTEXT() REPRESENTATION_CONTEXT('2D SPACE',''
  ) );
#998 = PCURVE('',#999,#1004);
#999 = TOROIDAL_SURFACE('',#1000,184.75,1.5);
#1000 = AXIS2_PLACEMENT_3D('',#1001,#1002,#1003);
#1001 = CARTESIAN_POINT('',(0.,5.5,-146.25));
#1002 = DIRECTION('',(-0.,1.,-0.));
#1003 = DIRECTION('',(-0.118120805369,0.,0.992999232295));
#1004 = DEFINITIONAL_REPRESENTATION('',(#1005),#1008);
#1005 = B_SPLINE_CURVE_WITH_KNOTS('',1,(#1006,#1007),.UNSPECIFIED.,.F.,
  .F.,(2,2),(4.712388980385,6.28318530718),.PIECEWISE_BEZIER_KNOTS.);
#1006 = CARTESIAN_POINT('',(-0.169741102458,1.570796326795));
#1007 = CARTESIAN_POINT('',(-0.169741102458,0.));
#1008 = ( GEOMETRIC_REPRESENTATION_CONTEXT(2) 
PARAMETRIC_REPRESENTATION_CONTEXT() REPRESENTATION_CONTEXT('2D SPACE',''
  ) );
#1009 = ORIENTED_EDGE('',*,*,#1010,.F.);
#1010 = EDGE_CURVE('',#904,#984,#1011,.T.);
#1011 = SURFACE_CURVE('',#1012,(#1017,#1024),.PCURVE_S1.);
#1012 = CIRCLE('',#1013,1.5);
#1013 = AXIS2_PLACEMENT_3D('',#1014,#1015,#1016);
#1014 = CARTESIAN_POINT('',(-52.5,5.5,30.883600708618));
#1015 = DIRECTION('',(0.,1.,-0.));
#1016 = DIRECTION('',(-1.,0.,2.368475785867E-15));
#1017 = PCURVE('',#942,#1018);
#1018 = DEFINITIONAL_REPRESENTATION('',(#1019),#1023);
#1019 = LINE('',#1020,#1021);
#1020 = CARTESIAN_POINT('',(-0.,0.));
#1021 = VECTOR('',#1022,1.);
#1022 = DIRECTION('',(-1.,0.));
#1023 = ( GEOMETRIC_REPRESENTATION_CONTEXT(2) 
PARAMETRIC_REPRESENTATION_CONTEXT() REPRESENTATION_CONTEXT('2D SPACE',''
  ) );
#1024 = PCURVE('',#1025,#1030);
#1025 = CYLINDRICAL_SURFACE('',#1026,1.5);
#1026 = AXIS2_PLACEMENT_3D('',#1027,#1028,#1029);
#1027 = CARTESIAN_POINT('',(-52.5,-5.,30.883600708618));
#1028 = DIRECTION('',(-0.,1.,0.));
#1029 = DIRECTION('',(-0.284167794317,-0.,0.958774564052));
#1030 = DEFINITIONAL_REPRESENTATION('',(#1031),#1035);
#1031 = LINE('',#1032,#1033);
#1032 = CARTESIAN_POINT('',(5.000527307867,10.5));
#1033 = VECTOR('',#1034,1.);
#1034 = DIRECTION('',(1.,-0.));
#1035 = ( GEOMETRIC_REPRESENTATION_CONTEXT(2) 
PARAMETRIC_REPRESENTATION_CONTEXT() REPRESENTATION_CONTEXT('2D SPACE',''
  ) );
#1036 = ADVANCED_FACE('',(#1037),#1025,.T.);
#1037 = FACE_BOUND('',#1038,.T.);
#1038 = EDGE_LOOP('',(#1039,#1062,#1091,#1117));
#1039 = ORIENTED_EDGE('',*,*,#1040,.F.);
#1040 = EDGE_CURVE('',#1041,#904,#1043,.T.);
#1041 = VERTEX_POINT('',#1042);
#1042 = CARTESIAN_POINT('',(-54.,-5.5,30.883600708618));
#1043 = SURFACE_CURVE('',#1044,(#1048,#1055),.PCURVE_S1.);
#1044 = LINE('',#1045,#1046);
#1045 = CARTESIAN_POINT('',(-54.,-5.5,30.883600708618));
#1046 = VECTOR('',#1047,1.);
#1047 = DIRECTION('',(0.,1.,0.));
#1048 = PCURVE('',#1025,#1049);
#1049 = DEFINITIONAL_REPRESENTATION('',(#1050),#1054);
#1050 = LINE('',#1051,#1052);
#1051 = CARTESIAN_POINT('',(5.000527307867,-0.5));
#1052 = VECTOR('',#1053,1.);
#1053 = DIRECTION('',(-0.,1.));
#1054 = ( GEOMETRIC_REPRESENTATION_CONTEXT(2) 
PARAMETRIC_REPRESENTATION_CONTEXT() REPRESENTATION_CONTEXT('2D SPACE',''
  ) );
#1055 = PCURVE('',#760,#1056);
#1056 = DEFINITIONAL_REPRESENTATION('',(#1057),#1061);
#1057 = LINE('',#1058,#1059);
#1058 = CARTESIAN_POINT('',(6.883600708618,0.5));
#1059 = VECTOR('',#1060,1.);
#1060 = DIRECTION('',(0.,-1.));
#1061 = ( GEOMETRIC_REPRESENTATION_CONTEXT(2) 
PARAMETRIC_REPRESENTATION_CONTEXT() REPRESENTATION_CONTEXT('2D SPACE',''
  ) );
#1062 = ORIENTED_EDGE('',*,*,#1063,.T.);
#1063 = EDGE_CURVE('',#1041,#1064,#1066,.T.);
#1064 = VERTEX_POINT('',#1065);
#1065 = CARTESIAN_POINT('',(-52.92625169147,-5.5,32.321762554696));
#1066 = SURFACE_CURVE('',#1067,(#1072,#1079),.PCURVE_S1.);
#1067 = CIRCLE('',#1068,1.5);
#1068 = AXIS2_PLACEMENT_3D('',#1069,#1070,#1071);
#1069 = CARTESIAN_POINT('',(-52.5,-5.5,30.883600708618));
#1070 = DIRECTION('',(0.,1.,0.));
#1071 = DIRECTION('',(-1.,0.,2.368475785867E-15));
#1072 = PCURVE('',#1025,#1073);
#1073 = DEFINITIONAL_REPRESENTATION('',(#1074),#1078);
#1074 = LINE('',#1075,#1076);
#1075 = CARTESIAN_POINT('',(5.000527307867,-0.5));
#1076 = VECTOR('',#1077,1.);
#1077 = DIRECTION('',(1.,-0.));
#1078 = ( GEOMETRIC_REPRESENTATION_CONTEXT(2) 
PARAMETRIC_REPRESENTATION_CONTEXT() REPRESENTATION_CONTEXT('2D SPACE',''
  ) );
#1079 = PCURVE('',#1080,#1085);
#1080 = SPHERICAL_SURFACE('',#1081,1.5);
#1081 = AXIS2_PLACEMENT_3D('',#1082,#1083,#1084);
#1082 = CARTESIAN_POINT('',(-52.5,-5.5,30.883600708618));
#1083 = DIRECTION('',(0.,1.,0.));
#1084 = DIRECTION('',(-1.,0.,2.368475785867E-15));
#1085 = DEFINITIONAL_REPRESENTATION('',(#1086),#1090);
#1086 = LINE('',#1087,#1088);
#1087 = CARTESIAN_POINT('',(0.,0.));
#1088 = VECTOR('',#1089,1.);
#1089 = DIRECTION('',(1.,0.));
#1090 = ( GEOMETRIC_REPRESENTATION_CONTEXT(2) 
PARAMETRIC_REPRESENTATION_CONTEXT() REPRESENTATION_CONTEXT('2D SPACE',''
  ) );
#1091 = ORIENTED_EDGE('',*,*,#1092,.T.);
#1092 = EDGE_CURVE('',#1064,#984,#1093,.T.);
#1093 = SURFACE_CURVE('',#1094,(#1098,#1105),.PCURVE_S1.);
#1094 = LINE('',#1095,#1096);
#1095 = CARTESIAN_POINT('',(-52.92625169147,-5.5,32.321762554696));
#1096 = VECTOR('',#1097,1.);
#1097 = DIRECTION('',(0.,1.,0.));
#1098 = PCURVE('',#1025,#1099);
#1099 = DEFINITIONAL_REPRESENTATION('',(#1100),#1104);
#1100 = LINE('',#1101,#1102);
#1101 = CARTESIAN_POINT('',(6.28318530718,-0.5));
#1102 = VECTOR('',#1103,1.);
#1103 = DIRECTION('',(-0.,1.));
#1104 = ( GEOMETRIC_REPRESENTATION_CONTEXT(2) 
PARAMETRIC_REPRESENTATION_CONTEXT() REPRESENTATION_CONTEXT('2D SPACE',''
  ) );
#1105 = PCURVE('',#1106,#1111);
#1106 = CYLINDRICAL_SURFACE('',#1107,186.25);
#1107 = AXIS2_PLACEMENT_3D('',#1108,#1109,#1110);
#1108 = CARTESIAN_POINT('',(0.,-5.,-146.25));
#1109 = DIRECTION('',(0.,-1.,-0.));
#1110 = DIRECTION('',(-0.289932885906,-0.,0.957046979866));
#1111 = DEFINITIONAL_REPRESENTATION('',(#1112),#1116);
#1112 = LINE('',#1113,#1114);
#1113 = CARTESIAN_POINT('',(6.277166923885,0.5));
#1114 = VECTOR('',#1115,1.);
#1115 = DIRECTION('',(-0.,-1.));
#1116 = ( GEOMETRIC_REPRESENTATION_CONTEXT(2) 
PARAMETRIC_REPRESENTATION_CONTEXT() REPRESENTATION_CONTEXT('2D SPACE',''
  ) );
#1117 = ORIENTED_EDGE('',*,*,#1010,.F.);
#1118 = ADVANCED_FACE('',(#1119),#1106,.T.);
#1119 = FACE_BOUND('',#1120,.T.);
#1120 = EDGE_LOOP('',(#1121,#1151,#1180,#1460,#1788,#1810,#1811));
#1121 = ORIENTED_EDGE('',*,*,#1122,.F.);
#1122 = EDGE_CURVE('',#1123,#1125,#1127,.T.);
#1123 = VERTEX_POINT('',#1124);
#1124 = CARTESIAN_POINT('',(52.926251691475,5.5,32.321762554696));
#1125 = VERTEX_POINT('',#1126);
#1126 = CARTESIAN_POINT('',(52.926251691475,-5.5,32.321762554696));
#1127 = SURFACE_CURVE('',#1128,(#1132,#1139),.PCURVE_S1.);
#1128 = LINE('',#1129,#1130);
#1129 = CARTESIAN_POINT('',(52.926251691475,5.5,32.321762554696));
#1130 = VECTOR('',#1131,1.);
#1131 = DIRECTION('',(0.,-1.,0.));
#1132 = PCURVE('',#1106,#1133);
#1133 = DEFINITIONAL_REPRESENTATION('',(#1134),#1138);
#1134 = LINE('',#1135,#1136);
#1135 = CARTESIAN_POINT('',(5.700890268921,-10.5));
#1136 = VECTOR('',#1137,1.);
#1137 = DIRECTION('',(0.,1.));
#1138 = ( GEOMETRIC_REPRESENTATION_CONTEXT(2) 
PARAMETRIC_REPRESENTATION_CONTEXT() REPRESENTATION_CONTEXT('2D SPACE',''
  ) );
#1139 = PCURVE('',#1140,#1145);
#1140 = CYLINDRICAL_SURFACE('',#1141,1.5);
#1141 = AXIS2_PLACEMENT_3D('',#1142,#1143,#1144);
#1142 = CARTESIAN_POINT('',(52.5,-7.,30.883600708618));
#1143 = DIRECTION('',(-0.,1.,0.));
#1144 = DIRECTION('',(0.284167794317,0.,0.958774564052));
#1145 = DEFINITIONAL_REPRESENTATION('',(#1146),#1150);
#1146 = LINE('',#1147,#1148);
#1147 = CARTESIAN_POINT('',(0.,12.5));
#1148 = VECTOR('',#1149,1.);
#1149 = DIRECTION('',(-0.,-1.));
#1150 = ( GEOMETRIC_REPRESENTATION_CONTEXT(2) 
PARAMETRIC_REPRESENTATION_CONTEXT() REPRESENTATION_CONTEXT('2D SPACE',''
  ) );
#1151 = ORIENTED_EDGE('',*,*,#1152,.T.);
#1152 = EDGE_CURVE('',#1123,#1153,#1155,.T.);
#1153 = VERTEX_POINT('',#1154);
#1154 = CARTESIAN_POINT('',(22.178619756428,5.5,38.67477207151));
#1155 = SURFACE_CURVE('',#1156,(#1161,#1168),.PCURVE_S1.);
#1156 = CIRCLE('',#1157,186.25);
#1157 = AXIS2_PLACEMENT_3D('',#1158,#1159,#1160);
#1158 = CARTESIAN_POINT('',(0.,5.5,-146.25));
#1159 = DIRECTION('',(0.,-1.,0.));
#1160 = DIRECTION('',(0.289932885906,0.,0.957046979866));
#1161 = PCURVE('',#1106,#1162);
#1162 = DEFINITIONAL_REPRESENTATION('',(#1163),#1167);
#1163 = LINE('',#1164,#1165);
#1164 = CARTESIAN_POINT('',(5.694871885626,-10.5));
#1165 = VECTOR('',#1166,1.);
#1166 = DIRECTION('',(1.,-0.));
#1167 = ( GEOMETRIC_REPRESENTATION_CONTEXT(2) 
PARAMETRIC_REPRESENTATION_CONTEXT() REPRESENTATION_CONTEXT('2D SPACE',''
  ) );
#1168 = PCURVE('',#1169,#1174);
#1169 = TOROIDAL_SURFACE('',#1170,184.75,1.5);
#1170 = AXIS2_PLACEMENT_3D('',#1171,#1172,#1173);
#1171 = CARTESIAN_POINT('',(0.,5.5,-146.25));
#1172 = DIRECTION('',(-0.,1.,-0.));
#1173 = DIRECTION('',(0.289932885906,0.,0.957046979866));
#1174 = DEFINITIONAL_REPRESENTATION('',(#1175),#1179);
#1175 = LINE('',#1176,#1177);
#1176 = CARTESIAN_POINT('',(-0.,0.));
#1177 = VECTOR('',#1178,1.);
#1178 = DIRECTION('',(-1.,0.));
#1179 = ( GEOMETRIC_REPRESENTATION_CONTEXT(2) 
PARAMETRIC_REPRESENTATION_CONTEXT() REPRESENTATION_CONTEXT('2D SPACE',''
  ) );
#1180 = ORIENTED_EDGE('',*,*,#1181,.T.);
#1181 = EDGE_CURVE('',#1153,#1182,#1184,.T.);
#1182 = VERTEX_POINT('',#1183);
#1183 = CARTESIAN_POINT('',(-3.181031128291E-15,10.500000000166,40.));
#1184 = SURFACE_CURVE('',#1185,(#1236,#1302),.PCURVE_S1.);
#1185 = ( BOUNDED_CURVE() B_SPLINE_CURVE(13,(#1186,#1187,#1188,#1189,
    #1190,#1191,#1192,#1193,#1194,#1195,#1196,#1197,#1198,#1199,#1200,
    #1201,#1202,#1203,#1204,#1205,#1206,#1207,#1208,#1209,#1210,#1211,
    #1212,#1213,#1214,#1215,#1216,#1217,#1218,#1219,#1220,#1221,#1222,
    #1223,#1224,#1225,#1226,#1227,#1228,#1229,#1230,#1231,#1232,#1233,
#1234,#1235),.UNSPECIFIED.,.F.,.F.) B_SPLINE_CURVE_WITH_KNOTS((14,12,12,
    12,14),(32.555314811809,38.320459688264,44.085604564719,
49.850749441174,55.615894317629),.UNSPECIFIED.) CURVE() 
GEOMETRIC_REPRESENTATION_ITEM() RATIONAL_B_SPLINE_CURVE((1.,1.,
    0.999999999999,1.000000000002,0.999999999996,1.000000000007,
    0.999999999992,1.000000000008,0.999999999994,1.000000000004,
    0.999999999998,1.,1.,1.,1.000000000001,0.999999999997,1.000000000007
    ,0.999999999989,1.000000000013,0.999999999988,1.00000000001,
    0.999999999994,1.000000000003,0.999999999999,1.,1.,0.999999999999,
    1.000000000004,0.999999999993,1.000000000011,0.999999999988,
    1.000000000011,0.999999999992,1.000000000004,0.999999999998,
    1.000000000001,1.,1.,1.000000000001,0.999999999998,1.000000000004,
    0.999999999994,1.000000000006,0.999999999994,1.000000000004,
0.999999999998,1.000000000001,1.,1.,1.)) REPRESENTATION_ITEM('') );
#1186 = CARTESIAN_POINT('',(22.178619756399,5.5,38.674772071513));
#1187 = CARTESIAN_POINT('',(21.725957207875,5.5,38.72906133968));
#1188 = CARTESIAN_POINT('',(21.275980485805,5.500000412842,
    38.781814900502));
#1189 = CARTESIAN_POINT('',(20.803267975239,5.501281310862,
    38.836066579703));
#1190 = CARTESIAN_POINT('',(20.362875796565,5.505216554957,
    38.885104708501));
#1191 = CARTESIAN_POINT('',(19.869506273689,5.513203807047,
    38.939348498558));
#1192 = CARTESIAN_POINT('',(19.417393112005,5.526887525217,
    38.986985640625));
#1193 = CARTESIAN_POINT('',(18.932812734528,5.547620717391,
    39.037525723503));
#1194 = CARTESIAN_POINT('',(18.454361487225,5.577219890113,
    39.085531422296));
#1195 = CARTESIAN_POINT('',(17.975490232105,5.61682964427,
    39.132442752781));
#1196 = CARTESIAN_POINT('',(17.491570388008,5.66776027892,39.17840931973
    ));
#1197 = CARTESIAN_POINT('',(17.010209724008,5.730709654321,
    39.222751207558));
#1198 = CARTESIAN_POINT('',(16.529965775976,5.806046958099,
    39.265637771496));
#1199 = CARTESIAN_POINT('',(15.576185579605,5.981297195374,
    39.348152116635));
#1200 = CARTESIAN_POINT('',(15.102548772549,6.081176286866,
    39.387791637426));
#1201 = CARTESIAN_POINT('',(14.633759709856,6.193292066402,
    39.425702659741));
#1202 = CARTESIAN_POINT('',(14.171158444513,6.317088762827,
    39.461822792752));
#1203 = CARTESIAN_POINT('',(13.715776550283,6.451630362173,
    39.496132565979));
#1204 = CARTESIAN_POINT('',(13.268305396306,6.595735899681,
    39.528649492747));
#1205 = CARTESIAN_POINT('',(12.829086776116,6.74809180069,
    39.559421732639));
#1206 = CARTESIAN_POINT('',(12.398125890215,6.907341269727,
    39.588521352875));
#1207 = CARTESIAN_POINT('',(11.975126682815,7.072150728763,
    39.616037188754));
#1208 = CARTESIAN_POINT('',(11.559549532575,7.241253303469,
    39.642067302954));
#1209 = CARTESIAN_POINT('',(11.150691297066,7.413469358656,
    39.666711043938));
#1210 = CARTESIAN_POINT('',(10.747787711501,7.587704081886,
    39.690060703222));
#1211 = CARTESIAN_POINT('',(9.952488570804,7.938140150081,
    39.734324840179));
#1212 = CARTESIAN_POINT('',(9.56008695193,8.114336411039,39.755241353141
    ));
#1213 = CARTESIAN_POINT('',(9.172119857678,8.2904349976,39.775026514105)
  );
#1214 = CARTESIAN_POINT('',(8.787798279301,8.465428138283,
    39.793755238158));
#1215 = CARTESIAN_POINT('',(8.406338855541,8.638345283585,
    39.811493389553));
#1216 = CARTESIAN_POINT('',(8.026954285126,8.808228042818,
    39.828297919404));
#1217 = CARTESIAN_POINT('',(7.648852922211,8.974110965699,
    39.844216903515));
#1218 = CARTESIAN_POINT('',(7.2712475547,9.135008168664,39.859289480281)
  );
#1219 = CARTESIAN_POINT('',(6.893373365892,9.289905805773,
    39.873545688749));
#1220 = CARTESIAN_POINT('',(6.514515078624,9.437760384515,
    39.887006206723));
#1221 = CARTESIAN_POINT('',(6.134043282961,9.577502926096,
    39.899681989053));
#1222 = CARTESIAN_POINT('',(5.751459946402,9.708048970626,
    39.911573805965));
#1223 = CARTESIAN_POINT('',(4.981446268427,9.948579883126,
    39.933769557133));
#1224 = CARTESIAN_POINT('',(4.593494159617,10.05861652349,
    39.944077189809));
#1225 = CARTESIAN_POINT('',(4.206850996931,10.157289506501,
    39.953573611251));
#1226 = CARTESIAN_POINT('',(3.79780941845,10.244476686286,
    39.962330715043));
#1227 = CARTESIAN_POINT('',(3.438668550347,10.317193919356,
    39.970092480648));
#1228 = CARTESIAN_POINT('',(2.966370973941,10.380021524728,
    39.977348205936));
#1229 = CARTESIAN_POINT('',(2.649053618428,10.425266113327,
    39.98334848813));
#1230 = CARTESIAN_POINT('',(2.145986158399,10.461036637665,
    39.988734289815));
#1231 = CARTESIAN_POINT('',(1.795684902504,10.482962361826,
    39.993053849653));
#1232 = CARTESIAN_POINT('',(1.327992035166,10.49548705003,
    39.996430006158));
#1233 = CARTESIAN_POINT('',(0.910226133883,10.499997741949,
    39.998773628229));
#1234 = CARTESIAN_POINT('',(0.458412641505,10.499999987001,
    39.999999944658));
#1235 = CARTESIAN_POINT('',(-3.181031128291E-15,10.500000000166,40.));
#1236 = PCURVE('',#1106,#1237);
#1237 = DEFINITIONAL_REPRESENTATION('',(#1238),#1301);
#1238 = B_SPLINE_CURVE_WITH_KNOTS('',11,(#1239,#1240,#1241,#1242,#1243,
    #1244,#1245,#1246,#1247,#1248,#1249,#1250,#1251,#1252,#1253,#1254,
    #1255,#1256,#1257,#1258,#1259,#1260,#1261,#1262,#1263,#1264,#1265,
    #1266,#1267,#1268,#1269,#1270,#1271,#1272,#1273,#1274,#1275,#1276,
    #1277,#1278,#1279,#1280,#1281,#1282,#1283,#1284,#1285,#1286,#1287,
    #1288,#1289,#1290,#1291,#1292,#1293,#1294,#1295,#1296,#1297,#1298,
    #1299,#1300),.UNSPECIFIED.,.F.,.F.,(12,10,10,10,10,10,12),(
    32.555314811809,35.437887250037,38.320459688264,44.085604564719,
    49.850749441174,52.733321879402,55.615894317629),.UNSPECIFIED.);
#1239 = CARTESIAN_POINT('',(5.869665522199,-10.5));
#1240 = CARTESIAN_POINT('',(5.871111961268,-10.5));
#1241 = CARTESIAN_POINT('',(5.872553017739,-10.50000013105));
#1242 = CARTESIAN_POINT('',(5.874018132496,-10.50027787017));
#1243 = CARTESIAN_POINT('',(5.875479516804,-10.50112275399));
#1244 = CARTESIAN_POINT('',(5.876949656716,-10.50283275312));
#1245 = CARTESIAN_POINT('',(5.878429741845,-10.50571959975));
#1246 = CARTESIAN_POINT('',(5.879915796544,-10.51010378313));
#1247 = CARTESIAN_POINT('',(5.88141092169,-10.51631027678));
#1248 = CARTESIAN_POINT('',(5.882912354767,-10.52466671631));
#1249 = CARTESIAN_POINT('',(5.884420650456,-10.535493565));
#1250 = CARTESIAN_POINT('',(5.887448946582,-10.56270175664));
#1251 = CARTESIAN_POINT('',(5.888969007039,-10.57908313521));
#1252 = CARTESIAN_POINT('',(5.890494089598,-10.59854824918));
#1253 = CARTESIAN_POINT('',(5.892023699143,-10.62139057586));
#1254 = CARTESIAN_POINT('',(5.893555880106,-10.64787986338));
#1255 = CARTESIAN_POINT('',(5.895089515148,-10.67825633));
#1256 = CARTESIAN_POINT('',(5.896623926103,-10.71272151203));
#1257 = CARTESIAN_POINT('',(5.898157154368,-10.75142777276));
#1258 = CARTESIAN_POINT('',(5.899686577197,-10.79447178767));
#1259 = CARTESIAN_POINT('',(5.901211845791,-10.84189359672));
#1260 = CARTESIAN_POINT('',(5.905767839772,-10.99722903675));
#1261 = CARTESIAN_POINT('',(5.908779427234,-11.11816435621));
#1262 = CARTESIAN_POINT('',(5.911750439485,-11.25644807574));
#1263 = CARTESIAN_POINT('',(5.914669035647,-11.41088351605));
#1264 = CARTESIAN_POINT('',(5.917527165158,-11.57954809816));
#1265 = CARTESIAN_POINT('',(5.92032092146,-11.7601489159));
#1266 = CARTESIAN_POINT('',(5.923050451502,-11.95029306135));
#1267 = CARTESIAN_POINT('',(5.92571942108,-12.14767270229));
#1268 = CARTESIAN_POINT('',(5.928334036001,-12.35016491259));
#1269 = CARTESIAN_POINT('',(5.930901619078,-12.55584625492));
#1270 = CARTESIAN_POINT('',(5.935955866838,-12.96999797704));
#1271 = CARTESIAN_POINT('',(5.938442577988,-13.17846113729));
#1272 = CARTESIAN_POINT('',(5.940896500369,-13.38644670557));
#1273 = CARTESIAN_POINT('',(5.943324965382,-13.5922374023));
#1274 = CARTESIAN_POINT('',(5.945735293816,-13.79417746034));
#1275 = CARTESIAN_POINT('',(5.948134894591,-13.99060823473));
#1276 = CARTESIAN_POINT('',(5.950531180316,-14.17982552059));
#1277 = CARTESIAN_POINT('',(5.952931299656,-14.3600585801));
#1278 = CARTESIAN_POINT('',(5.9553416865,-14.52947087758));
#1279 = CARTESIAN_POINT('',(5.957767425946,-14.6861825235));
#1280 = CARTESIAN_POINT('',(5.961433442661,-14.89938037856));
#1281 = CARTESIAN_POINT('',(5.962660995419,-14.96681968576));
#1282 = CARTESIAN_POINT('',(5.963889286509,-15.03038709837));
#1283 = CARTESIAN_POINT('',(5.965133021413,-15.08997077661));
#1284 = CARTESIAN_POINT('',(5.966372201325,-15.14527192552));
#1285 = CARTESIAN_POINT('',(5.967625259448,-15.19624863674));
#1286 = CARTESIAN_POINT('',(5.968883886067,-15.24274460803));
#1287 = CARTESIAN_POINT('',(5.970152215316,-15.28469383164));
#1288 = CARTESIAN_POINT('',(5.971428885064,-15.32206077045));
#1289 = CARTESIAN_POINT('',(5.972715173191,-15.35489061695));
#1290 = CARTESIAN_POINT('',(5.975308372688,-15.41171121632));
#1291 = CARTESIAN_POINT('',(5.976615296537,-15.4357019658));
#1292 = CARTESIAN_POINT('',(5.977933338589,-15.45539185325));
#1293 = CARTESIAN_POINT('',(5.979263646508,-15.47097194532));
#1294 = CARTESIAN_POINT('',(5.980605921871,-15.48272424738));
#1295 = CARTESIAN_POINT('',(5.981965139129,-15.49099479888));
#1296 = CARTESIAN_POINT('',(5.983332945888,-15.49622991311));
#1297 = CARTESIAN_POINT('',(5.984735423286,-15.49902011803));
#1298 = CARTESIAN_POINT('',(5.986132364312,-15.49999931017));
#1299 = CARTESIAN_POINT('',(5.987574085355,-15.49999999238));
#1300 = CARTESIAN_POINT('',(5.989028475675,-15.50000000016));
#1301 = ( GEOMETRIC_REPRESENTATION_CONTEXT(2) 
PARAMETRIC_REPRESENTATION_CONTEXT() REPRESENTATION_CONTEXT('2D SPACE',''
  ) );
#1302 = PCURVE('',#1303,#1454);
#1303 = ( BOUNDED_SURFACE() B_SPLINE_SURFACE(2,13,(
    (#1304,#1305,#1306,#1307,#1308,#1309,#1310,#1311,#1312,#1313,#1314
      ,#1315,#1316,#1317,#1318,#1319,#1320,#1321,#1322,#1323,#1324,#1325
      ,#1326,#1327,#1328,#1329,#1330,#1331,#1332,#1333,#1334,#1335,#1336
      ,#1337,#1338,#1339,#1340,#1341,#1342,#1343,#1344,#1345,#1346,#1347
      ,#1348,#1349,#1350,#1351,#1352,#1353)
    ,(#1354,#1355,#1356,#1357,#1358,#1359,#1360,#1361,#1362,#1363,#1364
      ,#1365,#1366,#1367,#1368,#1369,#1370,#1371,#1372,#1373,#1374,#1375
      ,#1376,#1377,#1378,#1379,#1380,#1381,#1382,#1383,#1384,#1385,#1386
      ,#1387,#1388,#1389,#1390,#1391,#1392,#1393,#1394,#1395,#1396,#1397
      ,#1398,#1399,#1400,#1401,#1402,#1403)
    ,(#1404,#1405,#1406,#1407,#1408,#1409,#1410,#1411,#1412,#1413,#1414
      ,#1415,#1416,#1417,#1418,#1419,#1420,#1421,#1422,#1423,#1424,#1425
      ,#1426,#1427,#1428,#1429,#1430,#1431,#1432,#1433,#1434,#1435,#1436
      ,#1437,#1438,#1439,#1440,#1441,#1442,#1443,#1444,#1445,#1446,#1447
      ,#1448,#1449,#1450,#1451,#1452,#1453
)),.UNSPECIFIED.,.F.,.F.,.F.) B_SPLINE_SURFACE_WITH_KNOTS((3,3),(14,12,
    12,12,14),(0.,23.06057950582),(32.555314811809,38.320459688264,
    44.085604564719,49.850749441174,55.615894317629),.UNSPECIFIED.) 
GEOMETRIC_REPRESENTATION_ITEM() RATIONAL_B_SPLINE_SURFACE((
    (1.,1.,0.999999999999,1.000000000002,0.999999999996,1.000000000007
      ,0.999999999992,1.000000000008,0.999999999994,1.000000000004
      ,0.999999999998,1.,1.,1.,1.000000000001,0.999999999997
      ,1.000000000007,0.999999999989,1.000000000013,0.999999999988
      ,1.00000000001,0.999999999994,1.000000000003,0.999999999999,1.,1.
      ,0.999999999999,1.000000000004,0.999999999993,1.000000000011
      ,0.999999999988,1.000000000011,0.999999999992,1.000000000004
      ,0.999999999998,1.000000000001,1.,1.,1.000000000001,0.999999999998
      ,1.000000000004,0.999999999994,1.000000000006,0.999999999994
      ,1.000000000004,0.999999999998,1.000000000001,1.,1.,1.)
    ,(0.707106781187,0.707106781187,0.707208973323,0.707409405246
      ,0.707704441197,0.708083464657,0.708543105858,0.709066642295
      ,0.709643746102,0.710254025342,0.710879462315,0.711500026407
      ,0.712097785417,0.713217148198,0.713739375005,0.714207256571
      ,0.71460900217,0.714937367322,0.715189057332,0.715364087651
      ,0.71546510165,0.715496645075,0.715464397947,0.71537436323
      ,0.71523201278,0.714850767704,0.714612257914,0.714331030024
      ,0.714011860125,0.7136591654,0.713277089871,0.712869642231
      ,0.712440885061,0.711995176273,0.711537461927,0.711073621152
      ,0.710610862644,0.709705483466,0.709262596478,0.708838740223
      ,0.70843943102,0.708086785394,0.7077654735,0.707522651396
      ,0.7073272899,0.707203695789,0.707132746938,0.707106786937
      ,0.707106781239,0.707106781186)
    ,(1.,1.,0.999999999999,1.000000000002,0.999999999996,1.000000000007
      ,0.999999999992,1.000000000008,0.999999999994,1.000000000004
      ,0.999999999998,1.,1.,1.,1.000000000001,0.999999999997
      ,1.000000000007,0.999999999989,1.000000000013,0.999999999988
      ,1.00000000001,0.999999999994,1.000000000003,0.999999999999,1.,1.
      ,0.999999999999,1.000000000004,0.999999999993,1.000000000011
      ,0.999999999988,1.000000000011,0.999999999992,1.000000000004
      ,0.999999999998,1.000000000001,1.,1.,1.000000000001,0.999999999998
      ,1.000000000004,0.999999999994,1.000000000006,0.999999999994
      ,1.000000000004,0.999999999998,1.000000000001,1.,1.,1.
))) REPRESENTATION_ITEM('') SURFACE() );
#1304 = CARTESIAN_POINT('',(22.178619756399,5.5,38.674772071513));
#1305 = CARTESIAN_POINT('',(21.725957207875,5.5,38.72906133968));
#1306 = CARTESIAN_POINT('',(21.275980485805,5.500000412842,
    38.781814900502));
#1307 = CARTESIAN_POINT('',(20.803267975239,5.501281310862,
    38.836066579703));
#1308 = CARTESIAN_POINT('',(20.362875796565,5.505216554957,
    38.885104708501));
#1309 = CARTESIAN_POINT('',(19.869506273689,5.513203807047,
    38.939348498558));
#1310 = CARTESIAN_POINT('',(19.417393112005,5.526887525217,
    38.986985640625));
#1311 = CARTESIAN_POINT('',(18.932812734528,5.547620717391,
    39.037525723503));
#1312 = CARTESIAN_POINT('',(18.454361487225,5.577219890113,
    39.085531422296));
#1313 = CARTESIAN_POINT('',(17.975490232105,5.61682964427,
    39.132442752781));
#1314 = CARTESIAN_POINT('',(17.491570388008,5.66776027892,39.17840931973
    ));
#1315 = CARTESIAN_POINT('',(17.010209724008,5.730709654321,
    39.222751207558));
#1316 = CARTESIAN_POINT('',(16.529965775976,5.806046958099,
    39.265637771496));
#1317 = CARTESIAN_POINT('',(15.576185579605,5.981297195374,
    39.348152116635));
#1318 = CARTESIAN_POINT('',(15.102548772549,6.081176286866,
    39.387791637426));
#1319 = CARTESIAN_POINT('',(14.633759709856,6.193292066402,
    39.425702659741));
#1320 = CARTESIAN_POINT('',(14.171158444513,6.317088762827,
    39.461822792752));
#1321 = CARTESIAN_POINT('',(13.715776550283,6.451630362173,
    39.496132565979));
#1322 = CARTESIAN_POINT('',(13.268305396306,6.595735899681,
    39.528649492747));
#1323 = CARTESIAN_POINT('',(12.829086776116,6.74809180069,
    39.559421732639));
#1324 = CARTESIAN_POINT('',(12.398125890215,6.907341269727,
    39.588521352875));
#1325 = CARTESIAN_POINT('',(11.975126682815,7.072150728763,
    39.616037188754));
#1326 = CARTESIAN_POINT('',(11.559549532575,7.241253303469,
    39.642067302954));
#1327 = CARTESIAN_POINT('',(11.150691297066,7.413469358656,
    39.666711043938));
#1328 = CARTESIAN_POINT('',(10.747787711501,7.587704081886,
    39.690060703222));
#1329 = CARTESIAN_POINT('',(9.952488570804,7.938140150081,
    39.734324840179));
#1330 = CARTESIAN_POINT('',(9.56008695193,8.114336411039,39.755241353141
    ));
#1331 = CARTESIAN_POINT('',(9.172119857678,8.2904349976,39.775026514105)
  );
#1332 = CARTESIAN_POINT('',(8.787798279301,8.465428138283,
    39.793755238158));
#1333 = CARTESIAN_POINT('',(8.406338855541,8.638345283585,
    39.811493389553));
#1334 = CARTESIAN_POINT('',(8.026954285126,8.808228042818,
    39.828297919404));
#1335 = CARTESIAN_POINT('',(7.648852922211,8.974110965699,
    39.844216903515));
#1336 = CARTESIAN_POINT('',(7.2712475547,9.135008168664,39.859289480281)
  );
#1337 = CARTESIAN_POINT('',(6.893373365892,9.289905805773,
    39.873545688749));
#1338 = CARTESIAN_POINT('',(6.514515078624,9.437760384515,
    39.887006206723));
#1339 = CARTESIAN_POINT('',(6.134043282961,9.577502926096,
    39.899681989053));
#1340 = CARTESIAN_POINT('',(5.751459946402,9.708048970626,
    39.911573805965));
#1341 = CARTESIAN_POINT('',(4.981446268427,9.948579883126,
    39.933769557133));
#1342 = CARTESIAN_POINT('',(4.593494159617,10.05861652349,
    39.944077189809));
#1343 = CARTESIAN_POINT('',(4.206850996931,10.157289506501,
    39.953573611251));
#1344 = CARTESIAN_POINT('',(3.79780941845,10.244476686286,
    39.962330715043));
#1345 = CARTESIAN_POINT('',(3.438668550347,10.317193919356,
    39.970092480648));
#1346 = CARTESIAN_POINT('',(2.966370973941,10.380021524728,
    39.977348205936));
#1347 = CARTESIAN_POINT('',(2.649053618428,10.425266113327,
    39.98334848813));
#1348 = CARTESIAN_POINT('',(2.145986158399,10.461036637665,
    39.988734289815));
#1349 = CARTESIAN_POINT('',(1.795684902504,10.482962361826,
    39.993053849653));
#1350 = CARTESIAN_POINT('',(1.327992035166,10.49548705003,
    39.996430006158));
#1351 = CARTESIAN_POINT('',(0.910226133883,10.499997741949,
    39.998773628229));
#1352 = CARTESIAN_POINT('',(0.458412641505,10.499999987001,
    39.999999944658));
#1353 = CARTESIAN_POINT('',(-3.181031128291E-15,10.500000000166,40.));
#1354 = CARTESIAN_POINT('',(22.178619756399,7.,38.674772071513));
#1355 = CARTESIAN_POINT('',(21.725957207865,7.,38.729061339681));
#1356 = CARTESIAN_POINT('',(21.273315251258,6.999566797828,
    38.782130427916));
#1357 = CARTESIAN_POINT('',(20.820495126611,7.000001960835,
    38.834007467471));
#1358 = CARTESIAN_POINT('',(20.366078262182,7.00266954245,
    38.884843445516));
#1359 = CARTESIAN_POINT('',(19.916053422585,7.008981949258,
    38.933966707548));
#1360 = CARTESIAN_POINT('',(19.457492394086,7.020340304967,
    38.982852932246));
#1361 = CARTESIAN_POINT('',(19.008221709463,7.038259824333,
    39.029440139216));
#1362 = CARTESIAN_POINT('',(18.551078194455,7.064090955221,
    39.075731212054));
#1363 = CARTESIAN_POINT('',(18.1001446273,7.099132784838,39.120100365847
    ));
#1364 = CARTESIAN_POINT('',(17.648161173163,7.144400680491,
    39.163423096041));
#1365 = CARTESIAN_POINT('',(17.199269201437,7.20065977687,
    39.205248958604));
#1366 = CARTESIAN_POINT('',(16.753185359497,7.268299569172,
    39.245658292987));
#1367 = CARTESIAN_POINT('',(15.869299037697,7.426294707992,
    39.323461048365));
#1368 = CARTESIAN_POINT('',(15.431363463168,7.516603536548,
    39.360871089123));
#1369 = CARTESIAN_POINT('',(14.997875777665,7.618401870445,
    39.396780653901));
#1370 = CARTESIAN_POINT('',(14.569449132721,7.731375140915,
    39.43117639032));
#1371 = CARTESIAN_POINT('',(14.146496448364,7.854890748202,
    39.464068322211));
#1372 = CARTESIAN_POINT('',(13.72921593979,7.988094681989,39.49548667393
    ));
#1373 = CARTESIAN_POINT('',(13.317587850871,8.129992528056,
    39.525478469245));
#1374 = CARTESIAN_POINT('',(12.911382204917,8.279515436085,
    39.554103882741));
#1375 = CARTESIAN_POINT('',(12.510177496402,8.435571607342,
    39.581432314006));
#1376 = CARTESIAN_POINT('',(12.113390336345,8.597083792485,
    39.607538152156));
#1377 = CARTESIAN_POINT('',(11.720316110334,8.763013195039,
    39.632496197661));
#1378 = CARTESIAN_POINT('',(11.330180723476,8.932370071198,
    39.656376711164));
#1379 = CARTESIAN_POINT('',(10.554019323633,9.276144008563,
    39.702115607307));
#1380 = CARTESIAN_POINT('',(10.167912140802,9.45060617496,
    39.723979595149));
#1381 = CARTESIAN_POINT('',(9.783043076348,9.626585066996,
    39.744893385621));
#1382 = CARTESIAN_POINT('',(9.398606933498,9.803114777868,
    39.764911537152));
#1383 = CARTESIAN_POINT('',(9.013784061389,9.979244155508,
    39.784081592816));
#1384 = CARTESIAN_POINT('',(8.627713073755,10.154008661628,
    39.802443624992));
#1385 = CARTESIAN_POINT('',(8.239484624051,10.326405954994,
    39.820029532078));
#1386 = CARTESIAN_POINT('',(7.848156503848,10.495375099364,
    39.836862081177));
#1387 = CARTESIAN_POINT('',(7.452790367978,10.659779322739,
    39.85295369215));
#1388 = CARTESIAN_POINT('',(7.052510425205,10.818392287522,
    39.868304959273));
#1389 = CARTESIAN_POINT('',(6.64658446155,10.96988787118,39.882902908904
    ));
#1390 = CARTESIAN_POINT('',(6.234527578545,11.11283350924,
    39.896718993774));
#1391 = CARTESIAN_POINT('',(5.397396828643,11.378710405709,
    39.922711231941));
#1392 = CARTESIAN_POINT('',(4.972167177914,11.501673168971,
    39.934889472343));
#1393 = CARTESIAN_POINT('',(4.541475231584,11.612967182217,
    39.946179782673));
#1394 = CARTESIAN_POINT('',(4.099892605808,11.712096787939,
    39.956639088861));
#1395 = CARTESIAN_POINT('',(3.663400164687,11.79505084372,
    39.965886139153));
#1396 = CARTESIAN_POINT('',(3.201859198897,11.866937625035,
    39.974540170909));
#1397 = CARTESIAN_POINT('',(2.755767977256,11.918103728134,
    39.981548128171));
#1398 = CARTESIAN_POINT('',(2.295403547981,11.958175522891,
    39.987798503107));
#1399 = CARTESIAN_POINT('',(1.836221844606,11.9820509714,39.99263138648)
  );
#1400 = CARTESIAN_POINT('',(1.378197286803,11.995384094976,
    39.996320016133));
#1401 = CARTESIAN_POINT('',(0.918513283801,11.999997027051,
    39.998773178915));
#1402 = CARTESIAN_POINT('',(0.459283375399,12.,39.999999999894));
#1403 = CARTESIAN_POINT('',(1.7763568394E-15,12.,40.000000000001));
#1404 = CARTESIAN_POINT('',(22.,7.,37.185445048115));
#1405 = CARTESIAN_POINT('',(21.550983054428,7.,37.239297087452));
#1406 = CARTESIAN_POINT('',(21.101908954637,7.000000291971,
    37.292384580762));
#1407 = CARTESIAN_POINT('',(20.652612516702,7.001285875835,
    37.344713630758));
#1408 = CARTESIAN_POINT('',(20.201743343286,7.005207141962,
    37.396411634386));
#1409 = CARTESIAN_POINT('',(19.755259653642,7.013134933386,
    37.446764745059));
#1410 = CARTESIAN_POINT('',(19.300478679376,7.026459292957,
    37.497208496754));
#1411 = CARTESIAN_POINT('',(18.855018405652,7.046619710458,
    37.545634491814));
#1412 = CARTESIAN_POINT('',(18.402028998393,7.074923712072,
    37.593969217254));
#1413 = CARTESIAN_POINT('',(17.955451619565,7.112562847768,
    37.640519377755));
#1414 = CARTESIAN_POINT('',(17.508108094081,7.160463064708,
    37.686076758437));
#1415 = CARTESIAN_POINT('',(17.064062826367,7.219289254905,
    37.730115275214));
#1416 = CARTESIAN_POINT('',(16.622970557471,7.289350256365,
    37.772645014511));
#1417 = CARTESIAN_POINT('',(15.748486557116,7.451900296169,
    37.854450061632));
#1418 = CARTESIAN_POINT('',(15.315068184439,7.544368233786,
    37.893731386228));
#1419 = CARTESIAN_POINT('',(14.886234788874,7.648051197104,
    37.931283513578));
#1420 = CARTESIAN_POINT('',(14.462534272367,7.762580518741,
    37.967048229235));
#1421 = CARTESIAN_POINT('',(14.044295962451,7.887300542356,
    38.001010550022));
#1422 = CARTESIAN_POINT('',(13.631632381071,8.021358113357,
    38.033192017744));
#1423 = CARTESIAN_POINT('',(13.224447909394,8.163777773894,
    38.063643839054));
#1424 = CARTESIAN_POINT('',(12.82245434834,8.31352266206,38.092439871607
    ));
#1425 = CARTESIAN_POINT('',(12.425193374764,8.469541115536,
    38.11966945637));
#1426 = CARTESIAN_POINT('',(12.032065893774,8.630798979264,
    38.145430096205));
#1427 = CARTESIAN_POINT('',(11.642368286375,8.796297617687,
    38.169819980634));
#1428 = CARTESIAN_POINT('',(11.255335553351,8.96507763101,
    38.192930356844));
#1429 = CARTESIAN_POINT('',(10.485047155856,9.307338920836,
    38.236745136973));
#1430 = CARTESIAN_POINT('',(10.101815277595,9.480820877775,
    38.257451345293));
#1431 = CARTESIAN_POINT('',(9.719649904527,9.65567203427,38.277039260558
    ));
#1432 = CARTESIAN_POINT('',(9.337750387613,9.830951368962,
    38.295582830573));
#1433 = CARTESIAN_POINT('',(8.955308966308,10.005727415383,
    38.31314716729));
#1434 = CARTESIAN_POINT('',(8.571480882202,10.179050667862,
    38.329788589915));
#1435 = CARTESIAN_POINT('',(8.185376883731,10.349929929924,
    38.345554606065));
#1436 = CARTESIAN_POINT('',(7.796078122117,10.51731260478,
    38.360483831024));
#1437 = CARTESIAN_POINT('',(7.402673438727,10.680068928253,
    38.374605845011));
#1438 = CARTESIAN_POINT('',(7.004319043263,10.836980143919,
    38.387940988578));
#1439 = CARTESIAN_POINT('',(6.600320583641,10.986730620543,
    38.400500096016));
#1440 = CARTESIAN_POINT('',(6.19023760667,11.127903911837,38.41228416687
    ));
#1441 = CARTESIAN_POINT('',(5.357783213801,11.3900616051,38.43428378411)
  );
#1442 = CARTESIAN_POINT('',(4.935250083338,11.511109700728,
    38.44450312495));
#1443 = CARTESIAN_POINT('',(4.507360711447,11.62055900873,
    38.453919567604));
#1444 = CARTESIAN_POINT('',(4.068729064825,11.717942007406,
    38.462613343967));
#1445 = CARTESIAN_POINT('',(3.635262820049,11.799344822824,
    38.470299178338));
#1446 = CARTESIAN_POINT('',(3.17697988088,11.869818112881,38.47752853692
    ));
#1447 = CARTESIAN_POINT('',(2.734187293421,11.919913000453,
    38.48345431844));
#1448 = CARTESIAN_POINT('',(2.277238983065,11.959131252544,
    38.488829638355));
#1449 = CARTESIAN_POINT('',(1.821610911045,11.982466789873,
    38.493100817929));
#1450 = CARTESIAN_POINT('',(1.367138313477,11.995494295381,
    38.496459732248));
#1451 = CARTESIAN_POINT('',(0.91111882306,11.999997008388,
    38.498783072301));
#1452 = CARTESIAN_POINT('',(0.455584451282,12.,38.500000000078));
#1453 = CARTESIAN_POINT('',(0.,12.,38.499999999998));
#1454 = DEFINITIONAL_REPRESENTATION('',(#1455),#1459);
#1455 = LINE('',#1456,#1457);
#1456 = CARTESIAN_POINT('',(0.,0.));
#1457 = VECTOR('',#1458,1.);
#1458 = DIRECTION('',(0.,1.));
#1459 = ( GEOMETRIC_REPRESENTATION_CONTEXT(2) 
PARAMETRIC_REPRESENTATION_CONTEXT() REPRESENTATION_CONTEXT('2D SPACE',''
  ) );
#1460 = ORIENTED_EDGE('',*,*,#1461,.T.);
#1461 = EDGE_CURVE('',#1182,#1462,#1464,.T.);
#1462 = VERTEX_POINT('',#1463);
#1463 = CARTESIAN_POINT('',(-22.1786197564,5.5,38.674772071512));
#1464 = SURFACE_CURVE('',#1465,(#1528,#1594),.PCURVE_S1.);
#1465 = ( BOUNDED_CURVE() B_SPLINE_CURVE(11,(#1466,#1467,#1468,#1469,
    #1470,#1471,#1472,#1473,#1474,#1475,#1476,#1477,#1478,#1479,#1480,
    #1481,#1482,#1483,#1484,#1485,#1486,#1487,#1488,#1489,#1490,#1491,
    #1492,#1493,#1494,#1495,#1496,#1497,#1498,#1499,#1500,#1501,#1502,
    #1503,#1504,#1505,#1506,#1507,#1508,#1509,#1510,#1511,#1512,#1513,
    #1514,#1515,#1516,#1517,#1518,#1519,#1520,#1521,#1522,#1523,#1524,
#1525,#1526,#1527),.UNSPECIFIED.,.F.,.F.) B_SPLINE_CURVE_WITH_KNOTS((12,
    10,10,10,10,10,12),(55.615894317629,57.056298305125,58.49670229262,
    61.377510267611,67.139126217592,72.900742167574,78.662358117555),
.UNSPECIFIED.) CURVE() GEOMETRIC_REPRESENTATION_ITEM() 
RATIONAL_B_SPLINE_CURVE((1.,1.,1.000000000001,0.999999999998,
    1.000000000003,0.999999999997,1.000000000003,0.999999999998,
    1.000000000001,1.,1.,1.,1.,1.,0.999999999999,1.000000000001,
    0.999999999999,1.000000000001,1.,1.,1.,1.,1.,0.999999999999,
    1.000000000001,0.999999999998,1.000000000002,0.999999999999,
    1.000000000001,1.,1.,1.,1.,1.,0.999999999999,1.000000000001,
    0.999999999999,1.000000000001,1.,1.,1.,1.,1.,1.,1.,1.000000000001,
    0.999999999999,1.,1.,1.,1.,1.,1.,1.,1.,1.,1.,1.,1.,1.,1.,1.)) 
REPRESENTATION_ITEM('') );
#1466 = CARTESIAN_POINT('',(-3.181031128291E-15,10.500000000166,40.));
#1467 = CARTESIAN_POINT('',(-0.135328068993,10.500000004053,
    40.000000016339));
#1468 = CARTESIAN_POINT('',(-0.271378442864,10.500001662137,
    39.999892153237));
#1469 = CARTESIAN_POINT('',(-0.403974711948,10.499869152851,
    39.999670947147));
#1470 = CARTESIAN_POINT('',(-0.533062918878,10.499529863586,
    39.999369229802));
#1471 = CARTESIAN_POINT('',(-0.668590708127,10.498824517098,
    39.998940903154));
#1472 = CARTESIAN_POINT('',(-0.798975950735,10.497695171751,
    39.9984228639));
#1473 = CARTESIAN_POINT('',(-0.925080816657,10.496066264936,
    39.997823187887));
#1474 = CARTESIAN_POINT('',(-1.057381720245,10.493822080994,
    39.997108280782));
#1475 = CARTESIAN_POINT('',(-1.183788691521,10.490926223375,
    39.996315080257));
#1476 = CARTESIAN_POINT('',(-1.311349873802,10.487297288637,
    39.995426450752));
#1477 = CARTESIAN_POINT('',(-1.56442187705,10.478467535228,
    39.993472627914));
#1478 = CARTESIAN_POINT('',(-1.690241187826,10.473265047957,
    39.99240673054));
#1479 = CARTESIAN_POINT('',(-1.81537850277,10.467218597234,
    39.991253291703));
#1480 = CARTESIAN_POINT('',(-1.939866439279,10.460277163679,
    39.990013674881));
#1481 = CARTESIAN_POINT('',(-2.063735537168,10.452395061415,
    39.98868916253));
#1482 = CARTESIAN_POINT('',(-2.187014258606,10.443531938071,
    39.98728095609));
#1483 = CARTESIAN_POINT('',(-2.309728988199,10.433652774777,
    39.985790175983));
#1484 = CARTESIAN_POINT('',(-2.431904032904,10.422727886169,
    39.984217861612));
#1485 = CARTESIAN_POINT('',(-2.553561622102,10.410732920386,
    39.982564971361));
#1486 = CARTESIAN_POINT('',(-2.674721907547,10.397648859071,
    39.9808323826));
#1487 = CARTESIAN_POINT('',(-3.036765075091,10.355088333972,
    39.975397909828));
#1488 = CARTESIAN_POINT('',(-3.276218655979,10.32229750774,
    39.971459405348));
#1489 = CARTESIAN_POINT('',(-3.513882444457,10.284975599335,
    39.967212621471));
#1490 = CARTESIAN_POINT('',(-3.749872770159,10.24307961774,
    39.962663931457));
#1491 = CARTESIAN_POINT('',(-3.984304024146,10.196628698372,
    39.95781885497));
#1492 = CARTESIAN_POINT('',(-4.217289129157,10.145695281165,
    39.952682074439));
#1493 = CARTESIAN_POINT('',(-4.448940009777,10.090396288689,
    39.947257451439));
#1494 = CARTESIAN_POINT('',(-4.679368062702,10.030884304228,
    39.941548043055));
#1495 = CARTESIAN_POINT('',(-4.90868462691,9.967338749895,
    39.935556118258));
#1496 = CARTESIAN_POINT('',(-5.137001453906,9.899957064725,
    39.929283174274));
#1497 = CARTESIAN_POINT('',(-5.819290625956,9.686923518862,
    39.909623510328));
#1498 = CARTESIAN_POINT('',(-6.270553467141,9.530383401243,
    39.895397120027));
#1499 = CARTESIAN_POINT('',(-6.718988797406,9.361123498449,
    39.880061085473));
#1500 = CARTESIAN_POINT('',(-7.165594748817,9.180997282023,
    39.863607283481));
#1501 = CARTESIAN_POINT('',(-7.611531415783,8.99184533854,
    39.846008527465));
#1502 = CARTESIAN_POINT('',(-8.058065465724,8.795454495993,
    39.827218108818));
#1503 = CARTESIAN_POINT('',(-8.506526434222,8.593544464495,
    39.80716951654));
#1504 = CARTESIAN_POINT('',(-8.958274704683,8.38778199133,
    39.785776335027));
#1505 = CARTESIAN_POINT('',(-9.414681172429,8.179822530345,
    39.76293232011));
#1506 = CARTESIAN_POINT('',(-9.877118593333,7.971379425664,
    39.738511653268));
#1507 = CARTESIAN_POINT('',(-10.81681064044,7.557261793844,
    39.686227094866));
#1508 = CARTESIAN_POINT('',(-11.29415960815,7.351556635965,
    39.658356426239));
#1509 = CARTESIAN_POINT('',(-11.78028865548,7.148983229617,
    39.628619147156));
#1510 = CARTESIAN_POINT('',(-12.27650633358,6.951486512526,
    39.596850705219));
#1511 = CARTESIAN_POINT('',(-12.7838813586,6.761220328003,
    39.562879210115));
#1512 = CARTESIAN_POINT('',(-13.30302920867,6.580514066941,
    39.526544646395));
#1513 = CARTESIAN_POINT('',(-13.83395656841,6.411763890383,
    39.487718305582));
#1514 = CARTESIAN_POINT('',(-14.37596362106,6.257248532753,
    39.44632243762));
#1515 = CARTESIAN_POINT('',(-14.92760418819,6.11886968565,
    39.402350121634));
#1516 = CARTESIAN_POINT('',(-15.48670371708,5.997816962285,
    39.355885356043));
#1517 = CARTESIAN_POINT('',(-16.61416651406,5.790497922753,
    39.258361379923));
#1518 = CARTESIAN_POINT('',(-17.18208396703,5.704271125011,
    39.207355845694));
#1519 = CARTESIAN_POINT('',(-17.75627492558,5.635586745955,
    39.153721995815));
#1520 = CARTESIAN_POINT('',(-18.31441841117,5.583850408903,
    39.100029367252));
#1521 = CARTESIAN_POINT('',(-18.90751960591,5.547156871837,
    39.04009201627));
#1522 = CARTESIAN_POINT('',(-19.42992362098,5.523149113901,
    38.986665358098));
#1523 = CARTESIAN_POINT('',(-20.03137585255,5.509078277438,
    38.921746013455));
#1524 = CARTESIAN_POINT('',(-20.54646462803,5.502226802553,
    38.865307362649));
#1525 = CARTESIAN_POINT('',(-21.11146515465,5.500000364009,
    38.801038647976));
#1526 = CARTESIAN_POINT('',(-21.64319398618,5.5,38.738987397736));
#1527 = CARTESIAN_POINT('',(-22.1786197564,5.5,38.674772071512));
#1528 = PCURVE('',#1106,#1529);
#1529 = DEFINITIONAL_REPRESENTATION('',(#1530),#1593);
#1530 = B_SPLINE_CURVE_WITH_KNOTS('',11,(#1531,#1532,#1533,#1534,#1535,
    #1536,#1537,#1538,#1539,#1540,#1541,#1542,#1543,#1544,#1545,#1546,
    #1547,#1548,#1549,#1550,#1551,#1552,#1553,#1554,#1555,#1556,#1557,
    #1558,#1559,#1560,#1561,#1562,#1563,#1564,#1565,#1566,#1567,#1568,
    #1569,#1570,#1571,#1572,#1573,#1574,#1575,#1576,#1577,#1578,#1579,
    #1580,#1581,#1582,#1583,#1584,#1585,#1586,#1587,#1588,#1589,#1590,
    #1591,#1592),.UNSPECIFIED.,.F.,.F.,(12,10,10,10,10,10,12),(
    55.615894317629,57.056298305125,58.49670229262,61.377510267611,
    67.139126217592,72.900742167574,78.662358117555),.UNSPECIFIED.);
#1531 = CARTESIAN_POINT('',(5.989028475675,-15.50000000016));
#1532 = CARTESIAN_POINT('',(5.989755069334,-15.50000000404));
#1533 = CARTESIAN_POINT('',(5.990485607521,-15.5000016432));
#1534 = CARTESIAN_POINT('',(5.991198150054,-15.49986939686));
#1535 = CARTESIAN_POINT('',(5.991890034694,-15.49952897251));
#1536 = CARTESIAN_POINT('',(5.992618571613,-15.49882595254));
#1537 = CARTESIAN_POINT('',(5.993318543741,-15.49769391403));
#1538 = CARTESIAN_POINT('',(5.993995322663,-15.49606690086));
#1539 = CARTESIAN_POINT('',(5.994705913864,-15.49382189636));
#1540 = CARTESIAN_POINT('',(5.995384534524,-15.49092625234));
#1541 = CARTESIAN_POINT('',(5.996069457659,-15.48729728793));
#1542 = CARTESIAN_POINT('',(5.997428273919,-15.47846753494));
#1543 = CARTESIAN_POINT('',(5.998103837874,-15.47326504782));
#1544 = CARTESIAN_POINT('',(5.998775744276,-15.46721859721));
#1545 = CARTESIAN_POINT('',(5.999444168589,-15.4602771637));
#1546 = CARTESIAN_POINT('',(6.00010927511,-15.45239506147));
#1547 = CARTESIAN_POINT('',(6.000771216977,-15.4435319381));
#1548 = CARTESIAN_POINT('',(6.001430136164,-15.4336527748));
#1549 = CARTESIAN_POINT('',(6.002086163484,-15.42272788616));
#1550 = CARTESIAN_POINT('',(6.002739418587,-15.41073292035));
#1551 = CARTESIAN_POINT('',(6.003390009961,-15.39764885904));
#1552 = CARTESIAN_POINT('',(6.005334084869,-15.35508833403));
#1553 = CARTESIAN_POINT('',(6.00661991425,-15.32229750781));
#1554 = CARTESIAN_POINT('',(6.007896162856,-15.28497559935));
#1555 = CARTESIAN_POINT('',(6.009163457446,-15.24307961776));
#1556 = CARTESIAN_POINT('',(6.0104224143,-15.19662869828));
#1557 = CARTESIAN_POINT('',(6.011673641754,-15.14569528113));
#1558 = CARTESIAN_POINT('',(6.012917742763,-15.09039628862));
#1559 = CARTESIAN_POINT('',(6.01415531743,-15.03088430425));
#1560 = CARTESIAN_POINT('',(6.015386965563,-14.96733874997));
#1561 = CARTESIAN_POINT('',(6.016613289209,-14.89995706483));
#1562 = CARTESIAN_POINT('',(6.020278107216,-14.68692351864));
#1563 = CARTESIAN_POINT('',(6.022702189762,-14.530383401));
#1564 = CARTESIAN_POINT('',(6.025111288578,-14.36112349853));
#1565 = CARTESIAN_POINT('',(6.027510780209,-14.18099728235));
#1566 = CARTESIAN_POINT('',(6.029906912845,-13.99184533883));
#1567 = CARTESIAN_POINT('',(6.032306509937,-13.79545449579));
#1568 = CARTESIAN_POINT('',(6.034716736546,-13.59354446392));
#1569 = CARTESIAN_POINT('',(6.037144928481,-13.38778199084));
#1570 = CARTESIAN_POINT('',(6.039598484179,-13.17982253079));
#1571 = CARTESIAN_POINT('',(6.042084819358,-12.97137942712));
#1572 = CARTESIAN_POINT('',(6.047137949499,-12.55726179238));
#1573 = CARTESIAN_POINT('',(6.049705251826,-12.35155663495));
#1574 = CARTESIAN_POINT('',(6.052320201813,-12.14898323009));
#1575 = CARTESIAN_POINT('',(6.054989887089,-11.95148651409));
#1576 = CARTESIAN_POINT('',(6.057720115762,-11.76122032937));
#1577 = CARTESIAN_POINT('',(6.060514268381,-11.58051406686));
#1578 = CARTESIAN_POINT('',(6.063372458573,-11.41176388875));
#1579 = CARTESIAN_POINT('',(6.066291002389,-11.25724853091));
#1580 = CARTESIAN_POINT('',(6.06926219633,-11.11886968579));
#1581 = CARTESIAN_POINT('',(6.072274404074,-10.99781696506));
#1582 = CARTESIAN_POINT('',(6.078350499708,-10.79049791997));
#1583 = CARTESIAN_POINT('',(6.081411975745,-10.70427112694));
#1584 = CARTESIAN_POINT('',(6.084508274966,-10.63558676719));
#1585 = CARTESIAN_POINT('',(6.087518796054,-10.58385033698));
#1586 = CARTESIAN_POINT('',(6.090719424332,-10.54715698829));
#1587 = CARTESIAN_POINT('',(6.093538838266,-10.52314899935));
#1588 = CARTESIAN_POINT('',(6.096786836414,-10.50907834878));
#1589 = CARTESIAN_POINT('',(6.099568924167,-10.50222677575));
#1590 = CARTESIAN_POINT('',(6.102622020638,-10.50000036887));
#1591 = CARTESIAN_POINT('',(6.105496299887,-10.5));
#1592 = CARTESIAN_POINT('',(6.108391670606,-10.5));
#1593 = ( GEOMETRIC_REPRESENTATION_CONTEXT(2) 
PARAMETRIC_REPRESENTATION_CONTEXT() REPRESENTATION_CONTEXT('2D SPACE',''
  ) );
#1594 = PCURVE('',#1595,#1782);
#1595 = ( BOUNDED_SURFACE() B_SPLINE_SURFACE(2,11,(
    (#1596,#1597,#1598,#1599,#1600,#1601,#1602,#1603,#1604,#1605,#1606
      ,#1607,#1608,#1609,#1610,#1611,#1612,#1613,#1614,#1615,#1616,#1617
      ,#1618,#1619,#1620,#1621,#1622,#1623,#1624,#1625,#1626,#1627,#1628
      ,#1629,#1630,#1631,#1632,#1633,#1634,#1635,#1636,#1637,#1638,#1639
      ,#1640,#1641,#1642,#1643,#1644,#1645,#1646,#1647,#1648,#1649,#1650
      ,#1651,#1652,#1653,#1654,#1655,#1656,#1657)
    ,(#1658,#1659,#1660,#1661,#1662,#1663,#1664,#1665,#1666,#1667,#1668
      ,#1669,#1670,#1671,#1672,#1673,#1674,#1675,#1676,#1677,#1678,#1679
      ,#1680,#1681,#1682,#1683,#1684,#1685,#1686,#1687,#1688,#1689,#1690
      ,#1691,#1692,#1693,#1694,#1695,#1696,#1697,#1698,#1699,#1700,#1701
      ,#1702,#1703,#1704,#1705,#1706,#1707,#1708,#1709,#1710,#1711,#1712
      ,#1713,#1714,#1715,#1716,#1717,#1718,#1719)
    ,(#1720,#1721,#1722,#1723,#1724,#1725,#1726,#1727,#1728,#1729,#1730
      ,#1731,#1732,#1733,#1734,#1735,#1736,#1737,#1738,#1739,#1740,#1741
      ,#1742,#1743,#1744,#1745,#1746,#1747,#1748,#1749,#1750,#1751,#1752
      ,#1753,#1754,#1755,#1756,#1757,#1758,#1759,#1760,#1761,#1762,#1763
      ,#1764,#1765,#1766,#1767,#1768,#1769,#1770,#1771,#1772,#1773,#1774
      ,#1775,#1776,#1777,#1778,#1779,#1780,#1781
)),.UNSPECIFIED.,.F.,.F.,.F.) B_SPLINE_SURFACE_WITH_KNOTS((3,3),(12,10,
    10,10,10,10,12),(0.,23.046463799926),(55.615894317629,
    57.056298305125,58.49670229262,61.377510267611,67.139126217592,
    72.900742167574,78.662358117555),.UNSPECIFIED.) 
GEOMETRIC_REPRESENTATION_ITEM() RATIONAL_B_SPLINE_SURFACE((
    (1.,1.,1.000000000001,0.999999999998,1.000000000003,0.999999999997
      ,1.000000000003,0.999999999998,1.000000000001,1.,1.,1.,1.,1.
      ,0.999999999999,1.000000000001,0.999999999999,1.000000000001,1.,1.
      ,1.,1.,1.,0.999999999999,1.000000000001,0.999999999998
      ,1.000000000002,0.999999999999,1.000000000001,1.,1.,1.,1.,1.
      ,0.999999999999,1.000000000001,0.999999999999,1.000000000001,1.,1.
      ,1.,1.,1.,1.,1.,1.000000000001,0.999999999999,1.,1.,1.,1.,1.,1.,1.
      ,1.,1.,1.,1.,1.,1.,1.,1.)
    ,(0.707106781186,0.70710678117,0.707106774788,0.707107517056
      ,0.707109493624,0.707113498778,0.70711991223,0.707129157926
      ,0.707141790539,0.70715803447,0.70717826297,0.707227165458
      ,0.707255848992,0.70728901299,0.707326861439,0.707369554148
      ,0.707417206739,0.707469890654,0.70752763315,0.7075904173
      ,0.707658181997,0.707876101852,0.708040966753,0.708224574355
      ,0.708425591078,0.708642302052,0.708872721155,0.709114700994
      ,0.709366042945,0.709624607144,0.709888422509,0.710690545235
      ,0.711239406776,0.711787132876,0.712322061919,0.712835008596
      ,0.713318307092,0.713765008077,0.714168229438,0.714520660825
      ,0.714814221942,0.715265527333,0.715422977709,0.715504905881
      ,0.715501154049,0.715401084936,0.715195819717,0.714880355506
      ,0.7144555623,0.713930059493,0.71332197186,0.711999158308
      ,0.711283600664,0.71054008847,0.709801187193,0.709103846306
      ,0.708476877802,0.707948996645,0.707535609342,0.707251836974
      ,0.707106781187,0.707106781187)
    ,(1.,1.,1.000000000001,0.999999999998,1.000000000003,0.999999999997
      ,1.000000000003,0.999999999998,1.000000000001,1.,1.,1.,1.,1.
      ,0.999999999999,1.000000000001,0.999999999999,1.000000000001,1.,1.
      ,1.,1.,1.,0.999999999999,1.000000000001,0.999999999998
      ,1.000000000002,0.999999999999,1.000000000001,1.,1.,1.,1.,1.
      ,0.999999999999,1.000000000001,0.999999999999,1.000000000001,1.,1.
      ,1.,1.,1.,1.,1.,1.000000000001,0.999999999999,1.,1.,1.,1.,1.,1.,1.
,1.,1.,1.,1.,1.,1.,1.,1.))) REPRESENTATION_ITEM('') SURFACE() );
#1596 = CARTESIAN_POINT('',(-3.181031128291E-15,10.500000000166,40.));
#1597 = CARTESIAN_POINT('',(-0.135328068993,10.500000004053,
    40.000000016339));
#1598 = CARTESIAN_POINT('',(-0.271378442864,10.500001662137,
    39.999892153237));
#1599 = CARTESIAN_POINT('',(-0.403974711948,10.499869152851,
    39.999670947147));
#1600 = CARTESIAN_POINT('',(-0.533062918878,10.499529863586,
    39.999369229802));
#1601 = CARTESIAN_POINT('',(-0.668590708127,10.498824517098,
    39.998940903154));
#1602 = CARTESIAN_POINT('',(-0.798975950735,10.497695171751,
    39.9984228639));
#1603 = CARTESIAN_POINT('',(-0.925080816657,10.496066264936,
    39.997823187887));
#1604 = CARTESIAN_POINT('',(-1.057381720245,10.493822080994,
    39.997108280782));
#1605 = CARTESIAN_POINT('',(-1.183788691521,10.490926223375,
    39.996315080257));
#1606 = CARTESIAN_POINT('',(-1.311349873802,10.487297288637,
    39.995426450752));
#1607 = CARTESIAN_POINT('',(-1.56442187705,10.478467535228,
    39.993472627914));
#1608 = CARTESIAN_POINT('',(-1.690241187826,10.473265047957,
    39.99240673054));
#1609 = CARTESIAN_POINT('',(-1.81537850277,10.467218597234,
    39.991253291703));
#1610 = CARTESIAN_POINT('',(-1.939866439279,10.460277163679,
    39.990013674881));
#1611 = CARTESIAN_POINT('',(-2.063735537168,10.452395061415,
    39.98868916253));
#1612 = CARTESIAN_POINT('',(-2.187014258606,10.443531938071,
    39.98728095609));
#1613 = CARTESIAN_POINT('',(-2.309728988199,10.433652774777,
    39.985790175983));
#1614 = CARTESIAN_POINT('',(-2.431904032904,10.422727886169,
    39.984217861612));
#1615 = CARTESIAN_POINT('',(-2.553561622102,10.410732920386,
    39.982564971361));
#1616 = CARTESIAN_POINT('',(-2.674721907547,10.397648859071,
    39.9808323826));
#1617 = CARTESIAN_POINT('',(-3.036765075091,10.355088333972,
    39.975397909828));
#1618 = CARTESIAN_POINT('',(-3.276218655979,10.32229750774,
    39.971459405348));
#1619 = CARTESIAN_POINT('',(-3.513882444457,10.284975599335,
    39.967212621471));
#1620 = CARTESIAN_POINT('',(-3.749872770159,10.24307961774,
    39.962663931457));
#1621 = CARTESIAN_POINT('',(-3.984304024146,10.196628698372,
    39.95781885497));
#1622 = CARTESIAN_POINT('',(-4.217289129157,10.145695281165,
    39.952682074439));
#1623 = CARTESIAN_POINT('',(-4.448940009777,10.090396288689,
    39.947257451439));
#1624 = CARTESIAN_POINT('',(-4.679368062702,10.030884304228,
    39.941548043055));
#1625 = CARTESIAN_POINT('',(-4.90868462691,9.967338749895,
    39.935556118258));
#1626 = CARTESIAN_POINT('',(-5.137001453906,9.899957064725,
    39.929283174274));
#1627 = CARTESIAN_POINT('',(-5.819290625956,9.686923518862,
    39.909623510328));
#1628 = CARTESIAN_POINT('',(-6.270553467141,9.530383401243,
    39.895397120027));
#1629 = CARTESIAN_POINT('',(-6.718988797406,9.361123498449,
    39.880061085473));
#1630 = CARTESIAN_POINT('',(-7.165594748817,9.180997282023,
    39.863607283481));
#1631 = CARTESIAN_POINT('',(-7.611531415783,8.99184533854,
    39.846008527465));
#1632 = CARTESIAN_POINT('',(-8.058065465724,8.795454495993,
    39.827218108818));
#1633 = CARTESIAN_POINT('',(-8.506526434222,8.593544464495,
    39.80716951654));
#1634 = CARTESIAN_POINT('',(-8.958274704683,8.38778199133,
    39.785776335027));
#1635 = CARTESIAN_POINT('',(-9.414681172429,8.179822530345,
    39.76293232011));
#1636 = CARTESIAN_POINT('',(-9.877118593333,7.971379425664,
    39.738511653268));
#1637 = CARTESIAN_POINT('',(-10.81681064044,7.557261793844,
    39.686227094866));
#1638 = CARTESIAN_POINT('',(-11.29415960815,7.351556635965,
    39.658356426239));
#1639 = CARTESIAN_POINT('',(-11.78028865548,7.148983229617,
    39.628619147156));
#1640 = CARTESIAN_POINT('',(-12.27650633358,6.951486512526,
    39.596850705219));
#1641 = CARTESIAN_POINT('',(-12.7838813586,6.761220328003,
    39.562879210115));
#1642 = CARTESIAN_POINT('',(-13.30302920867,6.580514066941,
    39.526544646395));
#1643 = CARTESIAN_POINT('',(-13.83395656841,6.411763890383,
    39.487718305582));
#1644 = CARTESIAN_POINT('',(-14.37596362106,6.257248532753,
    39.44632243762));
#1645 = CARTESIAN_POINT('',(-14.92760418819,6.11886968565,
    39.402350121634));
#1646 = CARTESIAN_POINT('',(-15.48670371708,5.997816962285,
    39.355885356043));
#1647 = CARTESIAN_POINT('',(-16.61416651406,5.790497922753,
    39.258361379923));
#1648 = CARTESIAN_POINT('',(-17.18208396703,5.704271125011,
    39.207355845694));
#1649 = CARTESIAN_POINT('',(-17.75627492558,5.635586745955,
    39.153721995815));
#1650 = CARTESIAN_POINT('',(-18.31441841117,5.583850408903,
    39.100029367252));
#1651 = CARTESIAN_POINT('',(-18.90751960591,5.547156871837,
    39.04009201627));
#1652 = CARTESIAN_POINT('',(-19.42992362098,5.523149113901,
    38.986665358098));
#1653 = CARTESIAN_POINT('',(-20.03137585255,5.509078277438,
    38.921746013455));
#1654 = CARTESIAN_POINT('',(-20.54646462803,5.502226802553,
    38.865307362649));
#1655 = CARTESIAN_POINT('',(-21.11146515465,5.500000364009,
    38.801038647976));
#1656 = CARTESIAN_POINT('',(-21.64319398618,5.5,38.738987397736));
#1657 = CARTESIAN_POINT('',(-22.1786197564,5.5,38.674772071512));
#1658 = CARTESIAN_POINT('',(3.552713678801E-15,12.,40.000000000001));
#1659 = CARTESIAN_POINT('',(-0.135614298658,12.,40.000000000033));
#1660 = CARTESIAN_POINT('',(-0.271227888747,11.99999999521,
    39.99989139287));
#1661 = CARTESIAN_POINT('',(-0.406840715927,11.999874302424,
    39.999674085423));
#1662 = CARTESIAN_POINT('',(-0.542456645676,11.999504112212,
    39.999348384498));
#1663 = CARTESIAN_POINT('',(-0.678058142424,11.998777839444,
    39.998913987805));
#1664 = CARTESIAN_POINT('',(-0.813668424943,11.997590316751,
    39.998371171099));
#1665 = CARTESIAN_POINT('',(-0.949282638921,11.995842938967,
    39.997720089676));
#1666 = CARTESIAN_POINT('',(-1.084869768394,11.993443884153,
    39.996960672973));
#1667 = CARTESIAN_POINT('',(-1.220438017323,11.990307995001,
    39.996093379155));
#1668 = CARTESIAN_POINT('',(-1.355959698427,11.986356993711,
    39.995118418649));
#1669 = CARTESIAN_POINT('',(-1.626869910214,11.97668239427,
    39.992954130618));
#1670 = CARTESIAN_POINT('',(-1.762255289898,11.970959106982,
    39.991764862724));
#1671 = CARTESIAN_POINT('',(-1.897555822794,11.964278260133,
    39.99046882553));
#1672 = CARTESIAN_POINT('',(-2.032749947315,11.956575527742,
    39.989066522407));
#1673 = CARTESIAN_POINT('',(-2.167814388545,11.947793665824,
    39.987558567965));
#1674 = CARTESIAN_POINT('',(-2.30272420268,11.937882514315,
    39.985945687762));
#1675 = CARTESIAN_POINT('',(-2.43745282175,11.926798997421,
    39.984228717945));
#1676 = CARTESIAN_POINT('',(-2.571972098233,11.914507122358,
    39.982408604733));
#1677 = CARTESIAN_POINT('',(-2.706252349859,11.900977976238,
    39.980486403833));
#1678 = CARTESIAN_POINT('',(-2.840262404232,11.886189721124,
    39.97846327971));
#1679 = CARTESIAN_POINT('',(-3.24130179815,11.838013208592,
    39.972096261925));
#1680 = CARTESIAN_POINT('',(-3.507427174267,11.800805267646,
    39.967453631412));
#1681 = CARTESIAN_POINT('',(-3.772037813341,11.758391205505,
    39.962423998717));
#1682 = CARTESIAN_POINT('',(-4.034878046817,11.710766826231,
    39.957019817456));
#1683 = CARTESIAN_POINT('',(-4.295743319458,11.658019996829,
    39.951254176354));
#1684 = CARTESIAN_POINT('',(-4.554478726659,11.600314342087,
    39.94514036907));
#1685 = CARTESIAN_POINT('',(-4.810977274129,11.537872966865,
    39.938691468474));
#1686 = CARTESIAN_POINT('',(-5.065177870309,11.470962237316,
    39.931919906909));
#1687 = CARTESIAN_POINT('',(-5.317063064821,11.399875648959,
    39.924837063645));
#1688 = CARTESIAN_POINT('',(-5.566656545675,11.324917805082,
    39.917452860684));
#1689 = CARTESIAN_POINT('',(-6.308189759405,11.089507224866,
    39.894437712427));
#1690 = CARTESIAN_POINT('',(-6.793370466103,10.918369659973,
    39.877931176322));
#1691 = CARTESIAN_POINT('',(-7.269951638274,10.735578132481,
    39.860330018412));
#1692 = CARTESIAN_POINT('',(-7.739001785075,10.543534554543,
    39.841672960329));
#1693 = CARTESIAN_POINT('',(-8.201968410143,10.344439150749,
    39.821968771076));
#1694 = CARTESIAN_POINT('',(-8.66045211126,10.140303021993,
    39.801200868633));
#1695 = CARTESIAN_POINT('',(-9.116053795442,9.932974247219,
    39.779330929536));
#1696 = CARTESIAN_POINT('',(-9.570293660459,9.724177445103,
    39.756301510058));
#1697 = CARTESIAN_POINT('',(-10.02460072447,9.515566907287,
    39.732037689969));
#1698 = CARTESIAN_POINT('',(-10.48037185397,9.308793562234,
    39.706447754636));
#1699 = CARTESIAN_POINT('',(-11.39753757256,8.902506952183,
    39.652415165703));
#1700 = CARTESIAN_POINT('',(-11.85901373606,8.702939844633,
    39.623967422042));
#1701 = CARTESIAN_POINT('',(-12.3250833915,8.508447643358,
    39.593960658212));
#1702 = CARTESIAN_POINT('',(-12.79705227226,8.320785326626,
    39.562270397906));
#1703 = CARTESIAN_POINT('',(-13.27594853209,8.141848396458,
    39.528771848782));
#1704 = CARTESIAN_POINT('',(-13.76249080138,7.973590696684,
    39.49334653743));
#1705 = CARTESIAN_POINT('',(-14.25705203741,7.817910717709,
    39.455890564387));
#1706 = CARTESIAN_POINT('',(-14.75961895986,7.67650494828,
    39.416324601047));
#1707 = CARTESIAN_POINT('',(-15.26974690672,7.550686416248,
    39.37460576409));
#1708 = CARTESIAN_POINT('',(-15.78651015711,7.441166318963,
    39.33074150124));
#1709 = CARTESIAN_POINT('',(-16.83135588364,7.254253698232,
    39.23878434476));
#1710 = CARTESIAN_POINT('',(-17.35963559728,7.176918707549,
    39.190668295375));
#1711 = CARTESIAN_POINT('',(-17.89219958167,7.115680450184,
    39.140496427213));
#1712 = CARTESIAN_POINT('',(-18.42713575676,7.069850883291,
    39.088399543005));
#1713 = CARTESIAN_POINT('',(-18.96336369165,7.037697549559,
    39.034448711223));
#1714 = CARTESIAN_POINT('',(-19.4997080355,7.017055597315,38.97878313088
    ));
#1715 = CARTESIAN_POINT('',(-20.03682917864,7.005489754827,
    38.921270993253));
#1716 = CARTESIAN_POINT('',(-20.57195595805,7.000413650526,
    38.862280623289));
#1717 = CARTESIAN_POINT('',(-21.10817629251,6.999385064623,
    38.801425433529));
#1718 = CARTESIAN_POINT('',(-21.64333065327,7.,38.738971006815));
#1719 = CARTESIAN_POINT('',(-22.1786197564,7.,38.674772071512));
#1720 = CARTESIAN_POINT('',(0.,12.,38.499999999998));
#1721 = CARTESIAN_POINT('',(-0.134522083864,12.,38.499999999975));
#1722 = CARTESIAN_POINT('',(-0.269043516994,11.999999995326,
    38.499892240501));
#1723 = CARTESIAN_POINT('',(-0.403564466274,11.999877291058,
    38.499679831553));
#1724 = CARTESIAN_POINT('',(-0.538089347469,11.999515848393,
    38.499365138745));
#1725 = CARTESIAN_POINT('',(-0.672600314643,11.998806619857,
    38.49895122694));
#1726 = CARTESIAN_POINT('',(-0.807120291934,11.99764678021,
    38.498439984167));
#1727 = CARTESIAN_POINT('',(-0.941644582923,11.995939859799,
    38.497833364258));
#1728 = CARTESIAN_POINT('',(-1.07614237189,11.99359596201,
    38.497133648003));
#1729 = CARTESIAN_POINT('',(-1.210621454788,11.990531664242,
    38.496342248754));
#1730 = CARTESIAN_POINT('',(-1.345054501626,11.986670212918,
    38.495460959795));
#1731 = CARTESIAN_POINT('',(-1.613797975036,11.977212942222,
    38.493521516536));
#1732 = CARTESIAN_POINT('',(-1.748108675452,11.971617209557,
    38.492463419313));
#1733 = CARTESIAN_POINT('',(-1.882338716989,11.965084189864,
    38.491318384737));
#1734 = CARTESIAN_POINT('',(-2.016466888493,11.957550565723,
    38.49008777271));
#1735 = CARTESIAN_POINT('',(-2.150470390342,11.948959891988,
    38.488772864793));
#1736 = CARTESIAN_POINT('',(-2.284324834288,11.939262595816,
    38.487374864203));
#1737 = CARTESIAN_POINT('',(-2.418004243669,11.928415976625,
    38.485894895822));
#1738 = CARTESIAN_POINT('',(-2.551481053175,11.916384206143,
    38.484334006189));
#1739 = CARTESIAN_POINT('',(-2.684726109059,11.903138328363,
    38.482693163501));
#1740 = CARTESIAN_POINT('',(-2.817708668984,11.888656259574,
    38.480973257616));
#1741 = CARTESIAN_POINT('',(-3.215771868364,11.841455845893,
    38.475578784926));
#1742 = CARTESIAN_POINT('',(-3.479994550922,11.804979700251,
    38.471669422599));
#1743 = CARTESIAN_POINT('',(-3.742758798517,11.763376676076,
    38.467454609202));
#1744 = CARTESIAN_POINT('',(-4.003810084957,11.716635355213,
    38.462940937607));
#1745 = CARTESIAN_POINT('',(-4.262943392013,11.664834873791,
    38.458134044349));
#1746 = CARTESIAN_POINT('',(-4.52000159237,11.608129219283,
    38.453038656549));
#1747 = CARTESIAN_POINT('',(-4.774873832483,11.546731527626,
    38.447658638836));
#1748 = CARTESIAN_POINT('',(-5.027493915552,11.480898380259,
    38.441997040274));
#1749 = CARTESIAN_POINT('',(-5.277838684375,11.410914101247,
    38.436056141276));
#1750 = CARTESIAN_POINT('',(-5.525926404298,11.337075054337,
    38.429837500537));
#1751 = CARTESIAN_POINT('',(-6.263592629734,11.10487171149,
    38.410351004773));
#1752 = CARTESIAN_POINT('',(-6.746508541294,10.935809138933,
    38.39625282734));
#1753 = CARTESIAN_POINT('',(-7.220861200253,10.755049029952,
    38.381058888265));
#1754 = CARTESIAN_POINT('',(-7.687644146514,10.564971788758,
    38.3647604552));
#1755 = CARTESIAN_POINT('',(-8.148244810366,10.367765336989,
    38.347329541824));
#1756 = CARTESIAN_POINT('',(-8.604216123751,10.165430257574,
    38.328719411277));
#1757 = CARTESIAN_POINT('',(-9.057121072934,9.959800161701,
    38.308864686026));
#1758 = CARTESIAN_POINT('',(-9.508450192505,9.752577278836,
    38.287681064171));
#1759 = CARTESIAN_POINT('',(-9.959612000756,9.545383269869,
    38.265064642185));
#1760 = CARTESIAN_POINT('',(-10.41199637641,9.339825263305,
    38.240890844097));
#1761 = CARTESIAN_POINT('',(-11.32222537708,8.93532896584,
    38.189135070106));
#1762 = CARTESIAN_POINT('',(-11.77997634057,8.736412931021,
    38.161555794893));
#1763 = CARTESIAN_POINT('',(-12.24191485118,8.542367101862,
    38.132126742393));
#1764 = CARTESIAN_POINT('',(-12.70933125838,8.354884203008,
    38.100684706052));
#1765 = CARTESIAN_POINT('',(-13.18326521884,8.175780819916,
    38.067062841144));
#1766 = CARTESIAN_POINT('',(-13.66449497192,8.006932783515,
    38.031104448565));
#1767 = CARTESIAN_POINT('',(-14.15350584926,7.850176711582,
    37.992679363064));
#1768 = CARTESIAN_POINT('',(-14.65043801817,7.707177706869,
    37.951702945962));
#1769 = CARTESIAN_POINT('',(-15.15501345895,7.579263211944,
    37.908157682297));
#1770 = CARTESIAN_POINT('',(-15.66644217617,7.467223020774,
    37.86211738246));
#1771 = CARTESIAN_POINT('',(-16.70017311155,7.27492787331,
    37.765430594069));
#1772 = CARTESIAN_POINT('',(-17.22249125316,7.194690528294,
    37.714779769377));
#1773 = CARTESIAN_POINT('',(-17.74933271352,7.13035316379,
    37.661958684367));
#1774 = CARTESIAN_POINT('',(-18.27893712248,7.081379820716,
    37.607220860384));
#1775 = CARTESIAN_POINT('',(-18.81024400378,7.046229206607,
    37.550788883963));
#1776 = CARTESIAN_POINT('',(-19.34207233537,7.022894094859,
    37.492918523086));
#1777 = CARTESIAN_POINT('',(-19.87490712933,7.009068920501,
    37.433615199861));
#1778 = CARTESIAN_POINT('',(-20.4059188289,7.002233215938,
    37.373315551351));
#1779 = CARTESIAN_POINT('',(-20.93803237402,7.000000347241,
    37.311715275856));
#1780 = CARTESIAN_POINT('',(-21.46902220199,7.,37.249126914796));
#1781 = CARTESIAN_POINT('',(-22.,7.,37.185445048115));
#1782 = DEFINITIONAL_REPRESENTATION('',(#1783),#1787);
#1783 = LINE('',#1784,#1785);
#1784 = CARTESIAN_POINT('',(0.,0.));
#1785 = VECTOR('',#1786,1.);
#1786 = DIRECTION('',(0.,1.));
#1787 = ( GEOMETRIC_REPRESENTATION_CONTEXT(2) 
PARAMETRIC_REPRESENTATION_CONTEXT() REPRESENTATION_CONTEXT('2D SPACE',''
  ) );
#1788 = ORIENTED_EDGE('',*,*,#1789,.T.);
#1789 = EDGE_CURVE('',#1462,#984,#1790,.T.);
#1790 = SURFACE_CURVE('',#1791,(#1796,#1803),.PCURVE_S1.);
#1791 = CIRCLE('',#1792,186.25);
#1792 = AXIS2_PLACEMENT_3D('',#1793,#1794,#1795);
#1793 = CARTESIAN_POINT('',(0.,5.5,-146.25));
#1794 = DIRECTION('',(0.,-1.,0.));
#1795 = DIRECTION('',(-0.118120805369,0.,0.992999232295));
#1796 = PCURVE('',#1106,#1797);
#1797 = DEFINITIONAL_REPRESENTATION('',(#1798),#1802);
#1798 = LINE('',#1799,#1800);
#1799 = CARTESIAN_POINT('',(6.107425821427,-10.5));
#1800 = VECTOR('',#1801,1.);
#1801 = DIRECTION('',(1.,-0.));
#1802 = ( GEOMETRIC_REPRESENTATION_CONTEXT(2) 
PARAMETRIC_REPRESENTATION_CONTEXT() REPRESENTATION_CONTEXT('2D SPACE',''
  ) );
#1803 = PCURVE('',#999,#1804);
#1804 = DEFINITIONAL_REPRESENTATION('',(#1805),#1809);
#1805 = LINE('',#1806,#1807);
#1806 = CARTESIAN_POINT('',(-0.,0.));
#1807 = VECTOR('',#1808,1.);
#1808 = DIRECTION('',(-1.,0.));
#1809 = ( GEOMETRIC_REPRESENTATION_CONTEXT(2) 
PARAMETRIC_REPRESENTATION_CONTEXT() REPRESENTATION_CONTEXT('2D SPACE',''
  ) );
#1810 = ORIENTED_EDGE('',*,*,#1092,.F.);
#1811 = ORIENTED_EDGE('',*,*,#1812,.T.);
#1812 = EDGE_CURVE('',#1064,#1125,#1813,.T.);
#1813 = SURFACE_CURVE('',#1814,(#1819,#1826),.PCURVE_S1.);
#1814 = CIRCLE('',#1815,186.25);
#1815 = AXIS2_PLACEMENT_3D('',#1816,#1817,#1818);
#1816 = CARTESIAN_POINT('',(0.,-5.5,-146.25));
#1817 = DIRECTION('',(0.,1.,0.));
#1818 = DIRECTION('',(-0.289932885906,0.,0.957046979866));
#1819 = PCURVE('',#1106,#1820);
#1820 = DEFINITIONAL_REPRESENTATION('',(#1821),#1825);
#1821 = LINE('',#1822,#1823);
#1822 = CARTESIAN_POINT('',(6.28318530718,0.5));
#1823 = VECTOR('',#1824,1.);
#1824 = DIRECTION('',(-1.,0.));
#1825 = ( GEOMETRIC_REPRESENTATION_CONTEXT(2) 
PARAMETRIC_REPRESENTATION_CONTEXT() REPRESENTATION_CONTEXT('2D SPACE',''
  ) );
#1826 = PCURVE('',#1827,#1832);
#1827 = TOROIDAL_SURFACE('',#1828,184.75,1.5);
#1828 = AXIS2_PLACEMENT_3D('',#1829,#1830,#1831);
#1829 = CARTESIAN_POINT('',(0.,-5.5,-146.25));
#1830 = DIRECTION('',(-0.,-1.,-0.));
#1831 = DIRECTION('',(-0.289932885906,0.,0.957046979866));
#1832 = DEFINITIONAL_REPRESENTATION('',(#1833),#1837);
#1833 = LINE('',#1834,#1835);
#1834 = CARTESIAN_POINT('',(-0.,0.));
#1835 = VECTOR('',#1836,1.);
#1836 = DIRECTION('',(-1.,0.));
#1837 = ( GEOMETRIC_REPRESENTATION_CONTEXT(2) 
PARAMETRIC_REPRESENTATION_CONTEXT() REPRESENTATION_CONTEXT('2D SPACE',''
  ) );
#1838 = ADVANCED_FACE('',(#1839),#1827,.T.);
#1839 = FACE_BOUND('',#1840,.F.);
#1840 = EDGE_LOOP('',(#1841,#1863,#1864,#1891));
#1841 = ORIENTED_EDGE('',*,*,#1842,.T.);
#1842 = EDGE_CURVE('',#1843,#1064,#1845,.T.);
#1843 = VERTEX_POINT('',#1844);
#1844 = CARTESIAN_POINT('',(-52.5,-7.,30.883600708618));
#1845 = SURFACE_CURVE('',#1846,(#1851,#1857),.PCURVE_S1.);
#1846 = CIRCLE('',#1847,1.5);
#1847 = AXIS2_PLACEMENT_3D('',#1848,#1849,#1850);
#1848 = CARTESIAN_POINT('',(-52.5,-5.5,30.883600708618));
#1849 = DIRECTION('',(-0.958774564052,0.,-0.284167794317));
#1850 = DIRECTION('',(-0.284167794317,0.,0.958774564052));
#1851 = PCURVE('',#1827,#1852);
#1852 = DEFINITIONAL_REPRESENTATION('',(#1853),#1856);
#1853 = B_SPLINE_CURVE_WITH_KNOTS('',1,(#1854,#1855),.UNSPECIFIED.,.F.,
  .F.,(2,2),(4.712388980385,6.28318530718),.PIECEWISE_BEZIER_KNOTS.);
#1854 = CARTESIAN_POINT('',(-6.018383294906E-03,1.570796326795));
#1855 = CARTESIAN_POINT('',(-6.018383294906E-03,0.));
#1856 = ( GEOMETRIC_REPRESENTATION_CONTEXT(2) 
PARAMETRIC_REPRESENTATION_CONTEXT() REPRESENTATION_CONTEXT('2D SPACE',''
  ) );
#1857 = PCURVE('',#1080,#1858);
#1858 = DEFINITIONAL_REPRESENTATION('',(#1859),#1862);
#1859 = B_SPLINE_CURVE_WITH_KNOTS('',1,(#1860,#1861),.UNSPECIFIED.,.F.,
  .F.,(2,2),(4.712388980385,6.28318530718),.PIECEWISE_BEZIER_KNOTS.);
#1860 = CARTESIAN_POINT('',(1.282657999313,-1.570796326795));
#1861 = CARTESIAN_POINT('',(1.282657999313,0.));
#1862 = ( GEOMETRIC_REPRESENTATION_CONTEXT(2) 
PARAMETRIC_REPRESENTATION_CONTEXT() REPRESENTATION_CONTEXT('2D SPACE',''
  ) );
#1863 = ORIENTED_EDGE('',*,*,#1812,.T.);
#1864 = ORIENTED_EDGE('',*,*,#1865,.F.);
#1865 = EDGE_CURVE('',#1866,#1125,#1868,.T.);
#1866 = VERTEX_POINT('',#1867);
#1867 = CARTESIAN_POINT('',(52.5,-7.,30.883600708618));
#1868 = SURFACE_CURVE('',#1869,(#1874,#1880),.PCURVE_S1.);
#1869 = CIRCLE('',#1870,1.5);
#1870 = AXIS2_PLACEMENT_3D('',#1871,#1872,#1873);
#1871 = CARTESIAN_POINT('',(52.5,-5.5,30.883600708618));
#1872 = DIRECTION('',(-0.958774564052,0.,0.284167794317));
#1873 = DIRECTION('',(0.284167794317,0.,0.958774564052));
#1874 = PCURVE('',#1827,#1875);
#1875 = DEFINITIONAL_REPRESENTATION('',(#1876),#1879);
#1876 = B_SPLINE_CURVE_WITH_KNOTS('',1,(#1877,#1878),.UNSPECIFIED.,.F.,
  .F.,(2,2),(4.712388980385,6.28318530718),.PIECEWISE_BEZIER_KNOTS.);
#1877 = CARTESIAN_POINT('',(-0.582295038259,1.570796326795));
#1878 = CARTESIAN_POINT('',(-0.582295038259,0.));
#1879 = ( GEOMETRIC_REPRESENTATION_CONTEXT(2) 
PARAMETRIC_REPRESENTATION_CONTEXT() REPRESENTATION_CONTEXT('2D SPACE',''
  ) );
#1880 = PCURVE('',#1881,#1886);
#1881 = SPHERICAL_SURFACE('',#1882,1.5);
#1882 = AXIS2_PLACEMENT_3D('',#1883,#1884,#1885);
#1883 = CARTESIAN_POINT('',(52.5,-5.5,30.883600708618));
#1884 = DIRECTION('',(0.,1.,0.));
#1885 = DIRECTION('',(1.,-0.,2.368475785867E-15));
#1886 = DEFINITIONAL_REPRESENTATION('',(#1887),#1890);
#1887 = B_SPLINE_CURVE_WITH_KNOTS('',1,(#1888,#1889),.UNSPECIFIED.,.F.,
  .F.,(2,2),(4.712388980385,6.28318530718),.PIECEWISE_BEZIER_KNOTS.);
#1888 = CARTESIAN_POINT('',(-1.282657999313,-1.570796326795));
#1889 = CARTESIAN_POINT('',(-1.282657999313,0.));
#1890 = ( GEOMETRIC_REPRESENTATION_CONTEXT(2) 
PARAMETRIC_REPRESENTATION_CONTEXT() REPRESENTATION_CONTEXT('2D SPACE',''
  ) );
#1891 = ORIENTED_EDGE('',*,*,#1892,.F.);
#1892 = EDGE_CURVE('',#1843,#1866,#1893,.T.);
#1893 = SURFACE_CURVE('',#1894,(#1899,#1906),.PCURVE_S1.);
#1894 = CIRCLE('',#1895,184.75);
#1895 = AXIS2_PLACEMENT_3D('',#1896,#1897,#1898);
#1896 = CARTESIAN_POINT('',(0.,-7.,-146.25));
#1897 = DIRECTION('',(0.,1.,0.));
#1898 = DIRECTION('',(-0.289932885906,0.,0.957046979866));
#1899 = PCURVE('',#1827,#1900);
#1900 = DEFINITIONAL_REPRESENTATION('',(#1901),#1905);
#1901 = LINE('',#1902,#1903);
#1902 = CARTESIAN_POINT('',(-0.,1.570796326795));
#1903 = VECTOR('',#1904,1.);
#1904 = DIRECTION('',(-1.,0.));
#1905 = ( GEOMETRIC_REPRESENTATION_CONTEXT(2) 
PARAMETRIC_REPRESENTATION_CONTEXT() REPRESENTATION_CONTEXT('2D SPACE',''
  ) );
#1906 = PCURVE('',#1907,#1912);
#1907 = PLANE('',#1908);
#1908 = AXIS2_PLACEMENT_3D('',#1909,#1910,#1911);
#1909 = CARTESIAN_POINT('',(0.,-7.,32.41413252214));
#1910 = DIRECTION('',(0.,1.,0.));
#1911 = DIRECTION('',(0.,-0.,1.));
#1912 = DEFINITIONAL_REPRESENTATION('',(#1913),#1917);
#1913 = CIRCLE('',#1914,184.75);
#1914 = AXIS2_PLACEMENT_2D('',#1915,#1916);
#1915 = CARTESIAN_POINT('',(-178.6641325221,0.));
#1916 = DIRECTION('',(0.957046979866,-0.289932885906));
#1917 = ( GEOMETRIC_REPRESENTATION_CONTEXT(2) 
PARAMETRIC_REPRESENTATION_CONTEXT() REPRESENTATION_CONTEXT('2D SPACE',''
  ) );
#1918 = ADVANCED_FACE('',(#1919),#1881,.T.);
#1919 = FACE_BOUND('',#1920,.F.);
#1920 = EDGE_LOOP('',(#1921,#1948,#1949));
#1921 = ORIENTED_EDGE('',*,*,#1922,.F.);
#1922 = EDGE_CURVE('',#1866,#1923,#1925,.T.);
#1923 = VERTEX_POINT('',#1924);
#1924 = CARTESIAN_POINT('',(54.,-5.5,30.883600708618));
#1925 = SURFACE_CURVE('',#1926,(#1931,#1937),.PCURVE_S1.);
#1926 = CIRCLE('',#1927,1.5);
#1927 = AXIS2_PLACEMENT_3D('',#1928,#1929,#1930);
#1928 = CARTESIAN_POINT('',(52.5,-5.5,30.883600708618));
#1929 = DIRECTION('',(-2.368475785867E-15,0.,1.));
#1930 = DIRECTION('',(1.,0.,2.368475785867E-15));
#1931 = PCURVE('',#1881,#1932);
#1932 = DEFINITIONAL_REPRESENTATION('',(#1933),#1936);
#1933 = B_SPLINE_CURVE_WITH_KNOTS('',1,(#1934,#1935),.UNSPECIFIED.,.F.,
  .F.,(2,2),(4.712388980385,6.28318530718),.PIECEWISE_BEZIER_KNOTS.);
#1934 = CARTESIAN_POINT('',(0.,-1.570796326795));
#1935 = CARTESIAN_POINT('',(0.,0.));
#1936 = ( GEOMETRIC_REPRESENTATION_CONTEXT(2) 
PARAMETRIC_REPRESENTATION_CONTEXT() REPRESENTATION_CONTEXT('2D SPACE',''
  ) );
#1937 = PCURVE('',#1938,#1943);
#1938 = CYLINDRICAL_SURFACE('',#1939,1.5);
#1939 = AXIS2_PLACEMENT_3D('',#1940,#1941,#1942);
#1940 = CARTESIAN_POINT('',(52.5,-5.5,32.));
#1941 = DIRECTION('',(0.,0.,-1.));
#1942 = DIRECTION('',(0.,-1.,-0.));
#1943 = DEFINITIONAL_REPRESENTATION('',(#1944),#1947);
#1944 = B_SPLINE_CURVE_WITH_KNOTS('',1,(#1945,#1946),.UNSPECIFIED.,.F.,
  .F.,(2,2),(4.712388980385,6.28318530718),.PIECEWISE_BEZIER_KNOTS.);
#1945 = CARTESIAN_POINT('',(0.,1.116399291382));
#1946 = CARTESIAN_POINT('',(-1.570796326795,1.116399291382));
#1947 = ( GEOMETRIC_REPRESENTATION_CONTEXT(2) 
PARAMETRIC_REPRESENTATION_CONTEXT() REPRESENTATION_CONTEXT('2D SPACE',''
  ) );
#1948 = ORIENTED_EDGE('',*,*,#1865,.T.);
#1949 = ORIENTED_EDGE('',*,*,#1950,.F.);
#1950 = EDGE_CURVE('',#1923,#1125,#1951,.T.);
#1951 = SURFACE_CURVE('',#1952,(#1957,#1964),.PCURVE_S1.);
#1952 = CIRCLE('',#1953,1.5);
#1953 = AXIS2_PLACEMENT_3D('',#1954,#1955,#1956);
#1954 = CARTESIAN_POINT('',(52.5,-5.5,30.883600708618));
#1955 = DIRECTION('',(-0.,-1.,0.));
#1956 = DIRECTION('',(1.,-0.,2.368475785867E-15));
#1957 = PCURVE('',#1881,#1958);
#1958 = DEFINITIONAL_REPRESENTATION('',(#1959),#1963);
#1959 = LINE('',#1960,#1961);
#1960 = CARTESIAN_POINT('',(-0.,0.));
#1961 = VECTOR('',#1962,1.);
#1962 = DIRECTION('',(-1.,0.));
#1963 = ( GEOMETRIC_REPRESENTATION_CONTEXT(2) 
PARAMETRIC_REPRESENTATION_CONTEXT() REPRESENTATION_CONTEXT('2D SPACE',''
  ) );
#1964 = PCURVE('',#1140,#1965);
#1965 = DEFINITIONAL_REPRESENTATION('',(#1966),#1970);
#1966 = LINE('',#1967,#1968);
#1967 = CARTESIAN_POINT('',(1.282657999313,1.5));
#1968 = VECTOR('',#1969,1.);
#1969 = DIRECTION('',(-1.,-0.));
#1970 = ( GEOMETRIC_REPRESENTATION_CONTEXT(2) 
PARAMETRIC_REPRESENTATION_CONTEXT() REPRESENTATION_CONTEXT('2D SPACE',''
  ) );
#1971 = ADVANCED_FACE('',(#1972),#1938,.T.);
#1972 = FACE_BOUND('',#1973,.F.);
#1973 = EDGE_LOOP('',(#1974,#1975,#2003,#2030));
#1974 = ORIENTED_EDGE('',*,*,#1922,.T.);
#1975 = ORIENTED_EDGE('',*,*,#1976,.T.);
#1976 = EDGE_CURVE('',#1923,#1977,#1979,.T.);
#1977 = VERTEX_POINT('',#1978);
#1978 = CARTESIAN_POINT('',(54.,-5.5,26.010401919002));
#1979 = SURFACE_CURVE('',#1980,(#1984,#1991),.PCURVE_S1.);
#1980 = LINE('',#1981,#1982);
#1981 = CARTESIAN_POINT('',(54.,-5.5,32.));
#1982 = VECTOR('',#1983,1.);
#1983 = DIRECTION('',(0.,0.,-1.));
#1984 = PCURVE('',#1938,#1985);
#1985 = DEFINITIONAL_REPRESENTATION('',(#1986),#1990);
#1986 = LINE('',#1987,#1988);
#1987 = CARTESIAN_POINT('',(-1.570796326795,0.));
#1988 = VECTOR('',#1989,1.);
#1989 = DIRECTION('',(-0.,1.));
#1990 = ( GEOMETRIC_REPRESENTATION_CONTEXT(2) 
PARAMETRIC_REPRESENTATION_CONTEXT() REPRESENTATION_CONTEXT('2D SPACE',''
  ) );
#1991 = PCURVE('',#1992,#1997);
#1992 = PLANE('',#1993);
#1993 = AXIS2_PLACEMENT_3D('',#1994,#1995,#1996);
#1994 = CARTESIAN_POINT('',(54.,-7.,32.));
#1995 = DIRECTION('',(-1.,0.,0.));
#1996 = DIRECTION('',(0.,0.,-1.));
#1997 = DEFINITIONAL_REPRESENTATION('',(#1998),#2002);
#1998 = LINE('',#1999,#2000);
#1999 = CARTESIAN_POINT('',(0.,-1.5));
#2000 = VECTOR('',#2001,1.);
#2001 = DIRECTION('',(1.,0.));
#2002 = ( GEOMETRIC_REPRESENTATION_CONTEXT(2) 
PARAMETRIC_REPRESENTATION_CONTEXT() REPRESENTATION_CONTEXT('2D SPACE',''
  ) );
#2003 = ORIENTED_EDGE('',*,*,#2004,.F.);
#2004 = EDGE_CURVE('',#2005,#1977,#2007,.T.);
#2005 = VERTEX_POINT('',#2006);
#2006 = CARTESIAN_POINT('',(52.5,-7.,26.010401919002));
#2007 = SURFACE_CURVE('',#2008,(#2013,#2019),.PCURVE_S1.);
#2008 = CIRCLE('',#2009,1.5);
#2009 = AXIS2_PLACEMENT_3D('',#2010,#2011,#2012);
#2010 = CARTESIAN_POINT('',(52.5,-5.5,26.010401919002));
#2011 = DIRECTION('',(0.,0.,1.));
#2012 = DIRECTION('',(1.,0.,-0.));
#2013 = PCURVE('',#1938,#2014);
#2014 = DEFINITIONAL_REPRESENTATION('',(#2015),#2018);
#2015 = B_SPLINE_CURVE_WITH_KNOTS('',1,(#2016,#2017),.UNSPECIFIED.,.F.,
  .F.,(2,2),(4.712388980385,6.28318530718),.PIECEWISE_BEZIER_KNOTS.);
#2016 = CARTESIAN_POINT('',(0.,5.989598080998));
#2017 = CARTESIAN_POINT('',(-1.570796326795,5.989598080998));
#2018 = ( GEOMETRIC_REPRESENTATION_CONTEXT(2) 
PARAMETRIC_REPRESENTATION_CONTEXT() REPRESENTATION_CONTEXT('2D SPACE',''
  ) );
#2019 = PCURVE('',#2020,#2025);
#2020 = SPHERICAL_SURFACE('',#2021,1.5);
#2021 = AXIS2_PLACEMENT_3D('',#2022,#2023,#2024);
#2022 = CARTESIAN_POINT('',(52.5,-5.5,26.010401919002));
#2023 = DIRECTION('',(0.,1.,0.));
#2024 = DIRECTION('',(1.,0.,0.));
#2025 = DEFINITIONAL_REPRESENTATION('',(#2026),#2029);
#2026 = B_SPLINE_CURVE_WITH_KNOTS('',1,(#2027,#2028),.UNSPECIFIED.,.F.,
  .F.,(2,2),(4.712388980385,6.28318530718),.PIECEWISE_BEZIER_KNOTS.);
#2027 = CARTESIAN_POINT('',(0.,-1.570796326795));
#2028 = CARTESIAN_POINT('',(0.,0.));
#2029 = ( GEOMETRIC_REPRESENTATION_CONTEXT(2) 
PARAMETRIC_REPRESENTATION_CONTEXT() REPRESENTATION_CONTEXT('2D SPACE',''
  ) );
#2030 = ORIENTED_EDGE('',*,*,#2031,.F.);
#2031 = EDGE_CURVE('',#1866,#2005,#2032,.T.);
#2032 = SURFACE_CURVE('',#2033,(#2037,#2044),.PCURVE_S1.);
#2033 = LINE('',#2034,#2035);
#2034 = CARTESIAN_POINT('',(52.5,-7.,32.));
#2035 = VECTOR('',#2036,1.);
#2036 = DIRECTION('',(0.,0.,-1.));
#2037 = PCURVE('',#1938,#2038);
#2038 = DEFINITIONAL_REPRESENTATION('',(#2039),#2043);
#2039 = LINE('',#2040,#2041);
#2040 = CARTESIAN_POINT('',(-0.,0.));
#2041 = VECTOR('',#2042,1.);
#2042 = DIRECTION('',(-0.,1.));
#2043 = ( GEOMETRIC_REPRESENTATION_CONTEXT(2) 
PARAMETRIC_REPRESENTATION_CONTEXT() REPRESENTATION_CONTEXT('2D SPACE',''
  ) );
#2044 = PCURVE('',#1907,#2045);
#2045 = DEFINITIONAL_REPRESENTATION('',(#2046),#2050);
#2046 = LINE('',#2047,#2048);
#2047 = CARTESIAN_POINT('',(-0.41413252214,52.5));
#2048 = VECTOR('',#2049,1.);
#2049 = DIRECTION('',(-1.,0.));
#2050 = ( GEOMETRIC_REPRESENTATION_CONTEXT(2) 
PARAMETRIC_REPRESENTATION_CONTEXT() REPRESENTATION_CONTEXT('2D SPACE',''
  ) );
#2051 = ADVANCED_FACE('',(#2052),#2020,.T.);
#2052 = FACE_BOUND('',#2053,.T.);
#2053 = EDGE_LOOP('',(#2054,#2055,#2082));
#2054 = ORIENTED_EDGE('',*,*,#2004,.F.);
#2055 = ORIENTED_EDGE('',*,*,#2056,.T.);
#2056 = EDGE_CURVE('',#2005,#2057,#2059,.T.);
#2057 = VERTEX_POINT('',#2058);
#2058 = CARTESIAN_POINT('',(52.080559254328,-5.5,24.57023892098));
#2059 = SURFACE_CURVE('',#2060,(#2065,#2071),.PCURVE_S1.);
#2060 = CIRCLE('',#2061,1.5);
#2061 = AXIS2_PLACEMENT_3D('',#2062,#2063,#2064);
#2062 = CARTESIAN_POINT('',(52.5,-5.5,26.010401919002));
#2063 = DIRECTION('',(0.960108665348,0.,-0.279627163782));
#2064 = DIRECTION('',(-0.279627163782,0.,-0.960108665348));
#2065 = PCURVE('',#2020,#2066);
#2066 = DEFINITIONAL_REPRESENTATION('',(#2067),#2070);
#2067 = B_SPLINE_CURVE_WITH_KNOTS('',1,(#2068,#2069),.UNSPECIFIED.,.F.,
  .F.,(2,2),(4.712388980385,6.28318530718),.PIECEWISE_BEZIER_KNOTS.);
#2068 = CARTESIAN_POINT('',(1.854202086927,-1.570796326795));
#2069 = CARTESIAN_POINT('',(1.854202086927,0.));
#2070 = ( GEOMETRIC_REPRESENTATION_CONTEXT(2) 
PARAMETRIC_REPRESENTATION_CONTEXT() REPRESENTATION_CONTEXT('2D SPACE',''
  ) );
#2071 = PCURVE('',#2072,#2077);
#2072 = TOROIDAL_SURFACE('',#2073,187.75,1.5);
#2073 = AXIS2_PLACEMENT_3D('',#2074,#2075,#2076);
#2074 = CARTESIAN_POINT('',(0.,-5.5,-154.25));
#2075 = DIRECTION('',(-0.,-1.,-0.));
#2076 = DIRECTION('',(0.289932885906,-0.,0.957046979866));
#2077 = DEFINITIONAL_REPRESENTATION('',(#2078),#2081);
#2078 = B_SPLINE_CURVE_WITH_KNOTS('',1,(#2079,#2080),.UNSPECIFIED.,.F.,
  .F.,(2,2),(4.712388980385,6.28318530718),.PIECEWISE_BEZIER_KNOTS.);
#2079 = CARTESIAN_POINT('',(1.075095064519E-02,1.570796326795));
#2080 = CARTESIAN_POINT('',(1.075095064519E-02,3.14159265359));
#2081 = ( GEOMETRIC_REPRESENTATION_CONTEXT(2) 
PARAMETRIC_REPRESENTATION_CONTEXT() REPRESENTATION_CONTEXT('2D SPACE',''
  ) );
#2082 = ORIENTED_EDGE('',*,*,#2083,.F.);
#2083 = EDGE_CURVE('',#1977,#2057,#2084,.T.);
#2084 = SURFACE_CURVE('',#2085,(#2090,#2097),.PCURVE_S1.);
#2085 = CIRCLE('',#2086,1.5);
#2086 = AXIS2_PLACEMENT_3D('',#2087,#2088,#2089);
#2087 = CARTESIAN_POINT('',(52.5,-5.5,26.010401919002));
#2088 = DIRECTION('',(-0.,1.,0.));
#2089 = DIRECTION('',(1.,0.,0.));
#2090 = PCURVE('',#2020,#2091);
#2091 = DEFINITIONAL_REPRESENTATION('',(#2092),#2096);
#2092 = LINE('',#2093,#2094);
#2093 = CARTESIAN_POINT('',(0.,0.));
#2094 = VECTOR('',#2095,1.);
#2095 = DIRECTION('',(1.,0.));
#2096 = ( GEOMETRIC_REPRESENTATION_CONTEXT(2) 
PARAMETRIC_REPRESENTATION_CONTEXT() REPRESENTATION_CONTEXT('2D SPACE',''
  ) );
#2097 = PCURVE('',#2098,#2103);
#2098 = CYLINDRICAL_SURFACE('',#2099,1.5);
#2099 = AXIS2_PLACEMENT_3D('',#2100,#2101,#2102);
#2100 = CARTESIAN_POINT('',(52.5,-7.,26.010401919002));
#2101 = DIRECTION('',(-0.,1.,-0.));
#2102 = DIRECTION('',(1.,0.,-0.));
#2103 = DEFINITIONAL_REPRESENTATION('',(#2104),#2108);
#2104 = LINE('',#2105,#2106);
#2105 = CARTESIAN_POINT('',(0.,1.5));
#2106 = VECTOR('',#2107,1.);
#2107 = DIRECTION('',(1.,0.));
#2108 = ( GEOMETRIC_REPRESENTATION_CONTEXT(2) 
PARAMETRIC_REPRESENTATION_CONTEXT() REPRESENTATION_CONTEXT('2D SPACE',''
  ) );
#2109 = ADVANCED_FACE('',(#2110),#2098,.T.);
#2110 = FACE_BOUND('',#2111,.T.);
#2111 = EDGE_LOOP('',(#2112,#2135,#2136,#2159,#2236,#2310,#2333));
#2112 = ORIENTED_EDGE('',*,*,#2113,.T.);
#2113 = EDGE_CURVE('',#2114,#1977,#2116,.T.);
#2114 = VERTEX_POINT('',#2115);
#2115 = CARTESIAN_POINT('',(54.,5.5,26.010401919002));
#2116 = SURFACE_CURVE('',#2117,(#2121,#2128),.PCURVE_S1.);
#2117 = LINE('',#2118,#2119);
#2118 = CARTESIAN_POINT('',(54.,5.5,26.010401919002));
#2119 = VECTOR('',#2120,1.);
#2120 = DIRECTION('',(0.,-1.,0.));
#2121 = PCURVE('',#2098,#2122);
#2122 = DEFINITIONAL_REPRESENTATION('',(#2123),#2127);
#2123 = LINE('',#2124,#2125);
#2124 = CARTESIAN_POINT('',(0.,12.5));
#2125 = VECTOR('',#2126,1.);
#2126 = DIRECTION('',(-0.,-1.));
#2127 = ( GEOMETRIC_REPRESENTATION_CONTEXT(2) 
PARAMETRIC_REPRESENTATION_CONTEXT() REPRESENTATION_CONTEXT('2D SPACE',''
  ) );
#2128 = PCURVE('',#1992,#2129);
#2129 = DEFINITIONAL_REPRESENTATION('',(#2130),#2134);
#2130 = LINE('',#2131,#2132);
#2131 = CARTESIAN_POINT('',(5.989598080998,-12.5));
#2132 = VECTOR('',#2133,1.);
#2133 = DIRECTION('',(0.,1.));
#2134 = ( GEOMETRIC_REPRESENTATION_CONTEXT(2) 
PARAMETRIC_REPRESENTATION_CONTEXT() REPRESENTATION_CONTEXT('2D SPACE',''
  ) );
#2135 = ORIENTED_EDGE('',*,*,#2083,.T.);
#2136 = ORIENTED_EDGE('',*,*,#2137,.F.);
#2137 = EDGE_CURVE('',#2138,#2057,#2140,.T.);
#2138 = VERTEX_POINT('',#2139);
#2139 = CARTESIAN_POINT('',(52.080559254328,-2.889469877317,
    24.57023892098));
#2140 = SURFACE_CURVE('',#2141,(#2145,#2152),.PCURVE_S1.);
#2141 = LINE('',#2142,#2143);
#2142 = CARTESIAN_POINT('',(52.080559254328,-2.889469877317,
    24.57023892098));
#2143 = VECTOR('',#2144,1.);
#2144 = DIRECTION('',(-1.68753653652E-13,-1.,1.17038824307E-13));
#2145 = PCURVE('',#2098,#2146);
#2146 = DEFINITIONAL_REPRESENTATION('',(#2147),#2151);
#2147 = LINE('',#2148,#2149);
#2148 = CARTESIAN_POINT('',(1.854202086927,4.110530122683));
#2149 = VECTOR('',#2150,1.);
#2150 = DIRECTION('',(-0.,-1.));
#2151 = ( GEOMETRIC_REPRESENTATION_CONTEXT(2) 
PARAMETRIC_REPRESENTATION_CONTEXT() REPRESENTATION_CONTEXT('2D SPACE',''
  ) );
#2152 = PCURVE('',#62,#2153);
#2153 = DEFINITIONAL_REPRESENTATION('',(#2154),#2158);
#2154 = LINE('',#2155,#2156);
#2155 = CARTESIAN_POINT('',(1.075095064519E-02,-2.110530122683));
#2156 = VECTOR('',#2157,1.);
#2157 = DIRECTION('',(0.,1.));
#2158 = ( GEOMETRIC_REPRESENTATION_CONTEXT(2) 
PARAMETRIC_REPRESENTATION_CONTEXT() REPRESENTATION_CONTEXT('2D SPACE',''
  ) );
#2159 = ORIENTED_EDGE('',*,*,#2160,.T.);
#2160 = EDGE_CURVE('',#2138,#2161,#2163,.T.);
#2161 = VERTEX_POINT('',#2162);
#2162 = CARTESIAN_POINT('',(53.,-1.224646799147E-15,24.596188356629));
#2163 = SURFACE_CURVE('',#2164,(#2179,#2213),.PCURVE_S1.);
#2164 = B_SPLINE_CURVE_WITH_KNOTS('',7,(#2165,#2166,#2167,#2168,#2169,
    #2170,#2171,#2172,#2173,#2174,#2175,#2176,#2177,#2178),
  .UNSPECIFIED.,.F.,.F.,(8,6,8),(0.,0.596419608544,1.),.UNSPECIFIED.);
#2165 = CARTESIAN_POINT('',(52.080559254328,-2.889469877317,
    24.57023892098));
#2166 = CARTESIAN_POINT('',(52.234775352408,-2.671683240699,
    24.525324202811));
#2167 = CARTESIAN_POINT('',(52.376534399428,-2.442734187902,
    24.504936343174));
#2168 = CARTESIAN_POINT('',(52.50295137536,-2.205962386052,
    24.501113305944));
#2169 = CARTESIAN_POINT('',(52.613454821313,-1.963640447015,
    24.508034770527));
#2170 = CARTESIAN_POINT('',(52.708031902283,-1.717193596746,
    24.521111904456));
#2171 = CARTESIAN_POINT('',(52.786868298582,-1.467497267603,
    24.53665395084));
#2172 = CARTESIAN_POINT('',(52.892860943673,-1.044457083465,
    24.562094104085));
#2173 = CARTESIAN_POINT('',(52.928563170947,-0.872219421763,
    24.572211036441));
#2174 = CARTESIAN_POINT('',(52.957128023376,-0.698884734553,
    24.581287843807));
#2175 = CARTESIAN_POINT('',(52.978551142471,-0.524770653408,
    24.588604633255));
#2176 = CARTESIAN_POINT('',(52.992842549666,-0.350123981506,
    24.593657988772));
#2177 = CARTESIAN_POINT('',(53.,-0.175142910338,24.596188356629));
#2178 = CARTESIAN_POINT('',(53.,-8.881784197001E-16,24.596188356629));
#2179 = PCURVE('',#2098,#2180);
#2180 = DEFINITIONAL_REPRESENTATION('',(#2181),#2212);
#2181 = B_SPLINE_CURVE_WITH_KNOTS('',8,(#2182,#2183,#2184,#2185,#2186,
    #2187,#2188,#2189,#2190,#2191,#2192,#2193,#2194,#2195,#2196,#2197,
    #2198,#2199,#2200,#2201,#2202,#2203,#2204,#2205,#2206,#2207,#2208,
    #2209,#2210,#2211),.UNSPECIFIED.,.F.,.F.,(9,7,7,7,9),(0.,0.5,0.5625,
    0.6171875,1.),.UNSPECIFIED.);
#2182 = CARTESIAN_POINT('',(1.854202086926,4.110530122683));
#2183 = CARTESIAN_POINT('',(1.775652445631,4.270286194005));
#2184 = CARTESIAN_POINT('',(1.703715416431,4.4359260349));
#2185 = CARTESIAN_POINT('',(1.637787972264,4.60621983692));
#2186 = CARTESIAN_POINT('',(1.577513107346,4.780201321144));
#2187 = CARTESIAN_POINT('',(1.52266267105,4.957133627429));
#2188 = CARTESIAN_POINT('',(1.473109659593,5.136468441068));
#2189 = CARTESIAN_POINT('',(1.428825881061,5.31780071437));
#2190 = CARTESIAN_POINT('',(1.384967787826,5.523698919018));
#2191 = CARTESIAN_POINT('',(1.380177464309,5.54660287783));
#2192 = CARTESIAN_POINT('',(1.375469999524,5.569532613431));
#2193 = CARTESIAN_POINT('',(1.370845470104,5.592487545525));
#2194 = CARTESIAN_POINT('',(1.366303967738,5.615467115791));
#2195 = CARTESIAN_POINT('',(1.361845598379,5.638470786432));
#2196 = CARTESIAN_POINT('',(1.357470481445,5.661498038718));
#2197 = CARTESIAN_POINT('',(1.349423483151,5.704717412739));
#2198 = CARTESIAN_POINT('',(1.345731945826,5.724904799806));
#2199 = CARTESIAN_POINT('',(1.342105204859,5.745104375656));
#2200 = CARTESIAN_POINT('',(1.338539631213,5.765337835058));
#2201 = CARTESIAN_POINT('',(1.335043229491,5.785558473678));
#2202 = CARTESIAN_POINT('',(1.331606674397,5.805820820095));
#2203 = CARTESIAN_POINT('',(1.328234909114,5.826097229102));
#2204 = CARTESIAN_POINT('',(1.301771557677,5.988468423647));
#2205 = CARTESIAN_POINT('',(1.281750415583,6.131490556179));
#2206 = CARTESIAN_POINT('',(1.264936082688,6.275251330551));
#2207 = CARTESIAN_POINT('',(1.251398228095,6.41957805991));
#2208 = CARTESIAN_POINT('',(1.241196298661,6.564327866044));
#2209 = CARTESIAN_POINT('',(1.2343745409,6.709381340366));
#2210 = CARTESIAN_POINT('',(1.230959417341,6.854636065861));
#2211 = CARTESIAN_POINT('',(1.230959417341,7.));
#2212 = ( GEOMETRIC_REPRESENTATION_CONTEXT(2) 
PARAMETRIC_REPRESENTATION_CONTEXT() REPRESENTATION_CONTEXT('2D SPACE',''
  ) );
#2213 = PCURVE('',#2214,#2219);
#2214 = CYLINDRICAL_SURFACE('',#2215,5.);
#2215 = AXIS2_PLACEMENT_3D('',#2216,#2217,#2218);
#2216 = CARTESIAN_POINT('',(48.,0.,1.));
#2217 = DIRECTION('',(0.,0.,1.));
#2218 = DIRECTION('',(1.,0.,-0.));
#2219 = DEFINITIONAL_REPRESENTATION('',(#2220),#2235);
#2220 = B_SPLINE_CURVE_WITH_KNOTS('',7,(#2221,#2222,#2223,#2224,#2225,
    #2226,#2227,#2228,#2229,#2230,#2231,#2232,#2233,#2234),
  .UNSPECIFIED.,.F.,.F.,(8,6,8),(0.,0.596419608544,1.),.UNSPECIFIED.);
#2221 = CARTESIAN_POINT('',(5.667039540141,23.57023892098));
#2222 = CARTESIAN_POINT('',(5.720411301962,23.525324202811));
#2223 = CARTESIAN_POINT('',(5.77416517195,23.504936343174));
#2224 = CARTESIAN_POINT('',(5.82767149359,23.501113305944));
#2225 = CARTESIAN_POINT('',(5.880755404749,23.508034770527));
#2226 = CARTESIAN_POINT('',(5.933393488439,23.521111904456));
#2227 = CARTESIAN_POINT('',(5.985667562389,23.53665395084));
#2228 = CARTESIAN_POINT('',(6.07289082493,23.562094104085));
#2229 = CARTESIAN_POINT('',(6.108040896316,23.572211036441));
#2230 = CARTESIAN_POINT('',(6.14312817011,23.581287843807));
#2231 = CARTESIAN_POINT('',(6.178160941114,23.588604633255));
#2232 = CARTESIAN_POINT('',(6.21316052516,23.593657988772));
#2233 = CARTESIAN_POINT('',(6.248156725112,23.596188356629));
#2234 = CARTESIAN_POINT('',(6.28318530718,23.596188356629));
#2235 = ( GEOMETRIC_REPRESENTATION_CONTEXT(2) 
PARAMETRIC_REPRESENTATION_CONTEXT() REPRESENTATION_CONTEXT('2D SPACE',''
  ) );
#2236 = ORIENTED_EDGE('',*,*,#2237,.T.);
#2237 = EDGE_CURVE('',#2161,#2238,#2240,.T.);
#2238 = VERTEX_POINT('',#2239);
#2239 = CARTESIAN_POINT('',(52.080559254328,2.889469877317,
    24.57023892098));
#2240 = SURFACE_CURVE('',#2241,(#2256,#2292),.PCURVE_S1.);
#2241 = B_SPLINE_CURVE_WITH_KNOTS('',7,(#2242,#2243,#2244,#2245,#2246,
    #2247,#2248,#2249,#2250,#2251,#2252,#2253,#2254,#2255),
  .UNSPECIFIED.,.F.,.F.,(8,6,8),(0.,0.403760525529,1.),.UNSPECIFIED.);
#2242 = CARTESIAN_POINT('',(53.,-1.056412609424E-15,24.596188356629));
#2243 = CARTESIAN_POINT('',(53.,0.175222210999,24.596188356629));
#2244 = CARTESIAN_POINT('',(52.99283606688,0.350282246267,
    24.593655697452));
#2245 = CARTESIAN_POINT('',(52.97853175342,0.525007408841,24.5885977766)
  );
#2246 = CARTESIAN_POINT('',(52.957089302736,0.699199307384,
    24.58127462037));
#2247 = CARTESIAN_POINT('',(52.92849865655,0.872610842426,
    24.572190538979));
#2248 = CARTESIAN_POINT('',(52.892764161227,1.044923959014,
    24.562066677232));
#2249 = CARTESIAN_POINT('',(52.786723112292,1.467957405723,
    24.536625318208));
#2250 = CARTESIAN_POINT('',(52.707886904605,1.717570879523,
    24.52109187681));
#2251 = CARTESIAN_POINT('',(52.613319946513,1.963935768977,
    24.508026447509));
#2252 = CARTESIAN_POINT('',(52.502836180512,2.206178016084,
    24.501116864656));
#2253 = CARTESIAN_POINT('',(52.376448434853,2.44287307136,
    24.504948678768));
#2254 = CARTESIAN_POINT('',(52.234728470969,2.671749447476,
    24.525337856811));
#2255 = CARTESIAN_POINT('',(52.080559254328,2.889469877317,
    24.57023892098));
#2256 = PCURVE('',#2098,#2257);
#2257 = DEFINITIONAL_REPRESENTATION('',(#2258),#2291);
#2258 = B_SPLINE_CURVE_WITH_KNOTS('',7,(#2259,#2260,#2261,#2262,#2263,
    #2264,#2265,#2266,#2267,#2268,#2269,#2270,#2271,#2272,#2273,#2274,
    #2275,#2276,#2277,#2278,#2279,#2280,#2281,#2282,#2283,#2284,#2285,
    #2286,#2287,#2288,#2289,#2290),.UNSPECIFIED.,.F.,.F.,(8,6,6,6,6,8),(
    0.,0.25,0.34375,0.384765625,0.423217773438,1.),.UNSPECIFIED.);
#2259 = CARTESIAN_POINT('',(1.230959417341,7.));
#2260 = CARTESIAN_POINT('',(1.230959417341,7.108493896704));
#2261 = CARTESIAN_POINT('',(1.232901415833,7.216925614916));
#2262 = CARTESIAN_POINT('',(1.236781806971,7.325254171843));
#2263 = CARTESIAN_POINT('',(1.242590015034,7.433434780271));
#2264 = CARTESIAN_POINT('',(1.250309264882,7.541416797317));
#2265 = CARTESIAN_POINT('',(1.259917352406,7.649141673169));
#2266 = CARTESIAN_POINT('',(1.275688688444,7.796815609835));
#2267 = CARTESIAN_POINT('',(1.28025181177,7.837044525852));
#2268 = CARTESIAN_POINT('',(1.285075382491,7.87722403585));
#2269 = CARTESIAN_POINT('',(1.290157916491,7.917350331338));
#2270 = CARTESIAN_POINT('',(1.295497860739,7.957419392599));
#2271 = CARTESIAN_POINT('',(1.301093606026,7.99742697392));
#2272 = CARTESIAN_POINT('',(1.309502828176,8.054843045335));
#2273 = CARTESIAN_POINT('',(1.312110802159,8.072304875469));
#2274 = CARTESIAN_POINT('',(1.314767283368,8.089753703523));
#2275 = CARTESIAN_POINT('',(1.317472131822,8.107189144982));
#2276 = CARTESIAN_POINT('',(1.32022520612,8.12461080628));
#2277 = CARTESIAN_POINT('',(1.323026363729,8.142018284563));
#2278 = CARTESIAN_POINT('',(1.328546490228,8.175716995169));
#2279 = CARTESIAN_POINT('',(1.331259574442,8.192009547811));
#2280 = CARTESIAN_POINT('',(1.334015257126,8.208292239328));
#2281 = CARTESIAN_POINT('',(1.336811112599,8.224551525361));
#2282 = CARTESIAN_POINT('',(1.339650960398,8.240809824821));
#2283 = CARTESIAN_POINT('',(1.342532451641,8.257053503307));
#2284 = CARTESIAN_POINT('',(1.389312478189,8.516779129773));
#2285 = CARTESIAN_POINT('',(1.442657802078,8.757724944725));
#2286 = CARTESIAN_POINT('',(1.50531487245,8.995520641132));
#2287 = CARTESIAN_POINT('',(1.577251695322,9.229325326936));
#2288 = CARTESIAN_POINT('',(1.658821072647,9.457799163396));
#2289 = CARTESIAN_POINT('',(1.750645635261,9.678854378564));
#2290 = CARTESIAN_POINT('',(1.854202086926,9.889469877317));
#2291 = ( GEOMETRIC_REPRESENTATION_CONTEXT(2) 
PARAMETRIC_REPRESENTATION_CONTEXT() REPRESENTATION_CONTEXT('2D SPACE',''
  ) );
#2292 = PCURVE('',#2214,#2293);
#2293 = DEFINITIONAL_REPRESENTATION('',(#2294),#2309);
#2294 = B_SPLINE_CURVE_WITH_KNOTS('',7,(#2295,#2296,#2297,#2298,#2299,
    #2300,#2301,#2302,#2303,#2304,#2305,#2306,#2307,#2308),
  .UNSPECIFIED.,.F.,.F.,(8,6,8),(0.,0.403760525529,1.),.UNSPECIFIED.);
#2295 = CARTESIAN_POINT('',(0.,23.596188356629));
#2296 = CARTESIAN_POINT('',(3.504444219985E-02,23.596188356629));
#2297 = CARTESIAN_POINT('',(7.005643493542E-02,23.593655697452));
#2298 = CARTESIAN_POINT('',(0.105071812634,23.5885977766));
#2299 = CARTESIAN_POINT('',(0.140120431428,23.58127462037));
#2300 = CARTESIAN_POINT('',(0.175223644486,23.572190538979));
#2301 = CARTESIAN_POINT('',(0.210389761817,23.562066677232));
#2302 = CARTESIAN_POINT('',(0.297614070607,23.536625318208));
#2303 = CARTESIAN_POINT('',(0.349872412924,23.52109187681));
#2304 = CARTESIAN_POINT('',(0.402494614212,23.508026447509));
#2305 = CARTESIAN_POINT('',(0.455562550398,23.501116864656));
#2306 = CARTESIAN_POINT('',(0.50905273964,23.504948678768));
#2307 = CARTESIAN_POINT('',(0.562790230145,23.525337856811));
#2308 = CARTESIAN_POINT('',(0.616145767038,23.57023892098));
#2309 = ( GEOMETRIC_REPRESENTATION_CONTEXT(2) 
PARAMETRIC_REPRESENTATION_CONTEXT() REPRESENTATION_CONTEXT('2D SPACE',''
  ) );
#2310 = ORIENTED_EDGE('',*,*,#2311,.F.);
#2311 = EDGE_CURVE('',#2312,#2238,#2314,.T.);
#2312 = VERTEX_POINT('',#2313);
#2313 = CARTESIAN_POINT('',(52.080559254328,5.5,24.57023892098));
#2314 = SURFACE_CURVE('',#2315,(#2319,#2326),.PCURVE_S1.);
#2315 = LINE('',#2316,#2317);
#2316 = CARTESIAN_POINT('',(52.080559254328,5.5,24.57023892098));
#2317 = VECTOR('',#2318,1.);
#2318 = DIRECTION('',(1.68753653652E-13,-1.,-1.17038824307E-13));
#2319 = PCURVE('',#2098,#2320);
#2320 = DEFINITIONAL_REPRESENTATION('',(#2321),#2325);
#2321 = LINE('',#2322,#2323);
#2322 = CARTESIAN_POINT('',(1.854202086927,12.5));
#2323 = VECTOR('',#2324,1.);
#2324 = DIRECTION('',(-0.,-1.));
#2325 = ( GEOMETRIC_REPRESENTATION_CONTEXT(2) 
PARAMETRIC_REPRESENTATION_CONTEXT() REPRESENTATION_CONTEXT('2D SPACE',''
  ) );
#2326 = PCURVE('',#62,#2327);
#2327 = DEFINITIONAL_REPRESENTATION('',(#2328),#2332);
#2328 = LINE('',#2329,#2330);
#2329 = CARTESIAN_POINT('',(1.075095064519E-02,-10.5));
#2330 = VECTOR('',#2331,1.);
#2331 = DIRECTION('',(0.,1.));
#2332 = ( GEOMETRIC_REPRESENTATION_CONTEXT(2) 
PARAMETRIC_REPRESENTATION_CONTEXT() REPRESENTATION_CONTEXT('2D SPACE',''
  ) );
#2333 = ORIENTED_EDGE('',*,*,#2334,.F.);
#2334 = EDGE_CURVE('',#2114,#2312,#2335,.T.);
#2335 = SURFACE_CURVE('',#2336,(#2341,#2348),.PCURVE_S1.);
#2336 = CIRCLE('',#2337,1.5);
#2337 = AXIS2_PLACEMENT_3D('',#2338,#2339,#2340);
#2338 = CARTESIAN_POINT('',(52.5,5.5,26.010401919002));
#2339 = DIRECTION('',(-0.,1.,0.));
#2340 = DIRECTION('',(1.,0.,0.));
#2341 = PCURVE('',#2098,#2342);
#2342 = DEFINITIONAL_REPRESENTATION('',(#2343),#2347);
#2343 = LINE('',#2344,#2345);
#2344 = CARTESIAN_POINT('',(0.,12.5));
#2345 = VECTOR('',#2346,1.);
#2346 = DIRECTION('',(1.,0.));
#2347 = ( GEOMETRIC_REPRESENTATION_CONTEXT(2) 
PARAMETRIC_REPRESENTATION_CONTEXT() REPRESENTATION_CONTEXT('2D SPACE',''
  ) );
#2348 = PCURVE('',#2349,#2354);
#2349 = SPHERICAL_SURFACE('',#2350,1.5);
#2350 = AXIS2_PLACEMENT_3D('',#2351,#2352,#2353);
#2351 = CARTESIAN_POINT('',(52.5,5.5,26.010401919002));
#2352 = DIRECTION('',(0.,-1.,0.));
#2353 = DIRECTION('',(1.,0.,0.));
#2354 = DEFINITIONAL_REPRESENTATION('',(#2355),#2359);
#2355 = LINE('',#2356,#2357);
#2356 = CARTESIAN_POINT('',(-0.,0.));
#2357 = VECTOR('',#2358,1.);
#2358 = DIRECTION('',(-1.,0.));
#2359 = ( GEOMETRIC_REPRESENTATION_CONTEXT(2) 
PARAMETRIC_REPRESENTATION_CONTEXT() REPRESENTATION_CONTEXT('2D SPACE',''
  ) );
#2360 = ADVANCED_FACE('',(#2361),#2349,.T.);
#2361 = FACE_BOUND('',#2362,.F.);
#2362 = EDGE_LOOP('',(#2363,#2390,#2415));
#2363 = ORIENTED_EDGE('',*,*,#2364,.F.);
#2364 = EDGE_CURVE('',#2365,#2114,#2367,.T.);
#2365 = VERTEX_POINT('',#2366);
#2366 = CARTESIAN_POINT('',(52.5,7.,26.010401919002));
#2367 = SURFACE_CURVE('',#2368,(#2373,#2379),.PCURVE_S1.);
#2368 = CIRCLE('',#2369,1.5);
#2369 = AXIS2_PLACEMENT_3D('',#2370,#2371,#2372);
#2370 = CARTESIAN_POINT('',(52.5,5.5,26.010401919002));
#2371 = DIRECTION('',(0.,0.,-1.));
#2372 = DIRECTION('',(1.,0.,0.));
#2373 = PCURVE('',#2349,#2374);
#2374 = DEFINITIONAL_REPRESENTATION('',(#2375),#2378);
#2375 = B_SPLINE_CURVE_WITH_KNOTS('',1,(#2376,#2377),.UNSPECIFIED.,.F.,
  .F.,(2,2),(4.712388980385,6.28318530718),.PIECEWISE_BEZIER_KNOTS.);
#2376 = CARTESIAN_POINT('',(0.,-1.570796326795));
#2377 = CARTESIAN_POINT('',(0.,0.));
#2378 = ( GEOMETRIC_REPRESENTATION_CONTEXT(2) 
PARAMETRIC_REPRESENTATION_CONTEXT() REPRESENTATION_CONTEXT('2D SPACE',''
  ) );
#2379 = PCURVE('',#2380,#2385);
#2380 = CYLINDRICAL_SURFACE('',#2381,1.5);
#2381 = AXIS2_PLACEMENT_3D('',#2382,#2383,#2384);
#2382 = CARTESIAN_POINT('',(52.5,5.5,24.));
#2383 = DIRECTION('',(0.,0.,1.));
#2384 = DIRECTION('',(1.,0.,-0.));
#2385 = DEFINITIONAL_REPRESENTATION('',(#2386),#2389);
#2386 = B_SPLINE_CURVE_WITH_KNOTS('',1,(#2387,#2388),.UNSPECIFIED.,.F.,
  .F.,(2,2),(4.712388980385,6.28318530718),.PIECEWISE_BEZIER_KNOTS.);
#2387 = CARTESIAN_POINT('',(1.570796326795,2.010401919002));
#2388 = CARTESIAN_POINT('',(0.,2.010401919002));
#2389 = ( GEOMETRIC_REPRESENTATION_CONTEXT(2) 
PARAMETRIC_REPRESENTATION_CONTEXT() REPRESENTATION_CONTEXT('2D SPACE',''
  ) );
#2390 = ORIENTED_EDGE('',*,*,#2391,.T.);
#2391 = EDGE_CURVE('',#2365,#2312,#2392,.T.);
#2392 = SURFACE_CURVE('',#2393,(#2398,#2404),.PCURVE_S1.);
#2393 = CIRCLE('',#2394,1.5);
#2394 = AXIS2_PLACEMENT_3D('',#2395,#2396,#2397);
#2395 = CARTESIAN_POINT('',(52.5,5.5,26.010401919002));
#2396 = DIRECTION('',(-0.960108665348,0.,0.279627163782));
#2397 = DIRECTION('',(-0.279627163782,0.,-0.960108665348));
#2398 = PCURVE('',#2349,#2399);
#2399 = DEFINITIONAL_REPRESENTATION('',(#2400),#2403);
#2400 = B_SPLINE_CURVE_WITH_KNOTS('',1,(#2401,#2402),.UNSPECIFIED.,.F.,
  .F.,(2,2),(4.712388980385,6.28318530718),.PIECEWISE_BEZIER_KNOTS.);
#2401 = CARTESIAN_POINT('',(-1.854202086927,-1.570796326795));
#2402 = CARTESIAN_POINT('',(-1.854202086927,0.));
#2403 = ( GEOMETRIC_REPRESENTATION_CONTEXT(2) 
PARAMETRIC_REPRESENTATION_CONTEXT() REPRESENTATION_CONTEXT('2D SPACE',''
  ) );
#2404 = PCURVE('',#2405,#2410);
#2405 = TOROIDAL_SURFACE('',#2406,187.75,1.5);
#2406 = AXIS2_PLACEMENT_3D('',#2407,#2408,#2409);
#2407 = CARTESIAN_POINT('',(0.,5.5,-154.25));
#2408 = DIRECTION('',(-0.,1.,-0.));
#2409 = DIRECTION('',(0.289932885906,0.,0.957046979866));
#2410 = DEFINITIONAL_REPRESENTATION('',(#2411),#2414);
#2411 = B_SPLINE_CURVE_WITH_KNOTS('',1,(#2412,#2413),.UNSPECIFIED.,.F.,
  .F.,(2,2),(4.712388980385,6.28318530718),.PIECEWISE_BEZIER_KNOTS.);
#2412 = CARTESIAN_POINT('',(-1.075095064519E-02,1.570796326795));
#2413 = CARTESIAN_POINT('',(-1.075095064519E-02,3.14159265359));
#2414 = ( GEOMETRIC_REPRESENTATION_CONTEXT(2) 
PARAMETRIC_REPRESENTATION_CONTEXT() REPRESENTATION_CONTEXT('2D SPACE',''
  ) );
#2415 = ORIENTED_EDGE('',*,*,#2334,.F.);
#2416 = ADVANCED_FACE('',(#2417),#2405,.T.);
#2417 = FACE_BOUND('',#2418,.F.);
#2418 = EDGE_LOOP('',(#2419,#2420,#2449,#2590));
#2419 = ORIENTED_EDGE('',*,*,#2391,.F.);
#2420 = ORIENTED_EDGE('',*,*,#2421,.T.);
#2421 = EDGE_CURVE('',#2365,#2422,#2424,.T.);
#2422 = VERTEX_POINT('',#2423);
#2423 = CARTESIAN_POINT('',(22.,7.,32.206596826178));
#2424 = SURFACE_CURVE('',#2425,(#2430,#2437),.PCURVE_S1.);
#2425 = CIRCLE('',#2426,187.75);
#2426 = AXIS2_PLACEMENT_3D('',#2427,#2428,#2429);
#2427 = CARTESIAN_POINT('',(0.,7.,-154.25));
#2428 = DIRECTION('',(0.,-1.,0.));
#2429 = DIRECTION('',(0.289932885906,0.,0.957046979866));
#2430 = PCURVE('',#2405,#2431);
#2431 = DEFINITIONAL_REPRESENTATION('',(#2432),#2436);
#2432 = LINE('',#2433,#2434);
#2433 = CARTESIAN_POINT('',(-0.,1.570796326795));
#2434 = VECTOR('',#2435,1.);
#2435 = DIRECTION('',(-1.,0.));
#2436 = ( GEOMETRIC_REPRESENTATION_CONTEXT(2) 
PARAMETRIC_REPRESENTATION_CONTEXT() REPRESENTATION_CONTEXT('2D SPACE',''
  ) );
#2437 = PCURVE('',#2438,#2443);
#2438 = PLANE('',#2439);
#2439 = AXIS2_PLACEMENT_3D('',#2440,#2441,#2442);
#2440 = CARTESIAN_POINT('',(54.,7.,0.));
#2441 = DIRECTION('',(0.,-1.,0.));
#2442 = DIRECTION('',(-1.,0.,0.));
#2443 = DEFINITIONAL_REPRESENTATION('',(#2444),#2448);
#2444 = CIRCLE('',#2445,187.75);
#2445 = AXIS2_PLACEMENT_2D('',#2446,#2447);
#2446 = CARTESIAN_POINT('',(54.,154.25));
#2447 = DIRECTION('',(-0.289932885906,-0.957046979866));
#2448 = ( GEOMETRIC_REPRESENTATION_CONTEXT(2) 
PARAMETRIC_REPRESENTATION_CONTEXT() REPRESENTATION_CONTEXT('2D SPACE',''
  ) );
#2449 = ORIENTED_EDGE('',*,*,#2450,.T.);
#2450 = EDGE_CURVE('',#2422,#2451,#2453,.T.);
#2451 = VERTEX_POINT('',#2452);
#2452 = CARTESIAN_POINT('',(21.824234354194,5.5,30.716930273639));
#2453 = SURFACE_CURVE('',#2454,(#2459,#2465),.PCURVE_S1.);
#2454 = CIRCLE('',#2455,1.5);
#2455 = AXIS2_PLACEMENT_3D('',#2456,#2457,#2458);
#2456 = CARTESIAN_POINT('',(22.,5.5,32.206596826178));
#2457 = DIRECTION('',(-0.993111035026,0.,0.117177097204));
#2458 = DIRECTION('',(0.117177097204,0.,0.993111035026));
#2459 = PCURVE('',#2405,#2460);
#2460 = DEFINITIONAL_REPRESENTATION('',(#2461),#2464);
#2461 = B_SPLINE_CURVE_WITH_KNOTS('',1,(#2462,#2463),.UNSPECIFIED.,.F.,
  .F.,(2,2),(1.570796326795,3.14159265359),.PIECEWISE_BEZIER_KNOTS.);
#2462 = CARTESIAN_POINT('',(-0.176709793608,1.570796326795));
#2463 = CARTESIAN_POINT('',(-0.176709793608,3.14159265359));
#2464 = ( GEOMETRIC_REPRESENTATION_CONTEXT(2) 
PARAMETRIC_REPRESENTATION_CONTEXT() REPRESENTATION_CONTEXT('2D SPACE',''
  ) );
#2465 = PCURVE('',#2466,#2581);
#2466 = ( BOUNDED_SURFACE() B_SPLINE_SURFACE(2,13,(
    (#2467,#2468,#2469,#2470,#2471,#2472,#2473,#2474,#2475,#2476,#2477
      ,#2478,#2479,#2480,#2481,#2482,#2483,#2484,#2485,#2486,#2487,#2488
      ,#2489,#2490,#2491,#2492,#2493,#2494,#2495,#2496,#2497,#2498,#2499
      ,#2500,#2501,#2502,#2503,#2504)
    ,(#2505,#2506,#2507,#2508,#2509,#2510,#2511,#2512,#2513,#2514,#2515
      ,#2516,#2517,#2518,#2519,#2520,#2521,#2522,#2523,#2524,#2525,#2526
      ,#2527,#2528,#2529,#2530,#2531,#2532,#2533,#2534,#2535,#2536,#2537
      ,#2538,#2539,#2540,#2541,#2542)
    ,(#2543,#2544,#2545,#2546,#2547,#2548,#2549,#2550,#2551,#2552,#2553
      ,#2554,#2555,#2556,#2557,#2558,#2559,#2560,#2561,#2562,#2563,#2564
      ,#2565,#2566,#2567,#2568,#2569,#2570,#2571,#2572,#2573,#2574,#2575
      ,#2576,#2577,#2578,#2579,#2580
)),.UNSPECIFIED.,.F.,.F.,.F.) B_SPLINE_SURFACE_WITH_KNOTS((3,3),(14,12,
    12,14),(0.,22.703480900615),(32.912199058373,44.263939508681,
    49.939809733835,55.615679958988),.UNSPECIFIED.) 
GEOMETRIC_REPRESENTATION_ITEM() RATIONAL_B_SPLINE_SURFACE((
    (1.,1.,1.,0.999999999999,1.000000000002,0.999999999997
      ,1.000000000004,0.999999999996,1.000000000003,0.999999999998
      ,1.000000000001,0.999999999999,1.,1.,1.000000000001,0.999999999996
      ,1.000000000007,0.99999999999,1.000000000012,0.999999999989
      ,1.000000000008,0.999999999995,1.000000000002,0.999999999999,1.,1.
      ,1.,0.999999999999,1.000000000002,0.999999999998,1.000000000003
      ,0.999999999997,1.000000000002,0.999999999999,1.000000000001,1.,1.
      ,1.)
    ,(0.70710678127,0.707106782965,0.706703954891,0.705922918359
      ,0.70484363971,0.703438125208,0.702114559584,0.700528071838
      ,0.699733373285,0.698985345502,0.698705186376,0.698653395958
      ,0.698844290581,0.699415704342,0.699654020594,0.699934905665
      ,0.70025348623,0.700605261463,0.700986020939,0.701391710251
      ,0.701818245118,0.702261273054,0.702715883546,0.703176265912
      ,0.703635315459,0.704533059639,0.704972025073,0.705392037427
      ,0.705787628126,0.706136877439,0.706455695997,0.706694882768
      ,0.706889462067,0.70701077639,0.707081246363,0.707106762687
      ,0.707106781135,0.707106781187)
    ,(1.,1.,1.,0.999999999999,1.000000000002,0.999999999997
      ,1.000000000004,0.999999999996,1.000000000003,0.999999999998
      ,1.000000000001,0.999999999999,1.,1.,1.000000000001,0.999999999996
      ,1.000000000007,0.99999999999,1.000000000012,0.999999999989
      ,1.000000000008,0.999999999995,1.000000000002,0.999999999999,1.,1.
      ,1.,0.999999999999,1.000000000002,0.999999999998,1.000000000003
      ,0.999999999997,1.000000000002,0.999999999999,1.000000000001,1.,1.
,1.))) REPRESENTATION_ITEM('') SURFACE() );
#2467 = CARTESIAN_POINT('',(22.,7.,32.206596826));
#2468 = CARTESIAN_POINT('',(21.100828942883,7.,32.312689948571));
#2469 = CARTESIAN_POINT('',(20.201092900038,6.99985081843,32.41582729369
    ));
#2470 = CARTESIAN_POINT('',(19.297300795642,7.011439688142,
    32.516098225573));
#2471 = CARTESIAN_POINT('',(18.411124275455,7.038225436095,
    32.611696245574));
#2472 = CARTESIAN_POINT('',(17.458752052328,7.116384229572,
    32.708991701547));
#2473 = CARTESIAN_POINT('',(16.656667702388,7.20355328387,
    32.788903497821));
#2474 = CARTESIAN_POINT('',(15.648683036199,7.392777079517,
    32.882111045517));
#2475 = CARTESIAN_POINT('',(14.889217177691,7.591020125259,
    32.946394776095));
#2476 = CARTESIAN_POINT('',(13.995296967632,7.859551306739,
    33.018164329241));
#2477 = CARTESIAN_POINT('',(13.206755945671,8.147369913344,
    33.075308813877));
#2478 = CARTESIAN_POINT('',(12.410282372946,8.464158324978,
    33.128957091667));
#2479 = CARTESIAN_POINT('',(11.633846697235,8.796810187065,
    33.176657106686));
#2480 = CARTESIAN_POINT('',(10.480024447094,9.309613140501,33.2412038183
    ));
#2481 = CARTESIAN_POINT('',(10.097384258554,9.48285017193,
    33.261537642724));
#2482 = CARTESIAN_POINT('',(9.715875836014,9.657405735455,
    33.280771362596));
#2483 = CARTESIAN_POINT('',(9.334689554781,9.83234839507,33.29897855444)
  );
#2484 = CARTESIAN_POINT('',(8.952997850591,10.006763179161,
    33.316224416648));
#2485 = CARTESIAN_POINT('',(8.569931980554,10.17972006813,
    33.332565489707));
#2486 = CARTESIAN_POINT('',(8.184579321274,10.350247250685,
    33.348049409529));
#2487 = CARTESIAN_POINT('',(7.796001205601,10.517309148812,
    33.362714694207));
#2488 = CARTESIAN_POINT('',(7.403271295884,10.679789211521,
    33.376590563804));
#2489 = CARTESIAN_POINT('',(7.005534496322,10.83647747716,33.38969679358
    ));
#2490 = CARTESIAN_POINT('',(6.602086401765,10.986062904578,33.4020436003
    ));
#2491 = CARTESIAN_POINT('',(6.192473285224,11.127130472847,
    33.413631561892));
#2492 = CARTESIAN_POINT('',(5.360751959739,11.389195626715,
    33.435271578674));
#2493 = CARTESIAN_POINT('',(4.938474643484,11.510257221071,
    33.445327366242));
#2494 = CARTESIAN_POINT('',(4.510742069588,11.619790050057,
    33.454597130705));
#2495 = CARTESIAN_POINT('',(4.071851972643,11.717281814848,
    33.463158669684));
#2496 = CARTESIAN_POINT('',(3.639060254845,11.798847962369,
    33.470725617849));
#2497 = CARTESIAN_POINT('',(3.178419957382,11.869563331896,
    33.477865999168));
#2498 = CARTESIAN_POINT('',(2.738400767667,11.919556738224,
    33.483672524718));
#2499 = CARTESIAN_POINT('',(2.278132449752,11.959139547265,
    33.489003834541));
#2500 = CARTESIAN_POINT('',(1.823901564223,11.982356103391,
    33.493191424063));
#2501 = CARTESIAN_POINT('',(1.368270611993,11.995500547053,
    33.496512025877));
#2502 = CARTESIAN_POINT('',(0.911993323645,11.999994194451,
    33.498799957125));
#2503 = CARTESIAN_POINT('',(0.456012790102,12.,33.500000000151));
#2504 = CARTESIAN_POINT('',(0.,12.,33.499999999998));
#2505 = CARTESIAN_POINT('',(21.824234354213,7.,30.716930273815));
#2506 = CARTESIAN_POINT('',(20.932247089854,7.,30.822175788456));
#2507 = CARTESIAN_POINT('',(20.038472027951,7.001563754045,
    30.922923505042));
#2508 = CARTESIAN_POINT('',(19.139982455162,7.016471510386,
    31.019293453405));
#2509 = CARTESIAN_POINT('',(18.258448139791,7.048071793597,
    31.109782064584));
#2510 = CARTESIAN_POINT('',(17.313059153391,7.132472658271,
    31.200425379557));
#2511 = CARTESIAN_POINT('',(16.516353218743,7.22608383795,
    31.274136192269));
#2512 = CARTESIAN_POINT('',(15.521458662976,7.422948194707,
    31.35948137283));
#2513 = CARTESIAN_POINT('',(14.773289061953,7.623496378846,
    31.419569437972));
#2514 = CARTESIAN_POINT('',(13.890366607546,7.894780883554,31.4874067046
    ));
#2515 = CARTESIAN_POINT('',(13.111641299398,8.182931425452,
    31.542754040389));
#2516 = CARTESIAN_POINT('',(12.3234400173,8.499496952354,31.595708298166
    ));
#2517 = CARTESIAN_POINT('',(11.553954454746,8.831193888809,
    31.643847872434));
#2518 = CARTESIAN_POINT('',(10.409016555541,9.341733058337,
    31.710371234753));
#2519 = CARTESIAN_POINT('',(10.029393531704,9.513931812882,
    31.731568037959));
#2520 = CARTESIAN_POINT('',(9.650739251618,9.687291524864,
    31.751858253051));
#2521 = CARTESIAN_POINT('',(9.272245892793,9.860908180785,
    31.771293991222));
#2522 = CARTESIAN_POINT('',(8.893095814115,10.033888823771,
    31.789920242273));
#2523 = CARTESIAN_POINT('',(8.512435419799,10.205320678356,
    31.807774393446));
#2524 = CARTESIAN_POINT('',(8.129370929572,10.374245239812,
    31.824885524559));
#2525 = CARTESIAN_POINT('',(7.742985783564,10.539637422122,
    31.841273485261));
#2526 = CARTESIAN_POINT('',(7.352379374586,10.700389831373,
    31.856947759083));
#2527 = CARTESIAN_POINT('',(6.956726770662,10.855302195154,
    31.871906117636));
#2528 = CARTESIAN_POINT('',(6.555359065939,11.003075939705,
    31.886133066469));
#2529 = CARTESIAN_POINT('',(6.147863990692,11.142313853895,
    31.899598081619));
#2530 = CARTESIAN_POINT('',(5.321075962374,11.400570940624,
    31.924893056532));
#2531 = CARTESIAN_POINT('',(4.901606306119,11.519686419073,
    31.936730720894));
#2532 = CARTESIAN_POINT('',(4.476768600049,11.627353924727,
    31.947706665578));
#2533 = CARTESIAN_POINT('',(4.040907342185,11.723089315929,
    31.957875374286));
#2534 = CARTESIAN_POINT('',(3.61117514187,11.80310407175,31.966859743291
    ));
#2535 = CARTESIAN_POINT('',(3.153846924891,11.872409338821,
    31.975292026331));
#2536 = CARTESIAN_POINT('',(2.717080032319,11.921347993253,
    31.982063013926));
#2537 = CARTESIAN_POINT('',(2.26024115753,11.960080002074,
    31.988174433829));
#2538 = CARTESIAN_POINT('',(1.809497758645,11.982768027081,
    31.992840730778));
#2539 = CARTESIAN_POINT('',(1.357379903481,11.995608850441,
    31.99643233528));
#2540 = CARTESIAN_POINT('',(0.904709841605,11.999994240674,
    31.998809456487));
#2541 = CARTESIAN_POINT('',(0.452369548008,12.,31.999999999895));
#2542 = CARTESIAN_POINT('',(1.95399252334E-14,12.,32.000000000001));
#2543 = CARTESIAN_POINT('',(21.823979429459,5.500000022318,
    30.716960352011));
#2544 = CARTESIAN_POINT('',(20.92940037545,5.500000476092,30.82251041801
    ));
#2545 = CARTESIAN_POINT('',(20.0197255358,5.4998396905,30.925111689652)
  );
#2546 = CARTESIAN_POINT('',(19.090427846615,5.511707127122,
    31.024798612331));
#2547 = CARTESIAN_POINT('',(18.163574194858,5.538649391932,
    31.119954984449));
#2548 = CARTESIAN_POINT('',(17.151497960992,5.622116515945,
    31.216383097591));
#2549 = CARTESIAN_POINT('',(16.287410383175,5.713068757328,
    31.295963387286));
#2550 = CARTESIAN_POINT('',(15.189957921438,5.922040302639,31.3881604507
    ));
#2551 = CARTESIAN_POINT('',(14.371777382858,6.140345052859,
    31.45175889833));
#2552 = CARTESIAN_POINT('',(13.411646909488,6.432700658596,
    31.52286000358));
#2553 = CARTESIAN_POINT('',(12.578105414482,6.741430096548,
    31.579351268761));
#2554 = CARTESIAN_POINT('',(11.745787252538,7.075967183073,
    31.632455059898));
#2555 = CARTESIAN_POINT('',(10.946802521825,7.421429131621,
    31.679660779994));
#2556 = CARTESIAN_POINT('',(9.778217809201,7.945098107414,
    31.743551345953));
#2557 = CARTESIAN_POINT('',(9.393848570953,8.120557683067,
    31.763680068327));
#2558 = CARTESIAN_POINT('',(9.01384126966,8.295859397143,31.782721893313
    ));
#2559 = CARTESIAN_POINT('',(8.637412980887,8.470015872375,
    31.800749442899));
#2560 = CARTESIAN_POINT('',(8.263780300441,8.642080568822,
    31.817826790289));
#2561 = CARTESIAN_POINT('',(7.892152816575,8.811120886461,
    31.834009458888));
#2562 = CARTESIAN_POINT('',(7.521734672123,8.97619726778,31.849344355441
    ));
#2563 = CARTESIAN_POINT('',(7.151734216725,9.136348300207,
    31.863869637386));
#2564 = CARTESIAN_POINT('',(6.781381748633,9.290581818708,
    31.877614514349));
#2565 = CARTESIAN_POINT('',(6.409955346956,9.437872008075,
    31.890598983861));
#2566 = CARTESIAN_POINT('',(6.036814793286,9.577162505442,
    31.902833501217));
#2567 = CARTESIAN_POINT('',(5.661443583733,9.707375502539,
    31.914318583545));
#2568 = CARTESIAN_POINT('',(4.905554477395,9.947478193566,
    31.935770112532));
#2569 = CARTESIAN_POINT('',(4.524518667425,10.057421191019,
    31.945740284805));
#2570 = CARTESIAN_POINT('',(4.144519804452,10.156128177817,31.9549346702
    ));
#2571 = CARTESIAN_POINT('',(3.742156341349,10.243450085535,
    31.963422627712));
#2572 = CARTESIAN_POINT('',(3.389012121946,10.316371218186,
    31.97094737335));
#2573 = CARTESIAN_POINT('',(2.922787885373,10.379554382345,
    31.978010371566));
#2574 = CARTESIAN_POINT('',(2.611771059288,10.424789889663,
    31.98380664809));
#2575 = CARTESIAN_POINT('',(2.11434915622,10.460988741371,
    31.989073464394));
#2576 = CARTESIAN_POINT('',(1.76980882486,10.482842048804,
    31.993248522316));
#2577 = CARTESIAN_POINT('',(1.308467034463,10.495492155014,
    31.99653715141));
#2578 = CARTESIAN_POINT('',(0.896713827626,10.499995098274,
    31.99880997213));
#2579 = CARTESIAN_POINT('',(0.451512260136,10.499999986762,
    31.999999945491));
#2580 = CARTESIAN_POINT('',(3.181031128291E-15,10.500000000171,32.));
#2581 = DEFINITIONAL_REPRESENTATION('',(#2582),#2589);
#2582 = B_SPLINE_CURVE_WITH_KNOTS('',5,(#2583,#2584,#2585,#2586,#2587,
    #2588),.UNSPECIFIED.,.F.,.F.,(6,6),(1.570796326795,3.14159265359),
  .PIECEWISE_BEZIER_KNOTS.);
#2583 = CARTESIAN_POINT('',(0.,32.912199058373));
#2584 = CARTESIAN_POINT('',(5.043445397102,32.912199058373));
#2585 = CARTESIAN_POINT('',(9.269739340465,32.912199058374));
#2586 = CARTESIAN_POINT('',(13.433741786722,32.912199058373));
#2587 = CARTESIAN_POINT('',(17.660035503513,32.912199058373));
#2588 = CARTESIAN_POINT('',(22.703480900615,32.912199058373));
#2589 = ( GEOMETRIC_REPRESENTATION_CONTEXT(2) 
PARAMETRIC_REPRESENTATION_CONTEXT() REPRESENTATION_CONTEXT('2D SPACE',''
  ) );
#2590 = ORIENTED_EDGE('',*,*,#2591,.F.);
#2591 = EDGE_CURVE('',#2312,#2451,#2592,.T.);
#2592 = SURFACE_CURVE('',#2593,(#2598,#2605),.PCURVE_S1.);
#2593 = CIRCLE('',#2594,186.25);
#2594 = AXIS2_PLACEMENT_3D('',#2595,#2596,#2597);
#2595 = CARTESIAN_POINT('',(0.,5.5,-154.25));
#2596 = DIRECTION('',(0.,-1.,0.));
#2597 = DIRECTION('',(0.289932885906,0.,0.957046979866));
#2598 = PCURVE('',#2405,#2599);
#2599 = DEFINITIONAL_REPRESENTATION('',(#2600),#2604);
#2600 = LINE('',#2601,#2602);
#2601 = CARTESIAN_POINT('',(-0.,3.14159265359));
#2602 = VECTOR('',#2603,1.);
#2603 = DIRECTION('',(-1.,0.));
#2604 = ( GEOMETRIC_REPRESENTATION_CONTEXT(2) 
PARAMETRIC_REPRESENTATION_CONTEXT() REPRESENTATION_CONTEXT('2D SPACE',''
  ) );
#2605 = PCURVE('',#62,#2606);
#2606 = DEFINITIONAL_REPRESENTATION('',(#2607),#2611);
#2607 = LINE('',#2608,#2609);
#2608 = CARTESIAN_POINT('',(3.814994554417E-17,-10.5));
#2609 = VECTOR('',#2610,1.);
#2610 = DIRECTION('',(1.,0.));
#2611 = ( GEOMETRIC_REPRESENTATION_CONTEXT(2) 
PARAMETRIC_REPRESENTATION_CONTEXT() REPRESENTATION_CONTEXT('2D SPACE',''
  ) );
#2612 = ADVANCED_FACE('',(#2613),#2466,.T.);
#2613 = FACE_BOUND('',#2614,.T.);
#2614 = EDGE_LOOP('',(#2615,#2616,#2723,#2916));
#2615 = ORIENTED_EDGE('',*,*,#2450,.T.);
#2616 = ORIENTED_EDGE('',*,*,#2617,.T.);
#2617 = EDGE_CURVE('',#2451,#2618,#2620,.T.);
#2618 = VERTEX_POINT('',#2619);
#2619 = CARTESIAN_POINT('',(3.181031128291E-15,10.500000000171,32.));
#2620 = SURFACE_CURVE('',#2621,(#2660,#2667),.PCURVE_S1.);
#2621 = ( BOUNDED_CURVE() B_SPLINE_CURVE(13,(#2622,#2623,#2624,#2625,
    #2626,#2627,#2628,#2629,#2630,#2631,#2632,#2633,#2634,#2635,#2636,
    #2637,#2638,#2639,#2640,#2641,#2642,#2643,#2644,#2645,#2646,#2647,
    #2648,#2649,#2650,#2651,#2652,#2653,#2654,#2655,#2656,#2657,#2658,
#2659),.UNSPECIFIED.,.F.,.F.) B_SPLINE_CURVE_WITH_KNOTS((14,12,12,14),(
    32.912199058373,44.263939508681,49.939809733835,55.615679958988),
.UNSPECIFIED.) CURVE() GEOMETRIC_REPRESENTATION_ITEM() 
RATIONAL_B_SPLINE_CURVE((1.,1.,1.,0.999999999999,1.000000000002,
    0.999999999997,1.000000000004,0.999999999996,1.000000000003,
    0.999999999998,1.000000000001,0.999999999999,1.,1.,1.000000000001,
    0.999999999996,1.000000000007,0.99999999999,1.000000000012,
    0.999999999989,1.000000000008,0.999999999995,1.000000000002,
    0.999999999999,1.,1.,1.,0.999999999999,1.000000000002,0.999999999998
    ,1.000000000003,0.999999999997,1.000000000002,0.999999999999,
1.000000000001,1.,1.,1.)) REPRESENTATION_ITEM('') );
#2622 = CARTESIAN_POINT('',(21.823979429459,5.500000022318,
    30.716960352011));
#2623 = CARTESIAN_POINT('',(20.92940037545,5.500000476092,30.82251041801
    ));
#2624 = CARTESIAN_POINT('',(20.0197255358,5.4998396905,30.925111689652)
  );
#2625 = CARTESIAN_POINT('',(19.090427846615,5.511707127122,
    31.024798612331));
#2626 = CARTESIAN_POINT('',(18.163574194858,5.538649391932,
    31.119954984449));
#2627 = CARTESIAN_POINT('',(17.151497960992,5.622116515945,
    31.216383097591));
#2628 = CARTESIAN_POINT('',(16.287410383175,5.713068757328,
    31.295963387286));
#2629 = CARTESIAN_POINT('',(15.189957921438,5.922040302639,31.3881604507
    ));
#2630 = CARTESIAN_POINT('',(14.371777382858,6.140345052859,
    31.45175889833));
#2631 = CARTESIAN_POINT('',(13.411646909488,6.432700658596,
    31.52286000358));
#2632 = CARTESIAN_POINT('',(12.578105414482,6.741430096548,
    31.579351268761));
#2633 = CARTESIAN_POINT('',(11.745787252538,7.075967183073,
    31.632455059898));
#2634 = CARTESIAN_POINT('',(10.946802521825,7.421429131621,
    31.679660779994));
#2635 = CARTESIAN_POINT('',(9.778217809201,7.945098107414,
    31.743551345953));
#2636 = CARTESIAN_POINT('',(9.393848570953,8.120557683067,
    31.763680068327));
#2637 = CARTESIAN_POINT('',(9.01384126966,8.295859397143,31.782721893313
    ));
#2638 = CARTESIAN_POINT('',(8.637412980887,8.470015872375,
    31.800749442899));
#2639 = CARTESIAN_POINT('',(8.263780300441,8.642080568822,
    31.817826790289));
#2640 = CARTESIAN_POINT('',(7.892152816575,8.811120886461,
    31.834009458888));
#2641 = CARTESIAN_POINT('',(7.521734672123,8.97619726778,31.849344355441
    ));
#2642 = CARTESIAN_POINT('',(7.151734216725,9.136348300207,
    31.863869637386));
#2643 = CARTESIAN_POINT('',(6.781381748633,9.290581818708,
    31.877614514349));
#2644 = CARTESIAN_POINT('',(6.409955346956,9.437872008075,
    31.890598983861));
#2645 = CARTESIAN_POINT('',(6.036814793286,9.577162505442,
    31.902833501217));
#2646 = CARTESIAN_POINT('',(5.661443583733,9.707375502539,
    31.914318583545));
#2647 = CARTESIAN_POINT('',(4.905554477395,9.947478193566,
    31.935770112532));
#2648 = CARTESIAN_POINT('',(4.524518667425,10.057421191019,
    31.945740284805));
#2649 = CARTESIAN_POINT('',(4.144519804452,10.156128177817,31.9549346702
    ));
#2650 = CARTESIAN_POINT('',(3.742156341349,10.243450085535,
    31.963422627712));
#2651 = CARTESIAN_POINT('',(3.389012121946,10.316371218186,
    31.97094737335));
#2652 = CARTESIAN_POINT('',(2.922787885373,10.379554382345,
    31.978010371566));
#2653 = CARTESIAN_POINT('',(2.611771059288,10.424789889663,
    31.98380664809));
#2654 = CARTESIAN_POINT('',(2.11434915622,10.460988741371,
    31.989073464394));
#2655 = CARTESIAN_POINT('',(1.76980882486,10.482842048804,
    31.993248522316));
#2656 = CARTESIAN_POINT('',(1.308467034463,10.495492155014,
    31.99653715141));
#2657 = CARTESIAN_POINT('',(0.896713827626,10.499995098274,
    31.99880997213));
#2658 = CARTESIAN_POINT('',(0.451512260136,10.499999986762,
    31.999999945491));
#2659 = CARTESIAN_POINT('',(3.181031128291E-15,10.500000000171,32.));
#2660 = PCURVE('',#2466,#2661);
#2661 = DEFINITIONAL_REPRESENTATION('',(#2662),#2666);
#2662 = LINE('',#2663,#2664);
#2663 = CARTESIAN_POINT('',(22.703480900615,0.));
#2664 = VECTOR('',#2665,1.);
#2665 = DIRECTION('',(0.,1.));
#2666 = ( GEOMETRIC_REPRESENTATION_CONTEXT(2) 
PARAMETRIC_REPRESENTATION_CONTEXT() REPRESENTATION_CONTEXT('2D SPACE',''
  ) );
#2667 = PCURVE('',#62,#2668);
#2668 = DEFINITIONAL_REPRESENTATION('',(#2669),#2722);
#2669 = B_SPLINE_CURVE_WITH_KNOTS('',11,(#2670,#2671,#2672,#2673,#2674,
    #2675,#2676,#2677,#2678,#2679,#2680,#2681,#2682,#2683,#2684,#2685,
    #2686,#2687,#2688,#2689,#2690,#2691,#2692,#2693,#2694,#2695,#2696,
    #2697,#2698,#2699,#2700,#2701,#2702,#2703,#2704,#2705,#2706,#2707,
    #2708,#2709,#2710,#2711,#2712,#2713,#2714,#2715,#2716,#2717,#2718,
    #2719,#2720,#2721),.UNSPECIFIED.,.F.,.F.,(12,10,10,10,10,12),(
    32.912199058373,38.588069283527,44.263939508681,49.939809733835,
    52.777744846411,55.615679958988),.UNSPECIFIED.);
#2670 = CARTESIAN_POINT('',(0.176711171826,-10.50000002231));
#2671 = CARTESIAN_POINT('',(0.179569060038,-10.50000029045));
#2672 = CARTESIAN_POINT('',(0.182454848426,-10.49994424689));
#2673 = CARTESIAN_POINT('',(0.185373610393,-10.50246455103));
#2674 = CARTESIAN_POINT('',(0.188312220027,-10.50900525749));
#2675 = CARTESIAN_POINT('',(0.19129791176,-10.52373530916));
#2676 = CARTESIAN_POINT('',(0.194300283617,-10.54810034626));
#2677 = CARTESIAN_POINT('',(0.197327228736,-10.58548186919));
#2678 = CARTESIAN_POINT('',(0.200364365579,-10.63812759196));
#2679 = CARTESIAN_POINT('',(0.203401079036,-10.70778605552));
#2680 = CARTESIAN_POINT('',(0.206421839275,-10.79505471544));
#2681 = CARTESIAN_POINT('',(0.212405035147,-11.00431290666));
#2682 = CARTESIAN_POINT('',(0.215367434306,-11.12630097718));
#2683 = CARTESIAN_POINT('',(0.218287434628,-11.26539740402));
#2684 = CARTESIAN_POINT('',(0.221152129737,-11.4204231562));
#2685 = CARTESIAN_POINT('',(0.223956382679,-11.58955211521));
#2686 = CARTESIAN_POINT('',(0.226692503486,-11.77019758704));
#2687 = CARTESIAN_POINT('',(0.229375962215,-11.96044794722));
#2688 = CARTESIAN_POINT('',(0.231980892653,-12.15712469665));
#2689 = CARTESIAN_POINT('',(0.234548499036,-12.3592476469));
#2690 = CARTESIAN_POINT('',(0.237062255108,-12.56424794066));
#2691 = CARTESIAN_POINT('',(0.242013010374,-12.97683562363));
#2692 = CARTESIAN_POINT('',(0.244448678215,-13.18441043397));
#2693 = CARTESIAN_POINT('',(0.246852104954,-13.391426957));
#2694 = CARTESIAN_POINT('',(0.24923058684,-13.59620569183));
#2695 = CARTESIAN_POINT('',(0.251591467378,-13.79713525163));
#2696 = CARTESIAN_POINT('',(0.25394219567,-13.99260300787));
#2697 = CARTESIAN_POINT('',(0.25629022336,-14.18094801934));
#2698 = CARTESIAN_POINT('',(0.258642740234,-14.36043624682));
#2699 = CARTESIAN_POINT('',(0.261006248418,-14.52925805244));
#2700 = CARTESIAN_POINT('',(0.263385975228,-14.68554798466));
#2701 = CARTESIAN_POINT('',(0.266984699331,-14.89836627974));
#2702 = CARTESIAN_POINT('',(0.268190101598,-14.96572177305));
#2703 = CARTESIAN_POINT('',(0.269396669108,-15.02924968463));
#2704 = CARTESIAN_POINT('',(0.270618939464,-15.08883485988));
#2705 = CARTESIAN_POINT('',(0.271837112602,-15.14417422261));
#2706 = CARTESIAN_POINT('',(0.273069630629,-15.19522431456));
#2707 = CARTESIAN_POINT('',(0.274308094347,-15.24181530547));
#2708 = CARTESIAN_POINT('',(0.275556572393,-15.28387323041));
#2709 = CARTESIAN_POINT('',(0.276813656299,-15.32135400369));
#2710 = CARTESIAN_POINT('',(0.278080575648,-15.35429643843));
#2711 = CARTESIAN_POINT('',(0.280635341735,-15.41132916197));
#2712 = CARTESIAN_POINT('',(0.28192320095,-15.43541945663));
#2713 = CARTESIAN_POINT('',(0.28322226556,-15.45519709102));
#2714 = CARTESIAN_POINT('',(0.284533601719,-15.4708494689));
#2715 = CARTESIAN_POINT('',(0.285856800054,-15.48265538869));
#2716 = CARTESIAN_POINT('',(0.287196693208,-15.4909620237));
#2717 = CARTESIAN_POINT('',(0.288544798795,-15.49621462725));
#2718 = CARTESIAN_POINT('',(0.289927206835,-15.49902006447));
#2719 = CARTESIAN_POINT('',(0.291303714731,-15.49999838153));
#2720 = CARTESIAN_POINT('',(0.292724092336,-15.49999999224));
#2721 = CARTESIAN_POINT('',(0.294156590049,-15.50000000017));
#2722 = ( GEOMETRIC_REPRESENTATION_CONTEXT(2) 
PARAMETRIC_REPRESENTATION_CONTEXT() REPRESENTATION_CONTEXT('2D SPACE',''
  ) );
#2723 = ORIENTED_EDGE('',*,*,#2724,.F.);
#2724 = EDGE_CURVE('',#2725,#2618,#2727,.T.);
#2725 = VERTEX_POINT('',#2726);
#2726 = CARTESIAN_POINT('',(0.,12.,33.499999999998));
#2727 = SURFACE_CURVE('',#2728,(#2732,#2738),.PCURVE_S1.);
#2728 = ( BOUNDED_CURVE() B_SPLINE_CURVE(2,(#2729,#2730,#2731),
.UNSPECIFIED.,.F.,.F.) B_SPLINE_CURVE_WITH_KNOTS((3,3),(0.,
22.703480900615),.PIECEWISE_BEZIER_KNOTS.) CURVE() 
GEOMETRIC_REPRESENTATION_ITEM() RATIONAL_B_SPLINE_CURVE((1.,
0.707106781187,1.)) REPRESENTATION_ITEM('') );
#2729 = CARTESIAN_POINT('',(0.,12.,33.499999999998));
#2730 = CARTESIAN_POINT('',(1.95399252334E-14,12.,32.000000000001));
#2731 = CARTESIAN_POINT('',(3.181031128291E-15,10.500000000171,32.));
#2732 = PCURVE('',#2466,#2733);
#2733 = DEFINITIONAL_REPRESENTATION('',(#2734),#2737);
#2734 = B_SPLINE_CURVE_WITH_KNOTS('',1,(#2735,#2736),.UNSPECIFIED.,.F.,
  .F.,(2,2),(0.,22.703480900615),.PIECEWISE_BEZIER_KNOTS.);
#2735 = CARTESIAN_POINT('',(0.,55.615679958988));
#2736 = CARTESIAN_POINT('',(22.703480900615,55.615679958988));
#2737 = ( GEOMETRIC_REPRESENTATION_CONTEXT(2) 
PARAMETRIC_REPRESENTATION_CONTEXT() REPRESENTATION_CONTEXT('2D SPACE',''
  ) );
#2738 = PCURVE('',#2739,#2911);
#2739 = ( BOUNDED_SURFACE() B_SPLINE_SURFACE(2,12,(
    (#2740,#2741,#2742,#2743,#2744,#2745,#2746,#2747,#2748,#2749,#2750
      ,#2751,#2752,#2753,#2754,#2755,#2756,#2757,#2758,#2759,#2760,#2761
      ,#2762,#2763,#2764,#2765,#2766,#2767,#2768,#2769,#2770,#2771,#2772
      ,#2773,#2774,#2775,#2776,#2777,#2778,#2779,#2780,#2781,#2782,#2783
      ,#2784,#2785,#2786,#2787,#2788,#2789,#2790,#2791,#2792,#2793,#2794
      ,#2795,#2796)
    ,(#2797,#2798,#2799,#2800,#2801,#2802,#2803,#2804,#2805,#2806,#2807
      ,#2808,#2809,#2810,#2811,#2812,#2813,#2814,#2815,#2816,#2817,#2818
      ,#2819,#2820,#2821,#2822,#2823,#2824,#2825,#2826,#2827,#2828,#2829
      ,#2830,#2831,#2832,#2833,#2834,#2835,#2836,#2837,#2838,#2839,#2840
      ,#2841,#2842,#2843,#2844,#2845,#2846,#2847,#2848,#2849,#2850,#2851
      ,#2852,#2853)
    ,(#2854,#2855,#2856,#2857,#2858,#2859,#2860,#2861,#2862,#2863,#2864
      ,#2865,#2866,#2867,#2868,#2869,#2870,#2871,#2872,#2873,#2874,#2875
      ,#2876,#2877,#2878,#2879,#2880,#2881,#2882,#2883,#2884,#2885,#2886
      ,#2887,#2888,#2889,#2890,#2891,#2892,#2893,#2894,#2895,#2896,#2897
      ,#2898,#2899,#2900,#2901,#2902,#2903,#2904,#2905,#2906,#2907,#2908
      ,#2909,#2910
)),.UNSPECIFIED.,.F.,.F.,.F.) B_SPLINE_SURFACE_WITH_KNOTS((3,3),(13,11,
    11,11,11,13),(0.,22.689793911995),(55.615679958988,57.033792078488,
    58.451904197988,61.288128436987,66.960576914986,78.305473870983),
.UNSPECIFIED.) GEOMETRIC_REPRESENTATION_ITEM() RATIONAL_B_SPLINE_SURFACE
((
    (1.,1.,1.,1.000000000001,0.999999999998,1.000000000003
      ,0.999999999997,1.000000000003,0.999999999998,1.000000000001,1.,1.
      ,1.,0.999999999999,1.000000000002,0.999999999997,1.000000000004
      ,0.999999999996,1.000000000004,0.999999999998,1.000000000001,1.,1.
      ,1.,1.,1.000000000001,0.999999999999,1.000000000001,0.999999999998
      ,1.000000000001,0.999999999999,1.,1.,1.,1.,1.,1.,1.000000000001
      ,0.999999999999,1.000000000001,0.999999999999,1.000000000001,1.,1.
      ,1.,1.,1.,1.,0.999999999999,1.000000000001,0.999999999999
      ,1.000000000001,1.,1.,1.,1.,1.)
    ,(0.707106781187,0.707106781201,0.707106786617,0.70710623817
      ,0.707104753367,0.707101797045,0.707096982746,0.707090008496
      ,0.707080518862,0.707068184388,0.707052809066,0.707034129688
      ,0.706989804776,0.706964151682,0.706934822743,0.706901661953
      ,0.706864542537,0.706823366898,0.70677806669,0.706728602736
      ,0.706674965104,0.706617173049,0.70655527505,0.706357496266
      ,0.706209460416,0.706045864259,0.705867656574,0.70567604772
      ,0.705472445428,0.70525839064,0.705035493283,0.704805368117
      ,0.704569570516,0.704329532296,0.703600427963,0.703102457788
      ,0.702603882032,0.702113612992,0.701638851641,0.701185673819
      ,0.700759531289,0.700365667524,0.700009448395,0.699696607587
      ,0.699433406878,0.698813319859,0.698626684006,0.698711024706
      ,0.699156467079,0.699976507313,0.701180889145,0.702962871157
      ,0.70439603227,0.705722872606,0.706628367309,0.707106783231
      ,0.70710678127)
    ,(1.,1.,1.,1.000000000001,0.999999999998,1.000000000003
      ,0.999999999997,1.000000000003,0.999999999998,1.000000000001,1.,1.
      ,1.,0.999999999999,1.000000000002,0.999999999997,1.000000000004
      ,0.999999999996,1.000000000004,0.999999999998,1.000000000001,1.,1.
      ,1.,1.,1.000000000001,0.999999999999,1.000000000001,0.999999999998
      ,1.000000000001,0.999999999999,1.,1.,1.,1.,1.,1.,1.000000000001
      ,0.999999999999,1.000000000001,0.999999999999,1.000000000001,1.,1.
      ,1.,1.,1.,1.,0.999999999999,1.000000000001,0.999999999999
,1.000000000001,1.,1.,1.,1.,1.))) REPRESENTATION_ITEM('') SURFACE() );
#2740 = CARTESIAN_POINT('',(0.,12.,33.499999999998));
#2741 = CARTESIAN_POINT('',(-0.123429028279,12.,33.499999999957));
#2742 = CARTESIAN_POINT('',(-0.24685748894,11.999999996099,
    33.499911466972));
#2743 = CARTESIAN_POINT('',(-0.370285427602,11.999907704434,
    33.499736703946));
#2744 = CARTESIAN_POINT('',(-0.493716083496,11.999635297277,
    33.499477524655));
#2745 = CARTESIAN_POINT('',(-0.617139499758,11.999099592792,
    33.499136077812));
#2746 = CARTESIAN_POINT('',(-0.740562491691,11.998221707001,
    33.498714058703));
#2747 = CARTESIAN_POINT('',(-0.863990823492,11.996926977507,
    33.49821289826));
#2748 = CARTESIAN_POINT('',(-0.987412323092,11.995145064899,
    33.497634146359));
#2749 = CARTESIAN_POINT('',(-1.110813391151,11.992810004812,
    33.496979277425));
#2750 = CARTESIAN_POINT('',(-1.234193828408,11.989860204926,
    33.496249412494));
#2751 = CARTESIAN_POINT('',(-1.357534021769,11.986238543186,
    33.495445846774));
#2752 = CARTESIAN_POINT('',(-1.60411038661,11.977546276607,
    33.493693485256));
#2753 = CARTESIAN_POINT('',(-1.727346936079,11.9724757407,
    33.492744734602));
#2754 = CARTESIAN_POINT('',(-1.850516699726,11.966628071531,
    33.491724484055));
#2755 = CARTESIAN_POINT('',(-1.973603469549,11.959955153323,
    33.490633752389));
#2756 = CARTESIAN_POINT('',(-2.096589982512,11.952413485175,
    33.489473507128));
#2757 = CARTESIAN_POINT('',(-2.219457920381,11.943964181049,
    33.488244664583));
#2758 = CARTESIAN_POINT('',(-2.342187909946,11.934572969788,
    33.486948089805));
#2759 = CARTESIAN_POINT('',(-2.464759522774,11.924210195096,
    33.485584596635));
#2760 = CARTESIAN_POINT('',(-2.587151275438,11.912850815557,
    33.484154947658));
#2761 = CARTESIAN_POINT('',(-2.70934062934,11.900474404618,
    33.48265985424));
#2762 = CARTESIAN_POINT('',(-2.831303990822,11.887065150602,
    33.481099976501));
#2763 = CARTESIAN_POINT('',(-3.196442151692,11.843705268897,
    33.476227816996));
#2764 = CARTESIAN_POINT('',(-3.438889222747,11.810619429048,
    33.472722964953));
#2765 = CARTESIAN_POINT('',(-3.680124576296,11.773267411678,
    33.468967027074));
#2766 = CARTESIAN_POINT('',(-3.919948613694,11.731634105843,
    33.464965053329));
#2767 = CARTESIAN_POINT('',(-4.1581949062,11.685766763628,
    33.460721497566));
#2768 = CARTESIAN_POINT('',(-4.394729615544,11.635765548551,
    33.456240231199));
#2769 = CARTESIAN_POINT('',(-4.629450914503,11.581774084125,
    33.451524557038));
#2770 = CARTESIAN_POINT('',(-4.86228840747,11.523970002207,
    33.446577222937));
#2771 = CARTESIAN_POINT('',(-5.093202551025,11.462555491582,
    33.441400435635));
#2772 = CARTESIAN_POINT('',(-5.322184074502,11.397747846332,
    33.435995874427));
#2773 = CARTESIAN_POINT('',(-5.549253400566,11.329770014367,
    33.43036470496));
#2774 = CARTESIAN_POINT('',(-6.224873396206,11.116983408842,
    33.412793368942));
#2775 = CARTESIAN_POINT('',(-6.667792249567,10.963306021787,
    33.400175158702));
#2776 = CARTESIAN_POINT('',(-7.103434932825,10.799746069514,
    33.386662666918));
#2777 = CARTESIAN_POINT('',(-7.532504067897,10.628102787035,
    33.3722517726));
#2778 = CARTESIAN_POINT('',(-7.956002062701,10.450036398138,
    33.356925098476));
#2779 = CARTESIAN_POINT('',(-8.375084693097,10.267074058921,
    33.340652408127));
#2780 = CARTESIAN_POINT('',(-8.790952795337,10.080622906284,
    33.323390831131));
#2781 = CARTESIAN_POINT('',(-9.204782069534,9.891990211388,
    33.305084915838));
#2782 = CARTESIAN_POINT('',(-9.617690993583,9.702410638056,
    33.285666510228));
#2783 = CARTESIAN_POINT('',(-10.03074684807,9.513080606151,33.2650544704
    ));
#2784 = CARTESIAN_POINT('',(-10.44500985173,9.325199759887,
    33.243154197066));
#2785 = CARTESIAN_POINT('',(-11.69482651993,8.769659103593,
    33.173262605255));
#2786 = CARTESIAN_POINT('',(-12.53774416413,8.409832936586,
    33.121051324249));
#2787 = CARTESIAN_POINT('',(-13.3949766231,8.072317366685,
    33.062610968674));
#2788 = CARTESIAN_POINT('',(-14.28858022699,7.758446284488,
    32.996087666439));
#2789 = CARTESIAN_POINT('',(-15.19516522714,7.502398608681,
    32.921514811586));
#2790 = CARTESIAN_POINT('',(-16.13779735992,7.278276907251,
    32.839129857364));
#2791 = CARTESIAN_POINT('',(-17.12969921995,7.141605827242,
    32.742606202114));
#2792 = CARTESIAN_POINT('',(-18.08765745199,7.055173467112,
    32.645813318716));
#2793 = CARTESIAN_POINT('',(-19.07545157107,7.013319496059,
    32.540712030789));
#2794 = CARTESIAN_POINT('',(-20.04917018853,7.000037890446,
    32.433173560994));
#2795 = CARTESIAN_POINT('',(-21.02530099836,7.,32.321601484301));
#2796 = CARTESIAN_POINT('',(-22.,7.,32.206596826));
#2797 = CARTESIAN_POINT('',(-8.881784197001E-15,12.,32.000000000001));
#2798 = CARTESIAN_POINT('',(-0.122442892297,12.,32.00000000003));
#2799 = CARTESIAN_POINT('',(-0.244885265385,11.999999996205,
    31.999912197236));
#2800 = CARTESIAN_POINT('',(-0.367327306991,11.999909916412,
    31.999736521604));
#2801 = CARTESIAN_POINT('',(-0.489772577748,11.999644001567,
    31.999473163303));
#2802 = CARTESIAN_POINT('',(-0.612211041165,11.99912098651,
    31.999121998698));
#2803 = CARTESIAN_POINT('',(-0.734649263214,11.998263769398,
    31.998683083663));
#2804 = CARTESIAN_POINT('',(-0.857092905268,11.996999337413,
    31.998156568503));
#2805 = CARTESIAN_POINT('',(-0.97952989417,11.995258864847,
    31.997542494791));
#2806 = CARTESIAN_POINT('',(-1.101946617619,11.992977768518,
    31.996840939146));
#2807 = CARTESIAN_POINT('',(-1.224342617896,11.990095710503,
    31.9960521931));
#2808 = CARTESIAN_POINT('',(-1.346698493921,11.986556687291,
    31.995176435095));
#2809 = CARTESIAN_POINT('',(-1.591314091159,11.978061201375,
    31.993251489334));
#2810 = CARTESIAN_POINT('',(-1.713576768807,11.973104645816,
    31.992202282742));
#2811 = CARTESIAN_POINT('',(-1.835775391921,11.967387596193,
    31.991066653171));
#2812 = CARTESIAN_POINT('',(-1.957893925614,11.96086271985,
    31.989844952417));
#2813 = CARTESIAN_POINT('',(-2.079915373266,11.95348716396,
    31.988537603581));
#2814 = CARTESIAN_POINT('',(-2.201821750003,11.945222554113,
    31.987145101212));
#2815 = CARTESIAN_POINT('',(-2.323594056018,11.936034993612,
    31.985668011502));
#2816 = CARTESIAN_POINT('',(-2.445212249908,11.925895063706,
    31.984106972551));
#2817 = CARTESIAN_POINT('',(-2.566655221887,11.914777824629,
    31.982462694679));
#2818 = CARTESIAN_POINT('',(-2.687900767033,11.902662817719,
    31.980735960809));
#2819 = CARTESIAN_POINT('',(-2.808925558504,11.889534068439,
    31.978927626902));
#2820 = CARTESIAN_POINT('',(-3.171331881507,11.847064208445,
    31.973259555706));
#2821 = CARTESIAN_POINT('',(-3.412018540863,11.814640270829,
    31.969157011123));
#2822 = CARTESIAN_POINT('',(-3.651533352191,11.778017971425,
    31.964739149203));
#2823 = CARTESIAN_POINT('',(-3.889677815492,11.737177349894,
    31.960014904544));
#2824 = CARTESIAN_POINT('',(-4.12628576543,11.692159683082,
    31.954993735873));
#2825 = CARTESIAN_POINT('',(-4.361222611357,11.643058383904,
    31.949685374819));
#2826 = CARTESIAN_POINT('',(-4.594384726493,11.590009892269,
    31.944099572601));
#2827 = CARTESIAN_POINT('',(-4.825698982448,11.533184542909,
    31.938245843893));
#2828 = CARTESIAN_POINT('',(-5.055122423907,11.472777395694,
    31.932133207201));
#2829 = CARTESIAN_POINT('',(-5.282642078287,11.408999015895,
    31.925769921135));
#2830 = CARTESIAN_POINT('',(-5.508274894383,11.342066193625,
    31.919163216098));
#2831 = CARTESIAN_POINT('',(-6.180117434654,11.132300582183,
    31.898616445963));
#2832 = CARTESIAN_POINT('',(-6.620768312248,10.980598315637,
    31.883961404262));
#2833 = CARTESIAN_POINT('',(-7.054178013449,10.818989775626,
    31.868412676486));
#2834 = CARTESIAN_POINT('',(-7.480995833499,10.649253225846,
    31.852005270969));
#2835 = CARTESIAN_POINT('',(-7.90217894863,10.473035052445,
    31.834753850735));
#2836 = CARTESIAN_POINT('',(-8.318845505875,10.29185129131,
    31.816655594342));
#2837 = CARTESIAN_POINT('',(-8.732165310992,10.107097032058,
    31.797692496316));
#2838 = CARTESIAN_POINT('',(-9.1432887954,9.920063775893,31.777833106518
    ));
#2839 = CARTESIAN_POINT('',(-9.553314908462,9.731964732674,
    31.757033703776));
#2840 = CARTESIAN_POINT('',(-9.963298518386,9.543967969504,
    31.735238896326));
#2841 = CARTESIAN_POINT('',(-10.37429783038,9.357237262931,
    31.712381639919));
#2842 = CARTESIAN_POINT('',(-11.61452428937,8.804139844118,
    31.640342118506));
#2843 = CARTESIAN_POINT('',(-12.44978311542,8.445292249342,
    31.587749052676));
#2844 = CARTESIAN_POINT('',(-13.2977885335,8.108040000842,
    31.530198262244));
#2845 = CARTESIAN_POINT('',(-14.17973355889,7.793186572643,
    31.466315008633));
#2846 = CARTESIAN_POINT('',(-15.07542542772,7.534292179855,
    31.395979421164));
#2847 = CARTESIAN_POINT('',(-16.00185410783,7.306053010031,
    31.319946274124));
#2848 = CARTESIAN_POINT('',(-16.98514681507,7.159622329897,
    31.231902435985));
#2849 = CARTESIAN_POINT('',(-17.93682859112,7.067141773437,
    31.141799923807));
#2850 = CARTESIAN_POINT('',(-18.91892961149,7.019183107774,
    31.042965487279));
#2851 = CARTESIAN_POINT('',(-19.88747874139,7.002075612633,
    30.939843880668));
#2852 = CARTESIAN_POINT('',(-20.85731956161,7.,30.831016482248));
#2853 = CARTESIAN_POINT('',(-21.82423435421,7.,30.716930273814));
#2854 = CARTESIAN_POINT('',(3.181031128291E-15,10.500000000171,32.));
#2855 = CARTESIAN_POINT('',(-0.122182278535,10.500000003801,
    32.000000014752));
#2856 = CARTESIAN_POINT('',(-0.24491309126,10.500001456791,
    31.999912904294));
#2857 = CARTESIAN_POINT('',(-0.365448802441,10.499901918784,
    31.999734174802));
#2858 = CARTESIAN_POINT('',(-0.482687757106,10.499641701481,
    31.999485517788));
#2859 = CARTESIAN_POINT('',(-0.602947089403,10.499115638713,
    31.999145510144));
#2860 = CARTESIAN_POINT('',(-0.722986585815,10.498254061139,
    31.998720654657));
#2861 = CARTESIAN_POINT('',(-0.838992273847,10.497005675893,
    31.998226502465));
#2862 = CARTESIAN_POINT('',(-0.95486574766,10.495300611847,
    31.997655515801));
#2863 = CARTESIAN_POINT('',(-1.073028047873,10.493071633831,
    31.997000098602));
#2864 = CARTESIAN_POINT('',(-1.187397567164,10.490282912953,
    31.996278444809));
#2865 = CARTESIAN_POINT('',(-1.3025758506,10.486876219707,
    31.995480130458));
#2866 = CARTESIAN_POINT('',(-1.531242548973,10.478746661702,
    31.993740483076));
#2867 = CARTESIAN_POINT('',(-1.644989398963,10.474022456568,
    31.992798589552));
#2868 = CARTESIAN_POINT('',(-1.758173780459,10.468596367915,
    31.991785688423));
#2869 = CARTESIAN_POINT('',(-1.870818407046,10.462429575473,
    31.990702793258));
#2870 = CARTESIAN_POINT('',(-1.982944674994,10.455486896092,
    31.989550868967));
#2871 = CARTESIAN_POINT('',(-2.094572663625,10.447736783744,
    31.988330831799));
#2872 = CARTESIAN_POINT('',(-2.205721134759,10.439151329511,
    31.987043549344));
#2873 = CARTESIAN_POINT('',(-2.316407533403,10.429706261605,
    31.985689840532));
#2874 = CARTESIAN_POINT('',(-2.426647987043,10.419380945348,
    31.984270475632));
#2875 = CARTESIAN_POINT('',(-2.536457306243,10.408158383185,
    31.982786176256));
#2876 = CARTESIAN_POINT('',(-2.645848984232,10.39602521468,
    31.981237615354));
#2877 = CARTESIAN_POINT('',(-2.972807622928,10.356864720184,
    31.976401020941));
#2878 = CARTESIAN_POINT('',(-3.189166166144,10.327071221393,
    31.972922126906));
#2879 = CARTESIAN_POINT('',(-3.403989587655,10.29350991981,
    31.969194331239));
#2880 = CARTESIAN_POINT('',(-3.617356454761,10.256147924711,
    31.965222706652));
#2881 = CARTESIAN_POINT('',(-3.829345565378,10.214995185208,
    31.961011791865));
#2882 = CARTESIAN_POINT('',(-4.040036372433,10.170098920495,
    31.956565581026));
#2883 = CARTESIAN_POINT('',(-4.249509407896,10.121538050073,
    31.951887513136));
#2884 = CARTESIAN_POINT('',(-4.457846707316,10.069417623999,
    31.946980461474));
#2885 = CARTESIAN_POINT('',(-4.665132233795,10.013863253112,
    31.941846723016));
#2886 = CARTESIAN_POINT('',(-4.871452302473,9.955015539277,
    31.936488007859));
#2887 = CARTESIAN_POINT('',(-5.076896004634,9.893024505616,
    31.930905428645));
#2888 = CARTESIAN_POINT('',(-5.690874886847,9.698083069007,
    31.913487612663));
#2889 = CARTESIAN_POINT('',(-6.097028956842,9.55616037243,
    31.900982802921));
#2890 = CARTESIAN_POINT('',(-6.500604984782,9.403636542175,
    31.887593949372));
#2891 = CARTESIAN_POINT('',(-6.902355804976,9.241887197142,
    31.873316906183));
#2892 = CARTESIAN_POINT('',(-7.303150553885,9.072271357492,
    31.858134664695));
#2893 = CARTESIAN_POINT('',(-7.703934095926,8.896111888751,
    31.842017479711));
#2894 = CARTESIAN_POINT('',(-8.105695264421,8.714688002488,
    31.824922950422));
#2895 = CARTESIAN_POINT('',(-8.509443917757,8.529239813586,
    31.806796055987));
#2896 = CARTESIAN_POINT('',(-8.916196810698,8.340984954084,
    31.787569145761));
#2897 = CARTESIAN_POINT('',(-9.326972280897,8.151147243604,
    31.767161884174));
#2898 = CARTESIAN_POINT('',(-9.742793750566,7.960997416359,
    31.745481150261));
#2899 = CARTESIAN_POINT('',(-11.00851862889,7.393722881513,
    31.676300374986));
#2900 = CARTESIAN_POINT('',(-11.87675160369,7.019634444103,
    31.624659337527));
#2901 = CARTESIAN_POINT('',(-12.77745096881,6.660951611993,
    31.566610503248));
#2902 = CARTESIAN_POINT('',(-13.71797461231,6.326053256807,
    31.501416132728));
#2903 = CARTESIAN_POINT('',(-14.7073383873,6.040554248826,
    31.426627134635));
#2904 = CARTESIAN_POINT('',(-15.71509519463,5.796903621521,
    31.346091739237));
#2905 = CARTESIAN_POINT('',(-16.8059292823,5.646037097748,
    31.249691017909));
#2906 = CARTESIAN_POINT('',(-17.82094164671,5.557472662378,
    31.153854873715));
#2907 = CARTESIAN_POINT('',(-18.86241575706,5.513180739753,
    31.049289785617));
#2908 = CARTESIAN_POINT('',(-19.8657926444,5.500092563528,
    30.942363133874));
#2909 = CARTESIAN_POINT('',(-20.8542544901,5.500000514816,
    30.831376770502));
#2910 = CARTESIAN_POINT('',(-21.82397944364,5.500000022315,
    30.716960350337));
#2911 = DEFINITIONAL_REPRESENTATION('',(#2912),#2915);
#2912 = B_SPLINE_CURVE_WITH_KNOTS('',1,(#2913,#2914),.UNSPECIFIED.,.F.,
  .F.,(2,2),(0.,22.703480900615),.PIECEWISE_BEZIER_KNOTS.);
#2913 = CARTESIAN_POINT('',(0.,55.615679958988));
#2914 = CARTESIAN_POINT('',(22.689793911995,55.615679958988));
#2915 = ( GEOMETRIC_REPRESENTATION_CONTEXT(2) 
PARAMETRIC_REPRESENTATION_CONTEXT() REPRESENTATION_CONTEXT('2D SPACE',''
  ) );
#2916 = ORIENTED_EDGE('',*,*,#2917,.F.);
#2917 = EDGE_CURVE('',#2422,#2725,#2918,.T.);
#2918 = SURFACE_CURVE('',#2919,(#2958,#2965),.PCURVE_S1.);
#2919 = ( BOUNDED_CURVE() B_SPLINE_CURVE(13,(#2920,#2921,#2922,#2923,
    #2924,#2925,#2926,#2927,#2928,#2929,#2930,#2931,#2932,#2933,#2934,
    #2935,#2936,#2937,#2938,#2939,#2940,#2941,#2942,#2943,#2944,#2945,
    #2946,#2947,#2948,#2949,#2950,#2951,#2952,#2953,#2954,#2955,#2956,
#2957),.UNSPECIFIED.,.F.,.F.) B_SPLINE_CURVE_WITH_KNOTS((14,12,12,14),(
    32.912199058373,44.263939508681,49.939809733835,55.615679958988),
.UNSPECIFIED.) CURVE() GEOMETRIC_REPRESENTATION_ITEM() 
RATIONAL_B_SPLINE_CURVE((1.,1.,1.,0.999999999999,1.000000000002,
    0.999999999997,1.000000000004,0.999999999996,1.000000000003,
    0.999999999998,1.000000000001,0.999999999999,1.,1.,1.000000000001,
    0.999999999996,1.000000000007,0.99999999999,1.000000000012,
    0.999999999989,1.000000000008,0.999999999995,1.000000000002,
    0.999999999999,1.,1.,1.,0.999999999999,1.000000000002,0.999999999998
    ,1.000000000003,0.999999999997,1.000000000002,0.999999999999,
1.000000000001,1.,1.,1.)) REPRESENTATION_ITEM('') );
#2920 = CARTESIAN_POINT('',(22.,7.,32.206596826));
#2921 = CARTESIAN_POINT('',(21.100828942883,7.,32.312689948571));
#2922 = CARTESIAN_POINT('',(20.201092900038,6.99985081843,32.41582729369
    ));
#2923 = CARTESIAN_POINT('',(19.297300795642,7.011439688142,
    32.516098225573));
#2924 = CARTESIAN_POINT('',(18.411124275455,7.038225436095,
    32.611696245574));
#2925 = CARTESIAN_POINT('',(17.458752052328,7.116384229572,
    32.708991701547));
#2926 = CARTESIAN_POINT('',(16.656667702388,7.20355328387,
    32.788903497821));
#2927 = CARTESIAN_POINT('',(15.648683036199,7.392777079517,
    32.882111045517));
#2928 = CARTESIAN_POINT('',(14.889217177691,7.591020125259,
    32.946394776095));
#2929 = CARTESIAN_POINT('',(13.995296967632,7.859551306739,
    33.018164329241));
#2930 = CARTESIAN_POINT('',(13.206755945671,8.147369913344,
    33.075308813877));
#2931 = CARTESIAN_POINT('',(12.410282372946,8.464158324978,
    33.128957091667));
#2932 = CARTESIAN_POINT('',(11.633846697235,8.796810187065,
    33.176657106686));
#2933 = CARTESIAN_POINT('',(10.480024447094,9.309613140501,33.2412038183
    ));
#2934 = CARTESIAN_POINT('',(10.097384258554,9.48285017193,
    33.261537642724));
#2935 = CARTESIAN_POINT('',(9.715875836014,9.657405735455,
    33.280771362596));
#2936 = CARTESIAN_POINT('',(9.334689554781,9.83234839507,33.29897855444)
  );
#2937 = CARTESIAN_POINT('',(8.952997850591,10.006763179161,
    33.316224416648));
#2938 = CARTESIAN_POINT('',(8.569931980554,10.17972006813,
    33.332565489707));
#2939 = CARTESIAN_POINT('',(8.184579321274,10.350247250685,
    33.348049409529));
#2940 = CARTESIAN_POINT('',(7.796001205601,10.517309148812,
    33.362714694207));
#2941 = CARTESIAN_POINT('',(7.403271295884,10.679789211521,
    33.376590563804));
#2942 = CARTESIAN_POINT('',(7.005534496322,10.83647747716,33.38969679358
    ));
#2943 = CARTESIAN_POINT('',(6.602086401765,10.986062904578,33.4020436003
    ));
#2944 = CARTESIAN_POINT('',(6.192473285224,11.127130472847,
    33.413631561892));
#2945 = CARTESIAN_POINT('',(5.360751959739,11.389195626715,
    33.435271578674));
#2946 = CARTESIAN_POINT('',(4.938474643484,11.510257221071,
    33.445327366242));
#2947 = CARTESIAN_POINT('',(4.510742069588,11.619790050057,
    33.454597130705));
#2948 = CARTESIAN_POINT('',(4.071851972643,11.717281814848,
    33.463158669684));
#2949 = CARTESIAN_POINT('',(3.639060254845,11.798847962369,
    33.470725617849));
#2950 = CARTESIAN_POINT('',(3.178419957382,11.869563331896,
    33.477865999168));
#2951 = CARTESIAN_POINT('',(2.738400767667,11.919556738224,
    33.483672524718));
#2952 = CARTESIAN_POINT('',(2.278132449752,11.959139547265,
    33.489003834541));
#2953 = CARTESIAN_POINT('',(1.823901564223,11.982356103391,
    33.493191424063));
#2954 = CARTESIAN_POINT('',(1.368270611993,11.995500547053,
    33.496512025877));
#2955 = CARTESIAN_POINT('',(0.911993323645,11.999994194451,
    33.498799957125));
#2956 = CARTESIAN_POINT('',(0.456012790102,12.,33.500000000151));
#2957 = CARTESIAN_POINT('',(0.,12.,33.499999999998));
#2958 = PCURVE('',#2466,#2959);
#2959 = DEFINITIONAL_REPRESENTATION('',(#2960),#2964);
#2960 = LINE('',#2961,#2962);
#2961 = CARTESIAN_POINT('',(0.,0.));
#2962 = VECTOR('',#2963,1.);
#2963 = DIRECTION('',(0.,1.));
#2964 = ( GEOMETRIC_REPRESENTATION_CONTEXT(2) 
PARAMETRIC_REPRESENTATION_CONTEXT() REPRESENTATION_CONTEXT('2D SPACE',''
  ) );
#2965 = PCURVE('',#2966,#2976);
#2966 = SURFACE_OF_LINEAR_EXTRUSION('',#2967,#2974);
#2967 = B_SPLINE_CURVE_WITH_KNOTS('',5,(#2968,#2969,#2970,#2971,#2972,
    #2973),.UNSPECIFIED.,.F.,.F.,(6,6),(0.,1.),
  .PIECEWISE_BEZIER_KNOTS.);
#2968 = CARTESIAN_POINT('',(22.,7.,0.));
#2969 = CARTESIAN_POINT('',(16.,7.,0.));
#2970 = CARTESIAN_POINT('',(12.,7.,0.));
#2971 = CARTESIAN_POINT('',(8.,12.,0.));
#2972 = CARTESIAN_POINT('',(4.,12.,0.));
#2973 = CARTESIAN_POINT('',(0.,12.,0.));
#2974 = VECTOR('',#2975,1.);
#2975 = DIRECTION('',(-0.,-0.,-1.));
#2976 = DEFINITIONAL_REPRESENTATION('',(#2977),#3025);
#2977 = B_SPLINE_CURVE_WITH_KNOTS('',10,(#2978,#2979,#2980,#2981,#2982,
    #2983,#2984,#2985,#2986,#2987,#2988,#2989,#2990,#2991,#2992,#2993,
    #2994,#2995,#2996,#2997,#2998,#2999,#3000,#3001,#3002,#3003,#3004,
    #3005,#3006,#3007,#3008,#3009,#3010,#3011,#3012,#3013,#3014,#3015,
    #3016,#3017,#3018,#3019,#3020,#3021,#3022,#3023,#3024),
  .UNSPECIFIED.,.F.,.F.,(11,9,9,9,9,11),(32.912199058373,38.588069283527
    ,44.263939508681,49.939809733835,52.777744846411,55.615679958988),
  .UNSPECIFIED.);
#2978 = CARTESIAN_POINT('',(4.542614508165E-16,-32.206596826));
#2979 = CARTESIAN_POINT('',(1.948203957089E-02,-32.27555735566));
#2980 = CARTESIAN_POINT('',(3.953517453824E-02,-32.34324513814));
#2981 = CARTESIAN_POINT('',(6.020227475354E-02,-32.40962409964));
#2982 = CARTESIAN_POINT('',(8.138726169465E-02,-32.47455505086));
#2983 = CARTESIAN_POINT('',(0.10334132426,-32.53825492356));
#2984 = CARTESIAN_POINT('',(0.12574296579,-32.60007578942));
#2985 = CARTESIAN_POINT('',(0.148742219643,-32.66004424336));
#2986 = CARTESIAN_POINT('',(0.172171058791,-32.71772022685));
#2987 = CARTESIAN_POINT('',(0.195944247625,-32.77283455996));
#2988 = CARTESIAN_POINT('',(0.243941184336,-32.87748684106));
#2989 = CARTESIAN_POINT('',(0.26816682124,-32.92702826307));
#2990 = CARTESIAN_POINT('',(0.292497316957,-32.97354539855));
#2991 = CARTESIAN_POINT('',(0.316866083795,-33.01700701727));
#2992 = CARTESIAN_POINT('',(0.341073457725,-33.05717991555));
#2993 = CARTESIAN_POINT('',(0.365368336957,-33.094868759));
#2994 = CARTESIAN_POINT('',(0.389325003535,-33.12934572401));
#2995 = CARTESIAN_POINT('',(0.413365026949,-33.16172196254));
#2996 = CARTESIAN_POINT('',(0.437315401903,-33.19171793875));
#2997 = CARTESIAN_POINT('',(0.485294295109,-33.24765855677));
#2998 = CARTESIAN_POINT('',(0.509311850666,-33.27358042713));
#2999 = CARTESIAN_POINT('',(0.533422008378,-33.29764845965));
#3000 = CARTESIAN_POINT('',(0.557691025617,-33.32002984531));
#3001 = CARTESIAN_POINT('',(0.582196936101,-33.34086269368));
#3002 = CARTESIAN_POINT('',(0.607031337008,-33.36025467158));
#3003 = CARTESIAN_POINT('',(0.632292951018,-33.37828195238));
#3004 = CARTESIAN_POINT('',(0.658072963298,-33.39498847567));
#3005 = CARTESIAN_POINT('',(0.684432133409,-33.41038551735));
#3006 = CARTESIAN_POINT('',(0.724838456526,-33.43148459674));
#3007 = CARTESIAN_POINT('',(0.738452795335,-33.43818562236));
#3008 = CARTESIAN_POINT('',(0.752214447791,-33.44455362209));
#3009 = CARTESIAN_POINT('',(0.766124803922,-33.45058611578));
#3010 = CARTESIAN_POINT('',(0.780179114479,-33.45627958088));
#3011 = CARTESIAN_POINT('',(0.794372105833,-33.46162996613));
#3012 = CARTESIAN_POINT('',(0.808697755563,-33.46663192857));
#3013 = CARTESIAN_POINT('',(0.82314091361,-33.47127726065));
#3014 = CARTESIAN_POINT('',(0.837673372962,-33.47555481758));
#3015 = CARTESIAN_POINT('',(0.866890452999,-33.48335738036));
#3016 = CARTESIAN_POINT('',(0.881573478102,-33.48688197397));
#3017 = CARTESIAN_POINT('',(0.896315680874,-33.4900208594));
#3018 = CARTESIAN_POINT('',(0.911097861974,-33.49276276375));
#3019 = CARTESIAN_POINT('',(0.925902881853,-33.49509517057));
#3020 = CARTESIAN_POINT('',(0.940718520655,-33.49700402165));
#3021 = CARTESIAN_POINT('',(0.955537950496,-33.49847259349));
#3022 = CARTESIAN_POINT('',(0.970358524256,-33.4994800281));
#3023 = CARTESIAN_POINT('',(0.985179585086,-33.50000000009));
#3024 = CARTESIAN_POINT('',(1.000000000764,-33.49999999999));
#3025 = ( GEOMETRIC_REPRESENTATION_CONTEXT(2) 
PARAMETRIC_REPRESENTATION_CONTEXT() REPRESENTATION_CONTEXT('2D SPACE',''
  ) );
#3026 = ADVANCED_FACE('',(#3027),#2739,.T.);
#3027 = FACE_BOUND('',#3028,.T.);
#3028 = EDGE_LOOP('',(#3029,#3030,#3169,#3194));
#3029 = ORIENTED_EDGE('',*,*,#2724,.T.);
#3030 = ORIENTED_EDGE('',*,*,#3031,.T.);
#3031 = EDGE_CURVE('',#2618,#3032,#3034,.T.);
#3032 = VERTEX_POINT('',#3033);
#3033 = CARTESIAN_POINT('',(-21.82397944364,5.500000022315,
    30.716960350337));
#3034 = SURFACE_CURVE('',#3035,(#3093,#3100),.PCURVE_S1.);
#3035 = ( BOUNDED_CURVE() B_SPLINE_CURVE(12,(#3036,#3037,#3038,#3039,
    #3040,#3041,#3042,#3043,#3044,#3045,#3046,#3047,#3048,#3049,#3050,
    #3051,#3052,#3053,#3054,#3055,#3056,#3057,#3058,#3059,#3060,#3061,
    #3062,#3063,#3064,#3065,#3066,#3067,#3068,#3069,#3070,#3071,#3072,
    #3073,#3074,#3075,#3076,#3077,#3078,#3079,#3080,#3081,#3082,#3083,
    #3084,#3085,#3086,#3087,#3088,#3089,#3090,#3091,#3092),
.UNSPECIFIED.,.F.,.F.) B_SPLINE_CURVE_WITH_KNOTS((13,11,11,11,11,13),(
    55.615679958988,57.033792078488,58.451904197988,61.288128436987,
66.960576914986,78.305473870983),.UNSPECIFIED.) CURVE() 
GEOMETRIC_REPRESENTATION_ITEM() RATIONAL_B_SPLINE_CURVE((1.,1.,1.,
    1.000000000001,0.999999999998,1.000000000003,0.999999999997,
    1.000000000003,0.999999999998,1.000000000001,1.,1.,1.,0.999999999999
    ,1.000000000002,0.999999999997,1.000000000004,0.999999999996,
    1.000000000004,0.999999999998,1.000000000001,1.,1.,1.,1.,
    1.000000000001,0.999999999999,1.000000000001,0.999999999998,
    1.000000000001,0.999999999999,1.,1.,1.,1.,1.,1.,1.000000000001,
    0.999999999999,1.000000000001,0.999999999999,1.000000000001,1.,1.,1.
    ,1.,1.,1.,0.999999999999,1.000000000001,0.999999999999,
1.000000000001,1.,1.,1.,1.,1.)) REPRESENTATION_ITEM('') );
#3036 = CARTESIAN_POINT('',(3.181031128291E-15,10.500000000171,32.));
#3037 = CARTESIAN_POINT('',(-0.122182278535,10.500000003801,
    32.000000014752));
#3038 = CARTESIAN_POINT('',(-0.24491309126,10.500001456791,
    31.999912904294));
#3039 = CARTESIAN_POINT('',(-0.365448802441,10.499901918784,
    31.999734174802));
#3040 = CARTESIAN_POINT('',(-0.482687757106,10.499641701481,
    31.999485517788));
#3041 = CARTESIAN_POINT('',(-0.602947089403,10.499115638713,
    31.999145510144));
#3042 = CARTESIAN_POINT('',(-0.722986585815,10.498254061139,
    31.998720654657));
#3043 = CARTESIAN_POINT('',(-0.838992273847,10.497005675893,
    31.998226502465));
#3044 = CARTESIAN_POINT('',(-0.95486574766,10.495300611847,
    31.997655515801));
#3045 = CARTESIAN_POINT('',(-1.073028047873,10.493071633831,
    31.997000098602));
#3046 = CARTESIAN_POINT('',(-1.187397567164,10.490282912953,
    31.996278444809));
#3047 = CARTESIAN_POINT('',(-1.3025758506,10.486876219707,
    31.995480130458));
#3048 = CARTESIAN_POINT('',(-1.531242548973,10.478746661702,
    31.993740483076));
#3049 = CARTESIAN_POINT('',(-1.644989398963,10.474022456568,
    31.992798589552));
#3050 = CARTESIAN_POINT('',(-1.758173780459,10.468596367915,
    31.991785688423));
#3051 = CARTESIAN_POINT('',(-1.870818407046,10.462429575473,
    31.990702793258));
#3052 = CARTESIAN_POINT('',(-1.982944674994,10.455486896092,
    31.989550868967));
#3053 = CARTESIAN_POINT('',(-2.094572663625,10.447736783744,
    31.988330831799));
#3054 = CARTESIAN_POINT('',(-2.205721134759,10.439151329511,
    31.987043549344));
#3055 = CARTESIAN_POINT('',(-2.316407533403,10.429706261605,
    31.985689840532));
#3056 = CARTESIAN_POINT('',(-2.426647987043,10.419380945348,
    31.984270475632));
#3057 = CARTESIAN_POINT('',(-2.536457306243,10.408158383185,
    31.982786176256));
#3058 = CARTESIAN_POINT('',(-2.645848984232,10.39602521468,
    31.981237615354));
#3059 = CARTESIAN_POINT('',(-2.972807622928,10.356864720184,
    31.976401020941));
#3060 = CARTESIAN_POINT('',(-3.189166166144,10.327071221393,
    31.972922126906));
#3061 = CARTESIAN_POINT('',(-3.403989587655,10.29350991981,
    31.969194331239));
#3062 = CARTESIAN_POINT('',(-3.617356454761,10.256147924711,
    31.965222706652));
#3063 = CARTESIAN_POINT('',(-3.829345565378,10.214995185208,
    31.961011791865));
#3064 = CARTESIAN_POINT('',(-4.040036372433,10.170098920495,
    31.956565581026));
#3065 = CARTESIAN_POINT('',(-4.249509407896,10.121538050073,
    31.951887513136));
#3066 = CARTESIAN_POINT('',(-4.457846707316,10.069417623999,
    31.946980461474));
#3067 = CARTESIAN_POINT('',(-4.665132233795,10.013863253112,
    31.941846723016));
#3068 = CARTESIAN_POINT('',(-4.871452302473,9.955015539277,
    31.936488007859));
#3069 = CARTESIAN_POINT('',(-5.076896004634,9.893024505616,
    31.930905428645));
#3070 = CARTESIAN_POINT('',(-5.690874886847,9.698083069007,
    31.913487612663));
#3071 = CARTESIAN_POINT('',(-6.097028956842,9.55616037243,
    31.900982802921));
#3072 = CARTESIAN_POINT('',(-6.500604984782,9.403636542175,
    31.887593949372));
#3073 = CARTESIAN_POINT('',(-6.902355804976,9.241887197142,
    31.873316906183));
#3074 = CARTESIAN_POINT('',(-7.303150553885,9.072271357492,
    31.858134664695));
#3075 = CARTESIAN_POINT('',(-7.703934095926,8.896111888751,
    31.842017479711));
#3076 = CARTESIAN_POINT('',(-8.105695264421,8.714688002488,
    31.824922950422));
#3077 = CARTESIAN_POINT('',(-8.509443917757,8.529239813586,
    31.806796055987));
#3078 = CARTESIAN_POINT('',(-8.916196810698,8.340984954084,
    31.787569145761));
#3079 = CARTESIAN_POINT('',(-9.326972280897,8.151147243604,
    31.767161884174));
#3080 = CARTESIAN_POINT('',(-9.742793750566,7.960997416359,
    31.745481150261));
#3081 = CARTESIAN_POINT('',(-11.00851862889,7.393722881513,
    31.676300374986));
#3082 = CARTESIAN_POINT('',(-11.87675160369,7.019634444103,
    31.624659337527));
#3083 = CARTESIAN_POINT('',(-12.77745096881,6.660951611993,
    31.566610503248));
#3084 = CARTESIAN_POINT('',(-13.71797461231,6.326053256807,
    31.501416132728));
#3085 = CARTESIAN_POINT('',(-14.7073383873,6.040554248826,
    31.426627134635));
#3086 = CARTESIAN_POINT('',(-15.71509519463,5.796903621521,
    31.346091739237));
#3087 = CARTESIAN_POINT('',(-16.8059292823,5.646037097748,
    31.249691017909));
#3088 = CARTESIAN_POINT('',(-17.82094164671,5.557472662378,
    31.153854873715));
#3089 = CARTESIAN_POINT('',(-18.86241575706,5.513180739753,
    31.049289785617));
#3090 = CARTESIAN_POINT('',(-19.8657926444,5.500092563528,
    30.942363133874));
#3091 = CARTESIAN_POINT('',(-20.8542544901,5.500000514816,
    30.831376770502));
#3092 = CARTESIAN_POINT('',(-21.82397944364,5.500000022315,
    30.716960350337));
#3093 = PCURVE('',#2739,#3094);
#3094 = DEFINITIONAL_REPRESENTATION('',(#3095),#3099);
#3095 = LINE('',#3096,#3097);
#3096 = CARTESIAN_POINT('',(22.689793911995,0.));
#3097 = VECTOR('',#3098,1.);
#3098 = DIRECTION('',(0.,1.));
#3099 = ( GEOMETRIC_REPRESENTATION_CONTEXT(2) 
PARAMETRIC_REPRESENTATION_CONTEXT() REPRESENTATION_CONTEXT('2D SPACE',''
  ) );
#3100 = PCURVE('',#62,#3101);
#3101 = DEFINITIONAL_REPRESENTATION('',(#3102),#3168);
#3102 = B_SPLINE_CURVE_WITH_KNOTS('',10,(#3103,#3104,#3105,#3106,#3107,
    #3108,#3109,#3110,#3111,#3112,#3113,#3114,#3115,#3116,#3117,#3118,
    #3119,#3120,#3121,#3122,#3123,#3124,#3125,#3126,#3127,#3128,#3129,
    #3130,#3131,#3132,#3133,#3134,#3135,#3136,#3137,#3138,#3139,#3140,
    #3141,#3142,#3143,#3144,#3145,#3146,#3147,#3148,#3149,#3150,#3151,
    #3152,#3153,#3154,#3155,#3156,#3157,#3158,#3159,#3160,#3161,#3162,
    #3163,#3164,#3165,#3166,#3167),.UNSPECIFIED.,.F.,.F.,(11,9,9,9,9,9,9
    ,11),(55.615679958988,56.324736018738,57.033792078488,
    58.451904197988,61.288128436987,66.960576914986,72.633025392984,
    78.305473870983),.UNSPECIFIED.);
#3103 = CARTESIAN_POINT('',(0.294156590049,-15.50000000017));
#3104 = CARTESIAN_POINT('',(0.29455019739,-15.50000000235));
#3105 = CARTESIAN_POINT('',(0.29494492381,-15.50000053196));
#3106 = CARTESIAN_POINT('',(0.295337360728,-15.49997815388));
#3107 = CARTESIAN_POINT('',(0.295725529283,-15.49991557674));
#3108 = CARTESIAN_POINT('',(0.296111344812,-15.49979337696));
#3109 = CARTESIAN_POINT('',(0.296496394713,-15.49959253943));
#3110 = CARTESIAN_POINT('',(0.296880613636,-15.49929565182));
#3111 = CARTESIAN_POINT('',(0.297263594833,-15.49888617341));
#3112 = CARTESIAN_POINT('',(0.297645133682,-15.49834867888));
#3113 = CARTESIAN_POINT('',(0.298405184023,-15.49698802558));
#3114 = CARTESIAN_POINT('',(0.298783700667,-15.49616486885));
#3115 = CARTESIAN_POINT('',(0.299160631235,-15.49518411294));
#3116 = CARTESIAN_POINT('',(0.299536176441,-15.49403165139));
#3117 = CARTESIAN_POINT('',(0.299910571948,-15.49269411381));
#3118 = CARTESIAN_POINT('',(0.300284258819,-15.49115854893));
#3119 = CARTESIAN_POINT('',(0.300656388855,-15.48941334841));
#3120 = CARTESIAN_POINT('',(0.301026024747,-15.48744787558));
#3121 = CARTESIAN_POINT('',(0.301396017578,-15.48525030748));
#3122 = CARTESIAN_POINT('',(0.302501016075,-15.47793370563));
#3123 = CARTESIAN_POINT('',(0.303233067705,-15.47208881267));
#3124 = CARTESIAN_POINT('',(0.303960742293,-15.46519892277));
#3125 = CARTESIAN_POINT('',(0.304684260153,-15.45719477061));
#3126 = CARTESIAN_POINT('',(0.305403824916,-15.44801566409));
#3127 = CARTESIAN_POINT('',(0.306119623529,-15.43760948427));
#3128 = CARTESIAN_POINT('',(0.306831826261,-15.42593268549));
#3129 = CARTESIAN_POINT('',(0.307540586697,-15.41295029525));
#3130 = CARTESIAN_POINT('',(0.308246041739,-15.39863591428));
#3131 = CARTESIAN_POINT('',(0.310352851355,-15.35164332098));
#3132 = CARTESIAN_POINT('',(0.311744713264,-15.31490805509));
#3133 = CARTESIAN_POINT('',(0.313124675554,-15.27261686829));
#3134 = CARTESIAN_POINT('',(0.314493513829,-15.22473481837));
#3135 = CARTESIAN_POINT('',(0.315852008281,-15.17132356646));
#3136 = CARTESIAN_POINT('',(0.317200950889,-15.11252387211));
#3137 = CARTESIAN_POINT('',(0.318541152623,-15.0485380883));
#3138 = CARTESIAN_POINT('',(0.319873450645,-14.97961265645));
#3139 = CARTESIAN_POINT('',(0.32119871551,-14.90602060145));
#3140 = CARTESIAN_POINT('',(0.325156144089,-14.67209087732));
#3141 = CARTESIAN_POINT('',(0.327769714268,-14.49859384431));
#3142 = CARTESIAN_POINT('',(0.330364369137,-14.31004737096));
#3143 = CARTESIAN_POINT('',(0.332948007751,-14.10898128894));
#3144 = CARTESIAN_POINT('',(0.33552979613,-13.89786146624));
#3145 = CARTESIAN_POINT('',(0.338119543726,-13.67904350278));
#3146 = CARTESIAN_POINT('',(0.340727288278,-13.45477947518));
#3147 = CARTESIAN_POINT('',(0.343363088991,-13.22727772906));
#3148 = CARTESIAN_POINT('',(0.3460370281,-12.99881572039));
#3149 = CARTESIAN_POINT('',(0.351481813437,-12.54499608908));
#3150 = CARTESIAN_POINT('',(0.354252848847,-12.31959458924));
#3151 = CARTESIAN_POINT('',(0.357082084136,-12.09823975053));
#3152 = CARTESIAN_POINT('',(0.359980541586,-11.8832880732));
#3153 = CARTESIAN_POINT('',(0.36295448488,-11.67799463918));
#3154 = CARTESIAN_POINT('',(0.366007178884,-11.48551101704));
#3155 = CARTESIAN_POINT('',(0.369138107878,-11.30904210348));
#3156 = CARTESIAN_POINT('',(0.372339419803,-11.15178750707));
#3157 = CARTESIAN_POINT('',(0.375594766976,-11.01536408753));
#3158 = CARTESIAN_POINT('',(0.382177686757,-10.78496418811));
#3159 = CARTESIAN_POINT('',(0.385505211794,-10.69098192138));
#3160 = CARTESIAN_POINT('',(0.388850812736,-10.61857508175));
#3161 = CARTESIAN_POINT('',(0.392193216061,-10.56668792183));
#3162 = CARTESIAN_POINT('',(0.395515597216,-10.53276335803));
#3163 = CARTESIAN_POINT('',(0.398802556623,-10.51282440597));
#3164 = CARTESIAN_POINT('',(0.402062481179,-10.50305554704));
#3165 = CARTESIAN_POINT('',(0.405275195152,-10.50003472066));
#3166 = CARTESIAN_POINT('',(0.408456634117,-10.50000031781));
#3167 = CARTESIAN_POINT('',(0.411602249804,-10.50000002231));
#3168 = ( GEOMETRIC_REPRESENTATION_CONTEXT(2) 
PARAMETRIC_REPRESENTATION_CONTEXT() REPRESENTATION_CONTEXT('2D SPACE',''
  ) );
#3169 = ORIENTED_EDGE('',*,*,#3170,.F.);
#3170 = EDGE_CURVE('',#3171,#3032,#3173,.T.);
#3171 = VERTEX_POINT('',#3172);
#3172 = CARTESIAN_POINT('',(-22.,7.,32.206596826));
#3173 = SURFACE_CURVE('',#3174,(#3178,#3184),.PCURVE_S1.);
#3174 = ( BOUNDED_CURVE() B_SPLINE_CURVE(2,(#3175,#3176,#3177),
.UNSPECIFIED.,.F.,.F.) B_SPLINE_CURVE_WITH_KNOTS((3,3),(0.,
22.689793911995),.PIECEWISE_BEZIER_KNOTS.) CURVE() 
GEOMETRIC_REPRESENTATION_ITEM() RATIONAL_B_SPLINE_CURVE((1.,
0.70710678127,1.)) REPRESENTATION_ITEM('') );
#3175 = CARTESIAN_POINT('',(-22.,7.,32.206596826));
#3176 = CARTESIAN_POINT('',(-21.82423435421,7.,30.716930273814));
#3177 = CARTESIAN_POINT('',(-21.82397944364,5.500000022315,
    30.716960350337));
#3178 = PCURVE('',#2739,#3179);
#3179 = DEFINITIONAL_REPRESENTATION('',(#3180),#3183);
#3180 = B_SPLINE_CURVE_WITH_KNOTS('',1,(#3181,#3182),.UNSPECIFIED.,.F.,
  .F.,(2,2),(0.,22.689793911995),.PIECEWISE_BEZIER_KNOTS.);
#3181 = CARTESIAN_POINT('',(0.,78.305473870983));
#3182 = CARTESIAN_POINT('',(22.689793911995,78.305473870983));
#3183 = ( GEOMETRIC_REPRESENTATION_CONTEXT(2) 
PARAMETRIC_REPRESENTATION_CONTEXT() REPRESENTATION_CONTEXT('2D SPACE',''
  ) );
#3184 = PCURVE('',#862,#3185);
#3185 = DEFINITIONAL_REPRESENTATION('',(#3186),#3193);
#3186 = B_SPLINE_CURVE_WITH_KNOTS('',5,(#3187,#3188,#3189,#3190,#3191,
    #3192),.UNSPECIFIED.,.F.,.F.,(6,6),(0.,22.689793911995),
  .PIECEWISE_BEZIER_KNOTS.);
#3187 = CARTESIAN_POINT('',(9.503078554154E-04,1.570796326795));
#3188 = CARTESIAN_POINT('',(9.503078554154E-04,1.853639039236));
#3189 = CARTESIAN_POINT('',(9.503078554154E-04,2.17740835108));
#3190 = CARTESIAN_POINT('',(9.503078554154E-04,2.534980645271));
#3191 = CARTESIAN_POINT('',(9.503078554154E-04,2.858749941149));
#3192 = CARTESIAN_POINT('',(9.503078554154E-04,3.14159265359));
#3193 = ( GEOMETRIC_REPRESENTATION_CONTEXT(2) 
PARAMETRIC_REPRESENTATION_CONTEXT() REPRESENTATION_CONTEXT('2D SPACE',''
  ) );
#3194 = ORIENTED_EDGE('',*,*,#3195,.F.);
#3195 = EDGE_CURVE('',#2725,#3171,#3196,.T.);
#3196 = SURFACE_CURVE('',#3197,(#3255,#3262),.PCURVE_S1.);
#3197 = ( BOUNDED_CURVE() B_SPLINE_CURVE(12,(#3198,#3199,#3200,#3201,
    #3202,#3203,#3204,#3205,#3206,#3207,#3208,#3209,#3210,#3211,#3212,
    #3213,#3214,#3215,#3216,#3217,#3218,#3219,#3220,#3221,#3222,#3223,
    #3224,#3225,#3226,#3227,#3228,#3229,#3230,#3231,#3232,#3233,#3234,
    #3235,#3236,#3237,#3238,#3239,#3240,#3241,#3242,#3243,#3244,#3245,
    #3246,#3247,#3248,#3249,#3250,#3251,#3252,#3253,#3254),
.UNSPECIFIED.,.F.,.F.) B_SPLINE_CURVE_WITH_KNOTS((13,11,11,11,11,13),(
    55.615679958988,57.033792078488,58.451904197988,61.288128436987,
66.960576914986,78.305473870983),.UNSPECIFIED.) CURVE() 
GEOMETRIC_REPRESENTATION_ITEM() RATIONAL_B_SPLINE_CURVE((1.,1.,1.,
    1.000000000001,0.999999999998,1.000000000003,0.999999999997,
    1.000000000003,0.999999999998,1.000000000001,1.,1.,1.,0.999999999999
    ,1.000000000002,0.999999999997,1.000000000004,0.999999999996,
    1.000000000004,0.999999999998,1.000000000001,1.,1.,1.,1.,
    1.000000000001,0.999999999999,1.000000000001,0.999999999998,
    1.000000000001,0.999999999999,1.,1.,1.,1.,1.,1.,1.000000000001,
    0.999999999999,1.000000000001,0.999999999999,1.000000000001,1.,1.,1.
    ,1.,1.,1.,0.999999999999,1.000000000001,0.999999999999,
1.000000000001,1.,1.,1.,1.,1.)) REPRESENTATION_ITEM('') );
#3198 = CARTESIAN_POINT('',(0.,12.,33.499999999998));
#3199 = CARTESIAN_POINT('',(-0.123429028279,12.,33.499999999957));
#3200 = CARTESIAN_POINT('',(-0.24685748894,11.999999996099,
    33.499911466972));
#3201 = CARTESIAN_POINT('',(-0.370285427602,11.999907704434,
    33.499736703946));
#3202 = CARTESIAN_POINT('',(-0.493716083496,11.999635297277,
    33.499477524655));
#3203 = CARTESIAN_POINT('',(-0.617139499758,11.999099592792,
    33.499136077812));
#3204 = CARTESIAN_POINT('',(-0.740562491691,11.998221707001,
    33.498714058703));
#3205 = CARTESIAN_POINT('',(-0.863990823492,11.996926977507,
    33.49821289826));
#3206 = CARTESIAN_POINT('',(-0.987412323092,11.995145064899,
    33.497634146359));
#3207 = CARTESIAN_POINT('',(-1.110813391151,11.992810004812,
    33.496979277425));
#3208 = CARTESIAN_POINT('',(-1.234193828408,11.989860204926,
    33.496249412494));
#3209 = CARTESIAN_POINT('',(-1.357534021769,11.986238543186,
    33.495445846774));
#3210 = CARTESIAN_POINT('',(-1.60411038661,11.977546276607,
    33.493693485256));
#3211 = CARTESIAN_POINT('',(-1.727346936079,11.9724757407,
    33.492744734602));
#3212 = CARTESIAN_POINT('',(-1.850516699726,11.966628071531,
    33.491724484055));
#3213 = CARTESIAN_POINT('',(-1.973603469549,11.959955153323,
    33.490633752389));
#3214 = CARTESIAN_POINT('',(-2.096589982512,11.952413485175,
    33.489473507128));
#3215 = CARTESIAN_POINT('',(-2.219457920381,11.943964181049,
    33.488244664583));
#3216 = CARTESIAN_POINT('',(-2.342187909946,11.934572969788,
    33.486948089805));
#3217 = CARTESIAN_POINT('',(-2.464759522774,11.924210195096,
    33.485584596635));
#3218 = CARTESIAN_POINT('',(-2.587151275438,11.912850815557,
    33.484154947658));
#3219 = CARTESIAN_POINT('',(-2.70934062934,11.900474404618,
    33.48265985424));
#3220 = CARTESIAN_POINT('',(-2.831303990822,11.887065150602,
    33.481099976501));
#3221 = CARTESIAN_POINT('',(-3.196442151692,11.843705268897,
    33.476227816996));
#3222 = CARTESIAN_POINT('',(-3.438889222747,11.810619429048,
    33.472722964953));
#3223 = CARTESIAN_POINT('',(-3.680124576296,11.773267411678,
    33.468967027074));
#3224 = CARTESIAN_POINT('',(-3.919948613694,11.731634105843,
    33.464965053329));
#3225 = CARTESIAN_POINT('',(-4.1581949062,11.685766763628,
    33.460721497566));
#3226 = CARTESIAN_POINT('',(-4.394729615544,11.635765548551,
    33.456240231199));
#3227 = CARTESIAN_POINT('',(-4.629450914503,11.581774084125,
    33.451524557038));
#3228 = CARTESIAN_POINT('',(-4.86228840747,11.523970002207,
    33.446577222937));
#3229 = CARTESIAN_POINT('',(-5.093202551025,11.462555491582,
    33.441400435635));
#3230 = CARTESIAN_POINT('',(-5.322184074502,11.397747846332,
    33.435995874427));
#3231 = CARTESIAN_POINT('',(-5.549253400566,11.329770014367,
    33.43036470496));
#3232 = CARTESIAN_POINT('',(-6.224873396206,11.116983408842,
    33.412793368942));
#3233 = CARTESIAN_POINT('',(-6.667792249567,10.963306021787,
    33.400175158702));
#3234 = CARTESIAN_POINT('',(-7.103434932825,10.799746069514,
    33.386662666918));
#3235 = CARTESIAN_POINT('',(-7.532504067897,10.628102787035,
    33.3722517726));
#3236 = CARTESIAN_POINT('',(-7.956002062701,10.450036398138,
    33.356925098476));
#3237 = CARTESIAN_POINT('',(-8.375084693097,10.267074058921,
    33.340652408127));
#3238 = CARTESIAN_POINT('',(-8.790952795337,10.080622906284,
    33.323390831131));
#3239 = CARTESIAN_POINT('',(-9.204782069534,9.891990211388,
    33.305084915838));
#3240 = CARTESIAN_POINT('',(-9.617690993583,9.702410638056,
    33.285666510228));
#3241 = CARTESIAN_POINT('',(-10.03074684807,9.513080606151,33.2650544704
    ));
#3242 = CARTESIAN_POINT('',(-10.44500985173,9.325199759887,
    33.243154197066));
#3243 = CARTESIAN_POINT('',(-11.69482651993,8.769659103593,
    33.173262605255));
#3244 = CARTESIAN_POINT('',(-12.53774416413,8.409832936586,
    33.121051324249));
#3245 = CARTESIAN_POINT('',(-13.3949766231,8.072317366685,
    33.062610968674));
#3246 = CARTESIAN_POINT('',(-14.28858022699,7.758446284488,
    32.996087666439));
#3247 = CARTESIAN_POINT('',(-15.19516522714,7.502398608681,
    32.921514811586));
#3248 = CARTESIAN_POINT('',(-16.13779735992,7.278276907251,
    32.839129857364));
#3249 = CARTESIAN_POINT('',(-17.12969921995,7.141605827242,
    32.742606202114));
#3250 = CARTESIAN_POINT('',(-18.08765745199,7.055173467112,
    32.645813318716));
#3251 = CARTESIAN_POINT('',(-19.07545157107,7.013319496059,
    32.540712030789));
#3252 = CARTESIAN_POINT('',(-20.04917018853,7.000037890446,
    32.433173560994));
#3253 = CARTESIAN_POINT('',(-21.02530099836,7.,32.321601484301));
#3254 = CARTESIAN_POINT('',(-22.,7.,32.206596826));
#3255 = PCURVE('',#2739,#3256);
#3256 = DEFINITIONAL_REPRESENTATION('',(#3257),#3261);
#3257 = LINE('',#3258,#3259);
#3258 = CARTESIAN_POINT('',(0.,0.));
#3259 = VECTOR('',#3260,1.);
#3260 = DIRECTION('',(0.,1.));
#3261 = ( GEOMETRIC_REPRESENTATION_CONTEXT(2) 
PARAMETRIC_REPRESENTATION_CONTEXT() REPRESENTATION_CONTEXT('2D SPACE',''
  ) );
#3262 = PCURVE('',#3263,#3273);
#3263 = SURFACE_OF_LINEAR_EXTRUSION('',#3264,#3271);
#3264 = B_SPLINE_CURVE_WITH_KNOTS('',5,(#3265,#3266,#3267,#3268,#3269,
    #3270),.UNSPECIFIED.,.F.,.F.,(6,6),(0.,1.),
  .PIECEWISE_BEZIER_KNOTS.);
#3265 = CARTESIAN_POINT('',(0.,12.,0.));
#3266 = CARTESIAN_POINT('',(-4.,12.,0.));
#3267 = CARTESIAN_POINT('',(-8.,12.,0.));
#3268 = CARTESIAN_POINT('',(-12.,7.,0.));
#3269 = CARTESIAN_POINT('',(-16.,7.,0.));
#3270 = CARTESIAN_POINT('',(-22.,7.,0.));
#3271 = VECTOR('',#3272,1.);
#3272 = DIRECTION('',(-0.,-0.,-1.));
#3273 = DEFINITIONAL_REPRESENTATION('',(#3274),#3317);
#3274 = B_SPLINE_CURVE_WITH_KNOTS('',9,(#3275,#3276,#3277,#3278,#3279,
    #3280,#3281,#3282,#3283,#3284,#3285,#3286,#3287,#3288,#3289,#3290,
    #3291,#3292,#3293,#3294,#3295,#3296,#3297,#3298,#3299,#3300,#3301,
    #3302,#3303,#3304,#3305,#3306,#3307,#3308,#3309,#3310,#3311,#3312,
    #3313,#3314,#3315,#3316),.UNSPECIFIED.,.F.,.F.,(10,8,8,8,8,10),(
    55.615679958988,58.451904197988,61.288128436987,66.960576914986,
    72.633025392984,78.305473870983),.UNSPECIFIED.);
#3275 = CARTESIAN_POINT('',(7.641117319685E-10,-33.49999999999));
#3276 = CARTESIAN_POINT('',(1.645720453469E-02,-33.49999999989));
#3277 = CARTESIAN_POINT('',(3.291425975557E-02,-33.49935086839));
#3278 = CARTESIAN_POINT('',(4.937010074979E-02,-33.49809905644));
#3279 = CARTESIAN_POINT('',(6.583006361595E-02,-33.49627995917));
#3280 = CARTESIAN_POINT('',(8.22856680923E-02,-33.49392088268));
#3281 = CARTESIAN_POINT('',(9.871650719875E-02,-33.4910437292));
#3282 = CARTESIAN_POINT('',(0.115100568478,-33.48766700223));
#3283 = CARTESIAN_POINT('',(0.131419310656,-33.4838067321));
#3284 = CARTESIAN_POINT('',(0.16386832844,-33.47514511468));
#3285 = CARTESIAN_POINT('',(0.180001257064,-33.47034361175));
#3286 = CARTESIAN_POINT('',(0.196011311709,-33.46508622474));
#3287 = CARTESIAN_POINT('',(0.211873580874,-33.45938538163));
#3288 = CARTESIAN_POINT('',(0.227569377057,-33.45325120789));
#3289 = CARTESIAN_POINT('',(0.243086078541,-33.44669160624));
#3290 = CARTESIAN_POINT('',(0.25841697118,-33.43971233629));
#3291 = CARTESIAN_POINT('',(0.273561090187,-33.43231709433));
#3292 = CARTESIAN_POINT('',(0.318447005385,-33.40888859019));
#3293 = CARTESIAN_POINT('',(0.347638752067,-33.39161173435));
#3294 = CARTESIAN_POINT('',(0.376108481148,-33.37270492981));
#3295 = CARTESIAN_POINT('',(0.40396606778,-33.3521358329));
#3296 = CARTESIAN_POINT('',(0.43135075672,-33.3298250926));
#3297 = CARTESIAN_POINT('',(0.45839460012,-33.30564666181));
#3298 = CARTESIAN_POINT('',(0.485210746706,-33.27942262843));
#3299 = CARTESIAN_POINT('',(0.511897669525,-33.2509200155));
#3300 = CARTESIAN_POINT('',(0.56520316944,-33.18879398408));
#3301 = CARTESIAN_POINT('',(0.591829095123,-33.15515651089));
#3302 = CARTESIAN_POINT('',(0.618459290822,-33.11874768038));
#3303 = CARTESIAN_POINT('',(0.645308534805,-33.07903884352));
#3304 = CARTESIAN_POINT('',(0.67221350262,-33.03592540372));
#3305 = CARTESIAN_POINT('',(0.699262864107,-32.98902259962));
#3306 = CARTESIAN_POINT('',(0.726332238742,-32.93817155403));
#3307 = CARTESIAN_POINT('',(0.753284125162,-32.88352321339));
#3308 = CARTESIAN_POINT('',(0.806629648941,-32.76723626849));
#3309 = CARTESIAN_POINT('',(0.83302410398,-32.70559631591));
#3310 = CARTESIAN_POINT('',(0.858977634516,-32.64077907572));
#3311 = CARTESIAN_POINT('',(0.884339163667,-32.573194726));
#3312 = CARTESIAN_POINT('',(0.908939779189,-32.50351643654));
#3313 = CARTESIAN_POINT('',(0.93286049146,-32.43171873804));
#3314 = CARTESIAN_POINT('',(0.955954895155,-32.35835644645));
#3315 = CARTESIAN_POINT('',(0.978340022186,-32.2832665982));
#3316 = CARTESIAN_POINT('',(1.,-32.206596826));
#3317 = ( GEOMETRIC_REPRESENTATION_CONTEXT(2) 
PARAMETRIC_REPRESENTATION_CONTEXT() REPRESENTATION_CONTEXT('2D SPACE',''
  ) );
#3318 = ADVANCED_FACE('',(#3319),#3263,.F.);
#3319 = FACE_BOUND('',#3320,.F.);
#3320 = EDGE_LOOP('',(#3321,#3344,#3345,#3368));
#3321 = ORIENTED_EDGE('',*,*,#3322,.F.);
#3322 = EDGE_CURVE('',#3171,#3323,#3325,.T.);
#3323 = VERTEX_POINT('',#3324);
#3324 = CARTESIAN_POINT('',(-22.,7.,37.185445048115));
#3325 = SURFACE_CURVE('',#3326,(#3330,#3337),.PCURVE_S1.);
#3326 = LINE('',#3327,#3328);
#3327 = CARTESIAN_POINT('',(-22.,7.,0.));
#3328 = VECTOR('',#3329,1.);
#3329 = DIRECTION('',(0.,0.,1.));
#3330 = PCURVE('',#3263,#3331);
#3331 = DEFINITIONAL_REPRESENTATION('',(#3332),#3336);
#3332 = LINE('',#3333,#3334);
#3333 = CARTESIAN_POINT('',(1.,0.));
#3334 = VECTOR('',#3335,1.);
#3335 = DIRECTION('',(0.,-1.));
#3336 = ( GEOMETRIC_REPRESENTATION_CONTEXT(2) 
PARAMETRIC_REPRESENTATION_CONTEXT() REPRESENTATION_CONTEXT('2D SPACE',''
  ) );
#3337 = PCURVE('',#967,#3338);
#3338 = DEFINITIONAL_REPRESENTATION('',(#3339),#3343);
#3339 = LINE('',#3340,#3341);
#3340 = CARTESIAN_POINT('',(0.,-0.));
#3341 = VECTOR('',#3342,1.);
#3342 = DIRECTION('',(0.,-1.));
#3343 = ( GEOMETRIC_REPRESENTATION_CONTEXT(2) 
PARAMETRIC_REPRESENTATION_CONTEXT() REPRESENTATION_CONTEXT('2D SPACE',''
  ) );
#3344 = ORIENTED_EDGE('',*,*,#3195,.F.);
#3345 = ORIENTED_EDGE('',*,*,#3346,.T.);
#3346 = EDGE_CURVE('',#2725,#3347,#3349,.T.);
#3347 = VERTEX_POINT('',#3348);
#3348 = CARTESIAN_POINT('',(0.,12.,38.499999999998));
#3349 = SURFACE_CURVE('',#3350,(#3354,#3361),.PCURVE_S1.);
#3350 = LINE('',#3351,#3352);
#3351 = CARTESIAN_POINT('',(0.,12.,0.));
#3352 = VECTOR('',#3353,1.);
#3353 = DIRECTION('',(0.,0.,1.));
#3354 = PCURVE('',#3263,#3355);
#3355 = DEFINITIONAL_REPRESENTATION('',(#3356),#3360);
#3356 = LINE('',#3357,#3358);
#3357 = CARTESIAN_POINT('',(0.,0.));
#3358 = VECTOR('',#3359,1.);
#3359 = DIRECTION('',(0.,-1.));
#3360 = ( GEOMETRIC_REPRESENTATION_CONTEXT(2) 
PARAMETRIC_REPRESENTATION_CONTEXT() REPRESENTATION_CONTEXT('2D SPACE',''
  ) );
#3361 = PCURVE('',#2966,#3362);
#3362 = DEFINITIONAL_REPRESENTATION('',(#3363),#3367);
#3363 = LINE('',#3364,#3365);
#3364 = CARTESIAN_POINT('',(1.,0.));
#3365 = VECTOR('',#3366,1.);
#3366 = DIRECTION('',(0.,-1.));
#3367 = ( GEOMETRIC_REPRESENTATION_CONTEXT(2) 
PARAMETRIC_REPRESENTATION_CONTEXT() REPRESENTATION_CONTEXT('2D SPACE',''
  ) );
#3368 = ORIENTED_EDGE('',*,*,#3369,.T.);
#3369 = EDGE_CURVE('',#3347,#3323,#3370,.T.);
#3370 = SURFACE_CURVE('',#3371,(#3434,#3480),.PCURVE_S1.);
#3371 = ( BOUNDED_CURVE() B_SPLINE_CURVE(11,(#3372,#3373,#3374,#3375,
    #3376,#3377,#3378,#3379,#3380,#3381,#3382,#3383,#3384,#3385,#3386,
    #3387,#3388,#3389,#3390,#3391,#3392,#3393,#3394,#3395,#3396,#3397,
    #3398,#3399,#3400,#3401,#3402,#3403,#3404,#3405,#3406,#3407,#3408,
    #3409,#3410,#3411,#3412,#3413,#3414,#3415,#3416,#3417,#3418,#3419,
    #3420,#3421,#3422,#3423,#3424,#3425,#3426,#3427,#3428,#3429,#3430,
#3431,#3432,#3433),.UNSPECIFIED.,.F.,.F.) B_SPLINE_CURVE_WITH_KNOTS((12,
    10,10,10,10,10,12),(55.615894317629,57.056298305125,58.49670229262,
    61.377510267611,67.139126217592,72.900742167574,78.662358117555),
.UNSPECIFIED.) CURVE() GEOMETRIC_REPRESENTATION_ITEM() 
RATIONAL_B_SPLINE_CURVE((1.,1.,1.000000000001,0.999999999998,
    1.000000000003,0.999999999997,1.000000000003,0.999999999998,
    1.000000000001,1.,1.,1.,1.,1.,0.999999999999,1.000000000001,
    0.999999999999,1.000000000001,1.,1.,1.,1.,1.,0.999999999999,
    1.000000000001,0.999999999998,1.000000000002,0.999999999999,
    1.000000000001,1.,1.,1.,1.,1.,0.999999999999,1.000000000001,
    0.999999999999,1.000000000001,1.,1.,1.,1.,1.,1.,1.,1.000000000001,
    0.999999999999,1.,1.,1.,1.,1.,1.,1.,1.,1.,1.,1.,1.,1.,1.,1.)) 
REPRESENTATION_ITEM('') );
#3372 = CARTESIAN_POINT('',(0.,12.,38.499999999998));
#3373 = CARTESIAN_POINT('',(-0.134522083864,12.,38.499999999975));
#3374 = CARTESIAN_POINT('',(-0.269043516994,11.999999995326,
    38.499892240501));
#3375 = CARTESIAN_POINT('',(-0.403564466274,11.999877291058,
    38.499679831553));
#3376 = CARTESIAN_POINT('',(-0.538089347469,11.999515848393,
    38.499365138745));
#3377 = CARTESIAN_POINT('',(-0.672600314643,11.998806619857,
    38.49895122694));
#3378 = CARTESIAN_POINT('',(-0.807120291934,11.99764678021,
    38.498439984167));
#3379 = CARTESIAN_POINT('',(-0.941644582923,11.995939859799,
    38.497833364258));
#3380 = CARTESIAN_POINT('',(-1.07614237189,11.99359596201,
    38.497133648003));
#3381 = CARTESIAN_POINT('',(-1.210621454788,11.990531664242,
    38.496342248754));
#3382 = CARTESIAN_POINT('',(-1.345054501626,11.986670212918,
    38.495460959795));
#3383 = CARTESIAN_POINT('',(-1.613797975036,11.977212942222,
    38.493521516536));
#3384 = CARTESIAN_POINT('',(-1.748108675452,11.971617209557,
    38.492463419313));
#3385 = CARTESIAN_POINT('',(-1.882338716989,11.965084189864,
    38.491318384737));
#3386 = CARTESIAN_POINT('',(-2.016466888493,11.957550565723,
    38.49008777271));
#3387 = CARTESIAN_POINT('',(-2.150470390342,11.948959891988,
    38.488772864793));
#3388 = CARTESIAN_POINT('',(-2.284324834288,11.939262595816,
    38.487374864203));
#3389 = CARTESIAN_POINT('',(-2.418004243669,11.928415976625,
    38.485894895822));
#3390 = CARTESIAN_POINT('',(-2.551481053175,11.916384206143,
    38.484334006189));
#3391 = CARTESIAN_POINT('',(-2.684726109059,11.903138328363,
    38.482693163501));
#3392 = CARTESIAN_POINT('',(-2.817708668984,11.888656259574,
    38.480973257616));
#3393 = CARTESIAN_POINT('',(-3.215771868364,11.841455845893,
    38.475578784926));
#3394 = CARTESIAN_POINT('',(-3.479994550922,11.804979700251,
    38.471669422599));
#3395 = CARTESIAN_POINT('',(-3.742758798517,11.763376676076,
    38.467454609202));
#3396 = CARTESIAN_POINT('',(-4.003810084957,11.716635355213,
    38.462940937607));
#3397 = CARTESIAN_POINT('',(-4.262943392013,11.664834873791,
    38.458134044349));
#3398 = CARTESIAN_POINT('',(-4.52000159237,11.608129219283,
    38.453038656549));
#3399 = CARTESIAN_POINT('',(-4.774873832483,11.546731527626,
    38.447658638836));
#3400 = CARTESIAN_POINT('',(-5.027493915552,11.480898380259,
    38.441997040274));
#3401 = CARTESIAN_POINT('',(-5.277838684375,11.410914101247,
    38.436056141276));
#3402 = CARTESIAN_POINT('',(-5.525926404298,11.337075054337,
    38.429837500537));
#3403 = CARTESIAN_POINT('',(-6.263592629734,11.10487171149,
    38.410351004773));
#3404 = CARTESIAN_POINT('',(-6.746508541294,10.935809138933,
    38.39625282734));
#3405 = CARTESIAN_POINT('',(-7.220861200253,10.755049029952,
    38.381058888265));
#3406 = CARTESIAN_POINT('',(-7.687644146514,10.564971788758,
    38.3647604552));
#3407 = CARTESIAN_POINT('',(-8.148244810366,10.367765336989,
    38.347329541824));
#3408 = CARTESIAN_POINT('',(-8.604216123751,10.165430257574,
    38.328719411277));
#3409 = CARTESIAN_POINT('',(-9.057121072934,9.959800161701,
    38.308864686026));
#3410 = CARTESIAN_POINT('',(-9.508450192505,9.752577278836,
    38.287681064171));
#3411 = CARTESIAN_POINT('',(-9.959612000756,9.545383269869,
    38.265064642185));
#3412 = CARTESIAN_POINT('',(-10.41199637641,9.339825263305,
    38.240890844097));
#3413 = CARTESIAN_POINT('',(-11.32222537708,8.93532896584,
    38.189135070106));
#3414 = CARTESIAN_POINT('',(-11.77997634057,8.736412931021,
    38.161555794893));
#3415 = CARTESIAN_POINT('',(-12.24191485118,8.542367101862,
    38.132126742393));
#3416 = CARTESIAN_POINT('',(-12.70933125838,8.354884203008,
    38.100684706052));
#3417 = CARTESIAN_POINT('',(-13.18326521884,8.175780819916,
    38.067062841144));
#3418 = CARTESIAN_POINT('',(-13.66449497192,8.006932783515,
    38.031104448565));
#3419 = CARTESIAN_POINT('',(-14.15350584926,7.850176711582,
    37.992679363064));
#3420 = CARTESIAN_POINT('',(-14.65043801817,7.707177706869,
    37.951702945962));
#3421 = CARTESIAN_POINT('',(-15.15501345895,7.579263211944,
    37.908157682297));
#3422 = CARTESIAN_POINT('',(-15.66644217617,7.467223020774,
    37.86211738246));
#3423 = CARTESIAN_POINT('',(-16.70017311155,7.27492787331,
    37.765430594069));
#3424 = CARTESIAN_POINT('',(-17.22249125316,7.194690528294,
    37.714779769377));
#3425 = CARTESIAN_POINT('',(-17.74933271352,7.13035316379,
    37.661958684367));
#3426 = CARTESIAN_POINT('',(-18.27893712248,7.081379820716,
    37.607220860384));
#3427 = CARTESIAN_POINT('',(-18.81024400378,7.046229206607,
    37.550788883963));
#3428 = CARTESIAN_POINT('',(-19.34207233537,7.022894094859,
    37.492918523086));
#3429 = CARTESIAN_POINT('',(-19.87490712933,7.009068920501,
    37.433615199861));
#3430 = CARTESIAN_POINT('',(-20.4059188289,7.002233215938,
    37.373315551351));
#3431 = CARTESIAN_POINT('',(-20.93803237402,7.000000347241,
    37.311715275856));
#3432 = CARTESIAN_POINT('',(-21.46902220199,7.,37.249126914796));
#3433 = CARTESIAN_POINT('',(-22.,7.,37.185445048115));
#3434 = PCURVE('',#3263,#3435);
#3435 = DEFINITIONAL_REPRESENTATION('',(#3436),#3479);
#3436 = B_SPLINE_CURVE_WITH_KNOTS('',9,(#3437,#3438,#3439,#3440,#3441,
    #3442,#3443,#3444,#3445,#3446,#3447,#3448,#3449,#3450,#3451,#3452,
    #3453,#3454,#3455,#3456,#3457,#3458,#3459,#3460,#3461,#3462,#3463,
    #3464,#3465,#3466,#3467,#3468,#3469,#3470,#3471,#3472,#3473,#3474,
    #3475,#3476,#3477,#3478),.UNSPECIFIED.,.F.,.F.,(10,8,8,8,8,10),(
    55.615894317629,58.49670229262,61.377510267611,67.139126217592,
    72.900742167574,78.662358117555),.UNSPECIFIED.);
#3437 = CARTESIAN_POINT('',(-7.641124224835E-10,-38.49999999999));
#3438 = CARTESIAN_POINT('',(1.644158726369E-02,-38.49999999992));
#3439 = CARTESIAN_POINT('',(3.288299084476E-02,-38.49934158337));
#3440 = CARTESIAN_POINT('',(4.932333477779E-02,-38.49807180576));
#3441 = CARTESIAN_POINT('',(6.576777082099E-02,-38.4962264838));
#3442 = CARTESIAN_POINT('',(8.220783113854E-02,-38.49383324377));
#3443 = CARTESIAN_POINT('',(9.862347385694E-02,-38.49091420769));
#3444 = CARTESIAN_POINT('',(0.114993282743,-38.48748797995));
#3445 = CARTESIAN_POINT('',(0.131299283017,-38.48357059667));
#3446 = CARTESIAN_POINT('',(0.163726387593,-38.47477960347));
#3447 = CARTESIAN_POINT('',(0.179849989936,-38.46990584671));
#3448 = CARTESIAN_POINT('',(0.195852890008,-38.4645687374));
#3449 = CARTESIAN_POINT('',(0.211710782295,-38.4587805693));
#3450 = CARTESIAN_POINT('',(0.227405534775,-38.45255118765));
#3451 = CARTESIAN_POINT('',(0.242924915589,-38.4458881548));
#3452 = CARTESIAN_POINT('',(0.258262319723,-38.43879691551));
#3453 = CARTESIAN_POINT('',(0.273416495681,-38.43128096252));
#3454 = CARTESIAN_POINT('',(0.318340825116,-38.4074640808));
#3455 = CARTESIAN_POINT('',(0.347568193473,-38.38989407172));
#3456 = CARTESIAN_POINT('',(0.376084189148,-38.37065696675));
#3457 = CARTESIAN_POINT('',(0.403995158433,-38.34971884701));
#3458 = CARTESIAN_POINT('',(0.431435407883,-38.3270002133));
#3459 = CARTESIAN_POINT('',(0.458532608115,-38.30237561406));
#3460 = CARTESIAN_POINT('',(0.485397124116,-38.27566740991));
#3461 = CARTESIAN_POINT('',(0.512126220722,-38.24664151539));
#3462 = CARTESIAN_POINT('',(0.565501962971,-38.1833843988));
#3463 = CARTESIAN_POINT('',(0.592142765429,-38.14915661636));
#3464 = CARTESIAN_POINT('',(0.618837128028,-38.11203786954));
#3465 = CARTESIAN_POINT('',(0.645644366317,-38.07169799185));
#3466 = CARTESIAN_POINT('',(0.672579672818,-38.02780901078));
#3467 = CARTESIAN_POINT('',(0.699611830797,-37.98010029013));
#3468 = CARTESIAN_POINT('',(0.726661451581,-37.92842819476));
#3469 = CARTESIAN_POINT('',(0.753599735418,-37.87286027749));
#3470 = CARTESIAN_POINT('',(0.806895776351,-37.75468769903));
#3471 = CARTESIAN_POINT('',(0.833253433712,-37.69208198997));
#3472 = CARTESIAN_POINT('',(0.859195694554,-37.62617877711));
#3473 = CARTESIAN_POINT('',(0.884462266103,-37.55772618336));
#3474 = CARTESIAN_POINT('',(0.909119837018,-37.48670985689));
#3475 = CARTESIAN_POINT('',(0.932918063775,-37.41407366293));
#3476 = CARTESIAN_POINT('',(0.956029943916,-37.33945236541));
#3477 = CARTESIAN_POINT('',(0.978367571192,-37.26327844072));
#3478 = CARTESIAN_POINT('',(1.,-37.18544504811));
#3479 = ( GEOMETRIC_REPRESENTATION_CONTEXT(2) 
PARAMETRIC_REPRESENTATION_CONTEXT() REPRESENTATION_CONTEXT('2D SPACE',''
  ) );
#3480 = PCURVE('',#1595,#3481);
#3481 = DEFINITIONAL_REPRESENTATION('',(#3482),#3486);
#3482 = LINE('',#3483,#3484);
#3483 = CARTESIAN_POINT('',(23.046463799926,0.));
#3484 = VECTOR('',#3485,1.);
#3485 = DIRECTION('',(0.,1.));
#3486 = ( GEOMETRIC_REPRESENTATION_CONTEXT(2) 
PARAMETRIC_REPRESENTATION_CONTEXT() REPRESENTATION_CONTEXT('2D SPACE',''
  ) );
#3487 = ADVANCED_FACE('',(#3488),#2966,.F.);
#3488 = FACE_BOUND('',#3489,.F.);
#3489 = EDGE_LOOP('',(#3490,#3491,#3492,#3515));
#3490 = ORIENTED_EDGE('',*,*,#3346,.F.);
#3491 = ORIENTED_EDGE('',*,*,#2917,.F.);
#3492 = ORIENTED_EDGE('',*,*,#3493,.T.);
#3493 = EDGE_CURVE('',#2422,#3494,#3496,.T.);
#3494 = VERTEX_POINT('',#3495);
#3495 = CARTESIAN_POINT('',(22.,7.,37.185445048115));
#3496 = SURFACE_CURVE('',#3497,(#3501,#3508),.PCURVE_S1.);
#3497 = LINE('',#3498,#3499);
#3498 = CARTESIAN_POINT('',(22.,7.,0.));
#3499 = VECTOR('',#3500,1.);
#3500 = DIRECTION('',(0.,0.,1.));
#3501 = PCURVE('',#2966,#3502);
#3502 = DEFINITIONAL_REPRESENTATION('',(#3503),#3507);
#3503 = LINE('',#3504,#3505);
#3504 = CARTESIAN_POINT('',(0.,0.));
#3505 = VECTOR('',#3506,1.);
#3506 = DIRECTION('',(0.,-1.));
#3507 = ( GEOMETRIC_REPRESENTATION_CONTEXT(2) 
PARAMETRIC_REPRESENTATION_CONTEXT() REPRESENTATION_CONTEXT('2D SPACE',''
  ) );
#3508 = PCURVE('',#2438,#3509);
#3509 = DEFINITIONAL_REPRESENTATION('',(#3510),#3514);
#3510 = LINE('',#3511,#3512);
#3511 = CARTESIAN_POINT('',(32.,0.));
#3512 = VECTOR('',#3513,1.);
#3513 = DIRECTION('',(0.,-1.));
#3514 = ( GEOMETRIC_REPRESENTATION_CONTEXT(2) 
PARAMETRIC_REPRESENTATION_CONTEXT() REPRESENTATION_CONTEXT('2D SPACE',''
  ) );
#3515 = ORIENTED_EDGE('',*,*,#3516,.T.);
#3516 = EDGE_CURVE('',#3494,#3347,#3517,.T.);
#3517 = SURFACE_CURVE('',#3518,(#3569,#3620),.PCURVE_S1.);
#3518 = ( BOUNDED_CURVE() B_SPLINE_CURVE(13,(#3519,#3520,#3521,#3522,
    #3523,#3524,#3525,#3526,#3527,#3528,#3529,#3530,#3531,#3532,#3533,
    #3534,#3535,#3536,#3537,#3538,#3539,#3540,#3541,#3542,#3543,#3544,
    #3545,#3546,#3547,#3548,#3549,#3550,#3551,#3552,#3553,#3554,#3555,
    #3556,#3557,#3558,#3559,#3560,#3561,#3562,#3563,#3564,#3565,#3566,
#3567,#3568),.UNSPECIFIED.,.F.,.F.) B_SPLINE_CURVE_WITH_KNOTS((14,12,12,
    12,14),(32.555314811809,38.320459688264,44.085604564719,
49.850749441174,55.615894317629),.UNSPECIFIED.) CURVE() 
GEOMETRIC_REPRESENTATION_ITEM() RATIONAL_B_SPLINE_CURVE((1.,1.,
    0.999999999999,1.000000000002,0.999999999996,1.000000000007,
    0.999999999992,1.000000000008,0.999999999994,1.000000000004,
    0.999999999998,1.,1.,1.,1.000000000001,0.999999999997,1.000000000007
    ,0.999999999989,1.000000000013,0.999999999988,1.00000000001,
    0.999999999994,1.000000000003,0.999999999999,1.,1.,0.999999999999,
    1.000000000004,0.999999999993,1.000000000011,0.999999999988,
    1.000000000011,0.999999999992,1.000000000004,0.999999999998,
    1.000000000001,1.,1.,1.000000000001,0.999999999998,1.000000000004,
    0.999999999994,1.000000000006,0.999999999994,1.000000000004,
0.999999999998,1.000000000001,1.,1.,1.)) REPRESENTATION_ITEM('') );
#3519 = CARTESIAN_POINT('',(22.,7.,37.185445048115));
#3520 = CARTESIAN_POINT('',(21.550983054428,7.,37.239297087452));
#3521 = CARTESIAN_POINT('',(21.101908954637,7.000000291971,
    37.292384580762));
#3522 = CARTESIAN_POINT('',(20.652612516702,7.001285875835,
    37.344713630758));
#3523 = CARTESIAN_POINT('',(20.201743343286,7.005207141962,
    37.396411634386));
#3524 = CARTESIAN_POINT('',(19.755259653642,7.013134933386,
    37.446764745059));
#3525 = CARTESIAN_POINT('',(19.300478679376,7.026459292957,
    37.497208496754));
#3526 = CARTESIAN_POINT('',(18.855018405652,7.046619710458,
    37.545634491814));
#3527 = CARTESIAN_POINT('',(18.402028998393,7.074923712072,
    37.593969217254));
#3528 = CARTESIAN_POINT('',(17.955451619565,7.112562847768,
    37.640519377755));
#3529 = CARTESIAN_POINT('',(17.508108094081,7.160463064708,
    37.686076758437));
#3530 = CARTESIAN_POINT('',(17.064062826367,7.219289254905,
    37.730115275214));
#3531 = CARTESIAN_POINT('',(16.622970557471,7.289350256365,
    37.772645014511));
#3532 = CARTESIAN_POINT('',(15.748486557116,7.451900296169,
    37.854450061632));
#3533 = CARTESIAN_POINT('',(15.315068184439,7.544368233786,
    37.893731386228));
#3534 = CARTESIAN_POINT('',(14.886234788874,7.648051197104,
    37.931283513578));
#3535 = CARTESIAN_POINT('',(14.462534272367,7.762580518741,
    37.967048229235));
#3536 = CARTESIAN_POINT('',(14.044295962451,7.887300542356,
    38.001010550022));
#3537 = CARTESIAN_POINT('',(13.631632381071,8.021358113357,
    38.033192017744));
#3538 = CARTESIAN_POINT('',(13.224447909394,8.163777773894,
    38.063643839054));
#3539 = CARTESIAN_POINT('',(12.82245434834,8.31352266206,38.092439871607
    ));
#3540 = CARTESIAN_POINT('',(12.425193374764,8.469541115536,
    38.11966945637));
#3541 = CARTESIAN_POINT('',(12.032065893774,8.630798979264,
    38.145430096205));
#3542 = CARTESIAN_POINT('',(11.642368286375,8.796297617687,
    38.169819980634));
#3543 = CARTESIAN_POINT('',(11.255335553351,8.96507763101,
    38.192930356844));
#3544 = CARTESIAN_POINT('',(10.485047155856,9.307338920836,
    38.236745136973));
#3545 = CARTESIAN_POINT('',(10.101815277595,9.480820877775,
    38.257451345293));
#3546 = CARTESIAN_POINT('',(9.719649904527,9.65567203427,38.277039260558
    ));
#3547 = CARTESIAN_POINT('',(9.337750387613,9.830951368962,
    38.295582830573));
#3548 = CARTESIAN_POINT('',(8.955308966308,10.005727415383,
    38.31314716729));
#3549 = CARTESIAN_POINT('',(8.571480882202,10.179050667862,
    38.329788589915));
#3550 = CARTESIAN_POINT('',(8.185376883731,10.349929929924,
    38.345554606065));
#3551 = CARTESIAN_POINT('',(7.796078122117,10.51731260478,
    38.360483831024));
#3552 = CARTESIAN_POINT('',(7.402673438727,10.680068928253,
    38.374605845011));
#3553 = CARTESIAN_POINT('',(7.004319043263,10.836980143919,
    38.387940988578));
#3554 = CARTESIAN_POINT('',(6.600320583641,10.986730620543,
    38.400500096016));
#3555 = CARTESIAN_POINT('',(6.19023760667,11.127903911837,38.41228416687
    ));
#3556 = CARTESIAN_POINT('',(5.357783213801,11.3900616051,38.43428378411)
  );
#3557 = CARTESIAN_POINT('',(4.935250083338,11.511109700728,
    38.44450312495));
#3558 = CARTESIAN_POINT('',(4.507360711447,11.62055900873,
    38.453919567604));
#3559 = CARTESIAN_POINT('',(4.068729064825,11.717942007406,
    38.462613343967));
#3560 = CARTESIAN_POINT('',(3.635262820049,11.799344822824,
    38.470299178338));
#3561 = CARTESIAN_POINT('',(3.17697988088,11.869818112881,38.47752853692
    ));
#3562 = CARTESIAN_POINT('',(2.734187293421,11.919913000453,
    38.48345431844));
#3563 = CARTESIAN_POINT('',(2.277238983065,11.959131252544,
    38.488829638355));
#3564 = CARTESIAN_POINT('',(1.821610911045,11.982466789873,
    38.493100817929));
#3565 = CARTESIAN_POINT('',(1.367138313477,11.995494295381,
    38.496459732248));
#3566 = CARTESIAN_POINT('',(0.91111882306,11.999997008388,
    38.498783072301));
#3567 = CARTESIAN_POINT('',(0.455584451282,12.,38.500000000078));
#3568 = CARTESIAN_POINT('',(0.,12.,38.499999999998));
#3569 = PCURVE('',#2966,#3570);
#3570 = DEFINITIONAL_REPRESENTATION('',(#3571),#3619);
#3571 = B_SPLINE_CURVE_WITH_KNOTS('',10,(#3572,#3573,#3574,#3575,#3576,
    #3577,#3578,#3579,#3580,#3581,#3582,#3583,#3584,#3585,#3586,#3587,
    #3588,#3589,#3590,#3591,#3592,#3593,#3594,#3595,#3596,#3597,#3598,
    #3599,#3600,#3601,#3602,#3603,#3604,#3605,#3606,#3607,#3608,#3609,
    #3610,#3611,#3612,#3613,#3614,#3615,#3616,#3617,#3618),
  .UNSPECIFIED.,.F.,.F.,(11,9,9,9,9,11),(32.555314811809,38.320459688264
    ,44.085604564719,49.850749441174,52.733321879402,55.615894317629),
  .UNSPECIFIED.);
#3572 = CARTESIAN_POINT('',(7.013254164441E-21,-37.18544504811));
#3573 = CARTESIAN_POINT('',(1.945740097473E-02,-37.25545269926));
#3574 = CARTESIAN_POINT('',(3.947512465494E-02,-37.3241228489));
#3575 = CARTESIAN_POINT('',(6.012670552249E-02,-37.39162273706));
#3576 = CARTESIAN_POINT('',(8.127633677586E-02,-37.45737077119));
#3577 = CARTESIAN_POINT('',(0.103169664446,-37.52213690853));
#3578 = CARTESIAN_POINT('',(0.125567217599,-37.58487566924));
#3579 = CARTESIAN_POINT('',(0.148534675179,-37.64581658857));
#3580 = CARTESIAN_POINT('',(0.171930585614,-37.70438210211));
#3581 = CARTESIAN_POINT('',(0.195674652958,-37.76037429827));
#3582 = CARTESIAN_POINT('',(0.243625600663,-37.86672077786));
#3583 = CARTESIAN_POINT('',(0.267833561958,-37.91708409742));
#3584 = CARTESIAN_POINT('',(0.2921555198,-37.96437981959));
#3585 = CARTESIAN_POINT('',(0.316490655598,-38.00852008782));
#3586 = CARTESIAN_POINT('',(0.340766660672,-38.04955316589));
#3587 = CARTESIAN_POINT('',(0.364945564164,-38.0876285745));
#3588 = CARTESIAN_POINT('',(0.389024551228,-38.1229610627));
#3589 = CARTESIAN_POINT('',(0.41303177153,-38.15579341643));
#3590 = CARTESIAN_POINT('',(0.437017138034,-38.18635810213));
#3591 = CARTESIAN_POINT('',(0.485059094135,-38.24331739169));
#3592 = CARTESIAN_POINT('',(0.509114347464,-38.26971564517));
#3593 = CARTESIAN_POINT('',(0.533266870973,-38.29422769455));
#3594 = CARTESIAN_POINT('',(0.557583314773,-38.31702282178));
#3595 = CARTESIAN_POINT('',(0.582139387796,-38.33823905829));
#3596 = CARTESIAN_POINT('',(0.607022307237,-38.35798252753));
#3597 = CARTESIAN_POINT('',(0.632327300018,-38.37632891424));
#3598 = CARTESIAN_POINT('',(0.658145162447,-38.39332449674));
#3599 = CARTESIAN_POINT('',(0.684537884263,-38.40898418133));
#3600 = CARTESIAN_POINT('',(0.724980072725,-38.43043387256));
#3601 = CARTESIAN_POINT('',(0.738604121309,-38.43724471127));
#3602 = CARTESIAN_POINT('',(0.752372321361,-38.44371535258));
#3603 = CARTESIAN_POINT('',(0.766286763533,-38.44984373345));
#3604 = CARTESIAN_POINT('',(0.78034191113,-38.4556262876));
#3605 = CARTESIAN_POINT('',(0.794532047903,-38.46105906171));
#3606 = CARTESIAN_POINT('',(0.808852264293,-38.46613725592));
#3607 = CARTESIAN_POINT('',(0.823288767543,-38.47085308341));
#3608 = CARTESIAN_POINT('',(0.837812881736,-38.47519501423));
#3609 = CARTESIAN_POINT('',(0.867010486702,-38.48311425587));
#3610 = CARTESIAN_POINT('',(0.88168364895,-38.48669136631));
#3611 = CARTESIAN_POINT('',(0.896409956927,-38.489875769));
#3612 = CARTESIAN_POINT('',(0.911180708391,-38.4926580795));
#3613 = CARTESIAN_POINT('',(0.925974574346,-38.49502486379));
#3614 = CARTESIAN_POINT('',(0.940774322365,-38.49696095602));
#3615 = CARTESIAN_POINT('',(0.955577814572,-38.49845031616));
#3616 = CARTESIAN_POINT('',(0.970387397393,-38.49947277516));
#3617 = CARTESIAN_POINT('',(0.985193504569,-38.50000000005));
#3618 = CARTESIAN_POINT('',(0.999999999236,-38.49999999999));
#3619 = ( GEOMETRIC_REPRESENTATION_CONTEXT(2) 
PARAMETRIC_REPRESENTATION_CONTEXT() REPRESENTATION_CONTEXT('2D SPACE',''
  ) );
#3620 = PCURVE('',#1303,#3621);
#3621 = DEFINITIONAL_REPRESENTATION('',(#3622),#3626);
#3622 = LINE('',#3623,#3624);
#3623 = CARTESIAN_POINT('',(23.06057950582,0.));
#3624 = VECTOR('',#3625,1.);
#3625 = DIRECTION('',(0.,1.));
#3626 = ( GEOMETRIC_REPRESENTATION_CONTEXT(2) 
PARAMETRIC_REPRESENTATION_CONTEXT() REPRESENTATION_CONTEXT('2D SPACE',''
  ) );
#3627 = ADVANCED_FACE('',(#3628),#2438,.F.);
#3628 = FACE_BOUND('',#3629,.F.);
#3629 = EDGE_LOOP('',(#3630,#3631,#3632,#3655));
#3630 = ORIENTED_EDGE('',*,*,#3493,.F.);
#3631 = ORIENTED_EDGE('',*,*,#2421,.F.);
#3632 = ORIENTED_EDGE('',*,*,#3633,.T.);
#3633 = EDGE_CURVE('',#2365,#3634,#3636,.T.);
#3634 = VERTEX_POINT('',#3635);
#3635 = CARTESIAN_POINT('',(52.5,7.,30.883600708618));
#3636 = SURFACE_CURVE('',#3637,(#3641,#3648),.PCURVE_S1.);
#3637 = LINE('',#3638,#3639);
#3638 = CARTESIAN_POINT('',(52.5,7.,24.));
#3639 = VECTOR('',#3640,1.);
#3640 = DIRECTION('',(0.,0.,1.));
#3641 = PCURVE('',#2438,#3642);
#3642 = DEFINITIONAL_REPRESENTATION('',(#3643),#3647);
#3643 = LINE('',#3644,#3645);
#3644 = CARTESIAN_POINT('',(1.5,-24.));
#3645 = VECTOR('',#3646,1.);
#3646 = DIRECTION('',(0.,-1.));
#3647 = ( GEOMETRIC_REPRESENTATION_CONTEXT(2) 
PARAMETRIC_REPRESENTATION_CONTEXT() REPRESENTATION_CONTEXT('2D SPACE',''
  ) );
#3648 = PCURVE('',#2380,#3649);
#3649 = DEFINITIONAL_REPRESENTATION('',(#3650),#3654);
#3650 = LINE('',#3651,#3652);
#3651 = CARTESIAN_POINT('',(1.570796326795,0.));
#3652 = VECTOR('',#3653,1.);
#3653 = DIRECTION('',(0.,1.));
#3654 = ( GEOMETRIC_REPRESENTATION_CONTEXT(2) 
PARAMETRIC_REPRESENTATION_CONTEXT() REPRESENTATION_CONTEXT('2D SPACE',''
  ) );
#3655 = ORIENTED_EDGE('',*,*,#3656,.T.);
#3656 = EDGE_CURVE('',#3634,#3494,#3657,.T.);
#3657 = SURFACE_CURVE('',#3658,(#3663,#3670),.PCURVE_S1.);
#3658 = CIRCLE('',#3659,184.75);
#3659 = AXIS2_PLACEMENT_3D('',#3660,#3661,#3662);
#3660 = CARTESIAN_POINT('',(0.,7.,-146.25));
#3661 = DIRECTION('',(0.,-1.,0.));
#3662 = DIRECTION('',(0.289932885906,0.,0.957046979866));
#3663 = PCURVE('',#2438,#3664);
#3664 = DEFINITIONAL_REPRESENTATION('',(#3665),#3669);
#3665 = CIRCLE('',#3666,184.75);
#3666 = AXIS2_PLACEMENT_2D('',#3667,#3668);
#3667 = CARTESIAN_POINT('',(54.,146.25));
#3668 = DIRECTION('',(-0.289932885906,-0.957046979866));
#3669 = ( GEOMETRIC_REPRESENTATION_CONTEXT(2) 
PARAMETRIC_REPRESENTATION_CONTEXT() REPRESENTATION_CONTEXT('2D SPACE',''
  ) );
#3670 = PCURVE('',#1169,#3671);
#3671 = DEFINITIONAL_REPRESENTATION('',(#3672),#3676);
#3672 = LINE('',#3673,#3674);
#3673 = CARTESIAN_POINT('',(-0.,1.570796326795));
#3674 = VECTOR('',#3675,1.);
#3675 = DIRECTION('',(-1.,0.));
#3676 = ( GEOMETRIC_REPRESENTATION_CONTEXT(2) 
PARAMETRIC_REPRESENTATION_CONTEXT() REPRESENTATION_CONTEXT('2D SPACE',''
  ) );
#3677 = ADVANCED_FACE('',(#3678),#2380,.T.);
#3678 = FACE_BOUND('',#3679,.T.);
#3679 = EDGE_LOOP('',(#3680,#3681,#3682,#3709));
#3680 = ORIENTED_EDGE('',*,*,#2364,.F.);
#3681 = ORIENTED_EDGE('',*,*,#3633,.T.);
#3682 = ORIENTED_EDGE('',*,*,#3683,.T.);
#3683 = EDGE_CURVE('',#3634,#3684,#3686,.T.);
#3684 = VERTEX_POINT('',#3685);
#3685 = CARTESIAN_POINT('',(54.,5.5,30.883600708618));
#3686 = SURFACE_CURVE('',#3687,(#3692,#3698),.PCURVE_S1.);
#3687 = CIRCLE('',#3688,1.5);
#3688 = AXIS2_PLACEMENT_3D('',#3689,#3690,#3691);
#3689 = CARTESIAN_POINT('',(52.5,5.5,30.883600708618));
#3690 = DIRECTION('',(-3.4318401581E-14,-0.,-1.));
#3691 = DIRECTION('',(1.,0.,-3.4318401581E-14));
#3692 = PCURVE('',#2380,#3693);
#3693 = DEFINITIONAL_REPRESENTATION('',(#3694),#3697);
#3694 = B_SPLINE_CURVE_WITH_KNOTS('',1,(#3695,#3696),.UNSPECIFIED.,.F.,
  .F.,(2,2),(4.712388980385,6.28318530718),.PIECEWISE_BEZIER_KNOTS.);
#3695 = CARTESIAN_POINT('',(1.570796326795,6.883600708618));
#3696 = CARTESIAN_POINT('',(0.,6.883600708618));
#3697 = ( GEOMETRIC_REPRESENTATION_CONTEXT(2) 
PARAMETRIC_REPRESENTATION_CONTEXT() REPRESENTATION_CONTEXT('2D SPACE',''
  ) );
#3698 = PCURVE('',#3699,#3704);
#3699 = SPHERICAL_SURFACE('',#3700,1.5);
#3700 = AXIS2_PLACEMENT_3D('',#3701,#3702,#3703);
#3701 = CARTESIAN_POINT('',(52.5,5.5,30.883600708618));
#3702 = DIRECTION('',(0.,-1.,0.));
#3703 = DIRECTION('',(0.284167794317,0.,0.958774564052));
#3704 = DEFINITIONAL_REPRESENTATION('',(#3705),#3708);
#3705 = B_SPLINE_CURVE_WITH_KNOTS('',1,(#3706,#3707),.UNSPECIFIED.,.F.,
  .F.,(2,2),(4.712388980385,6.28318530718),.PIECEWISE_BEZIER_KNOTS.);
#3706 = CARTESIAN_POINT('',(-1.282657999313,-1.570796326795));
#3707 = CARTESIAN_POINT('',(-1.282657999313,0.));
#3708 = ( GEOMETRIC_REPRESENTATION_CONTEXT(2) 
PARAMETRIC_REPRESENTATION_CONTEXT() REPRESENTATION_CONTEXT('2D SPACE',''
  ) );
#3709 = ORIENTED_EDGE('',*,*,#3710,.F.);
#3710 = EDGE_CURVE('',#2114,#3684,#3711,.T.);
#3711 = SURFACE_CURVE('',#3712,(#3716,#3723),.PCURVE_S1.);
#3712 = LINE('',#3713,#3714);
#3713 = CARTESIAN_POINT('',(54.,5.5,24.));
#3714 = VECTOR('',#3715,1.);
#3715 = DIRECTION('',(0.,0.,1.));
#3716 = PCURVE('',#2380,#3717);
#3717 = DEFINITIONAL_REPRESENTATION('',(#3718),#3722);
#3718 = LINE('',#3719,#3720);
#3719 = CARTESIAN_POINT('',(0.,0.));
#3720 = VECTOR('',#3721,1.);
#3721 = DIRECTION('',(0.,1.));
#3722 = ( GEOMETRIC_REPRESENTATION_CONTEXT(2) 
PARAMETRIC_REPRESENTATION_CONTEXT() REPRESENTATION_CONTEXT('2D SPACE',''
  ) );
#3723 = PCURVE('',#1992,#3724);
#3724 = DEFINITIONAL_REPRESENTATION('',(#3725),#3729);
#3725 = LINE('',#3726,#3727);
#3726 = CARTESIAN_POINT('',(8.,-12.5));
#3727 = VECTOR('',#3728,1.);
#3728 = DIRECTION('',(-1.,-0.));
#3729 = ( GEOMETRIC_REPRESENTATION_CONTEXT(2) 
PARAMETRIC_REPRESENTATION_CONTEXT() REPRESENTATION_CONTEXT('2D SPACE',''
  ) );
#3730 = ADVANCED_FACE('',(#3731),#3699,.T.);
#3731 = FACE_BOUND('',#3732,.F.);
#3732 = EDGE_LOOP('',(#3733,#3753,#3754));
#3733 = ORIENTED_EDGE('',*,*,#3734,.F.);
#3734 = EDGE_CURVE('',#3634,#1123,#3735,.T.);
#3735 = SURFACE_CURVE('',#3736,(#3741,#3747),.PCURVE_S1.);
#3736 = CIRCLE('',#3737,1.5);
#3737 = AXIS2_PLACEMENT_3D('',#3738,#3739,#3740);
#3738 = CARTESIAN_POINT('',(52.5,5.5,30.883600708618));
#3739 = DIRECTION('',(0.958774564052,0.,-0.284167794317));
#3740 = DIRECTION('',(0.284167794317,0.,0.958774564052));
#3741 = PCURVE('',#3699,#3742);
#3742 = DEFINITIONAL_REPRESENTATION('',(#3743),#3746);
#3743 = B_SPLINE_CURVE_WITH_KNOTS('',1,(#3744,#3745),.UNSPECIFIED.,.F.,
  .F.,(2,2),(4.712388980385,6.28318530718),.PIECEWISE_BEZIER_KNOTS.);
#3744 = CARTESIAN_POINT('',(0.,-1.570796326795));
#3745 = CARTESIAN_POINT('',(0.,0.));
#3746 = ( GEOMETRIC_REPRESENTATION_CONTEXT(2) 
PARAMETRIC_REPRESENTATION_CONTEXT() REPRESENTATION_CONTEXT('2D SPACE',''
  ) );
#3747 = PCURVE('',#1169,#3748);
#3748 = DEFINITIONAL_REPRESENTATION('',(#3749),#3752);
#3749 = B_SPLINE_CURVE_WITH_KNOTS('',1,(#3750,#3751),.UNSPECIFIED.,.F.,
  .F.,(2,2),(4.712388980385,6.28318530718),.PIECEWISE_BEZIER_KNOTS.);
#3750 = CARTESIAN_POINT('',(-6.018383294906E-03,1.570796326795));
#3751 = CARTESIAN_POINT('',(-6.018383294906E-03,0.));
#3752 = ( GEOMETRIC_REPRESENTATION_CONTEXT(2) 
PARAMETRIC_REPRESENTATION_CONTEXT() REPRESENTATION_CONTEXT('2D SPACE',''
  ) );
#3753 = ORIENTED_EDGE('',*,*,#3683,.T.);
#3754 = ORIENTED_EDGE('',*,*,#3755,.F.);
#3755 = EDGE_CURVE('',#1123,#3684,#3756,.T.);
#3756 = SURFACE_CURVE('',#3757,(#3762,#3769),.PCURVE_S1.);
#3757 = CIRCLE('',#3758,1.5);
#3758 = AXIS2_PLACEMENT_3D('',#3759,#3760,#3761);
#3759 = CARTESIAN_POINT('',(52.5,5.5,30.883600708618));
#3760 = DIRECTION('',(-0.,1.,0.));
#3761 = DIRECTION('',(0.284167794317,0.,0.958774564052));
#3762 = PCURVE('',#3699,#3763);
#3763 = DEFINITIONAL_REPRESENTATION('',(#3764),#3768);
#3764 = LINE('',#3765,#3766);
#3765 = CARTESIAN_POINT('',(-0.,0.));
#3766 = VECTOR('',#3767,1.);
#3767 = DIRECTION('',(-1.,0.));
#3768 = ( GEOMETRIC_REPRESENTATION_CONTEXT(2) 
PARAMETRIC_REPRESENTATION_CONTEXT() REPRESENTATION_CONTEXT('2D SPACE',''
  ) );
#3769 = PCURVE('',#1140,#3770);
#3770 = DEFINITIONAL_REPRESENTATION('',(#3771),#3775);
#3771 = LINE('',#3772,#3773);
#3772 = CARTESIAN_POINT('',(0.,12.5));
#3773 = VECTOR('',#3774,1.);
#3774 = DIRECTION('',(1.,0.));
#3775 = ( GEOMETRIC_REPRESENTATION_CONTEXT(2) 
PARAMETRIC_REPRESENTATION_CONTEXT() REPRESENTATION_CONTEXT('2D SPACE',''
  ) );
#3776 = ADVANCED_FACE('',(#3777),#2214,.T.);
#3777 = FACE_BOUND('',#3778,.T.);
#3778 = EDGE_LOOP('',(#3779,#3780,#3803,#3830,#3831,#3832,#3861,#4097,
    #4189,#4425));
#3779 = ORIENTED_EDGE('',*,*,#2237,.F.);
#3780 = ORIENTED_EDGE('',*,*,#3781,.F.);
#3781 = EDGE_CURVE('',#3782,#2161,#3784,.T.);
#3782 = VERTEX_POINT('',#3783);
#3783 = CARTESIAN_POINT('',(53.,-1.224646799147E-15,2.));
#3784 = SEAM_CURVE('',#3785,(#3789,#3796),.PCURVE_S1.);
#3785 = LINE('',#3786,#3787);
#3786 = CARTESIAN_POINT('',(53.,-1.224646799147E-15,1.));
#3787 = VECTOR('',#3788,1.);
#3788 = DIRECTION('',(0.,0.,1.));
#3789 = PCURVE('',#2214,#3790);
#3790 = DEFINITIONAL_REPRESENTATION('',(#3791),#3795);
#3791 = LINE('',#3792,#3793);
#3792 = CARTESIAN_POINT('',(6.28318530718,-0.));
#3793 = VECTOR('',#3794,1.);
#3794 = DIRECTION('',(0.,1.));
#3795 = ( GEOMETRIC_REPRESENTATION_CONTEXT(2) 
PARAMETRIC_REPRESENTATION_CONTEXT() REPRESENTATION_CONTEXT('2D SPACE',''
  ) );
#3796 = PCURVE('',#2214,#3797);
#3797 = DEFINITIONAL_REPRESENTATION('',(#3798),#3802);
#3798 = LINE('',#3799,#3800);
#3799 = CARTESIAN_POINT('',(0.,-0.));
#3800 = VECTOR('',#3801,1.);
#3801 = DIRECTION('',(0.,1.));
#3802 = ( GEOMETRIC_REPRESENTATION_CONTEXT(2) 
PARAMETRIC_REPRESENTATION_CONTEXT() REPRESENTATION_CONTEXT('2D SPACE',''
  ) );
#3803 = ORIENTED_EDGE('',*,*,#3804,.T.);
#3804 = EDGE_CURVE('',#3782,#3782,#3805,.T.);
#3805 = SURFACE_CURVE('',#3806,(#3811,#3818),.PCURVE_S1.);
#3806 = CIRCLE('',#3807,5.);
#3807 = AXIS2_PLACEMENT_3D('',#3808,#3809,#3810);
#3808 = CARTESIAN_POINT('',(48.,0.,2.));
#3809 = DIRECTION('',(0.,0.,1.));
#3810 = DIRECTION('',(1.,0.,-0.));
#3811 = PCURVE('',#2214,#3812);
#3812 = DEFINITIONAL_REPRESENTATION('',(#3813),#3817);
#3813 = LINE('',#3814,#3815);
#3814 = CARTESIAN_POINT('',(0.,1.));
#3815 = VECTOR('',#3816,1.);
#3816 = DIRECTION('',(1.,0.));
#3817 = ( GEOMETRIC_REPRESENTATION_CONTEXT(2) 
PARAMETRIC_REPRESENTATION_CONTEXT() REPRESENTATION_CONTEXT('2D SPACE',''
  ) );
#3818 = PCURVE('',#3819,#3824);
#3819 = PLANE('',#3820);
#3820 = AXIS2_PLACEMENT_3D('',#3821,#3822,#3823);
#3821 = CARTESIAN_POINT('',(48.,0.,2.));
#3822 = DIRECTION('',(0.,0.,1.));
#3823 = DIRECTION('',(1.,0.,-0.));
#3824 = DEFINITIONAL_REPRESENTATION('',(#3825),#3829);
#3825 = CIRCLE('',#3826,5.);
#3826 = AXIS2_PLACEMENT_2D('',#3827,#3828);
#3827 = CARTESIAN_POINT('',(0.,0.));
#3828 = DIRECTION('',(1.,0.));
#3829 = ( GEOMETRIC_REPRESENTATION_CONTEXT(2) 
PARAMETRIC_REPRESENTATION_CONTEXT() REPRESENTATION_CONTEXT('2D SPACE',''
  ) );
#3830 = ORIENTED_EDGE('',*,*,#3781,.T.);
#3831 = ORIENTED_EDGE('',*,*,#2160,.F.);
#3832 = ORIENTED_EDGE('',*,*,#3833,.F.);
#3833 = EDGE_CURVE('',#3834,#2138,#3836,.T.);
#3834 = VERTEX_POINT('',#3835);
#3835 = CARTESIAN_POINT('',(51.570714214271,-3.5,24.717941082837));
#3836 = SURFACE_CURVE('',#3837,(#3843,#3852),.PCURVE_S1.);
#3837 = B_SPLINE_CURVE_WITH_KNOTS('',4,(#3838,#3839,#3840,#3841,#3842),
  .UNSPECIFIED.,.F.,.F.,(5,5),(0.,1.),.PIECEWISE_BEZIER_KNOTS.);
#3838 = CARTESIAN_POINT('',(51.570713626154,-3.5000006,24.717941252307)
  );
#3839 = CARTESIAN_POINT('',(51.712860904067,-3.354981418527,
    24.676980639413));
#3840 = CARTESIAN_POINT('',(51.845147363591,-3.204313260891,
    24.638698446562));
#3841 = CARTESIAN_POINT('',(51.967667873778,-3.048897034268,
    24.603118008211));
#3842 = CARTESIAN_POINT('',(52.080559254328,-2.889469877317,
    24.57023892098));
#3843 = PCURVE('',#2214,#3844);
#3844 = DEFINITIONAL_REPRESENTATION('',(#3845),#3851);
#3845 = B_SPLINE_CURVE_WITH_KNOTS('',4,(#3846,#3847,#3848,#3849,#3850),
  .UNSPECIFIED.,.F.,.F.,(5,5),(0.,1.),.PIECEWISE_BEZIER_KNOTS.);
#3846 = CARTESIAN_POINT('',(5.507787642535,23.717941252307));
#3847 = CARTESIAN_POINT('',(5.548401143548,23.676980639413));
#3848 = CARTESIAN_POINT('',(5.588441240866,23.638698446562));
#3849 = CARTESIAN_POINT('',(5.627969611974,23.603118008211));
#3850 = CARTESIAN_POINT('',(5.667039540141,23.57023892098));
#3851 = ( GEOMETRIC_REPRESENTATION_CONTEXT(2) 
PARAMETRIC_REPRESENTATION_CONTEXT() REPRESENTATION_CONTEXT('2D SPACE',''
  ) );
#3852 = PCURVE('',#62,#3853);
#3853 = DEFINITIONAL_REPRESENTATION('',(#3854),#3860);
#3854 = B_SPLINE_CURVE_WITH_KNOTS('',4,(#3855,#3856,#3857,#3858,#3859),
  .UNSPECIFIED.,.F.,.F.,(5,5),(0.,1.),.PIECEWISE_BEZIER_KNOTS.);
#3855 = CARTESIAN_POINT('',(1.360093458166E-02,-1.4999994));
#3856 = CARTESIAN_POINT('',(1.280667345914E-02,-1.645018581473));
#3857 = CARTESIAN_POINT('',(1.206726818216E-02,-1.795686739109));
#3858 = CARTESIAN_POINT('',(1.138226274516E-02,-1.951102965732));
#3859 = CARTESIAN_POINT('',(1.075095064519E-02,-2.110530122683));
#3860 = ( GEOMETRIC_REPRESENTATION_CONTEXT(2) 
PARAMETRIC_REPRESENTATION_CONTEXT() REPRESENTATION_CONTEXT('2D SPACE',''
  ) );
#3861 = ORIENTED_EDGE('',*,*,#3862,.F.);
#3862 = EDGE_CURVE('',#3863,#3834,#3865,.T.);
#3863 = VERTEX_POINT('',#3864);
#3864 = CARTESIAN_POINT('',(44.429285785729,-3.5,26.623162919683));
#3865 = SURFACE_CURVE('',#3866,(#3941,#4019),.PCURVE_S1.);
#3866 = B_SPLINE_CURVE_WITH_KNOTS('',7,(#3867,#3868,#3869,#3870,#3871,
    #3872,#3873,#3874,#3875,#3876,#3877,#3878,#3879,#3880,#3881,#3882,
    #3883,#3884,#3885,#3886,#3887,#3888,#3889,#3890,#3891,#3892,#3893,
    #3894,#3895,#3896,#3897,#3898,#3899,#3900,#3901,#3902,#3903,#3904,
    #3905,#3906,#3907,#3908,#3909,#3910,#3911,#3912,#3913,#3914,#3915,
    #3916,#3917,#3918,#3919,#3920,#3921,#3922,#3923,#3924,#3925,#3926,
    #3927,#3928,#3929,#3930,#3931,#3932,#3933,#3934,#3935,#3936,#3937,
    #3938,#3939,#3940),.UNSPECIFIED.,.F.,.F.,(8,6,6,6,6,6,6,6,6,6,6,6,8)
  ,(0.,8.871265417274E-02,0.143377897866,0.217609495322,0.295827675031,
    0.39022471817,0.499476128122,0.578198779161,0.6498654702,
    0.703839070303,0.782049729832,0.853549824444,1.),.UNSPECIFIED.);
#3867 = CARTESIAN_POINT('',(52.080559254328,2.889469877317,
    24.57023892098));
#3868 = CARTESIAN_POINT('',(51.908838922548,3.131976295017,
    24.620251665446));
#3869 = CARTESIAN_POINT('',(51.717429021458,3.366636861947,
    24.675790210739));
#3870 = CARTESIAN_POINT('',(51.506107504769,3.591618661516,
    24.736833263627));
#3871 = CARTESIAN_POINT('',(51.274761649261,3.804931548614,
    24.80331170731));
#3872 = CARTESIAN_POINT('',(51.023426156848,4.00439516158,
    24.875097521884));
#3873 = CARTESIAN_POINT('',(50.752325993516,4.187603653208,
    24.951994745154));
#3874 = CARTESIAN_POINT('',(50.282976578236,4.453121179423,
    25.08409972858));
#3875 = CARTESIAN_POINT('',(50.096694425186,4.547171659546,
    25.136306576783));
#3876 = CARTESIAN_POINT('',(49.903523985484,4.633221988954,
    25.190194400069));
#3877 = CARTESIAN_POINT('',(49.70398977004,4.710519576557,
    25.245584096912));
#3878 = CARTESIAN_POINT('',(49.498686658083,4.778379890239,
    25.30227986042));
#3879 = CARTESIAN_POINT('',(49.288272234066,4.836189514745,
    25.360072956168));
#3880 = CARTESIAN_POINT('',(48.78175786804,4.947530269656,
    25.498418732268));
#3881 = CARTESIAN_POINT('',(48.482024141746,4.992106473552,
    25.579692149712));
#3882 = CARTESIAN_POINT('',(48.177157784294,5.015563105245,
    25.661715988068));
#3883 = CARTESIAN_POINT('',(47.870259813094,5.017062450641,
    25.743618643608));
#3884 = CARTESIAN_POINT('',(47.564507930891,4.996503921483,
    25.824549885605));
#3885 = CARTESIAN_POINT('',(47.26302795294,4.954524427661,
    25.903715372677));
#3886 = CARTESIAN_POINT('',(46.658690860065,4.827142513827,
    26.061208027538));
#3887 = CARTESIAN_POINT('',(46.357471214981,4.739706573633,
    26.139042473412));
#3888 = CARTESIAN_POINT('',(46.067137040472,4.631737099745,
    26.213444929542));
#3889 = CARTESIAN_POINT('',(45.789502689684,4.505052538992,
    26.284035325412));
#3890 = CARTESIAN_POINT('',(45.526121898264,4.361729070015,
    26.350515154605));
#3891 = CARTESIAN_POINT('',(45.278247634657,4.204085810703,
    26.412668228314));
#3892 = CARTESIAN_POINT('',(44.767461335785,3.830211813605,
    26.539988049692));
#3893 = CARTESIAN_POINT('',(44.511352877351,3.608102141983,
    26.603291240523));
#3894 = CARTESIAN_POINT('',(44.278447296627,3.371318845852,
    26.660436889315));
#3895 = CARTESIAN_POINT('',(44.068531420073,3.122429399595,
    26.711618033823));
#3896 = CARTESIAN_POINT('',(43.881258384618,2.863657298827,
    26.757037401045));
#3897 = CARTESIAN_POINT('',(43.71620529784,2.596944946669,
    26.796893404024));
#3898 = CARTESIAN_POINT('',(43.40710527462,2.008132438808,26.87127097912
    ));
#3899 = CARTESIAN_POINT('',(43.270295671506,1.683626954051,
    26.904003534349));
#3900 = CARTESIAN_POINT('',(43.161720734925,1.352779587989,
    26.929872930811));
#3901 = CARTESIAN_POINT('',(43.080746152528,1.01746498848,
    26.949113382009));
#3902 = CARTESIAN_POINT('',(43.026918578484,0.679276883943,
    26.961885774615));
#3903 = CARTESIAN_POINT('',(43.,0.339653362543,26.968273085249));
#3904 = CARTESIAN_POINT('',(43.,-0.24474204173,26.968273085249));
#3905 = CARTESIAN_POINT('',(43.013976388881,-0.489477458518,
    26.964956765122));
#3906 = CARTESIAN_POINT('',(43.04192765569,-0.733673504387,
    26.958324336053));
#3907 = CARTESIAN_POINT('',(43.083916267967,-0.976790988142,
    26.948353985204));
#3908 = CARTESIAN_POINT('',(43.140064177688,-1.218260755499,
    26.935002423323));
#3909 = CARTESIAN_POINT('',(43.210548327212,-1.457460171217,
    26.918205432362));
#3910 = CARTESIAN_POINT('',(43.373021093713,-1.908745641024,
    26.879373317151));
#3911 = CARTESIAN_POINT('',(43.462521549462,-2.121355459879,
    26.85794127626));
#3912 = CARTESIAN_POINT('',(43.56426699345,-2.330976593995,
    26.833518848532));
#3913 = CARTESIAN_POINT('',(43.678454847667,-2.537005223142,
    26.806030007944));
#3914 = CARTESIAN_POINT('',(43.805300085428,-2.738758825405,
    26.775387989272));
#3915 = CARTESIAN_POINT('',(43.945024831679,-2.935458831931,
    26.741497133012));
#3916 = CARTESIAN_POINT('',(44.212942081278,-3.269874224289,
    26.676206741487));
#3917 = CARTESIAN_POINT('',(44.33548449489,-3.410187041267,
    26.646253147033));
#3918 = CARTESIAN_POINT('',(44.465529720921,-3.546712729048,
    26.614359553459));
#3919 = CARTESIAN_POINT('',(44.603110848862,-3.678981593653,
    26.580494385308));
#3920 = CARTESIAN_POINT('',(44.748239284194,-3.806493013521,
    26.544629121697));
#3921 = CARTESIAN_POINT('',(44.90090449166,-3.92871520234,
    26.506738532846));
#3922 = CARTESIAN_POINT('',(45.293167621674,-4.213711048463,
    26.408929155208));
#3923 = CARTESIAN_POINT('',(45.541644590072,-4.37050282775,
    26.346602948772));
#3924 = CARTESIAN_POINT('',(45.805573476396,-4.512907747797,
    26.279960169433));
#3925 = CARTESIAN_POINT('',(46.083680596394,-4.638607223624,
    26.209222485686));
#3926 = CARTESIAN_POINT('',(46.374391023236,-4.745531754961,
    26.134694356744));
#3927 = CARTESIAN_POINT('',(46.675869861842,-4.831876033993,
    26.0567620269));
#3928 = CARTESIAN_POINT('',(47.269642210188,-4.954840375992,
    25.901961709989));
#3929 = CARTESIAN_POINT('',(47.559800878635,-4.994945524385,
    25.825759505082));
#3930 = CARTESIAN_POINT('',(47.853906394665,-5.015221399908,
    25.747924998215));
#3931 = CARTESIAN_POINT('',(48.149168969627,-5.015095456178,
    25.669167192001));
#3932 = CARTESIAN_POINT('',(48.442752052288,-4.994630609519,
    25.590243502761));
#3933 = CARTESIAN_POINT('',(48.731878992556,-4.954525350048,
    25.511931303205));
#3934 = CARTESIAN_POINT('',(49.591661140032,-4.776473026929,
    25.277402492684));
#3935 = CARTESIAN_POINT('',(50.132743096953,-4.581479301079,
    25.127479438035));
#3936 = CARTESIAN_POINT('',(50.628697269854,-4.323309185141,
    24.988060891733));
#3937 = CARTESIAN_POINT('',(51.073862541613,-4.013647314088,
    24.861373590239));
#3938 = CARTESIAN_POINT('',(51.464786116966,-3.663966081285,
    24.749023193167));
#3939 = CARTESIAN_POINT('',(51.800082018705,-3.28556467257,
    24.651926605649));
#3940 = CARTESIAN_POINT('',(52.080559254328,-2.889469877317,
    24.57023892098));
#3941 = PCURVE('',#2214,#3942);
#3942 = DEFINITIONAL_REPRESENTATION('',(#3943),#4018);
#3943 = B_SPLINE_CURVE_WITH_KNOTS('',7,(#3944,#3945,#3946,#3947,#3948,
    #3949,#3950,#3951,#3952,#3953,#3954,#3955,#3956,#3957,#3958,#3959,
    #3960,#3961,#3962,#3963,#3964,#3965,#3966,#3967,#3968,#3969,#3970,
    #3971,#3972,#3973,#3974,#3975,#3976,#3977,#3978,#3979,#3980,#3981,
    #3982,#3983,#3984,#3985,#3986,#3987,#3988,#3989,#3990,#3991,#3992,
    #3993,#3994,#3995,#3996,#3997,#3998,#3999,#4000,#4001,#4002,#4003,
    #4004,#4005,#4006,#4007,#4008,#4009,#4010,#4011,#4012,#4013,#4014,
    #4015,#4016,#4017),.UNSPECIFIED.,.F.,.F.,(8,6,6,6,6,6,6,6,6,6,6,6,8)
  ,(0.,8.871265417274E-02,0.143377897866,0.217609495322,0.295827675031,
    0.39022471817,0.499476128122,0.578198779161,0.6498654702,
    0.703839070303,0.782049729832,0.853549824444,1.),.UNSPECIFIED.);
#3944 = CARTESIAN_POINT('',(0.616145767038,23.57023892098));
#3945 = CARTESIAN_POINT('',(0.675575468357,23.620251665446));
#3946 = CARTESIAN_POINT('',(0.736000304154,23.675790210739));
#3947 = CARTESIAN_POINT('',(0.79748930936,23.736833263627));
#3948 = CARTESIAN_POINT('',(0.860125777692,23.80331170731));
#3949 = CARTESIAN_POINT('',(0.924004849605,23.875097521884));
#3950 = CARTESIAN_POINT('',(0.989238616125,23.951994745154));
#3951 = CARTESIAN_POINT('',(1.097088220733,24.08409972858));
#3952 = CARTESIAN_POINT('',(1.138777170974,24.136306576783));
#3953 = CARTESIAN_POINT('',(1.180990984003,24.190194400069));
#3954 = CARTESIAN_POINT('',(1.223691867302,24.245584096912));
#3955 = CARTESIAN_POINT('',(1.266847833278,24.30227986042));
#3956 = CARTESIAN_POINT('',(1.31043169145,24.360072956168));
#3957 = CARTESIAN_POINT('',(1.414153158215,24.498418732268));
#3958 = CARTESIAN_POINT('',(1.474616064179,24.579692149712));
#3959 = CARTESIAN_POINT('',(1.535522926421,24.661715988068));
#3960 = CARTESIAN_POINT('',(1.596618162893,24.743618643608));
#3961 = CARTESIAN_POINT('',(1.657657295108,24.824549885605));
#3962 = CARTESIAN_POINT('',(1.718388526959,24.903715372677));
#3963 = CARTESIAN_POINT('',(1.841911718919,25.061208027538));
#3964 = CARTESIAN_POINT('',(1.904467287703,25.139042473412));
#3965 = CARTESIAN_POINT('',(1.966154773769,25.213444929542));
#3966 = CARTESIAN_POINT('',(2.026912324153,25.284035325412));
#3967 = CARTESIAN_POINT('',(2.086657800007,25.350515154605));
#3968 = CARTESIAN_POINT('',(2.145283362231,25.412668228314));
#3969 = CARTESIAN_POINT('',(2.271882636924,25.539988049692));
#3970 = CARTESIAN_POINT('',(2.33945268133,25.603291240523));
#3971 = CARTESIAN_POINT('',(2.405553087524,25.660436889315));
#3972 = CARTESIAN_POINT('',(2.470341087849,25.711618033823));
#3973 = CARTESIAN_POINT('',(2.533956629905,25.757037401045));
#3974 = CARTESIAN_POINT('',(2.596530328846,25.796893404024));
#3975 = CARTESIAN_POINT('',(2.729533034649,25.87127097912));
#3976 = CARTESIAN_POINT('',(2.799715396926,25.904003534349));
#3977 = CARTESIAN_POINT('',(2.868988900211,25.929872930811));
#3978 = CARTESIAN_POINT('',(2.937587930245,25.949113382009));
#3979 = CARTESIAN_POINT('',(3.005737159522,25.961885774615));
#3980 = CARTESIAN_POINT('',(3.073661981081,25.968273085249));
#3981 = CARTESIAN_POINT('',(3.190541061936,25.968273085249));
#3982 = CARTESIAN_POINT('',(3.239488106093,25.964956765122));
#3983 = CARTESIAN_POINT('',(3.288518923853,25.958324336053));
#3984 = CARTESIAN_POINT('',(3.337717084757,25.948353985204));
#3985 = CARTESIAN_POINT('',(3.387166497122,25.935002423323));
#3986 = CARTESIAN_POINT('',(3.436953315057,25.918205432362));
#3987 = CARTESIAN_POINT('',(3.532881616431,25.879373317151));
#3988 = CARTESIAN_POINT('',(3.578953057641,25.85794127626));
#3989 = CARTESIAN_POINT('',(3.625447959616,25.833518848532));
#3990 = CARTESIAN_POINT('',(3.672432713879,25.806030007944));
#3991 = CARTESIAN_POINT('',(3.719976029793,25.775387989272));
#3992 = CARTESIAN_POINT('',(3.768150651374,25.741497133012));
#3993 = CARTESIAN_POINT('',(3.853850898113,25.676206741487));
#3994 = CARTESIAN_POINT('',(3.891075486891,25.646253147033));
#3995 = CARTESIAN_POINT('',(3.92872877632,25.614359553459));
#3996 = CARTESIAN_POINT('',(3.966831102439,25.580494385308));
#3997 = CARTESIAN_POINT('',(4.005404572205,25.544629121697));
#3998 = CARTESIAN_POINT('',(4.044474434258,25.506738532846));
#3999 = CARTESIAN_POINT('',(4.14144721301,25.408929155208));
#4000 = CARTESIAN_POINT('',(4.20008340859,25.346602948772));
#4001 = CARTESIAN_POINT('',(4.259837588476,25.279960169433));
#4002 = CARTESIAN_POINT('',(4.320599655692,25.209222485686));
#4003 = CARTESIAN_POINT('',(4.382285291937,25.134694356744));
#4004 = CARTESIAN_POINT('',(4.444830385284,25.0567620269));
#4005 = CARTESIAN_POINT('',(4.566104592116,24.901961709989));
#4006 = CARTESIAN_POINT('',(4.62455713464,24.825759505082));
#4007 = CARTESIAN_POINT('',(4.683295851737,24.747924998215));
#4008 = CARTESIAN_POINT('',(4.742094593701,24.669167192001));
#4009 = CARTESIAN_POINT('',(4.800733574216,24.590243502761));
#4010 = CARTESIAN_POINT('',(4.858984064591,24.511931303205));
#4011 = CARTESIAN_POINT('',(5.034589072593,24.277402492684));
#4012 = CARTESIAN_POINT('',(5.148465634345,24.127479438035));
#4013 = CARTESIAN_POINT('',(5.258748728834,23.988060891733));
#4014 = CARTESIAN_POINT('',(5.365701277277,23.861373590239));
#4015 = CARTESIAN_POINT('',(5.469454294667,23.749023193167));
#4016 = CARTESIAN_POINT('',(5.569970787903,23.651926605649));
#4017 = CARTESIAN_POINT('',(5.667039540141,23.57023892098));
#4018 = ( GEOMETRIC_REPRESENTATION_CONTEXT(2) 
PARAMETRIC_REPRESENTATION_CONTEXT() REPRESENTATION_CONTEXT('2D SPACE',''
  ) );
#4019 = PCURVE('',#62,#4020);
#4020 = DEFINITIONAL_REPRESENTATION('',(#4021),#4096);
#4021 = B_SPLINE_CURVE_WITH_KNOTS('',7,(#4022,#4023,#4024,#4025,#4026,
    #4027,#4028,#4029,#4030,#4031,#4032,#4033,#4034,#4035,#4036,#4037,
    #4038,#4039,#4040,#4041,#4042,#4043,#4044,#4045,#4046,#4047,#4048,
    #4049,#4050,#4051,#4052,#4053,#4054,#4055,#4056,#4057,#4058,#4059,
    #4060,#4061,#4062,#4063,#4064,#4065,#4066,#4067,#4068,#4069,#4070,
    #4071,#4072,#4073,#4074,#4075,#4076,#4077,#4078,#4079,#4080,#4081,
    #4082,#4083,#4084,#4085,#4086,#4087,#4088,#4089,#4090,#4091,#4092,
    #4093,#4094,#4095),.UNSPECIFIED.,.F.,.F.,(8,6,6,6,6,6,6,6,6,6,6,6,8)
  ,(0.,8.871265417274E-02,0.143377897866,0.217609495322,0.295827675031,
    0.39022471817,0.499476128122,0.578198779161,0.6498654702,
    0.703839070303,0.782049729832,0.853549824444,1.),.UNSPECIFIED.);
#4022 = CARTESIAN_POINT('',(1.075095064519E-02,-7.889469877317));
#4023 = CARTESIAN_POINT('',(1.171124648651E-02,-8.131976295017));
#4024 = CARTESIAN_POINT('',(1.278133716981E-02,-8.366636861947));
#4025 = CARTESIAN_POINT('',(1.396233683258E-02,-8.591618661516));
#4026 = CARTESIAN_POINT('',(1.52547256715E-02,-8.804931548614));
#4027 = CARTESIAN_POINT('',(1.665813796787E-02,-9.00439516158));
#4028 = CARTESIAN_POINT('',(1.817112872213E-02,-9.187603653208));
#4029 = CARTESIAN_POINT('',(2.07890428452E-02,-9.453121179423));
#4030 = CARTESIAN_POINT('',(2.182775117135E-02,-9.547171659546));
#4031 = CARTESIAN_POINT('',(2.290450717714E-02,-9.633221988954));
#4032 = CARTESIAN_POINT('',(2.40163417557E-02,-9.710519576557));
#4033 = CARTESIAN_POINT('',(2.515989838302E-02,-9.778379890239));
#4034 = CARTESIAN_POINT('',(2.633147810948E-02,-9.836189514745));
#4035 = CARTESIAN_POINT('',(2.915063491172E-02,-9.947530269656));
#4036 = CARTESIAN_POINT('',(3.08180524389E-02,-9.992106473552));
#4037 = CARTESIAN_POINT('',(3.251312246854E-02,-10.01556310524));
#4038 = CARTESIAN_POINT('',(3.421855941763E-02,-10.01706245064));
#4039 = CARTESIAN_POINT('',(3.591671052295E-02,-9.996503921483));
#4040 = CARTESIAN_POINT('',(3.759026866867E-02,-9.954524427661));
#4041 = CARTESIAN_POINT('',(4.094340490198E-02,-9.827142513827));
#4042 = CARTESIAN_POINT('',(4.261380814647E-02,-9.739706573633));
#4043 = CARTESIAN_POINT('',(4.422301652904E-02,-9.631737099745));
#4044 = CARTESIAN_POINT('',(4.576109453213E-02,-9.505052538992));
#4045 = CARTESIAN_POINT('',(4.721956834297E-02,-9.361729070015));
#4046 = CARTESIAN_POINT('',(4.859163556883E-02,-9.204085810703));
#4047 = CARTESIAN_POINT('',(5.141802599232E-02,-8.830211813605));
#4048 = CARTESIAN_POINT('',(5.283448453101E-02,-8.608102141983));
#4049 = CARTESIAN_POINT('',(5.4122072466E-02,-8.371318845852));
#4050 = CARTESIAN_POINT('',(5.528215251227E-02,-8.122429399595));
#4051 = CARTESIAN_POINT('',(5.631679393107E-02,-7.863657298827));
#4052 = CARTESIAN_POINT('',(5.722845540102E-02,-7.596944946669));
#4053 = CARTESIAN_POINT('',(5.89354229588E-02,-7.008132438808));
#4054 = CARTESIAN_POINT('',(5.969070205389E-02,-6.683626954051));
#4055 = CARTESIAN_POINT('',(6.02899729784E-02,-6.352779587989));
#4056 = CARTESIAN_POINT('',(6.07368404557E-02,-6.01746498848));
#4057 = CARTESIAN_POINT('',(6.103387219311E-02,-5.679276883943));
#4058 = CARTESIAN_POINT('',(6.118241448312E-02,-5.339653362543));
#4059 = CARTESIAN_POINT('',(6.118241448312E-02,-4.75525795827));
#4060 = CARTESIAN_POINT('',(6.110528992779E-02,-4.510522541482));
#4061 = CARTESIAN_POINT('',(6.095104893919E-02,-4.266326495613));
#4062 = CARTESIAN_POINT('',(6.07193381823E-02,-4.023209011858));
#4063 = CARTESIAN_POINT('',(6.040946691299E-02,-3.781739244501));
#4064 = CARTESIAN_POINT('',(6.002043102611E-02,-3.542539828783));
#4065 = CARTESIAN_POINT('',(5.912352421205E-02,-3.091254358976));
#4066 = CARTESIAN_POINT('',(5.862939928825E-02,-2.878644540121));
#4067 = CARTESIAN_POINT('',(5.806759800459E-02,-2.669023406005));
#4068 = CARTESIAN_POINT('',(5.743699425726E-02,-2.462994776858));
#4069 = CARTESIAN_POINT('',(5.673635652507E-02,-2.261241174595));
#4070 = CARTESIAN_POINT('',(5.596440422843E-02,-2.064541168069));
#4071 = CARTESIAN_POINT('',(5.448382423323E-02,-1.730125775711));
#4072 = CARTESIAN_POINT('',(5.380650814385E-02,-1.589812958733));
#4073 = CARTESIAN_POINT('',(5.308758729011E-02,-1.453287270952));
#4074 = CARTESIAN_POINT('',(5.232684826045E-02,-1.321018406347));
#4075 = CARTESIAN_POINT('',(5.152419430445E-02,-1.193506986479));
#4076 = CARTESIAN_POINT('',(5.067964687542E-02,-1.07128479766));
#4077 = CARTESIAN_POINT('',(4.850905107014E-02,-0.786288951537));
#4078 = CARTESIAN_POINT('',(4.713361893501E-02,-0.62949717225));
#4079 = CARTESIAN_POINT('',(4.567207772231E-02,-0.487092252203));
#4080 = CARTESIAN_POINT('',(4.413134478475E-02,-0.361392776376));
#4081 = CARTESIAN_POINT('',(4.252001199667E-02,-0.254468245039));
#4082 = CARTESIAN_POINT('',(4.084812987757E-02,-0.168123966007));
#4083 = CARTESIAN_POINT('',(3.755352919592E-02,-4.515962400769E-02));
#4084 = CARTESIAN_POINT('',(3.594280399929E-02,-5.054475615267E-03));
#4085 = CARTESIAN_POINT('',(3.430935583156E-02,1.522139990846E-02));
#4086 = CARTESIAN_POINT('',(3.266863142547E-02,1.509545617778E-02));
#4087 = CARTESIAN_POINT('',(3.103638631919E-02,-5.36939048102E-03));
#4088 = CARTESIAN_POINT('',(2.942809374419E-02,-4.547464995154E-02));
#4089 = CARTESIAN_POINT('',(2.464315241161E-02,-0.223526973071));
#4090 = CARTESIAN_POINT('',(2.162858186188E-02,-0.418520698921));
#4091 = CARTESIAN_POINT('',(1.886255559599E-02,-0.676690814859));
#4092 = CARTESIAN_POINT('',(1.637752012E-02,-0.986352685912));
#4093 = CARTESIAN_POINT('',(1.419364630053E-02,-1.336033918715));
#4094 = CARTESIAN_POINT('',(1.231943773208E-02,-1.71443532743));
#4095 = CARTESIAN_POINT('',(1.075095064519E-02,-2.110530122683));
#4096 = ( GEOMETRIC_REPRESENTATION_CONTEXT(2) 
PARAMETRIC_REPRESENTATION_CONTEXT() REPRESENTATION_CONTEXT('2D SPACE',''
  ) );
#4097 = ORIENTED_EDGE('',*,*,#4098,.F.);
#4098 = EDGE_CURVE('',#4099,#3863,#4101,.T.);
#4099 = VERTEX_POINT('',#4100);
#4100 = CARTESIAN_POINT('',(44.429285785729,3.5,26.623162919683));
#4101 = SURFACE_CURVE('',#4102,(#4129,#4159),.PCURVE_S1.);
#4102 = B_SPLINE_CURVE_WITH_KNOTS('',5,(#4103,#4104,#4105,#4106,#4107,
    #4108,#4109,#4110,#4111,#4112,#4113,#4114,#4115,#4116,#4117,#4118,
    #4119,#4120,#4121,#4122,#4123,#4124,#4125,#4126,#4127,#4128),
  .UNSPECIFIED.,.F.,.F.,(6,4,4,4,4,4,6),(0.,0.135800403642,
    0.236352736258,0.500000601872,0.760842782862,0.861478212603,1.),
  .UNSPECIFIED.);
#4103 = CARTESIAN_POINT('',(44.429286373846,3.5000006,26.623162775219));
#4104 = CARTESIAN_POINT('',(44.269892944669,3.337386830882,
    26.662315827017));
#4105 = CARTESIAN_POINT('',(44.122237933995,3.168231334938,
    26.698399302848));
#4106 = CARTESIAN_POINT('',(43.986175684278,2.993536301618,
    26.731504037429));
#4107 = CARTESIAN_POINT('',(43.861534947968,2.814172267041,
    26.761717481721));
#4108 = CARTESIAN_POINT('',(43.664145739444,2.495163107047,
    26.809416602954));
#4109 = CARTESIAN_POINT('',(43.58631925746,2.357282201565,
    26.828171863621));
#4110 = CARTESIAN_POINT('',(43.514556876238,2.217523540802,
    26.845425269077));
#4111 = CARTESIAN_POINT('',(43.448778444009,2.076139623423,
    26.861208768973));
#4112 = CARTESIAN_POINT('',(43.231931611958,1.558954030115,
    26.91315476686));
#4113 = CARTESIAN_POINT('',(43.115584498614,1.174903501428,
    26.940846256234));
#4114 = CARTESIAN_POINT('',(43.038532181878,0.785155517956,
    26.95913022396));
#4115 = CARTESIAN_POINT('',(43.,0.392591488373,26.968273085249));
#4116 = CARTESIAN_POINT('',(43.,-0.388413613083,26.968273085249));
#4117 = CARTESIAN_POINT('',(43.037716455062,-0.776802156487,
    26.959323781389));
#4118 = CARTESIAN_POINT('',(43.113138328624,-1.162460487824,
    26.941426718716));
#4119 = CARTESIAN_POINT('',(43.227005107539,-1.542600646247,
    26.91432726899));
#4120 = CARTESIAN_POINT('',(43.439861630477,-2.056481750762,
    26.863347477827));
#4121 = CARTESIAN_POINT('',(43.505033661535,-2.198156287216,
    26.847712933757));
#4122 = CARTESIAN_POINT('',(43.57619296502,-2.338222709319,
    26.830608609325));
#4123 = CARTESIAN_POINT('',(43.653419605604,-2.476429727319,
    26.8120026804));
#4124 = CARTESIAN_POINT('',(43.851568772418,-2.799779779487,
    26.764133031141));
#4125 = CARTESIAN_POINT('',(43.978007905163,-2.983024764974,
    26.733491116012));
#4126 = CARTESIAN_POINT('',(44.11632323909,-3.161447275552,
    26.699844635815));
#4127 = CARTESIAN_POINT('',(44.266697491694,-3.334126817875,
    26.663100751066));
#4128 = CARTESIAN_POINT('',(44.429286373846,-3.5000006,26.623162775219)
  );
#4129 = PCURVE('',#2214,#4130);
#4130 = DEFINITIONAL_REPRESENTATION('',(#4131),#4158);
#4131 = B_SPLINE_CURVE_WITH_KNOTS('',5,(#4132,#4133,#4134,#4135,#4136,
    #4137,#4138,#4139,#4140,#4141,#4142,#4143,#4144,#4145,#4146,#4147,
    #4148,#4149,#4150,#4151,#4152,#4153,#4154,#4155,#4156,#4157),
  .UNSPECIFIED.,.F.,.F.,(6,4,4,4,4,4,6),(0.,0.135800403642,
    0.236352736258,0.500000601872,0.760842782862,0.861478212603,1.),
  .UNSPECIFIED.);
#4132 = CARTESIAN_POINT('',(2.366194988945,25.623162775219));
#4133 = CARTESIAN_POINT('',(2.411735960903,25.662315827017));
#4134 = CARTESIAN_POINT('',(2.456567921229,25.698399302848));
#4135 = CARTESIAN_POINT('',(2.50076474309,25.731504037429));
#4136 = CARTESIAN_POINT('',(2.544386672864,25.761717481721));
#4137 = CARTESIAN_POINT('',(2.619414492718,25.809416602954));
#4138 = CARTESIAN_POINT('',(2.651054845004,25.828171863621));
#4139 = CARTESIAN_POINT('',(2.682443688391,25.845425269077));
#4140 = CARTESIAN_POINT('',(2.713608106029,25.861208768973));
#4141 = CARTESIAN_POINT('',(2.825769326867,25.91315476686));
#4142 = CARTESIAN_POINT('',(2.905602927996,25.940846256234));
#4143 = CARTESIAN_POINT('',(2.984561744946,25.95913022396));
#4144 = CARTESIAN_POINT('',(3.063074355915,25.968273085249));
#4145 = CARTESIAN_POINT('',(3.219275376206,25.968273085249));
#4146 = CARTESIAN_POINT('',(3.29695288587,25.959323781389));
#4147 = CARTESIAN_POINT('',(3.375061914205,25.941426718717));
#4148 = CARTESIAN_POINT('',(3.454017954448,25.91432726899));
#4149 = CARTESIAN_POINT('',(3.565262134329,25.863347477827));
#4150 = CARTESIAN_POINT('',(3.596428372191,25.847712933757));
#4151 = CARTESIAN_POINT('',(3.627817168964,25.830608609325));
#4152 = CARTESIAN_POINT('',(3.659455654412,25.8120026804));
#4153 = CARTESIAN_POINT('',(3.735302433788,25.764133031141));
#4154 = CARTESIAN_POINT('',(3.779763664333,25.733491116012));
#4155 = CARTESIAN_POINT('',(3.824820368642,25.699844635815));
#4156 = CARTESIAN_POINT('',(3.870536359869,25.663100751066));
#4157 = CARTESIAN_POINT('',(3.916990318234,25.623162775219));
#4158 = ( GEOMETRIC_REPRESENTATION_CONTEXT(2) 
PARAMETRIC_REPRESENTATION_CONTEXT() REPRESENTATION_CONTEXT('2D SPACE',''
  ) );
#4159 = PCURVE('',#62,#4160);
#4160 = DEFINITIONAL_REPRESENTATION('',(#4161),#4188);
#4161 = B_SPLINE_CURVE_WITH_KNOTS('',5,(#4162,#4163,#4164,#4165,#4166,
    #4167,#4168,#4169,#4170,#4171,#4172,#4173,#4174,#4175,#4176,#4177,
    #4178,#4179,#4180,#4181,#4182,#4183,#4184,#4185,#4186,#4187),
  .UNSPECIFIED.,.F.,.F.,(6,4,4,4,4,4,6),(0.,0.135800403642,
    0.236352736258,0.500000601872,0.760842782862,0.861478212603,1.),
  .UNSPECIFIED.);
#4162 = CARTESIAN_POINT('',(5.328783974861E-02,-8.5000006));
#4163 = CARTESIAN_POINT('',(5.416908396821E-02,-8.337386830882));
#4164 = CARTESIAN_POINT('',(5.498519111759E-02,-8.168231334938));
#4165 = CARTESIAN_POINT('',(5.573703842999E-02,-7.993536301618));
#4166 = CARTESIAN_POINT('',(5.642563101103E-02,-7.814172267041));
#4167 = CARTESIAN_POINT('',(5.751594344943E-02,-7.495163107047));
#4168 = CARTESIAN_POINT('',(5.794576612752E-02,-7.357282201565));
#4169 = CARTESIAN_POINT('',(5.834204692849E-02,-7.217523540802));
#4170 = CARTESIAN_POINT('',(5.870524451555E-02,-7.076139623423));
#4171 = CARTESIAN_POINT('',(5.990246286136E-02,-6.558954030115));
#4172 = CARTESIAN_POINT('',(6.054459437097E-02,-6.174903501428));
#4173 = CARTESIAN_POINT('',(6.096978616295E-02,-5.785155517956));
#4174 = CARTESIAN_POINT('',(6.118241448312E-02,-5.392591488373));
#4175 = CARTESIAN_POINT('',(6.118241448312E-02,-4.611586386917));
#4176 = CARTESIAN_POINT('',(6.097428751145E-02,-4.223197843513));
#4177 = CARTESIAN_POINT('',(6.055809288632E-02,-3.837539512176));
#4178 = CARTESIAN_POINT('',(5.992965268366E-02,-3.457399353753));
#4179 = CARTESIAN_POINT('',(5.875447787241E-02,-2.943518249238));
#4180 = CARTESIAN_POINT('',(5.839463286883E-02,-2.801843712784));
#4181 = CARTESIAN_POINT('',(5.800168746565E-02,-2.661777290681));
#4182 = CARTESIAN_POINT('',(5.757518361874E-02,-2.523570272681));
#4183 = CARTESIAN_POINT('',(5.648068996219E-02,-2.200220220513));
#4184 = CARTESIAN_POINT('',(5.578217137463E-02,-2.016975235026));
#4185 = CARTESIAN_POINT('',(5.501788224877E-02,-1.838552724448));
#4186 = CARTESIAN_POINT('',(5.41867507847E-02,-1.665873182125));
#4187 = CARTESIAN_POINT('',(5.328783974861E-02,-1.4999994));
#4188 = ( GEOMETRIC_REPRESENTATION_CONTEXT(2) 
PARAMETRIC_REPRESENTATION_CONTEXT() REPRESENTATION_CONTEXT('2D SPACE',''
  ) );
#4189 = ORIENTED_EDGE('',*,*,#4190,.F.);
#4190 = EDGE_CURVE('',#4191,#4099,#4193,.T.);
#4191 = VERTEX_POINT('',#4192);
#4192 = CARTESIAN_POINT('',(51.570714214271,3.5,24.717941082837));
#4193 = SURFACE_CURVE('',#4194,(#4269,#4347),.PCURVE_S1.);
#4194 = B_SPLINE_CURVE_WITH_KNOTS('',7,(#4195,#4196,#4197,#4198,#4199,
    #4200,#4201,#4202,#4203,#4204,#4205,#4206,#4207,#4208,#4209,#4210,
    #4211,#4212,#4213,#4214,#4215,#4216,#4217,#4218,#4219,#4220,#4221,
    #4222,#4223,#4224,#4225,#4226,#4227,#4228,#4229,#4230,#4231,#4232,
    #4233,#4234,#4235,#4236,#4237,#4238,#4239,#4240,#4241,#4242,#4243,
    #4244,#4245,#4246,#4247,#4248,#4249,#4250,#4251,#4252,#4253,#4254,
    #4255,#4256,#4257,#4258,#4259,#4260,#4261,#4262,#4263,#4264,#4265,
    #4266,#4267,#4268),.UNSPECIFIED.,.F.,.F.,(8,6,6,6,6,6,6,6,6,6,6,6,8)
  ,(0.,8.871265417274E-02,0.143377897866,0.217609495322,0.295827675031,
    0.39022471817,0.499476128122,0.578198779161,0.6498654702,
    0.703839070303,0.782049729832,0.853549824444,1.),.UNSPECIFIED.);
#4195 = CARTESIAN_POINT('',(52.080559254328,2.889469877317,
    24.57023892098));
#4196 = CARTESIAN_POINT('',(51.908838922548,3.131976295017,
    24.620251665446));
#4197 = CARTESIAN_POINT('',(51.717429021458,3.366636861947,
    24.675790210739));
#4198 = CARTESIAN_POINT('',(51.506107504769,3.591618661516,
    24.736833263627));
#4199 = CARTESIAN_POINT('',(51.274761649261,3.804931548614,
    24.80331170731));
#4200 = CARTESIAN_POINT('',(51.023426156848,4.00439516158,
    24.875097521884));
#4201 = CARTESIAN_POINT('',(50.752325993516,4.187603653208,
    24.951994745154));
#4202 = CARTESIAN_POINT('',(50.282976578236,4.453121179423,
    25.08409972858));
#4203 = CARTESIAN_POINT('',(50.096694425186,4.547171659546,
    25.136306576783));
#4204 = CARTESIAN_POINT('',(49.903523985484,4.633221988954,
    25.190194400069));
#4205 = CARTESIAN_POINT('',(49.70398977004,4.710519576557,
    25.245584096912));
#4206 = CARTESIAN_POINT('',(49.498686658083,4.778379890239,
    25.30227986042));
#4207 = CARTESIAN_POINT('',(49.288272234066,4.836189514745,
    25.360072956168));
#4208 = CARTESIAN_POINT('',(48.78175786804,4.947530269656,
    25.498418732268));
#4209 = CARTESIAN_POINT('',(48.482024141746,4.992106473552,
    25.579692149712));
#4210 = CARTESIAN_POINT('',(48.177157784294,5.015563105245,
    25.661715988068));
#4211 = CARTESIAN_POINT('',(47.870259813094,5.017062450641,
    25.743618643608));
#4212 = CARTESIAN_POINT('',(47.564507930891,4.996503921483,
    25.824549885605));
#4213 = CARTESIAN_POINT('',(47.26302795294,4.954524427661,
    25.903715372677));
#4214 = CARTESIAN_POINT('',(46.658690860065,4.827142513827,
    26.061208027538));
#4215 = CARTESIAN_POINT('',(46.357471214981,4.739706573633,
    26.139042473412));
#4216 = CARTESIAN_POINT('',(46.067137040472,4.631737099745,
    26.213444929542));
#4217 = CARTESIAN_POINT('',(45.789502689684,4.505052538992,
    26.284035325412));
#4218 = CARTESIAN_POINT('',(45.526121898264,4.361729070015,
    26.350515154605));
#4219 = CARTESIAN_POINT('',(45.278247634657,4.204085810703,
    26.412668228314));
#4220 = CARTESIAN_POINT('',(44.767461335785,3.830211813605,
    26.539988049692));
#4221 = CARTESIAN_POINT('',(44.511352877351,3.608102141983,
    26.603291240523));
#4222 = CARTESIAN_POINT('',(44.278447296627,3.371318845852,
    26.660436889315));
#4223 = CARTESIAN_POINT('',(44.068531420073,3.122429399595,
    26.711618033823));
#4224 = CARTESIAN_POINT('',(43.881258384618,2.863657298827,
    26.757037401045));
#4225 = CARTESIAN_POINT('',(43.71620529784,2.596944946669,
    26.796893404024));
#4226 = CARTESIAN_POINT('',(43.40710527462,2.008132438808,26.87127097912
    ));
#4227 = CARTESIAN_POINT('',(43.270295671506,1.683626954051,
    26.904003534349));
#4228 = CARTESIAN_POINT('',(43.161720734925,1.352779587989,
    26.929872930811));
#4229 = CARTESIAN_POINT('',(43.080746152528,1.01746498848,
    26.949113382009));
#4230 = CARTESIAN_POINT('',(43.026918578484,0.679276883943,
    26.961885774615));
#4231 = CARTESIAN_POINT('',(43.,0.339653362543,26.968273085249));
#4232 = CARTESIAN_POINT('',(43.,-0.24474204173,26.968273085249));
#4233 = CARTESIAN_POINT('',(43.013976388881,-0.489477458518,
    26.964956765122));
#4234 = CARTESIAN_POINT('',(43.04192765569,-0.733673504387,
    26.958324336053));
#4235 = CARTESIAN_POINT('',(43.083916267967,-0.976790988142,
    26.948353985204));
#4236 = CARTESIAN_POINT('',(43.140064177688,-1.218260755499,
    26.935002423323));
#4237 = CARTESIAN_POINT('',(43.210548327212,-1.457460171217,
    26.918205432362));
#4238 = CARTESIAN_POINT('',(43.373021093713,-1.908745641024,
    26.879373317151));
#4239 = CARTESIAN_POINT('',(43.462521549462,-2.121355459879,
    26.85794127626));
#4240 = CARTESIAN_POINT('',(43.56426699345,-2.330976593995,
    26.833518848532));
#4241 = CARTESIAN_POINT('',(43.678454847667,-2.537005223142,
    26.806030007944));
#4242 = CARTESIAN_POINT('',(43.805300085428,-2.738758825405,
    26.775387989272));
#4243 = CARTESIAN_POINT('',(43.945024831679,-2.935458831931,
    26.741497133012));
#4244 = CARTESIAN_POINT('',(44.212942081278,-3.269874224289,
    26.676206741487));
#4245 = CARTESIAN_POINT('',(44.33548449489,-3.410187041267,
    26.646253147033));
#4246 = CARTESIAN_POINT('',(44.465529720921,-3.546712729048,
    26.614359553459));
#4247 = CARTESIAN_POINT('',(44.603110848862,-3.678981593653,
    26.580494385308));
#4248 = CARTESIAN_POINT('',(44.748239284194,-3.806493013521,
    26.544629121697));
#4249 = CARTESIAN_POINT('',(44.90090449166,-3.92871520234,
    26.506738532846));
#4250 = CARTESIAN_POINT('',(45.293167621674,-4.213711048463,
    26.408929155208));
#4251 = CARTESIAN_POINT('',(45.541644590072,-4.37050282775,
    26.346602948772));
#4252 = CARTESIAN_POINT('',(45.805573476396,-4.512907747797,
    26.279960169433));
#4253 = CARTESIAN_POINT('',(46.083680596394,-4.638607223624,
    26.209222485686));
#4254 = CARTESIAN_POINT('',(46.374391023236,-4.745531754961,
    26.134694356744));
#4255 = CARTESIAN_POINT('',(46.675869861842,-4.831876033993,
    26.0567620269));
#4256 = CARTESIAN_POINT('',(47.269642210188,-4.954840375992,
    25.901961709989));
#4257 = CARTESIAN_POINT('',(47.559800878635,-4.994945524385,
    25.825759505082));
#4258 = CARTESIAN_POINT('',(47.853906394665,-5.015221399908,
    25.747924998215));
#4259 = CARTESIAN_POINT('',(48.149168969627,-5.015095456178,
    25.669167192001));
#4260 = CARTESIAN_POINT('',(48.442752052288,-4.994630609519,
    25.590243502761));
#4261 = CARTESIAN_POINT('',(48.731878992556,-4.954525350048,
    25.511931303205));
#4262 = CARTESIAN_POINT('',(49.591661140032,-4.776473026929,
    25.277402492684));
#4263 = CARTESIAN_POINT('',(50.132743096953,-4.581479301079,
    25.127479438035));
#4264 = CARTESIAN_POINT('',(50.628697269854,-4.323309185141,
    24.988060891733));
#4265 = CARTESIAN_POINT('',(51.073862541613,-4.013647314088,
    24.861373590239));
#4266 = CARTESIAN_POINT('',(51.464786116966,-3.663966081285,
    24.749023193167));
#4267 = CARTESIAN_POINT('',(51.800082018705,-3.28556467257,
    24.651926605649));
#4268 = CARTESIAN_POINT('',(52.080559254328,-2.889469877317,
    24.57023892098));
#4269 = PCURVE('',#2214,#4270);
#4270 = DEFINITIONAL_REPRESENTATION('',(#4271),#4346);
#4271 = B_SPLINE_CURVE_WITH_KNOTS('',7,(#4272,#4273,#4274,#4275,#4276,
    #4277,#4278,#4279,#4280,#4281,#4282,#4283,#4284,#4285,#4286,#4287,
    #4288,#4289,#4290,#4291,#4292,#4293,#4294,#4295,#4296,#4297,#4298,
    #4299,#4300,#4301,#4302,#4303,#4304,#4305,#4306,#4307,#4308,#4309,
    #4310,#4311,#4312,#4313,#4314,#4315,#4316,#4317,#4318,#4319,#4320,
    #4321,#4322,#4323,#4324,#4325,#4326,#4327,#4328,#4329,#4330,#4331,
    #4332,#4333,#4334,#4335,#4336,#4337,#4338,#4339,#4340,#4341,#4342,
    #4343,#4344,#4345),.UNSPECIFIED.,.F.,.F.,(8,6,6,6,6,6,6,6,6,6,6,6,8)
  ,(0.,8.871265417274E-02,0.143377897866,0.217609495322,0.295827675031,
    0.39022471817,0.499476128122,0.578198779161,0.6498654702,
    0.703839070303,0.782049729832,0.853549824444,1.),.UNSPECIFIED.);
#4272 = CARTESIAN_POINT('',(0.616145767038,23.57023892098));
#4273 = CARTESIAN_POINT('',(0.675575468357,23.620251665446));
#4274 = CARTESIAN_POINT('',(0.736000304154,23.675790210739));
#4275 = CARTESIAN_POINT('',(0.79748930936,23.736833263627));
#4276 = CARTESIAN_POINT('',(0.860125777692,23.80331170731));
#4277 = CARTESIAN_POINT('',(0.924004849605,23.875097521884));
#4278 = CARTESIAN_POINT('',(0.989238616125,23.951994745154));
#4279 = CARTESIAN_POINT('',(1.097088220733,24.08409972858));
#4280 = CARTESIAN_POINT('',(1.138777170974,24.136306576783));
#4281 = CARTESIAN_POINT('',(1.180990984003,24.190194400069));
#4282 = CARTESIAN_POINT('',(1.223691867302,24.245584096912));
#4283 = CARTESIAN_POINT('',(1.266847833278,24.30227986042));
#4284 = CARTESIAN_POINT('',(1.31043169145,24.360072956168));
#4285 = CARTESIAN_POINT('',(1.414153158215,24.498418732268));
#4286 = CARTESIAN_POINT('',(1.474616064179,24.579692149712));
#4287 = CARTESIAN_POINT('',(1.535522926421,24.661715988068));
#4288 = CARTESIAN_POINT('',(1.596618162893,24.743618643608));
#4289 = CARTESIAN_POINT('',(1.657657295108,24.824549885605));
#4290 = CARTESIAN_POINT('',(1.718388526959,24.903715372677));
#4291 = CARTESIAN_POINT('',(1.841911718919,25.061208027538));
#4292 = CARTESIAN_POINT('',(1.904467287703,25.139042473412));
#4293 = CARTESIAN_POINT('',(1.966154773769,25.213444929542));
#4294 = CARTESIAN_POINT('',(2.026912324153,25.284035325412));
#4295 = CARTESIAN_POINT('',(2.086657800007,25.350515154605));
#4296 = CARTESIAN_POINT('',(2.145283362231,25.412668228314));
#4297 = CARTESIAN_POINT('',(2.271882636924,25.539988049692));
#4298 = CARTESIAN_POINT('',(2.33945268133,25.603291240523));
#4299 = CARTESIAN_POINT('',(2.405553087524,25.660436889315));
#4300 = CARTESIAN_POINT('',(2.470341087849,25.711618033823));
#4301 = CARTESIAN_POINT('',(2.533956629905,25.757037401045));
#4302 = CARTESIAN_POINT('',(2.596530328846,25.796893404024));
#4303 = CARTESIAN_POINT('',(2.729533034649,25.87127097912));
#4304 = CARTESIAN_POINT('',(2.799715396926,25.904003534349));
#4305 = CARTESIAN_POINT('',(2.868988900211,25.929872930811));
#4306 = CARTESIAN_POINT('',(2.937587930245,25.949113382009));
#4307 = CARTESIAN_POINT('',(3.005737159522,25.961885774615));
#4308 = CARTESIAN_POINT('',(3.073661981081,25.968273085249));
#4309 = CARTESIAN_POINT('',(3.190541061936,25.968273085249));
#4310 = CARTESIAN_POINT('',(3.239488106093,25.964956765122));
#4311 = CARTESIAN_POINT('',(3.288518923853,25.958324336053));
#4312 = CARTESIAN_POINT('',(3.337717084757,25.948353985204));
#4313 = CARTESIAN_POINT('',(3.387166497122,25.935002423323));
#4314 = CARTESIAN_POINT('',(3.436953315057,25.918205432362));
#4315 = CARTESIAN_POINT('',(3.532881616431,25.879373317151));
#4316 = CARTESIAN_POINT('',(3.578953057641,25.85794127626));
#4317 = CARTESIAN_POINT('',(3.625447959616,25.833518848532));
#4318 = CARTESIAN_POINT('',(3.672432713879,25.806030007944));
#4319 = CARTESIAN_POINT('',(3.719976029793,25.775387989272));
#4320 = CARTESIAN_POINT('',(3.768150651374,25.741497133012));
#4321 = CARTESIAN_POINT('',(3.853850898113,25.676206741487));
#4322 = CARTESIAN_POINT('',(3.891075486891,25.646253147033));
#4323 = CARTESIAN_POINT('',(3.92872877632,25.614359553459));
#4324 = CARTESIAN_POINT('',(3.966831102439,25.580494385308));
#4325 = CARTESIAN_POINT('',(4.005404572205,25.544629121697));
#4326 = CARTESIAN_POINT('',(4.044474434258,25.506738532846));
#4327 = CARTESIAN_POINT('',(4.14144721301,25.408929155208));
#4328 = CARTESIAN_POINT('',(4.20008340859,25.346602948772));
#4329 = CARTESIAN_POINT('',(4.259837588476,25.279960169433));
#4330 = CARTESIAN_POINT('',(4.320599655692,25.209222485686));
#4331 = CARTESIAN_POINT('',(4.382285291937,25.134694356744));
#4332 = CARTESIAN_POINT('',(4.444830385284,25.0567620269));
#4333 = CARTESIAN_POINT('',(4.566104592116,24.901961709989));
#4334 = CARTESIAN_POINT('',(4.62455713464,24.825759505082));
#4335 = CARTESIAN_POINT('',(4.683295851737,24.747924998215));
#4336 = CARTESIAN_POINT('',(4.742094593701,24.669167192001));
#4337 = CARTESIAN_POINT('',(4.800733574216,24.590243502761));
#4338 = CARTESIAN_POINT('',(4.858984064591,24.511931303205));
#4339 = CARTESIAN_POINT('',(5.034589072593,24.277402492684));
#4340 = CARTESIAN_POINT('',(5.148465634345,24.127479438035));
#4341 = CARTESIAN_POINT('',(5.258748728834,23.988060891733));
#4342 = CARTESIAN_POINT('',(5.365701277277,23.861373590239));
#4343 = CARTESIAN_POINT('',(5.469454294667,23.749023193167));
#4344 = CARTESIAN_POINT('',(5.569970787903,23.651926605649));
#4345 = CARTESIAN_POINT('',(5.667039540141,23.57023892098));
#4346 = ( GEOMETRIC_REPRESENTATION_CONTEXT(2) 
PARAMETRIC_REPRESENTATION_CONTEXT() REPRESENTATION_CONTEXT('2D SPACE',''
  ) );
#4347 = PCURVE('',#62,#4348);
#4348 = DEFINITIONAL_REPRESENTATION('',(#4349),#4424);
#4349 = B_SPLINE_CURVE_WITH_KNOTS('',7,(#4350,#4351,#4352,#4353,#4354,
    #4355,#4356,#4357,#4358,#4359,#4360,#4361,#4362,#4363,#4364,#4365,
    #4366,#4367,#4368,#4369,#4370,#4371,#4372,#4373,#4374,#4375,#4376,
    #4377,#4378,#4379,#4380,#4381,#4382,#4383,#4384,#4385,#4386,#4387,
    #4388,#4389,#4390,#4391,#4392,#4393,#4394,#4395,#4396,#4397,#4398,
    #4399,#4400,#4401,#4402,#4403,#4404,#4405,#4406,#4407,#4408,#4409,
    #4410,#4411,#4412,#4413,#4414,#4415,#4416,#4417,#4418,#4419,#4420,
    #4421,#4422,#4423),.UNSPECIFIED.,.F.,.F.,(8,6,6,6,6,6,6,6,6,6,6,6,8)
  ,(0.,8.871265417274E-02,0.143377897866,0.217609495322,0.295827675031,
    0.39022471817,0.499476128122,0.578198779161,0.6498654702,
    0.703839070303,0.782049729832,0.853549824444,1.),.UNSPECIFIED.);
#4350 = CARTESIAN_POINT('',(1.075095064519E-02,-7.889469877317));
#4351 = CARTESIAN_POINT('',(1.171124648651E-02,-8.131976295017));
#4352 = CARTESIAN_POINT('',(1.278133716981E-02,-8.366636861947));
#4353 = CARTESIAN_POINT('',(1.396233683258E-02,-8.591618661516));
#4354 = CARTESIAN_POINT('',(1.52547256715E-02,-8.804931548614));
#4355 = CARTESIAN_POINT('',(1.665813796787E-02,-9.00439516158));
#4356 = CARTESIAN_POINT('',(1.817112872213E-02,-9.187603653208));
#4357 = CARTESIAN_POINT('',(2.07890428452E-02,-9.453121179423));
#4358 = CARTESIAN_POINT('',(2.182775117135E-02,-9.547171659546));
#4359 = CARTESIAN_POINT('',(2.290450717714E-02,-9.633221988954));
#4360 = CARTESIAN_POINT('',(2.40163417557E-02,-9.710519576557));
#4361 = CARTESIAN_POINT('',(2.515989838302E-02,-9.778379890239));
#4362 = CARTESIAN_POINT('',(2.633147810948E-02,-9.836189514745));
#4363 = CARTESIAN_POINT('',(2.915063491172E-02,-9.947530269656));
#4364 = CARTESIAN_POINT('',(3.08180524389E-02,-9.992106473552));
#4365 = CARTESIAN_POINT('',(3.251312246854E-02,-10.01556310524));
#4366 = CARTESIAN_POINT('',(3.421855941763E-02,-10.01706245064));
#4367 = CARTESIAN_POINT('',(3.591671052295E-02,-9.996503921483));
#4368 = CARTESIAN_POINT('',(3.759026866867E-02,-9.954524427661));
#4369 = CARTESIAN_POINT('',(4.094340490198E-02,-9.827142513827));
#4370 = CARTESIAN_POINT('',(4.261380814647E-02,-9.739706573633));
#4371 = CARTESIAN_POINT('',(4.422301652904E-02,-9.631737099745));
#4372 = CARTESIAN_POINT('',(4.576109453213E-02,-9.505052538992));
#4373 = CARTESIAN_POINT('',(4.721956834297E-02,-9.361729070015));
#4374 = CARTESIAN_POINT('',(4.859163556883E-02,-9.204085810703));
#4375 = CARTESIAN_POINT('',(5.141802599232E-02,-8.830211813605));
#4376 = CARTESIAN_POINT('',(5.283448453101E-02,-8.608102141983));
#4377 = CARTESIAN_POINT('',(5.4122072466E-02,-8.371318845852));
#4378 = CARTESIAN_POINT('',(5.528215251227E-02,-8.122429399595));
#4379 = CARTESIAN_POINT('',(5.631679393107E-02,-7.863657298827));
#4380 = CARTESIAN_POINT('',(5.722845540102E-02,-7.596944946669));
#4381 = CARTESIAN_POINT('',(5.89354229588E-02,-7.008132438808));
#4382 = CARTESIAN_POINT('',(5.969070205389E-02,-6.683626954051));
#4383 = CARTESIAN_POINT('',(6.02899729784E-02,-6.352779587989));
#4384 = CARTESIAN_POINT('',(6.07368404557E-02,-6.01746498848));
#4385 = CARTESIAN_POINT('',(6.103387219311E-02,-5.679276883943));
#4386 = CARTESIAN_POINT('',(6.118241448312E-02,-5.339653362543));
#4387 = CARTESIAN_POINT('',(6.118241448312E-02,-4.75525795827));
#4388 = CARTESIAN_POINT('',(6.110528992779E-02,-4.510522541482));
#4389 = CARTESIAN_POINT('',(6.095104893919E-02,-4.266326495613));
#4390 = CARTESIAN_POINT('',(6.07193381823E-02,-4.023209011858));
#4391 = CARTESIAN_POINT('',(6.040946691299E-02,-3.781739244501));
#4392 = CARTESIAN_POINT('',(6.002043102611E-02,-3.542539828783));
#4393 = CARTESIAN_POINT('',(5.912352421205E-02,-3.091254358976));
#4394 = CARTESIAN_POINT('',(5.862939928825E-02,-2.878644540121));
#4395 = CARTESIAN_POINT('',(5.806759800459E-02,-2.669023406005));
#4396 = CARTESIAN_POINT('',(5.743699425726E-02,-2.462994776858));
#4397 = CARTESIAN_POINT('',(5.673635652507E-02,-2.261241174595));
#4398 = CARTESIAN_POINT('',(5.596440422843E-02,-2.064541168069));
#4399 = CARTESIAN_POINT('',(5.448382423323E-02,-1.730125775711));
#4400 = CARTESIAN_POINT('',(5.380650814385E-02,-1.589812958733));
#4401 = CARTESIAN_POINT('',(5.308758729011E-02,-1.453287270952));
#4402 = CARTESIAN_POINT('',(5.232684826045E-02,-1.321018406347));
#4403 = CARTESIAN_POINT('',(5.152419430445E-02,-1.193506986479));
#4404 = CARTESIAN_POINT('',(5.067964687542E-02,-1.07128479766));
#4405 = CARTESIAN_POINT('',(4.850905107014E-02,-0.786288951537));
#4406 = CARTESIAN_POINT('',(4.713361893501E-02,-0.62949717225));
#4407 = CARTESIAN_POINT('',(4.567207772231E-02,-0.487092252203));
#4408 = CARTESIAN_POINT('',(4.413134478475E-02,-0.361392776376));
#4409 = CARTESIAN_POINT('',(4.252001199667E-02,-0.254468245039));
#4410 = CARTESIAN_POINT('',(4.084812987757E-02,-0.168123966007));
#4411 = CARTESIAN_POINT('',(3.755352919592E-02,-4.515962400769E-02));
#4412 = CARTESIAN_POINT('',(3.594280399929E-02,-5.054475615267E-03));
#4413 = CARTESIAN_POINT('',(3.430935583156E-02,1.522139990846E-02));
#4414 = CARTESIAN_POINT('',(3.266863142547E-02,1.509545617778E-02));
#4415 = CARTESIAN_POINT('',(3.103638631919E-02,-5.36939048102E-03));
#4416 = CARTESIAN_POINT('',(2.942809374419E-02,-4.547464995154E-02));
#4417 = CARTESIAN_POINT('',(2.464315241161E-02,-0.223526973071));
#4418 = CARTESIAN_POINT('',(2.162858186188E-02,-0.418520698921));
#4419 = CARTESIAN_POINT('',(1.886255559599E-02,-0.676690814859));
#4420 = CARTESIAN_POINT('',(1.637752012E-02,-0.986352685912));
#4421 = CARTESIAN_POINT('',(1.419364630053E-02,-1.336033918715));
#4422 = CARTESIAN_POINT('',(1.231943773208E-02,-1.71443532743));
#4423 = CARTESIAN_POINT('',(1.075095064519E-02,-2.110530122683));
#4424 = ( GEOMETRIC_REPRESENTATION_CONTEXT(2) 
PARAMETRIC_REPRESENTATION_CONTEXT() REPRESENTATION_CONTEXT('2D SPACE',''
  ) );
#4425 = ORIENTED_EDGE('',*,*,#4426,.F.);
#4426 = EDGE_CURVE('',#2238,#4191,#4427,.T.);
#4427 = SURFACE_CURVE('',#4428,(#4434,#4443),.PCURVE_S1.);
#4428 = B_SPLINE_CURVE_WITH_KNOTS('',4,(#4429,#4430,#4431,#4432,#4433),
  .UNSPECIFIED.,.F.,.F.,(5,5),(0.,1.),.PIECEWISE_BEZIER_KNOTS.);
#4429 = CARTESIAN_POINT('',(52.080559254328,2.889469877317,
    24.57023892098));
#4430 = CARTESIAN_POINT('',(51.967668008467,3.048896844058,
    24.603117968983));
#4431 = CARTESIAN_POINT('',(51.845147398546,3.204313268191,
    24.63869843672));
#4432 = CARTESIAN_POINT('',(51.712860658834,3.354981668715,
    24.676980710079));
#4433 = CARTESIAN_POINT('',(51.570713626154,3.5000006,24.717941252307));
#4434 = PCURVE('',#2214,#4435);
#4435 = DEFINITIONAL_REPRESENTATION('',(#4436),#4442);
#4436 = B_SPLINE_CURVE_WITH_KNOTS('',4,(#4437,#4438,#4439,#4440,#4441),
  .UNSPECIFIED.,.F.,.F.,(5,5),(0.,1.),.PIECEWISE_BEZIER_KNOTS.);
#4437 = CARTESIAN_POINT('',(0.616145767038,23.57023892098));
#4438 = CARTESIAN_POINT('',(0.655215648592,23.603117968983));
#4439 = CARTESIAN_POINT('',(0.694744099019,23.63869843672));
#4440 = CARTESIAN_POINT('',(0.734784233698,23.676980710079));
#4441 = CARTESIAN_POINT('',(0.775397664644,23.717941252307));
#4442 = ( GEOMETRIC_REPRESENTATION_CONTEXT(2) 
PARAMETRIC_REPRESENTATION_CONTEXT() REPRESENTATION_CONTEXT('2D SPACE',''
  ) );
#4443 = PCURVE('',#62,#4444);
#4444 = DEFINITIONAL_REPRESENTATION('',(#4445),#4451);
#4445 = B_SPLINE_CURVE_WITH_KNOTS('',4,(#4446,#4447,#4448,#4449,#4450),
  .UNSPECIFIED.,.F.,.F.,(5,5),(0.,1.),.PIECEWISE_BEZIER_KNOTS.);
#4446 = CARTESIAN_POINT('',(1.075095064519E-02,-7.889469877317));
#4447 = CARTESIAN_POINT('',(1.138226199195E-02,-8.048896844058));
#4448 = CARTESIAN_POINT('',(1.206726798925E-02,-8.204313268191));
#4449 = CARTESIAN_POINT('',(1.280667482941E-02,-8.354981668715));
#4450 = CARTESIAN_POINT('',(1.360093458166E-02,-8.5000006));
#4451 = ( GEOMETRIC_REPRESENTATION_CONTEXT(2) 
PARAMETRIC_REPRESENTATION_CONTEXT() REPRESENTATION_CONTEXT('2D SPACE',''
  ) );
#4452 = ADVANCED_FACE('',(#4453,#4484),#3819,.T.);
#4453 = FACE_BOUND('',#4454,.T.);
#4454 = EDGE_LOOP('',(#4455));
#4455 = ORIENTED_EDGE('',*,*,#4456,.T.);
#4456 = EDGE_CURVE('',#4457,#4457,#4459,.T.);
#4457 = VERTEX_POINT('',#4458);
#4458 = CARTESIAN_POINT('',(55.,-1.714505518806E-15,2.));
#4459 = SURFACE_CURVE('',#4460,(#4465,#4472),.PCURVE_S1.);
#4460 = CIRCLE('',#4461,7.);
#4461 = AXIS2_PLACEMENT_3D('',#4462,#4463,#4464);
#4462 = CARTESIAN_POINT('',(48.,0.,2.));
#4463 = DIRECTION('',(0.,0.,1.));
#4464 = DIRECTION('',(1.,0.,-0.));
#4465 = PCURVE('',#3819,#4466);
#4466 = DEFINITIONAL_REPRESENTATION('',(#4467),#4471);
#4467 = CIRCLE('',#4468,7.);
#4468 = AXIS2_PLACEMENT_2D('',#4469,#4470);
#4469 = CARTESIAN_POINT('',(0.,0.));
#4470 = DIRECTION('',(1.,0.));
#4471 = ( GEOMETRIC_REPRESENTATION_CONTEXT(2) 
PARAMETRIC_REPRESENTATION_CONTEXT() REPRESENTATION_CONTEXT('2D SPACE',''
  ) );
#4472 = PCURVE('',#4473,#4478);
#4473 = CYLINDRICAL_SURFACE('',#4474,7.);
#4474 = AXIS2_PLACEMENT_3D('',#4475,#4476,#4477);
#4475 = CARTESIAN_POINT('',(48.,0.,0.));
#4476 = DIRECTION('',(0.,0.,1.));
#4477 = DIRECTION('',(1.,0.,-0.));
#4478 = DEFINITIONAL_REPRESENTATION('',(#4479),#4483);
#4479 = LINE('',#4480,#4481);
#4480 = CARTESIAN_POINT('',(0.,2.));
#4481 = VECTOR('',#4482,1.);
#4482 = DIRECTION('',(1.,0.));
#4483 = ( GEOMETRIC_REPRESENTATION_CONTEXT(2) 
PARAMETRIC_REPRESENTATION_CONTEXT() REPRESENTATION_CONTEXT('2D SPACE',''
  ) );
#4484 = FACE_BOUND('',#4485,.T.);
#4485 = EDGE_LOOP('',(#4486));
#4486 = ORIENTED_EDGE('',*,*,#3804,.F.);
#4487 = ADVANCED_FACE('',(#4488),#4473,.T.);
#4488 = FACE_BOUND('',#4489,.T.);
#4489 = EDGE_LOOP('',(#4490,#4491,#4514,#4541));
#4490 = ORIENTED_EDGE('',*,*,#4456,.F.);
#4491 = ORIENTED_EDGE('',*,*,#4492,.F.);
#4492 = EDGE_CURVE('',#4493,#4457,#4495,.T.);
#4493 = VERTEX_POINT('',#4494);
#4494 = CARTESIAN_POINT('',(55.,-1.714505518806E-15,0.));
#4495 = SEAM_CURVE('',#4496,(#4500,#4507),.PCURVE_S1.);
#4496 = LINE('',#4497,#4498);
#4497 = CARTESIAN_POINT('',(55.,-1.714505518806E-15,0.));
#4498 = VECTOR('',#4499,1.);
#4499 = DIRECTION('',(0.,0.,1.));
#4500 = PCURVE('',#4473,#4501);
#4501 = DEFINITIONAL_REPRESENTATION('',(#4502),#4506);
#4502 = LINE('',#4503,#4504);
#4503 = CARTESIAN_POINT('',(0.,-0.));
#4504 = VECTOR('',#4505,1.);
#4505 = DIRECTION('',(0.,1.));
#4506 = ( GEOMETRIC_REPRESENTATION_CONTEXT(2) 
PARAMETRIC_REPRESENTATION_CONTEXT() REPRESENTATION_CONTEXT('2D SPACE',''
  ) );
#4507 = PCURVE('',#4473,#4508);
#4508 = DEFINITIONAL_REPRESENTATION('',(#4509),#4513);
#4509 = LINE('',#4510,#4511);
#4510 = CARTESIAN_POINT('',(6.28318530718,-0.));
#4511 = VECTOR('',#4512,1.);
#4512 = DIRECTION('',(0.,1.));
#4513 = ( GEOMETRIC_REPRESENTATION_CONTEXT(2) 
PARAMETRIC_REPRESENTATION_CONTEXT() REPRESENTATION_CONTEXT('2D SPACE',''
  ) );
#4514 = ORIENTED_EDGE('',*,*,#4515,.T.);
#4515 = EDGE_CURVE('',#4493,#4493,#4516,.T.);
#4516 = SURFACE_CURVE('',#4517,(#4522,#4529),.PCURVE_S1.);
#4517 = CIRCLE('',#4518,7.);
#4518 = AXIS2_PLACEMENT_3D('',#4519,#4520,#4521);
#4519 = CARTESIAN_POINT('',(48.,0.,0.));
#4520 = DIRECTION('',(0.,0.,1.));
#4521 = DIRECTION('',(1.,0.,-0.));
#4522 = PCURVE('',#4473,#4523);
#4523 = DEFINITIONAL_REPRESENTATION('',(#4524),#4528);
#4524 = LINE('',#4525,#4526);
#4525 = CARTESIAN_POINT('',(0.,0.));
#4526 = VECTOR('',#4527,1.);
#4527 = DIRECTION('',(1.,0.));
#4528 = ( GEOMETRIC_REPRESENTATION_CONTEXT(2) 
PARAMETRIC_REPRESENTATION_CONTEXT() REPRESENTATION_CONTEXT('2D SPACE',''
  ) );
#4529 = PCURVE('',#4530,#4535);
#4530 = PLANE('',#4531);
#4531 = AXIS2_PLACEMENT_3D('',#4532,#4533,#4534);
#4532 = CARTESIAN_POINT('',(48.,0.,0.));
#4533 = DIRECTION('',(0.,0.,1.));
#4534 = DIRECTION('',(1.,0.,-0.));
#4535 = DEFINITIONAL_REPRESENTATION('',(#4536),#4540);
#4536 = CIRCLE('',#4537,7.);
#4537 = AXIS2_PLACEMENT_2D('',#4538,#4539);
#4538 = CARTESIAN_POINT('',(0.,0.));
#4539 = DIRECTION('',(1.,0.));
#4540 = ( GEOMETRIC_REPRESENTATION_CONTEXT(2) 
PARAMETRIC_REPRESENTATION_CONTEXT() REPRESENTATION_CONTEXT('2D SPACE',''
  ) );
#4541 = ORIENTED_EDGE('',*,*,#4492,.T.);
#4542 = ADVANCED_FACE('',(#4543),#4530,.F.);
#4543 = FACE_BOUND('',#4544,.T.);
#4544 = EDGE_LOOP('',(#4545));
#4545 = ORIENTED_EDGE('',*,*,#4515,.F.);
#4546 = ADVANCED_FACE('',(#4547),#2072,.T.);
#4547 = FACE_BOUND('',#4548,.T.);
#4548 = EDGE_LOOP('',(#4549,#4550,#4578,#4598));
#4549 = ORIENTED_EDGE('',*,*,#2056,.F.);
#4550 = ORIENTED_EDGE('',*,*,#4551,.T.);
#4551 = EDGE_CURVE('',#2005,#4552,#4554,.T.);
#4552 = VERTEX_POINT('',#4553);
#4553 = CARTESIAN_POINT('',(-52.5,-7.,26.010401919002));
#4554 = SURFACE_CURVE('',#4555,(#4560,#4567),.PCURVE_S1.);
#4555 = CIRCLE('',#4556,187.75);
#4556 = AXIS2_PLACEMENT_3D('',#4557,#4558,#4559);
#4557 = CARTESIAN_POINT('',(0.,-7.,-154.25));
#4558 = DIRECTION('',(-0.,-1.,0.));
#4559 = DIRECTION('',(0.289932885906,-0.,0.957046979866));
#4560 = PCURVE('',#2072,#4561);
#4561 = DEFINITIONAL_REPRESENTATION('',(#4562),#4566);
#4562 = LINE('',#4563,#4564);
#4563 = CARTESIAN_POINT('',(0.,1.570796326795));
#4564 = VECTOR('',#4565,1.);
#4565 = DIRECTION('',(1.,0.));
#4566 = ( GEOMETRIC_REPRESENTATION_CONTEXT(2) 
PARAMETRIC_REPRESENTATION_CONTEXT() REPRESENTATION_CONTEXT('2D SPACE',''
  ) );
#4567 = PCURVE('',#1907,#4568);
#4568 = DEFINITIONAL_REPRESENTATION('',(#4569),#4577);
#4569 = ( BOUNDED_CURVE() B_SPLINE_CURVE(2,(#4570,#4571,#4572,#4573,
#4574,#4575,#4576),.UNSPECIFIED.,.T.,.F.) B_SPLINE_CURVE_WITH_KNOTS((1,2
    ,2,2,2,1),(-2.094395102393,0.,2.094395102393,4.188790204786,
6.28318530718,8.377580409573),.UNSPECIFIED.) CURVE() 
GEOMETRIC_REPRESENTATION_ITEM() RATIONAL_B_SPLINE_CURVE((1.,0.5,1.,0.5,
1.,0.5,1.)) REPRESENTATION_ITEM('') );
#4570 = CARTESIAN_POINT('',(-6.978562052342,54.434899328859));
#4571 = CARTESIAN_POINT('',(87.305449290139,-256.7896381118));
#4572 = CARTESIAN_POINT('',(-229.3649120857,-182.8297183847));
#4573 = CARTESIAN_POINT('',(-546.0352734617,-108.8697986577));
#4574 = CARTESIAN_POINT('',(-323.6489234282,128.39481905591));
#4575 = CARTESIAN_POINT('',(-101.2625733948,365.65943676954));
#4576 = CARTESIAN_POINT('',(-6.978562052342,54.434899328859));
#4577 = ( GEOMETRIC_REPRESENTATION_CONTEXT(2) 
PARAMETRIC_REPRESENTATION_CONTEXT() REPRESENTATION_CONTEXT('2D SPACE',''
  ) );
#4578 = ORIENTED_EDGE('',*,*,#4579,.T.);
#4579 = EDGE_CURVE('',#4552,#695,#4580,.T.);
#4580 = SURFACE_CURVE('',#4581,(#4586,#4592),.PCURVE_S1.);
#4581 = CIRCLE('',#4582,1.5);
#4582 = AXIS2_PLACEMENT_3D('',#4583,#4584,#4585);
#4583 = CARTESIAN_POINT('',(-52.5,-5.5,26.010401919002));
#4584 = DIRECTION('',(0.960108665348,-0.,0.279627163782));
#4585 = DIRECTION('',(0.279627163782,0.,-0.960108665348));
#4586 = PCURVE('',#2072,#4587);
#4587 = DEFINITIONAL_REPRESENTATION('',(#4588),#4591);
#4588 = B_SPLINE_CURVE_WITH_KNOTS('',1,(#4589,#4590),.UNSPECIFIED.,.F.,
  .F.,(2,2),(4.712388980385,6.28318530718),.PIECEWISE_BEZIER_KNOTS.);
#4589 = CARTESIAN_POINT('',(0.577562470908,1.570796326795));
#4590 = CARTESIAN_POINT('',(0.577562470908,3.14159265359));
#4591 = ( GEOMETRIC_REPRESENTATION_CONTEXT(2) 
PARAMETRIC_REPRESENTATION_CONTEXT() REPRESENTATION_CONTEXT('2D SPACE',''
  ) );
#4592 = PCURVE('',#732,#4593);
#4593 = DEFINITIONAL_REPRESENTATION('',(#4594),#4597);
#4594 = B_SPLINE_CURVE_WITH_KNOTS('',1,(#4595,#4596),.UNSPECIFIED.,.F.,
  .F.,(2,2),(4.712388980385,6.28318530718),.PIECEWISE_BEZIER_KNOTS.);
#4595 = CARTESIAN_POINT('',(0.,-1.570796326795));
#4596 = CARTESIAN_POINT('',(0.,0.));
#4597 = ( GEOMETRIC_REPRESENTATION_CONTEXT(2) 
PARAMETRIC_REPRESENTATION_CONTEXT() REPRESENTATION_CONTEXT('2D SPACE',''
  ) );
#4598 = ORIENTED_EDGE('',*,*,#4599,.F.);
#4599 = EDGE_CURVE('',#2057,#695,#4600,.T.);
#4600 = SURFACE_CURVE('',#4601,(#4606,#4613),.PCURVE_S1.);
#4601 = CIRCLE('',#4602,186.25);
#4602 = AXIS2_PLACEMENT_3D('',#4603,#4604,#4605);
#4603 = CARTESIAN_POINT('',(0.,-5.5,-154.25));
#4604 = DIRECTION('',(-0.,-1.,0.));
#4605 = DIRECTION('',(0.289932885906,-0.,0.957046979866));
#4606 = PCURVE('',#2072,#4607);
#4607 = DEFINITIONAL_REPRESENTATION('',(#4608),#4612);
#4608 = LINE('',#4609,#4610);
#4609 = CARTESIAN_POINT('',(0.,3.14159265359));
#4610 = VECTOR('',#4611,1.);
#4611 = DIRECTION('',(1.,0.));
#4612 = ( GEOMETRIC_REPRESENTATION_CONTEXT(2) 
PARAMETRIC_REPRESENTATION_CONTEXT() REPRESENTATION_CONTEXT('2D SPACE',''
  ) );
#4613 = PCURVE('',#62,#4614);
#4614 = DEFINITIONAL_REPRESENTATION('',(#4615),#4619);
#4615 = LINE('',#4616,#4617);
#4616 = CARTESIAN_POINT('',(3.814994554417E-17,0.5));
#4617 = VECTOR('',#4618,1.);
#4618 = DIRECTION('',(1.,0.));
#4619 = ( GEOMETRIC_REPRESENTATION_CONTEXT(2) 
PARAMETRIC_REPRESENTATION_CONTEXT() REPRESENTATION_CONTEXT('2D SPACE',''
  ) );
#4620 = ADVANCED_FACE('',(#4621),#1992,.F.);
#4621 = FACE_BOUND('',#4622,.F.);
#4622 = EDGE_LOOP('',(#4623,#4624,#4625,#4646));
#4623 = ORIENTED_EDGE('',*,*,#2113,.T.);
#4624 = ORIENTED_EDGE('',*,*,#1976,.F.);
#4625 = ORIENTED_EDGE('',*,*,#4626,.F.);
#4626 = EDGE_CURVE('',#3684,#1923,#4627,.T.);
#4627 = SURFACE_CURVE('',#4628,(#4632,#4639),.PCURVE_S1.);
#4628 = LINE('',#4629,#4630);
#4629 = CARTESIAN_POINT('',(54.,5.5,30.883600708618));
#4630 = VECTOR('',#4631,1.);
#4631 = DIRECTION('',(0.,-1.,0.));
#4632 = PCURVE('',#1992,#4633);
#4633 = DEFINITIONAL_REPRESENTATION('',(#4634),#4638);
#4634 = LINE('',#4635,#4636);
#4635 = CARTESIAN_POINT('',(1.116399291382,-12.5));
#4636 = VECTOR('',#4637,1.);
#4637 = DIRECTION('',(0.,1.));
#4638 = ( GEOMETRIC_REPRESENTATION_CONTEXT(2) 
PARAMETRIC_REPRESENTATION_CONTEXT() REPRESENTATION_CONTEXT('2D SPACE',''
  ) );
#4639 = PCURVE('',#1140,#4640);
#4640 = DEFINITIONAL_REPRESENTATION('',(#4641),#4645);
#4641 = LINE('',#4642,#4643);
#4642 = CARTESIAN_POINT('',(1.282657999313,12.5));
#4643 = VECTOR('',#4644,1.);
#4644 = DIRECTION('',(-0.,-1.));
#4645 = ( GEOMETRIC_REPRESENTATION_CONTEXT(2) 
PARAMETRIC_REPRESENTATION_CONTEXT() REPRESENTATION_CONTEXT('2D SPACE',''
  ) );
#4646 = ORIENTED_EDGE('',*,*,#3710,.F.);
#4647 = ADVANCED_FACE('',(#4648),#1907,.F.);
#4648 = FACE_BOUND('',#4649,.F.);
#4649 = EDGE_LOOP('',(#4650,#4651,#4652,#4653));
#4650 = ORIENTED_EDGE('',*,*,#1892,.T.);
#4651 = ORIENTED_EDGE('',*,*,#2031,.T.);
#4652 = ORIENTED_EDGE('',*,*,#4551,.T.);
#4653 = ORIENTED_EDGE('',*,*,#4654,.T.);
#4654 = EDGE_CURVE('',#4552,#1843,#4655,.T.);
#4655 = SURFACE_CURVE('',#4656,(#4660,#4667),.PCURVE_S1.);
#4656 = LINE('',#4657,#4658);
#4657 = CARTESIAN_POINT('',(-52.5,-7.,24.));
#4658 = VECTOR('',#4659,1.);
#4659 = DIRECTION('',(0.,0.,1.));
#4660 = PCURVE('',#1907,#4661);
#4661 = DEFINITIONAL_REPRESENTATION('',(#4662),#4666);
#4662 = LINE('',#4663,#4664);
#4663 = CARTESIAN_POINT('',(-8.41413252214,-52.5));
#4664 = VECTOR('',#4665,1.);
#4665 = DIRECTION('',(1.,0.));
#4666 = ( GEOMETRIC_REPRESENTATION_CONTEXT(2) 
PARAMETRIC_REPRESENTATION_CONTEXT() REPRESENTATION_CONTEXT('2D SPACE',''
  ) );
#4667 = PCURVE('',#4668,#4673);
#4668 = CYLINDRICAL_SURFACE('',#4669,1.5);
#4669 = AXIS2_PLACEMENT_3D('',#4670,#4671,#4672);
#4670 = CARTESIAN_POINT('',(-52.5,-5.5,24.));
#4671 = DIRECTION('',(0.,0.,1.));
#4672 = DIRECTION('',(0.,-1.,0.));
#4673 = DEFINITIONAL_REPRESENTATION('',(#4674),#4678);
#4674 = LINE('',#4675,#4676);
#4675 = CARTESIAN_POINT('',(-0.,0.));
#4676 = VECTOR('',#4677,1.);
#4677 = DIRECTION('',(-0.,1.));
#4678 = ( GEOMETRIC_REPRESENTATION_CONTEXT(2) 
PARAMETRIC_REPRESENTATION_CONTEXT() REPRESENTATION_CONTEXT('2D SPACE',''
  ) );
#4679 = ADVANCED_FACE('',(#4680),#4668,.T.);
#4680 = FACE_BOUND('',#4681,.F.);
#4681 = EDGE_LOOP('',(#4682,#4702,#4723,#4743));
#4682 = ORIENTED_EDGE('',*,*,#4683,.T.);
#4683 = EDGE_CURVE('',#4552,#717,#4684,.T.);
#4684 = SURFACE_CURVE('',#4685,(#4690,#4696),.PCURVE_S1.);
#4685 = CIRCLE('',#4686,1.5);
#4686 = AXIS2_PLACEMENT_3D('',#4687,#4688,#4689);
#4687 = CARTESIAN_POINT('',(-52.5,-5.5,26.010401919002));
#4688 = DIRECTION('',(1.29226185963E-14,0.,-1.));
#4689 = DIRECTION('',(-1.,0.,-1.29226185963E-14));
#4690 = PCURVE('',#4668,#4691);
#4691 = DEFINITIONAL_REPRESENTATION('',(#4692),#4695);
#4692 = B_SPLINE_CURVE_WITH_KNOTS('',1,(#4693,#4694),.UNSPECIFIED.,.F.,
  .F.,(2,2),(4.712388980385,6.28318530718),.PIECEWISE_BEZIER_KNOTS.);
#4693 = CARTESIAN_POINT('',(0.,2.010401919002));
#4694 = CARTESIAN_POINT('',(-1.570796326795,2.010401919002));
#4695 = ( GEOMETRIC_REPRESENTATION_CONTEXT(2) 
PARAMETRIC_REPRESENTATION_CONTEXT() REPRESENTATION_CONTEXT('2D SPACE',''
  ) );
#4696 = PCURVE('',#732,#4697);
#4697 = DEFINITIONAL_REPRESENTATION('',(#4698),#4701);
#4698 = B_SPLINE_CURVE_WITH_KNOTS('',1,(#4699,#4700),.UNSPECIFIED.,.F.,
  .F.,(2,2),(4.712388980385,6.28318530718),.PIECEWISE_BEZIER_KNOTS.);
#4699 = CARTESIAN_POINT('',(1.854202086927,-1.570796326795));
#4700 = CARTESIAN_POINT('',(1.854202086927,0.));
#4701 = ( GEOMETRIC_REPRESENTATION_CONTEXT(2) 
PARAMETRIC_REPRESENTATION_CONTEXT() REPRESENTATION_CONTEXT('2D SPACE',''
  ) );
#4702 = ORIENTED_EDGE('',*,*,#4703,.T.);
#4703 = EDGE_CURVE('',#717,#1041,#4704,.T.);
#4704 = SURFACE_CURVE('',#4705,(#4709,#4716),.PCURVE_S1.);
#4705 = LINE('',#4706,#4707);
#4706 = CARTESIAN_POINT('',(-54.,-5.5,24.));
#4707 = VECTOR('',#4708,1.);
#4708 = DIRECTION('',(0.,0.,1.));
#4709 = PCURVE('',#4668,#4710);
#4710 = DEFINITIONAL_REPRESENTATION('',(#4711),#4715);
#4711 = LINE('',#4712,#4713);
#4712 = CARTESIAN_POINT('',(-1.570796326795,0.));
#4713 = VECTOR('',#4714,1.);
#4714 = DIRECTION('',(-0.,1.));
#4715 = ( GEOMETRIC_REPRESENTATION_CONTEXT(2) 
PARAMETRIC_REPRESENTATION_CONTEXT() REPRESENTATION_CONTEXT('2D SPACE',''
  ) );
#4716 = PCURVE('',#760,#4717);
#4717 = DEFINITIONAL_REPRESENTATION('',(#4718),#4722);
#4718 = LINE('',#4719,#4720);
#4719 = CARTESIAN_POINT('',(0.,0.5));
#4720 = VECTOR('',#4721,1.);
#4721 = DIRECTION('',(1.,0.));
#4722 = ( GEOMETRIC_REPRESENTATION_CONTEXT(2) 
PARAMETRIC_REPRESENTATION_CONTEXT() REPRESENTATION_CONTEXT('2D SPACE',''
  ) );
#4723 = ORIENTED_EDGE('',*,*,#4724,.F.);
#4724 = EDGE_CURVE('',#1843,#1041,#4725,.T.);
#4725 = SURFACE_CURVE('',#4726,(#4731,#4737),.PCURVE_S1.);
#4726 = CIRCLE('',#4727,1.5);
#4727 = AXIS2_PLACEMENT_3D('',#4728,#4729,#4730);
#4728 = CARTESIAN_POINT('',(-52.5,-5.5,30.883600708618));
#4729 = DIRECTION('',(-2.368475785867E-15,0.,-1.));
#4730 = DIRECTION('',(-1.,0.,2.368475785867E-15));
#4731 = PCURVE('',#4668,#4732);
#4732 = DEFINITIONAL_REPRESENTATION('',(#4733),#4736);
#4733 = B_SPLINE_CURVE_WITH_KNOTS('',1,(#4734,#4735),.UNSPECIFIED.,.F.,
  .F.,(2,2),(4.712388980385,6.28318530718),.PIECEWISE_BEZIER_KNOTS.);
#4734 = CARTESIAN_POINT('',(0.,6.883600708618));
#4735 = CARTESIAN_POINT('',(-1.570796326795,6.883600708618));
#4736 = ( GEOMETRIC_REPRESENTATION_CONTEXT(2) 
PARAMETRIC_REPRESENTATION_CONTEXT() REPRESENTATION_CONTEXT('2D SPACE',''
  ) );
#4737 = PCURVE('',#1080,#4738);
#4738 = DEFINITIONAL_REPRESENTATION('',(#4739),#4742);
#4739 = B_SPLINE_CURVE_WITH_KNOTS('',1,(#4740,#4741),.UNSPECIFIED.,.F.,
  .F.,(2,2),(4.712388980385,6.28318530718),.PIECEWISE_BEZIER_KNOTS.);
#4740 = CARTESIAN_POINT('',(0.,-1.570796326795));
#4741 = CARTESIAN_POINT('',(0.,0.));
#4742 = ( GEOMETRIC_REPRESENTATION_CONTEXT(2) 
PARAMETRIC_REPRESENTATION_CONTEXT() REPRESENTATION_CONTEXT('2D SPACE',''
  ) );
#4743 = ORIENTED_EDGE('',*,*,#4654,.F.);
#4744 = ADVANCED_FACE('',(#4745),#1595,.T.);
#4745 = FACE_BOUND('',#4746,.T.);
#4746 = EDGE_LOOP('',(#4747,#4766,#4767,#4794));
#4747 = ORIENTED_EDGE('',*,*,#4748,.T.);
#4748 = EDGE_CURVE('',#1182,#3347,#4749,.T.);
#4749 = SURFACE_CURVE('',#4750,(#4754,#4760),.PCURVE_S1.);
#4750 = ( BOUNDED_CURVE() B_SPLINE_CURVE(2,(#4751,#4752,#4753),
.UNSPECIFIED.,.F.,.F.) B_SPLINE_CURVE_WITH_KNOTS((3,3),(0.,
23.06057950582),.PIECEWISE_BEZIER_KNOTS.) CURVE() 
GEOMETRIC_REPRESENTATION_ITEM() RATIONAL_B_SPLINE_CURVE((1.,
0.707106781186,1.)) REPRESENTATION_ITEM('') );
#4751 = CARTESIAN_POINT('',(-3.181031128291E-15,10.500000000166,40.));
#4752 = CARTESIAN_POINT('',(1.7763568394E-15,12.,40.000000000001));
#4753 = CARTESIAN_POINT('',(0.,12.,38.499999999998));
#4754 = PCURVE('',#1595,#4755);
#4755 = DEFINITIONAL_REPRESENTATION('',(#4756),#4759);
#4756 = B_SPLINE_CURVE_WITH_KNOTS('',1,(#4757,#4758),.UNSPECIFIED.,.F.,
  .F.,(2,2),(0.,23.06057950582),.PIECEWISE_BEZIER_KNOTS.);
#4757 = CARTESIAN_POINT('',(0.,55.615894317629));
#4758 = CARTESIAN_POINT('',(23.046463799926,55.615894317629));
#4759 = ( GEOMETRIC_REPRESENTATION_CONTEXT(2) 
PARAMETRIC_REPRESENTATION_CONTEXT() REPRESENTATION_CONTEXT('2D SPACE',''
  ) );
#4760 = PCURVE('',#1303,#4761);
#4761 = DEFINITIONAL_REPRESENTATION('',(#4762),#4765);
#4762 = B_SPLINE_CURVE_WITH_KNOTS('',1,(#4763,#4764),.UNSPECIFIED.,.F.,
  .F.,(2,2),(0.,23.06057950582),.PIECEWISE_BEZIER_KNOTS.);
#4763 = CARTESIAN_POINT('',(0.,55.615894317629));
#4764 = CARTESIAN_POINT('',(23.06057950582,55.615894317629));
#4765 = ( GEOMETRIC_REPRESENTATION_CONTEXT(2) 
PARAMETRIC_REPRESENTATION_CONTEXT() REPRESENTATION_CONTEXT('2D SPACE',''
  ) );
#4766 = ORIENTED_EDGE('',*,*,#3369,.T.);
#4767 = ORIENTED_EDGE('',*,*,#4768,.F.);
#4768 = EDGE_CURVE('',#1462,#3323,#4769,.T.);
#4769 = SURFACE_CURVE('',#4770,(#4774,#4780),.PCURVE_S1.);
#4770 = ( BOUNDED_CURVE() B_SPLINE_CURVE(2,(#4771,#4772,#4773),
.UNSPECIFIED.,.F.,.F.) B_SPLINE_CURVE_WITH_KNOTS((3,3),(0.,
23.046463799926),.PIECEWISE_BEZIER_KNOTS.) CURVE() 
GEOMETRIC_REPRESENTATION_ITEM() RATIONAL_B_SPLINE_CURVE((1.,
0.707106781187,1.)) REPRESENTATION_ITEM('') );
#4771 = CARTESIAN_POINT('',(-22.1786197564,5.5,38.674772071512));
#4772 = CARTESIAN_POINT('',(-22.1786197564,7.,38.674772071512));
#4773 = CARTESIAN_POINT('',(-22.,7.,37.185445048115));
#4774 = PCURVE('',#1595,#4775);
#4775 = DEFINITIONAL_REPRESENTATION('',(#4776),#4779);
#4776 = B_SPLINE_CURVE_WITH_KNOTS('',1,(#4777,#4778),.UNSPECIFIED.,.F.,
  .F.,(2,2),(0.,23.046463799926),.PIECEWISE_BEZIER_KNOTS.);
#4777 = CARTESIAN_POINT('',(0.,78.662358117555));
#4778 = CARTESIAN_POINT('',(23.046463799926,78.662358117555));
#4779 = ( GEOMETRIC_REPRESENTATION_CONTEXT(2) 
PARAMETRIC_REPRESENTATION_CONTEXT() REPRESENTATION_CONTEXT('2D SPACE',''
  ) );
#4780 = PCURVE('',#999,#4781);
#4781 = DEFINITIONAL_REPRESENTATION('',(#4782),#4793);
#4782 = B_SPLINE_CURVE_WITH_KNOTS('',9,(#4783,#4784,#4785,#4786,#4787,
    #4788,#4789,#4790,#4791,#4792),.UNSPECIFIED.,.F.,.F.,(10,10),(0.,
    23.046463799926),.PIECEWISE_BEZIER_KNOTS.);
#4783 = CARTESIAN_POINT('',(-9.658491794926E-04,-2.22044604925E-16));
#4784 = CARTESIAN_POINT('',(-9.658491794926E-04,0.157134840264));
#4785 = CARTESIAN_POINT('',(-9.658491794926E-04,0.325774716821));
#4786 = CARTESIAN_POINT('',(-9.658491794926E-04,0.504566386871));
#4787 = CARTESIAN_POINT('',(-9.658491794926E-04,0.690744851611));
#4788 = CARTESIAN_POINT('',(-9.658491794926E-04,0.880051475184));
#4789 = CARTESIAN_POINT('',(-9.658491794926E-04,1.066229939924));
#4790 = CARTESIAN_POINT('',(-9.658491794926E-04,1.245021609974));
#4791 = CARTESIAN_POINT('',(-9.658491794926E-04,1.413661486531));
#4792 = CARTESIAN_POINT('',(-9.658491794926E-04,1.570796326795));
#4793 = ( GEOMETRIC_REPRESENTATION_CONTEXT(2) 
PARAMETRIC_REPRESENTATION_CONTEXT() REPRESENTATION_CONTEXT('2D SPACE',''
  ) );
#4794 = ORIENTED_EDGE('',*,*,#1461,.F.);
#4795 = ADVANCED_FACE('',(#4796),#1303,.T.);
#4796 = FACE_BOUND('',#4797,.T.);
#4797 = EDGE_LOOP('',(#4798,#4854,#4855,#4856));
#4798 = ORIENTED_EDGE('',*,*,#4799,.T.);
#4799 = EDGE_CURVE('',#1153,#3494,#4800,.T.);
#4800 = SURFACE_CURVE('',#4801,(#4806,#4848),.PCURVE_S1.);
#4801 = CIRCLE('',#4802,1.5);
#4802 = AXIS2_PLACEMENT_3D('',#4803,#4804,#4805);
#4803 = CARTESIAN_POINT('',(22.,5.5,37.185445048115));
#4804 = DIRECTION('',(-0.992884682263,0.,0.119079837618));
#4805 = DIRECTION('',(0.119079837618,0.,0.992884682263));
#4806 = PCURVE('',#1303,#4807);
#4807 = DEFINITIONAL_REPRESENTATION('',(#4808),#4847);
#4808 = B_SPLINE_CURVE_WITH_KNOTS('',10,(#4809,#4810,#4811,#4812,#4813,
    #4814,#4815,#4816,#4817,#4818,#4819,#4820,#4821,#4822,#4823,#4824,
    #4825,#4826,#4827,#4828,#4829,#4830,#4831,#4832,#4833,#4834,#4835,
    #4836,#4837,#4838,#4839,#4840,#4841,#4842,#4843,#4844,#4845,#4846),
  .UNSPECIFIED.,.F.,.F.,(11,9,9,9,11),(0.,0.392699081699,0.785398163397,
    1.178097245096,1.570796326795),.UNSPECIFIED.);
#4809 = CARTESIAN_POINT('',(1.33226762955E-15,32.555314811809));
#4810 = CARTESIAN_POINT('',(0.64034659519,32.55531481181));
#4811 = CARTESIAN_POINT('',(1.269119730942,32.555314811806));
#4812 = CARTESIAN_POINT('',(1.887359210502,32.555314811815));
#4813 = CARTESIAN_POINT('',(2.496021169151,32.555314811802));
#4814 = CARTESIAN_POINT('',(3.095998635018,32.555314811815));
#4815 = CARTESIAN_POINT('',(3.688126655199,32.555314811805));
#4816 = CARTESIAN_POINT('',(4.273188157011,32.55531481181));
#4817 = CARTESIAN_POINT('',(4.851925641369,32.555314811809));
#4818 = CARTESIAN_POINT('',(5.425052732896,32.555314811809));
#4819 = CARTESIAN_POINT('',(6.561444344323,32.55531481181));
#4820 = CARTESIAN_POINT('',(7.124708924241,32.555314811804));
#4821 = CARTESIAN_POINT('',(7.683724413263,32.555314811819));
#4822 = CARTESIAN_POINT('',(8.239128122967,32.555314811794));
#4823 = CARTESIAN_POINT('',(8.791609006167,32.555314811824));
#4824 = CARTESIAN_POINT('',(9.341640927024,32.555314811798));
#4825 = CARTESIAN_POINT('',(9.890006301015,32.555314811814));
#4826 = CARTESIAN_POINT('',(10.437149451699,32.555314811808));
#4827 = CARTESIAN_POINT('',(10.983720501822,32.555314811808));
#4828 = CARTESIAN_POINT('',(12.076859003998,32.555314811811));
#4829 = CARTESIAN_POINT('',(12.623430054117,32.555314811798));
#4830 = CARTESIAN_POINT('',(13.170573204817,32.555314811835));
#4831 = CARTESIAN_POINT('',(13.718938578774,32.55531481177));
#4832 = CARTESIAN_POINT('',(14.268970499677,32.555314811852));
#4833 = CARTESIAN_POINT('',(14.821451382835,32.555314811774));
#4834 = CARTESIAN_POINT('',(15.376855092567,32.555314811829));
#4835 = CARTESIAN_POINT('',(15.935870581574,32.555314811801));
#4836 = CARTESIAN_POINT('',(16.499135161497,32.55531481181));
#4837 = CARTESIAN_POINT('',(17.635526772924,32.555314811809));
#4838 = CARTESIAN_POINT('',(18.20865386445,32.555314811807));
#4839 = CARTESIAN_POINT('',(18.787391348812,32.555314811813));
#4840 = CARTESIAN_POINT('',(19.372452850615,32.555314811803));
#4841 = CARTESIAN_POINT('',(19.964580870809,32.555314811814));
#4842 = CARTESIAN_POINT('',(20.564558336663,32.555314811806));
#4843 = CARTESIAN_POINT('',(21.173220295322,32.55531481181));
#4844 = CARTESIAN_POINT('',(21.791459774876,32.555314811808));
#4845 = CARTESIAN_POINT('',(22.42023291063,32.555314811809));
#4846 = CARTESIAN_POINT('',(23.06057950582,32.555314811809));
#4847 = ( GEOMETRIC_REPRESENTATION_CONTEXT(2) 
PARAMETRIC_REPRESENTATION_CONTEXT() REPRESENTATION_CONTEXT('2D SPACE',''
  ) );
#4848 = PCURVE('',#1169,#4849);
#4849 = DEFINITIONAL_REPRESENTATION('',(#4850),#4853);
#4850 = B_SPLINE_CURVE_WITH_KNOTS('',1,(#4851,#4852),.UNSPECIFIED.,.F.,
  .F.,(2,2),(0.,1.570796326795),.PIECEWISE_BEZIER_KNOTS.);
#4851 = CARTESIAN_POINT('',(-0.174793636573,0.));
#4852 = CARTESIAN_POINT('',(-0.174793636573,1.570796326795));
#4853 = ( GEOMETRIC_REPRESENTATION_CONTEXT(2) 
PARAMETRIC_REPRESENTATION_CONTEXT() REPRESENTATION_CONTEXT('2D SPACE',''
  ) );
#4854 = ORIENTED_EDGE('',*,*,#3516,.T.);
#4855 = ORIENTED_EDGE('',*,*,#4748,.F.);
#4856 = ORIENTED_EDGE('',*,*,#1181,.F.);
#4857 = ADVANCED_FACE('',(#4858),#1169,.T.);
#4858 = FACE_BOUND('',#4859,.F.);
#4859 = EDGE_LOOP('',(#4860,#4861,#4862,#4863));
#4860 = ORIENTED_EDGE('',*,*,#3734,.T.);
#4861 = ORIENTED_EDGE('',*,*,#1152,.T.);
#4862 = ORIENTED_EDGE('',*,*,#4799,.T.);
#4863 = ORIENTED_EDGE('',*,*,#3656,.F.);
#4864 = ADVANCED_FACE('',(#4865),#1140,.T.);
#4865 = FACE_BOUND('',#4866,.T.);
#4866 = EDGE_LOOP('',(#4867,#4868,#4869,#4870));
#4867 = ORIENTED_EDGE('',*,*,#1122,.T.);
#4868 = ORIENTED_EDGE('',*,*,#1950,.F.);
#4869 = ORIENTED_EDGE('',*,*,#4626,.F.);
#4870 = ORIENTED_EDGE('',*,*,#3755,.F.);
#4871 = ADVANCED_FACE('',(#4872),#1080,.T.);
#4872 = FACE_BOUND('',#4873,.T.);
#4873 = EDGE_LOOP('',(#4874,#4875,#4876));
#4874 = ORIENTED_EDGE('',*,*,#4724,.F.);
#4875 = ORIENTED_EDGE('',*,*,#1842,.T.);
#4876 = ORIENTED_EDGE('',*,*,#1063,.F.);
#4877 = ADVANCED_FACE('',(#4878),#999,.T.);
#4878 = FACE_BOUND('',#4879,.F.);
#4879 = EDGE_LOOP('',(#4880,#4881,#4882,#4883));
#4880 = ORIENTED_EDGE('',*,*,#4768,.F.);
#4881 = ORIENTED_EDGE('',*,*,#1789,.T.);
#4882 = ORIENTED_EDGE('',*,*,#983,.F.);
#4883 = ORIENTED_EDGE('',*,*,#4884,.F.);
#4884 = EDGE_CURVE('',#3323,#927,#4885,.T.);
#4885 = SURFACE_CURVE('',#4886,(#4891,#4898),.PCURVE_S1.);
#4886 = CIRCLE('',#4887,184.75);
#4887 = AXIS2_PLACEMENT_3D('',#4888,#4889,#4890);
#4888 = CARTESIAN_POINT('',(0.,7.,-146.25));
#4889 = DIRECTION('',(0.,-1.,0.));
#4890 = DIRECTION('',(-0.118120805369,0.,0.992999232295));
#4891 = PCURVE('',#999,#4892);
#4892 = DEFINITIONAL_REPRESENTATION('',(#4893),#4897);
#4893 = LINE('',#4894,#4895);
#4894 = CARTESIAN_POINT('',(-0.,1.570796326795));
#4895 = VECTOR('',#4896,1.);
#4896 = DIRECTION('',(-1.,0.));
#4897 = ( GEOMETRIC_REPRESENTATION_CONTEXT(2) 
PARAMETRIC_REPRESENTATION_CONTEXT() REPRESENTATION_CONTEXT('2D SPACE',''
  ) );
#4898 = PCURVE('',#967,#4899);
#4899 = DEFINITIONAL_REPRESENTATION('',(#4900),#4904);
#4900 = CIRCLE('',#4901,184.75);
#4901 = AXIS2_PLACEMENT_2D('',#4902,#4903);
#4902 = CARTESIAN_POINT('',(-22.,146.25));
#4903 = DIRECTION('',(0.118120805369,-0.992999232295));
#4904 = ( GEOMETRIC_REPRESENTATION_CONTEXT(2) 
PARAMETRIC_REPRESENTATION_CONTEXT() REPRESENTATION_CONTEXT('2D SPACE',''
  ) );
#4905 = ADVANCED_FACE('',(#4906),#967,.F.);
#4906 = FACE_BOUND('',#4907,.F.);
#4907 = EDGE_LOOP('',(#4908,#4909,#4910,#4911));
#4908 = ORIENTED_EDGE('',*,*,#3322,.T.);
#4909 = ORIENTED_EDGE('',*,*,#4884,.T.);
#4910 = ORIENTED_EDGE('',*,*,#953,.F.);
#4911 = ORIENTED_EDGE('',*,*,#4912,.F.);
#4912 = EDGE_CURVE('',#3171,#847,#4913,.T.);
#4913 = SURFACE_CURVE('',#4914,(#4919,#4926),.PCURVE_S1.);
#4914 = CIRCLE('',#4915,187.75);
#4915 = AXIS2_PLACEMENT_3D('',#4916,#4917,#4918);
#4916 = CARTESIAN_POINT('',(0.,7.,-154.25));
#4917 = DIRECTION('',(0.,-1.,0.));
#4918 = DIRECTION('',(-0.118120805369,0.,0.992999232295));
#4919 = PCURVE('',#967,#4920);
#4920 = DEFINITIONAL_REPRESENTATION('',(#4921),#4925);
#4921 = CIRCLE('',#4922,187.75);
#4922 = AXIS2_PLACEMENT_2D('',#4923,#4924);
#4923 = CARTESIAN_POINT('',(-22.,154.25));
#4924 = DIRECTION('',(0.118120805369,-0.992999232295));
#4925 = ( GEOMETRIC_REPRESENTATION_CONTEXT(2) 
PARAMETRIC_REPRESENTATION_CONTEXT() REPRESENTATION_CONTEXT('2D SPACE',''
  ) );
#4926 = PCURVE('',#862,#4927);
#4927 = DEFINITIONAL_REPRESENTATION('',(#4928),#4932);
#4928 = LINE('',#4929,#4930);
#4929 = CARTESIAN_POINT('',(-0.,1.570796326795));
#4930 = VECTOR('',#4931,1.);
#4931 = DIRECTION('',(-1.,0.));
#4932 = ( GEOMETRIC_REPRESENTATION_CONTEXT(2) 
PARAMETRIC_REPRESENTATION_CONTEXT() REPRESENTATION_CONTEXT('2D SPACE',''
  ) );
#4933 = ADVANCED_FACE('',(#4934),#862,.T.);
#4934 = FACE_BOUND('',#4935,.F.);
#4935 = EDGE_LOOP('',(#4936,#4937,#4938,#4939));
#4936 = ORIENTED_EDGE('',*,*,#3170,.F.);
#4937 = ORIENTED_EDGE('',*,*,#4912,.T.);
#4938 = ORIENTED_EDGE('',*,*,#846,.T.);
#4939 = ORIENTED_EDGE('',*,*,#4940,.F.);
#4940 = EDGE_CURVE('',#3032,#773,#4941,.T.);
#4941 = SURFACE_CURVE('',#4942,(#4947,#4954),.PCURVE_S1.);
#4942 = CIRCLE('',#4943,186.25);
#4943 = AXIS2_PLACEMENT_3D('',#4944,#4945,#4946);
#4944 = CARTESIAN_POINT('',(0.,5.5,-154.25));
#4945 = DIRECTION('',(0.,-1.,0.));
#4946 = DIRECTION('',(-0.118120805369,0.,0.992999232295));
#4947 = PCURVE('',#862,#4948);
#4948 = DEFINITIONAL_REPRESENTATION('',(#4949),#4953);
#4949 = LINE('',#4950,#4951);
#4950 = CARTESIAN_POINT('',(-0.,3.14159265359));
#4951 = VECTOR('',#4952,1.);
#4952 = DIRECTION('',(-1.,0.));
#4953 = ( GEOMETRIC_REPRESENTATION_CONTEXT(2) 
PARAMETRIC_REPRESENTATION_CONTEXT() REPRESENTATION_CONTEXT('2D SPACE',''
  ) );
#4954 = PCURVE('',#62,#4955);
#4955 = DEFINITIONAL_REPRESENTATION('',(#4956),#4960);
#4956 = LINE('',#4957,#4958);
#4957 = CARTESIAN_POINT('',(0.412553935801,-10.5));
#4958 = VECTOR('',#4959,1.);
#4959 = DIRECTION('',(1.,0.));
#4960 = ( GEOMETRIC_REPRESENTATION_CONTEXT(2) 
PARAMETRIC_REPRESENTATION_CONTEXT() REPRESENTATION_CONTEXT('2D SPACE',''
  ) );
#4961 = ADVANCED_FACE('',(#4962),#760,.F.);
#4962 = FACE_BOUND('',#4963,.F.);
#4963 = EDGE_LOOP('',(#4964,#4965,#4966,#4967));
#4964 = ORIENTED_EDGE('',*,*,#1040,.F.);
#4965 = ORIENTED_EDGE('',*,*,#4703,.F.);
#4966 = ORIENTED_EDGE('',*,*,#744,.T.);
#4967 = ORIENTED_EDGE('',*,*,#903,.T.);
#4968 = ADVANCED_FACE('',(#4969),#732,.T.);
#4969 = FACE_BOUND('',#4970,.T.);
#4970 = EDGE_LOOP('',(#4971,#4972,#4973));
#4971 = ORIENTED_EDGE('',*,*,#4579,.F.);
#4972 = ORIENTED_EDGE('',*,*,#4683,.T.);
#4973 = ORIENTED_EDGE('',*,*,#716,.F.);
#4974 = ADVANCED_FACE('',(#4975),#62,.F.);
#4975 = FACE_BOUND('',#4976,.F.);
#4976 = EDGE_LOOP('',(#4977,#4978,#4979,#4980,#4981,#4982,#4983,#4984,
    #4985,#4986,#4987,#4988,#4989,#4990,#4991,#4992,#4993,#4994,#4995,
    #4996,#4997,#4998));
#4977 = ORIENTED_EDGE('',*,*,#4098,.F.);
#4978 = ORIENTED_EDGE('',*,*,#4190,.F.);
#4979 = ORIENTED_EDGE('',*,*,#4426,.F.);
#4980 = ORIENTED_EDGE('',*,*,#2311,.F.);
#4981 = ORIENTED_EDGE('',*,*,#2591,.T.);
#4982 = ORIENTED_EDGE('',*,*,#2617,.T.);
#4983 = ORIENTED_EDGE('',*,*,#3031,.T.);
#4984 = ORIENTED_EDGE('',*,*,#4940,.T.);
#4985 = ORIENTED_EDGE('',*,*,#800,.F.);
#4986 = ORIENTED_EDGE('',*,*,#822,.F.);
#4987 = ORIENTED_EDGE('',*,*,#438,.F.);
#4988 = ORIENTED_EDGE('',*,*,#467,.F.);
#4989 = ORIENTED_EDGE('',*,*,#21,.F.);
#4990 = ORIENTED_EDGE('',*,*,#134,.F.);
#4991 = ORIENTED_EDGE('',*,*,#184,.F.);
#4992 = ORIENTED_EDGE('',*,*,#312,.F.);
#4993 = ORIENTED_EDGE('',*,*,#672,.F.);
#4994 = ORIENTED_EDGE('',*,*,#694,.F.);
#4995 = ORIENTED_EDGE('',*,*,#4599,.F.);
#4996 = ORIENTED_EDGE('',*,*,#2137,.F.);
#4997 = ORIENTED_EDGE('',*,*,#3833,.F.);
#4998 = ORIENTED_EDGE('',*,*,#3862,.F.);
#4999 = ( GEOMETRIC_REPRESENTATION_CONTEXT(3) 
GLOBAL_UNCERTAINTY_ASSIGNED_CONTEXT((#5003)) 
GLOBAL_UNIT_ASSIGNED_CONTEXT((#5000,#5001,#5002)) REPRESENTATION_CONTEXT
('Context #1','3D Context with UNIT and UNCERTAINTY') );
#5000 = ( LENGTH_UNIT() NAMED_UNIT(*) SI_UNIT(.MILLI.,.METRE.) );
#5001 = ( NAMED_UNIT(*) PLANE_ANGLE_UNIT() SI_UNIT($,.RADIAN.) );
#5002 = ( NAMED_UNIT(*) SI_UNIT($,.STERADIAN.) SOLID_ANGLE_UNIT() );
#5003 = UNCERTAINTY_MEASURE_WITH_UNIT(LENGTH_MEASURE(2.E-05),#5000,
  'distance_accuracy_value','confusion accuracy');
#5004 = PRODUCT_RELATED_PRODUCT_CATEGORY('part',$,(#7));
ENDSEC;
END-ISO-10303-21;
