ISO-10303-21;
HEADER;
FILE_DESCRIPTION(('Open CASCADE Model'),'2;1');
FILE_NAME('Open CASCADE Shape Model','2026-09-08T21:56:15',('Author'),(
    'Open CASCADE'),'Open CASCADE STEP processor 7.9','build123d',
  'Unknown');
FILE_SCHEMA(('AUTOMOTIVE_DESIGN { 1 0 10303 214 1 1 1 1 }'));
ENDSEC;
DATA;
#1 = APPLICATION_PROTOCOL_DEFINITION('international standard',
  'automotive_design',2000,#2);
#2 = APPLICATION_CONTEXT(
  'core data for automotive mechanical design processes');
#3 = SHAPE_DEFINITION_REPRESENTATION(#4,#10);
#4 = PRODUCT_DEFINITION_SHAPE('','',#5);
#5 = PRODUCT_DEFINITION('design','',#6,#9);
#6 = PRODUCT_DEFINITION_FORMATION('','',#7);
#7 = PRODUCT('COMPOUND','COMPOUND','',(#8));
#8 = PRODUCT_CONTEXT('',#2,'mechanical');
#9 = PRODUCT_DEFINITION_CONTEXT('part definition',#2,'design');
#10 = ADVANCED_BREP_SHAPE_REPRESENTATION('',(#11,#15),#1519);
#11 = AXIS2_PLACEMENT_3D('',#12,#13,#14);
#12 = CARTESIAN_POINT('',(0.,0.,0.));
#13 = DIRECTION('',(0.,0.,1.));
#14 = DIRECTION('',(1.,0.,-0.));
#15 = MANIFOLD_SOLID_BREP('',#16);
#16 = CLOSED_SHELL('',(#17,#105,#140,#144,#700,#1360,#1417,#1421,#1425,
    #1460,#1515));
#17 = ADVANCED_FACE('',(#18),#31,.T.);
#18 = FACE_BOUND('',#19,.T.);
#19 = EDGE_LOOP('',(#20,#54,#77,#104));
#20 = ORIENTED_EDGE('',*,*,#21,.F.);
#21 = EDGE_CURVE('',#22,#22,#24,.T.);
#22 = VERTEX_POINT('',#23);
#23 = CARTESIAN_POINT('',(55.,-1.714505518806E-15,2.));
#24 = SURFACE_CURVE('',#25,(#30,#42),.PCURVE_S1.);
#25 = CIRCLE('',#26,7.);
#26 = AXIS2_PLACEMENT_3D('',#27,#28,#29);
#27 = CARTESIAN_POINT('',(48.,0.,2.));
#28 = DIRECTION('',(0.,0.,1.));
#29 = DIRECTION('',(1.,0.,0.));
#30 = PCURVE('',#31,#36);
#31 = CYLINDRICAL_SURFACE('',#32,7.);
#32 = AXIS2_PLACEMENT_3D('',#33,#34,#35);
#33 = CARTESIAN_POINT('',(48.,0.,0.));
#34 = DIRECTION('',(0.,0.,1.));
#35 = DIRECTION('',(1.,0.,0.));
#36 = DEFINITIONAL_REPRESENTATION('',(#37),#41);
#37 = LINE('',#38,#39);
#38 = CARTESIAN_POINT('',(0.,2.));
#39 = VECTOR('',#40,1.);
#40 = DIRECTION('',(1.,0.));
#41 = ( GEOMETRIC_REPRESENTATION_CONTEXT(2) 
PARAMETRIC_REPRESENTATION_CONTEXT() REPRESENTATION_CONTEXT('2D SPACE',''
  ) );
#42 = PCURVE('',#43,#48);
#43 = PLANE('',#44);
#44 = AXIS2_PLACEMENT_3D('',#45,#46,#47);
#45 = CARTESIAN_POINT('',(48.,0.,2.));
#46 = DIRECTION('',(0.,0.,1.));
#47 = DIRECTION('',(1.,0.,0.));
#48 = DEFINITIONAL_REPRESENTATION('',(#49),#53);
#49 = CIRCLE('',#50,7.);
#50 = AXIS2_PLACEMENT_2D('',#51,#52);
#51 = CARTESIAN_POINT('',(0.,0.));
#52 = DIRECTION('',(1.,0.));
#53 = ( GEOMETRIC_REPRESENTATION_CONTEXT(2) 
PARAMETRIC_REPRESENTATION_CONTEXT() REPRESENTATION_CONTEXT('2D SPACE',''
  ) );
#54 = ORIENTED_EDGE('',*,*,#55,.F.);
#55 = EDGE_CURVE('',#56,#22,#58,.T.);
#56 = VERTEX_POINT('',#57);
#57 = CARTESIAN_POINT('',(55.,-1.714505518806E-15,0.));
#58 = SEAM_CURVE('',#59,(#63,#70),.PCURVE_S1.);
#59 = LINE('',#60,#61);
#60 = CARTESIAN_POINT('',(55.,-1.714505518806E-15,0.));
#61 = VECTOR('',#62,1.);
#62 = DIRECTION('',(0.,0.,1.));
#63 = PCURVE('',#31,#64);
#64 = DEFINITIONAL_REPRESENTATION('',(#65),#69);
#65 = LINE('',#66,#67);
#66 = CARTESIAN_POINT('',(0.,-0.));
#67 = VECTOR('',#68,1.);
#68 = DIRECTION('',(0.,1.));
#69 = ( GEOMETRIC_REPRESENTATION_CONTEXT(2) 
PARAMETRIC_REPRESENTATION_CONTEXT() REPRESENTATION_CONTEXT('2D SPACE',''
  ) );
#70 = PCURVE('',#31,#71);
#71 = DEFINITIONAL_REPRESENTATION('',(#72),#76);
#72 = LINE('',#73,#74);
#73 = CARTESIAN_POINT('',(6.28318530718,-0.));
#74 = VECTOR('',#75,1.);
#75 = DIRECTION('',(0.,1.));
#76 = ( GEOMETRIC_REPRESENTATION_CONTEXT(2) 
PARAMETRIC_REPRESENTATION_CONTEXT() REPRESENTATION_CONTEXT('2D SPACE',''
  ) );
#77 = ORIENTED_EDGE('',*,*,#78,.T.);
#78 = EDGE_CURVE('',#56,#56,#79,.T.);
#79 = SURFACE_CURVE('',#80,(#85,#92),.PCURVE_S1.);
#80 = CIRCLE('',#81,7.);
#81 = AXIS2_PLACEMENT_3D('',#82,#83,#84);
#82 = CARTESIAN_POINT('',(48.,0.,0.));
#83 = DIRECTION('',(0.,0.,1.));
#84 = DIRECTION('',(1.,0.,0.));
#85 = PCURVE('',#31,#86);
#86 = DEFINITIONAL_REPRESENTATION('',(#87),#91);
#87 = LINE('',#88,#89);
#88 = CARTESIAN_POINT('',(0.,0.));
#89 = VECTOR('',#90,1.);
#90 = DIRECTION('',(1.,0.));
#91 = ( GEOMETRIC_REPRESENTATION_CONTEXT(2) 
PARAMETRIC_REPRESENTATION_CONTEXT() REPRESENTATION_CONTEXT('2D SPACE',''
  ) );
#92 = PCURVE('',#93,#98);
#93 = PLANE('',#94);
#94 = AXIS2_PLACEMENT_3D('',#95,#96,#97);
#95 = CARTESIAN_POINT('',(48.,0.,0.));
#96 = DIRECTION('',(0.,0.,1.));
#97 = DIRECTION('',(1.,0.,0.));
#98 = DEFINITIONAL_REPRESENTATION('',(#99),#103);
#99 = CIRCLE('',#100,7.);
#100 = AXIS2_PLACEMENT_2D('',#101,#102);
#101 = CARTESIAN_POINT('',(0.,0.));
#102 = DIRECTION('',(1.,0.));
#103 = ( GEOMETRIC_REPRESENTATION_CONTEXT(2) 
PARAMETRIC_REPRESENTATION_CONTEXT() REPRESENTATION_CONTEXT('2D SPACE',''
  ) );
#104 = ORIENTED_EDGE('',*,*,#55,.T.);
#105 = ADVANCED_FACE('',(#106,#109),#43,.T.);
#106 = FACE_BOUND('',#107,.T.);
#107 = EDGE_LOOP('',(#108));
#108 = ORIENTED_EDGE('',*,*,#21,.T.);
#109 = FACE_BOUND('',#110,.T.);
#110 = EDGE_LOOP('',(#111));
#111 = ORIENTED_EDGE('',*,*,#112,.F.);
#112 = EDGE_CURVE('',#113,#113,#115,.T.);
#113 = VERTEX_POINT('',#114);
#114 = CARTESIAN_POINT('',(53.,-1.224646799147E-15,2.));
#115 = SURFACE_CURVE('',#116,(#121,#128),.PCURVE_S1.);
#116 = CIRCLE('',#117,5.);
#117 = AXIS2_PLACEMENT_3D('',#118,#119,#120);
#118 = CARTESIAN_POINT('',(48.,0.,2.));
#119 = DIRECTION('',(0.,0.,1.));
#120 = DIRECTION('',(1.,0.,-0.));
#121 = PCURVE('',#43,#122);
#122 = DEFINITIONAL_REPRESENTATION('',(#123),#127);
#123 = CIRCLE('',#124,5.);
#124 = AXIS2_PLACEMENT_2D('',#125,#126);
#125 = CARTESIAN_POINT('',(0.,0.));
#126 = DIRECTION('',(1.,0.));
#127 = ( GEOMETRIC_REPRESENTATION_CONTEXT(2) 
PARAMETRIC_REPRESENTATION_CONTEXT() REPRESENTATION_CONTEXT('2D SPACE',''
  ) );
#128 = PCURVE('',#129,#134);
#129 = CYLINDRICAL_SURFACE('',#130,5.);
#130 = AXIS2_PLACEMENT_3D('',#131,#132,#133);
#131 = CARTESIAN_POINT('',(48.,0.,2.));
#132 = DIRECTION('',(0.,0.,1.));
#133 = DIRECTION('',(1.,0.,-0.));
#134 = DEFINITIONAL_REPRESENTATION('',(#135),#139);
#135 = LINE('',#136,#137);
#136 = CARTESIAN_POINT('',(0.,0.));
#137 = VECTOR('',#138,1.);
#138 = DIRECTION('',(1.,0.));
#139 = ( GEOMETRIC_REPRESENTATION_CONTEXT(2) 
PARAMETRIC_REPRESENTATION_CONTEXT() REPRESENTATION_CONTEXT('2D SPACE',''
  ) );
#140 = ADVANCED_FACE('',(#141),#93,.F.);
#141 = FACE_BOUND('',#142,.T.);
#142 = EDGE_LOOP('',(#143));
#143 = ORIENTED_EDGE('',*,*,#78,.F.);
#144 = ADVANCED_FACE('',(#145),#129,.T.);
#145 = FACE_BOUND('',#146,.T.);
#146 = EDGE_LOOP('',(#147,#189,#210,#211,#212,#466));
#147 = ORIENTED_EDGE('',*,*,#148,.F.);
#148 = EDGE_CURVE('',#149,#151,#153,.T.);
#149 = VERTEX_POINT('',#150);
#150 = CARTESIAN_POINT('',(53.,-1.224646799147E-15,25.));
#151 = VERTEX_POINT('',#152);
#152 = CARTESIAN_POINT('',(52.814383951596,1.349706326063,
    25.153779611289));
#153 = SURFACE_CURVE('',#154,(#162,#173),.PCURVE_S1.);
#154 = B_SPLINE_CURVE_WITH_KNOTS('',6,(#155,#156,#157,#158,#159,#160,
    #161),.UNSPECIFIED.,.F.,.F.,(7,7),(0.,1.),.PIECEWISE_BEZIER_KNOTS.);
#155 = CARTESIAN_POINT('',(53.,-1.445262005239E-15,25.));
#156 = CARTESIAN_POINT('',(53.,0.234201095416,25.));
#157 = CARTESIAN_POINT('',(52.986835875175,0.467603650729,
    25.010970123259));
#158 = CARTESIAN_POINT('',(52.960676526559,0.698000942175,
    25.032769488958));
#159 = CARTESIAN_POINT('',(52.922254410124,0.923209230282,
    25.064721958843));
#160 = CARTESIAN_POINT('',(52.872862535602,1.141114019045,
    25.105622282685));
#161 = CARTESIAN_POINT('',(52.814383951596,1.349706326063,
    25.153779611289));
#162 = PCURVE('',#129,#163);
#163 = DEFINITIONAL_REPRESENTATION('',(#164),#172);
#164 = B_SPLINE_CURVE_WITH_KNOTS('',6,(#165,#166,#167,#168,#169,#170,
    #171),.UNSPECIFIED.,.F.,.F.,(7,7),(0.,1.),.PIECEWISE_BEZIER_KNOTS.);
#165 = CARTESIAN_POINT('',(0.,23.));
#166 = CARTESIAN_POINT('',(4.684021908323E-02,23.));
#167 = CARTESIAN_POINT('',(9.352073306584E-02,23.010970123259));
#168 = CARTESIAN_POINT('',(0.139785163616,23.032769488958));
#169 = CARTESIAN_POINT('',(0.185375461516,23.064721958843));
#170 = CARTESIAN_POINT('',(0.230005136865,23.105622282685));
#171 = CARTESIAN_POINT('',(0.27333203167,23.153779611289));
#172 = ( GEOMETRIC_REPRESENTATION_CONTEXT(2) 
PARAMETRIC_REPRESENTATION_CONTEXT() REPRESENTATION_CONTEXT('2D SPACE',''
  ) );
#173 = PCURVE('',#174,#179);
#174 = CYLINDRICAL_SURFACE('',#175,6.);
#175 = AXIS2_PLACEMENT_3D('',#176,#177,#178);
#176 = CARTESIAN_POINT('',(-54.,0.,31.));
#177 = DIRECTION('',(1.,-4.994916798925E-17,2.16353616086E-16));
#178 = DIRECTION('',(2.22044604925E-16,0.224951054344,-0.974370064785));
#179 = DEFINITIONAL_REPRESENTATION('',(#180),#188);
#180 = B_SPLINE_CURVE_WITH_KNOTS('',6,(#181,#182,#183,#184,#185,#186,
    #187),.UNSPECIFIED.,.F.,.F.,(7,7),(0.,1.),.PIECEWISE_BEZIER_KNOTS.);
#181 = CARTESIAN_POINT('',(6.05629250442,107.));
#182 = CARTESIAN_POINT('',(6.095326020323,107.));
#183 = CARTESIAN_POINT('',(6.134226458918,106.98683587517));
#184 = CARTESIAN_POINT('',(6.172732997411,106.96067652655));
#185 = CARTESIAN_POINT('',(6.210585360182,106.92225441012));
#186 = CARTESIAN_POINT('',(6.247505450255,106.8728625356));
#187 = CARTESIAN_POINT('',(6.28318530718,106.81438395159));
#188 = ( GEOMETRIC_REPRESENTATION_CONTEXT(2) 
PARAMETRIC_REPRESENTATION_CONTEXT() REPRESENTATION_CONTEXT('2D SPACE',''
  ) );
#189 = ORIENTED_EDGE('',*,*,#190,.F.);
#190 = EDGE_CURVE('',#113,#149,#191,.T.);
#191 = SEAM_CURVE('',#192,(#196,#203),.PCURVE_S1.);
#192 = LINE('',#193,#194);
#193 = CARTESIAN_POINT('',(53.,-1.224646799147E-15,2.));
#194 = VECTOR('',#195,1.);
#195 = DIRECTION('',(0.,0.,1.));
#196 = PCURVE('',#129,#197);
#197 = DEFINITIONAL_REPRESENTATION('',(#198),#202);
#198 = LINE('',#199,#200);
#199 = CARTESIAN_POINT('',(6.28318530718,-0.));
#200 = VECTOR('',#201,1.);
#201 = DIRECTION('',(0.,1.));
#202 = ( GEOMETRIC_REPRESENTATION_CONTEXT(2) 
PARAMETRIC_REPRESENTATION_CONTEXT() REPRESENTATION_CONTEXT('2D SPACE',''
  ) );
#203 = PCURVE('',#129,#204);
#204 = DEFINITIONAL_REPRESENTATION('',(#205),#209);
#205 = LINE('',#206,#207);
#206 = CARTESIAN_POINT('',(0.,-0.));
#207 = VECTOR('',#208,1.);
#208 = DIRECTION('',(0.,1.));
#209 = ( GEOMETRIC_REPRESENTATION_CONTEXT(2) 
PARAMETRIC_REPRESENTATION_CONTEXT() REPRESENTATION_CONTEXT('2D SPACE',''
  ) );
#210 = ORIENTED_EDGE('',*,*,#112,.T.);
#211 = ORIENTED_EDGE('',*,*,#190,.T.);
#212 = ORIENTED_EDGE('',*,*,#213,.F.);
#213 = EDGE_CURVE('',#214,#149,#216,.T.);
#214 = VERTEX_POINT('',#215);
#215 = CARTESIAN_POINT('',(43.185616048404,1.349706326063,
    25.153779611289));
#216 = SURFACE_CURVE('',#217,(#298,#382),.PCURVE_S1.);
#217 = B_SPLINE_CURVE_WITH_KNOTS('',7,(#218,#219,#220,#221,#222,#223,
    #224,#225,#226,#227,#228,#229,#230,#231,#232,#233,#234,#235,#236,
    #237,#238,#239,#240,#241,#242,#243,#244,#245,#246,#247,#248,#249,
    #250,#251,#252,#253,#254,#255,#256,#257,#258,#259,#260,#261,#262,
    #263,#264,#265,#266,#267,#268,#269,#270,#271,#272,#273,#274,#275,
    #276,#277,#278,#279,#280,#281,#282,#283,#284,#285,#286,#287,#288,
    #289,#290,#291,#292,#293,#294,#295,#296,#297),.UNSPECIFIED.,.F.,.F.,
  (8,6,6,6,6,6,6,6,6,6,6,6,6,8),(0.,0.102592962846,0.156891812996,
    0.204023621306,0.333762984347,0.453429637988,0.481680806229,
    0.532305870446,0.583310531481,0.611516507057,0.73090701303,
    0.859625564527,0.906338235358,1.),.UNSPECIFIED.);
#218 = CARTESIAN_POINT('',(43.185616048404,1.349706326063,
    25.153779611289));
#219 = CARTESIAN_POINT('',(43.105722176996,1.064725982629,
    25.087986714894));
#220 = CARTESIAN_POINT('',(43.041844884879,0.761161077927,
    25.034973357834));
#221 = CARTESIAN_POINT('',(42.999094079021,0.444724595119,
    24.999264018825));
#222 = CARTESIAN_POINT('',(42.980457864808,0.121387078262,
    24.983663847872));
#223 = CARTESIAN_POINT('',(42.986924309448,-0.202693948071,
    24.989111419353));
#224 = CARTESIAN_POINT('',(43.017501822897,-0.521340156451,
    25.01464641493));
#225 = CARTESIAN_POINT('',(43.096467453094,-0.991243540779,
    25.080169023967));
#226 = CARTESIAN_POINT('',(43.129642082532,-1.150366727136,
    25.107650315102));
#227 = CARTESIAN_POINT('',(43.168259499895,-1.305669073821,
    25.139566375974));
#228 = CARTESIAN_POINT('',(43.211892222052,-1.456858831452,
    25.175517734939));
#229 = CARTESIAN_POINT('',(43.260086005146,-1.603667427438,
    25.215077542174));
#230 = CARTESIAN_POINT('',(43.312358022267,-1.745849715366,
    25.257793929411));
#231 = CARTESIAN_POINT('',(43.416661991397,-2.002391606058,
    25.34259855558));
#232 = CARTESIAN_POINT('',(43.4678776275,-2.118100900917,25.384076543079
    ));
#233 = CARTESIAN_POINT('',(43.521605308497,-2.230362069917,
    25.427395784453));
#234 = CARTESIAN_POINT('',(43.577629352004,-2.339232981775,
    25.47234236318));
#235 = CARTESIAN_POINT('',(43.635755049021,-2.444779218217,
    25.518718896266));
#236 = CARTESIAN_POINT('',(43.695808678755,-2.547073879218,
    25.566344436573));
#237 = CARTESIAN_POINT('',(43.927833304486,-2.919053902407,
    25.749137845163));
#238 = CARTESIAN_POINT('',(44.111802254254,-3.168396827424,
    25.891691591537));
#239 = CARTESIAN_POINT('',(44.306547671182,-3.395881218153,
    26.039411147737));
#240 = CARTESIAN_POINT('',(44.510150457595,-3.603291631957,
    26.189795247638));
#241 = CARTESIAN_POINT('',(44.721625667239,-3.792347535892,
    26.340934712699));
#242 = CARTESIAN_POINT('',(44.940773683022,-3.964496391373,
    26.491233812628));
#243 = CARTESIAN_POINT('',(45.377817012065,-4.264844226139,
    26.775025207459));
#244 = CARTESIAN_POINT('',(45.593970579197,-4.395061603648,
    26.90857983991));
#245 = CARTESIAN_POINT('',(45.816820852549,-4.51221155535,
    27.038033563389));
#246 = CARTESIAN_POINT('',(46.046678254739,-4.616524454683,
    27.16148328804));
#247 = CARTESIAN_POINT('',(46.28375638508,-4.707794033282,
    27.276342442073));
#248 = CARTESIAN_POINT('',(46.528258639608,-4.785573588278,
    27.379240475579));
#249 = CARTESIAN_POINT('',(46.840253213075,-4.864027416686,
    27.486898151272));
#250 = CARTESIAN_POINT('',(46.900266656422,-4.878210001383,
    27.506573812675));
#251 = CARTESIAN_POINT('',(46.960685857641,-4.891574762277,
    27.525305000287));
#252 = CARTESIAN_POINT('',(47.021494410503,-4.904106969735,
    27.543035262993));
#253 = CARTESIAN_POINT('',(47.082678616031,-4.915793028685,
    27.559710233758));
#254 = CARTESIAN_POINT('',(47.144227478492,-4.926620013134,
    27.575277819084));
#255 = CARTESIAN_POINT('',(47.317064605428,-4.954414534129,
    27.615511603761));
#256 = CARTESIAN_POINT('',(47.429253257788,-4.969472492997,
    27.637645637464));
#257 = CARTESIAN_POINT('',(47.542399565131,-4.981624587022,
    27.655731942538));
#258 = CARTESIAN_POINT('',(47.656253349923,-4.990792486421,
    27.669494333289));
#259 = CARTESIAN_POINT('',(47.770599513543,-4.99692725208,
    27.678742880143));
#260 = CARTESIAN_POINT('',(47.885244062822,-5.,27.683375209645));
#261 = CARTESIAN_POINT('',(48.115616400058,-5.,27.683375209645));
#262 = CARTESIAN_POINT('',(48.231117734896,-4.99688099924,
    27.678673152014));
#263 = CARTESIAN_POINT('',(48.346313868126,-4.990654165039,
    27.669285804516));
#264 = CARTESIAN_POINT('',(48.461007364872,-4.981349191622,
    27.655318549417));
#265 = CARTESIAN_POINT('',(48.574978909744,-4.96901629872,27.63696673828
    ));
#266 = CARTESIAN_POINT('',(48.687972869556,-4.95373597168,
    27.614514341922));
#267 = CARTESIAN_POINT('',(48.861459575149,-4.925627262514,
    27.573849692328));
#268 = CARTESIAN_POINT('',(48.922879566089,-4.914750081599,
    27.55821972255));
#269 = CARTESIAN_POINT('',(48.983934878289,-4.903017567235,
    27.541489495096));
#270 = CARTESIAN_POINT('',(49.044614753995,-4.890442576613,
    27.52371091293));
#271 = CARTESIAN_POINT('',(49.10490576906,-4.877038615902,
    27.504938085991));
#272 = CARTESIAN_POINT('',(49.164791828935,-4.86282029893,
    27.485227144104));
#273 = CARTESIAN_POINT('',(49.475946871863,-4.784241859616,
    27.377477881923));
#274 = CARTESIAN_POINT('',(49.719776743235,-4.706447848681,
    27.274644231534));
#275 = CARTESIAN_POINT('',(49.956217599633,-4.615232099361,
    27.159944772104));
#276 = CARTESIAN_POINT('',(50.185472293653,-4.511036165745,
    27.036719885035));
#277 = CARTESIAN_POINT('',(50.407754509483,-4.394061885326,
    26.907533022719));
#278 = CARTESIAN_POINT('',(50.623373233928,-4.264077511415,
    26.774271346512));
#279 = CARTESIAN_POINT('',(51.058103157999,-3.96521282249,26.49194256017
    ));
#280 = CARTESIAN_POINT('',(51.275579045215,-3.794494094566,
    26.342838664973));
#281 = CARTESIAN_POINT('',(51.485498592587,-3.607135210107,
    26.192895654105));
#282 = CARTESIAN_POINT('',(51.687667753926,-3.401728515221,
    26.043677088408));
#283 = CARTESIAN_POINT('',(51.88113416808,-3.176601352218,
    25.897044657368));
#284 = CARTESIAN_POINT('',(52.064043969619,-2.930014252535,
    25.755428356266));
#285 = CARTESIAN_POINT('',(52.295001462188,-2.562483506589,
    25.573620067388));
#286 = CARTESIAN_POINT('',(52.354768293398,-2.461516026671,
    25.526259986202));
#287 = CARTESIAN_POINT('',(52.412658364356,-2.357364658218,
    25.480108575939));
#288 = CARTESIAN_POINT('',(52.468505391815,-2.249956203031,
    25.43533977318));
#289 = CARTESIAN_POINT('',(52.522122590835,-2.139224524907,
    25.392143529111));
#290 = CARTESIAN_POINT('',(52.573302705366,-2.025110734042,
    25.350725925536));
#291 = CARTESIAN_POINT('',(52.719094252382,-1.671873713454,
    25.232276525426));
#292 = CARTESIAN_POINT('',(52.806753504338,-1.419723348219,
    25.160397214809));
#293 = CARTESIAN_POINT('',(52.881166150811,-1.153423732003,
    25.098894988426));
#294 = CARTESIAN_POINT('',(52.939485151042,-0.875489971458,
    25.050428366521));
#295 = CARTESIAN_POINT('',(52.979578422444,-0.588659246982,
    25.017018255104));
#296 = CARTESIAN_POINT('',(53.,-0.29584115941,25.));
#297 = CARTESIAN_POINT('',(53.,-1.7763568394E-15,25.));
#298 = PCURVE('',#129,#299);
#299 = DEFINITIONAL_REPRESENTATION('',(#300),#381);
#300 = B_SPLINE_CURVE_WITH_KNOTS('',7,(#301,#302,#303,#304,#305,#306,
    #307,#308,#309,#310,#311,#312,#313,#314,#315,#316,#317,#318,#319,
    #320,#321,#322,#323,#324,#325,#326,#327,#328,#329,#330,#331,#332,
    #333,#334,#335,#336,#337,#338,#339,#340,#341,#342,#343,#344,#345,
    #346,#347,#348,#349,#350,#351,#352,#353,#354,#355,#356,#357,#358,
    #359,#360,#361,#362,#363,#364,#365,#366,#367,#368,#369,#370,#371,
    #372,#373,#374,#375,#376,#377,#378,#379,#380),.UNSPECIFIED.,.F.,.F.,
  (8,6,6,6,6,6,6,6,6,6,6,6,6,8),(0.,0.102592962846,0.156891812996,
    0.204023621306,0.333762984347,0.453429637988,0.481680806229,
    0.532305870446,0.583310531481,0.611516507057,0.73090701303,
    0.859625564527,0.906338235358,1.),.UNSPECIFIED.);
#301 = CARTESIAN_POINT('',(2.86826062192,23.153779611289));
#302 = CARTESIAN_POINT('',(2.927454144144,23.087986714894));
#303 = CARTESIAN_POINT('',(2.989361983172,23.034973357834));
#304 = CARTESIAN_POINT('',(3.052946275001,22.999264018825));
#305 = CARTESIAN_POINT('',(3.117376192701,22.983663847872));
#306 = CARTESIAN_POINT('',(3.181905545891,22.989111419353));
#307 = CARTESIAN_POINT('',(3.245767096872,23.01464641493));
#308 = CARTESIAN_POINT('',(3.341065525265,23.080169023967));
#309 = CARTESIAN_POINT('',(3.37354967403,23.107650315102));
#310 = CARTESIAN_POINT('',(3.405519185416,23.139566375974));
#311 = CARTESIAN_POINT('',(3.436953051017,23.175517734939));
#312 = CARTESIAN_POINT('',(3.467825507349,23.215077542174));
#313 = CARTESIAN_POINT('',(3.498105434865,23.257793929411));
#314 = CARTESIAN_POINT('',(3.553492458492,23.34259855558));
#315 = CARTESIAN_POINT('',(3.578788121338,23.384076543079));
#316 = CARTESIAN_POINT('',(3.603661986886,23.427395784453));
#317 = CARTESIAN_POINT('',(3.628132127004,23.47234236318));
#318 = CARTESIAN_POINT('',(3.652216075212,23.518718896266));
#319 = CARTESIAN_POINT('',(3.675931457833,23.566344436573));
#320 = CARTESIAN_POINT('',(3.763613739874,23.749137845163));
#321 = CARTESIAN_POINT('',(3.825398590848,23.891691591537));
#322 = CARTESIAN_POINT('',(3.885049375051,24.039411147737));
#323 = CARTESIAN_POINT('',(3.942946549061,24.189795247638));
#324 = CARTESIAN_POINT('',(3.999493559185,24.340934712699));
#325 = CARTESIAN_POINT('',(4.055115779928,24.491233812628));
#326 = CARTESIAN_POINT('',(4.161175327978,24.775025207459));
#327 = CARTESIAN_POINT('',(4.211554169651,24.90857983991));
#328 = CARTESIAN_POINT('',(4.261771970955,25.038033563389));
#329 = CARTESIAN_POINT('',(4.312101376345,25.16148328804));
#330 = CARTESIAN_POINT('',(4.362767241354,25.276342442073));
#331 = CARTESIAN_POINT('',(4.413984915478,25.379240475579));
#332 = CARTESIAN_POINT('',(4.478326384863,25.486898151272));
#333 = CARTESIAN_POINT('',(4.490658428532,25.506573812675));
#334 = CARTESIAN_POINT('',(4.503032319302,25.525305000287));
#335 = CARTESIAN_POINT('',(4.515447279537,25.543035262993));
#336 = CARTESIAN_POINT('',(4.527903203212,25.559710233758));
#337 = CARTESIAN_POINT('',(4.540400635217,25.575277819084));
#338 = CARTESIAN_POINT('',(4.575412180653,25.615511603761));
#339 = CARTESIAN_POINT('',(4.598043446677,25.637645637464));
#340 = CARTESIAN_POINT('',(4.620790089297,25.655731942538));
#341 = CARTESIAN_POINT('',(4.643619894588,25.669494333289));
#342 = CARTESIAN_POINT('',(4.66650888675,25.678742880143));
#343 = CARTESIAN_POINT('',(4.689437792949,25.683375209645));
#344 = CARTESIAN_POINT('',(4.735512260396,25.683375209645));
#345 = CARTESIAN_POINT('',(4.758612523529,25.678673152014));
#346 = CARTESIAN_POINT('',(4.781671957772,25.669285804516));
#347 = CARTESIAN_POINT('',(4.80467103875,25.655318549417));
#348 = CARTESIAN_POINT('',(4.827585369993,25.63696673828));
#349 = CARTESIAN_POINT('',(4.850382027185,25.614514341922));
#350 = CARTESIAN_POINT('',(4.885531841721,25.573849692328));
#351 = CARTESIAN_POINT('',(4.898005644325,25.55821972255));
#352 = CARTESIAN_POINT('',(4.910438009995,25.541489495096));
#353 = CARTESIAN_POINT('',(4.922829512419,25.52371091293));
#354 = CARTESIAN_POINT('',(4.935180082906,25.504938085991));
#355 = CARTESIAN_POINT('',(4.947488990116,25.485227144104));
#356 = CARTESIAN_POINT('',(5.011673733432,25.377477881923));
#357 = CARTESIAN_POINT('',(5.062764912402,25.274644231534));
#358 = CARTESIAN_POINT('',(5.113308999126,25.159944772104));
#359 = CARTESIAN_POINT('',(5.163520068703,25.036719885035));
#360 = CARTESIAN_POINT('',(5.213621879172,24.907533022719));
#361 = CARTESIAN_POINT('',(5.263885669378,24.774271346512));
#362 = CARTESIAN_POINT('',(5.369395898109,24.49194256017));
#363 = CARTESIAN_POINT('',(5.42458108888,24.342838664973));
#364 = CARTESIAN_POINT('',(5.480674223804,24.192895654105));
#365 = CARTESIAN_POINT('',(5.538090234831,24.043677088408));
#366 = CARTESIAN_POINT('',(5.597222934958,23.897044657368));
#367 = CARTESIAN_POINT('',(5.658444175077,23.755428356266));
#368 = CARTESIAN_POINT('',(5.745258969343,23.573620067388));
#369 = CARTESIAN_POINT('',(5.768716829338,23.526259986202));
#370 = CARTESIAN_POINT('',(5.7925343352,23.480108575939));
#371 = CARTESIAN_POINT('',(5.816729012214,23.43533977318));
#372 = CARTESIAN_POINT('',(5.841318261636,23.392143529111));
#373 = CARTESIAN_POINT('',(5.866319969066,23.350725925536));
#374 = CARTESIAN_POINT('',(5.942748123014,23.232276525426));
#375 = CARTESIAN_POINT('',(5.996052493743,23.160397214809));
#376 = CARTESIAN_POINT('',(6.051178401439,23.098894988426));
#377 = CARTESIAN_POINT('',(6.107748967165,23.050428366521));
#378 = CARTESIAN_POINT('',(6.16545345908,23.017018255104));
#379 = CARTESIAN_POINT('',(6.224017075298,23.));
#380 = CARTESIAN_POINT('',(6.28318530718,23.));
#381 = ( GEOMETRIC_REPRESENTATION_CONTEXT(2) 
PARAMETRIC_REPRESENTATION_CONTEXT() REPRESENTATION_CONTEXT('2D SPACE',''
  ) );
#382 = PCURVE('',#174,#383);
#383 = DEFINITIONAL_REPRESENTATION('',(#384),#465);
#384 = B_SPLINE_CURVE_WITH_KNOTS('',7,(#385,#386,#387,#388,#389,#390,
    #391,#392,#393,#394,#395,#396,#397,#398,#399,#400,#401,#402,#403,
    #404,#405,#406,#407,#408,#409,#410,#411,#412,#413,#414,#415,#416,
    #417,#418,#419,#420,#421,#422,#423,#424,#425,#426,#427,#428,#429,
    #430,#431,#432,#433,#434,#435,#436,#437,#438,#439,#440,#441,#442,
    #443,#444,#445,#446,#447,#448,#449,#450,#451,#452,#453,#454,#455,
    #456,#457,#458,#459,#460,#461,#462,#463,#464),.UNSPECIFIED.,.F.,.F.,
  (8,6,6,6,6,6,6,6,6,6,6,6,6,8),(0.,0.102592962846,0.156891812996,
    0.204023621306,0.333762984347,0.453429637988,0.481680806229,
    0.532305870446,0.583310531481,0.611516507057,0.73090701303,
    0.859625564527,0.906338235358,1.),.UNSPECIFIED.);
#385 = CARTESIAN_POINT('',(6.28318530718,97.185616048404));
#386 = CARTESIAN_POINT('',(6.234439224328,97.105722176996));
#387 = CARTESIAN_POINT('',(6.183153883283,97.041844884879));
#388 = CARTESIAN_POINT('',(6.130239402015,96.999094079021));
#389 = CARTESIAN_POINT('',(6.076488024882,96.980457864808));
#390 = CARTESIAN_POINT('',(6.022642036601,96.986924309448));
#391 = CARTESIAN_POINT('',(5.969455146175,97.017501822897));
#392 = CARTESIAN_POINT('',(5.890380216362,97.096467453094));
#393 = CARTESIAN_POINT('',(5.863481279284,97.129642082532));
#394 = CARTESIAN_POINT('',(5.837077460606,97.168259499895));
#395 = CARTESIAN_POINT('',(5.81119784187,97.211892222052));
#396 = CARTESIAN_POINT('',(5.785873905078,97.260086005146));
#397 = CARTESIAN_POINT('',(5.761139782672,97.312358022267));
#398 = CARTESIAN_POINT('',(5.716107212268,97.416661991397));
#399 = CARTESIAN_POINT('',(5.695627088319,97.4678776275));
#400 = CARTESIAN_POINT('',(5.675581343756,97.521605308497));
#401 = CARTESIAN_POINT('',(5.655959885122,97.577629352004));
#402 = CARTESIAN_POINT('',(5.636752961036,97.635755049021));
#403 = CARTESIAN_POINT('',(5.617950805812,97.695808678755));
#404 = CARTESIAN_POINT('',(5.548873038068,97.927833304486));
#405 = CARTESIAN_POINT('',(5.501097376863,98.111802254254));
#406 = CARTESIAN_POINT('',(5.455999219263,98.306547671182));
#407 = CARTESIAN_POINT('',(5.413391936241,98.510150457595));
#408 = CARTESIAN_POINT('',(5.373113871704,98.721625667239));
#409 = CARTESIAN_POINT('',(5.335055324643,98.940773683022));
#410 = CARTESIAN_POINT('',(5.266186210128,99.377817012065));
#411 = CARTESIAN_POINT('',(5.235124006694,99.593970579197));
#412 = CARTESIAN_POINT('',(5.206055276639,99.816820852549));
#413 = CARTESIAN_POINT('',(5.179142955801,100.04667825473));
#414 = CARTESIAN_POINT('',(5.154703678374,100.28375638508));
#415 = CARTESIAN_POINT('',(5.13320912875,100.5282586396));
#416 = CARTESIAN_POINT('',(5.111007290533,100.84025321307));
#417 = CARTESIAN_POINT('',(5.106964940274,100.90026665642));
#418 = CARTESIAN_POINT('',(5.103129956622,100.96068585764));
#419 = CARTESIAN_POINT('',(5.099511318272,101.0214944105));
#420 = CARTESIAN_POINT('',(5.096117657214,101.08267861603));
#421 = CARTESIAN_POINT('',(5.092957269583,101.14422747849));
#422 = CARTESIAN_POINT('',(5.084807128434,101.31706460542));
#423 = CARTESIAN_POINT('',(5.080345500907,101.42925325778));
#424 = CARTESIAN_POINT('',(5.076713959863,101.54239956513));
#425 = CARTESIAN_POINT('',(5.073957898112,101.65625334992));
#426 = CARTESIAN_POINT('',(5.072108186271,101.77059951354));
#427 = CARTESIAN_POINT('',(5.071181721083,101.88524406282));
#428 = CARTESIAN_POINT('',(5.071181721083,102.11561640005));
#429 = CARTESIAN_POINT('',(5.072122131853,102.23111773489));
#430 = CARTESIAN_POINT('',(5.073999603976,102.34631386812));
#431 = CARTESIAN_POINT('',(5.076796747185,102.46100736487));
#432 = CARTESIAN_POINT('',(5.080481820828,102.57497890974));
#433 = CARTESIAN_POINT('',(5.085008160666,102.68797286955));
#434 = CARTESIAN_POINT('',(5.0932471487,102.86145957514));
#435 = CARTESIAN_POINT('',(5.096420848968,102.92287956608));
#436 = CARTESIAN_POINT('',(5.099826495062,102.98393487828));
#437 = CARTESIAN_POINT('',(5.103455825112,103.04461475399));
#438 = CARTESIAN_POINT('',(5.10730025248,103.10490576906));
#439 = CARTESIAN_POINT('',(5.111350855121,103.16479182893));
#440 = CARTESIAN_POINT('',(5.133577262479,103.47594687186));
#441 = CARTESIAN_POINT('',(5.155064692625,103.71977674323));
#442 = CARTESIAN_POINT('',(5.179477561894,103.95621759963));
#443 = CARTESIAN_POINT('',(5.206348797066,104.18547229365));
#444 = CARTESIAN_POINT('',(5.235365076069,104.40775450948));
#445 = CARTESIAN_POINT('',(5.266365382477,104.62337323392));
#446 = CARTESIAN_POINT('',(5.334887407704,105.05810315799));
#447 = CARTESIAN_POINT('',(5.372636056605,105.27557904521));
#448 = CARTESIAN_POINT('',(5.412570215933,105.48549859258));
#449 = CARTESIAN_POINT('',(5.454795502432,105.68766775392));
#450 = CARTESIAN_POINT('',(5.499468597418,105.88113416808));
#451 = CARTESIAN_POINT('',(5.546771005497,106.06404396961));
#452 = CARTESIAN_POINT('',(5.615111066776,106.29500146218));
#453 = CARTESIAN_POINT('',(5.633694235755,106.35476829339));
#454 = CARTESIAN_POINT('',(5.652673575885,106.41265836435));
#455 = CARTESIAN_POINT('',(5.672058869235,106.46850539181));
#456 = CARTESIAN_POINT('',(5.691859877102,106.52212259083));
#457 = CARTESIAN_POINT('',(5.712086680906,106.57330270536));
#458 = CARTESIAN_POINT('',(5.774181289077,106.71909425238));
#459 = CARTESIAN_POINT('',(5.817834677535,106.80675350433));
#460 = CARTESIAN_POINT('',(5.863289929891,106.88116615081));
#461 = CARTESIAN_POINT('',(5.910181863918,106.93948515104));
#462 = CARTESIAN_POINT('',(5.958182567902,106.97957842244));
#463 = CARTESIAN_POINT('',(6.006985644519,107.));
#464 = CARTESIAN_POINT('',(6.05629250442,107.));
#465 = ( GEOMETRIC_REPRESENTATION_CONTEXT(2) 
PARAMETRIC_REPRESENTATION_CONTEXT() REPRESENTATION_CONTEXT('2D SPACE',''
  ) );
#466 = ORIENTED_EDGE('',*,*,#467,.F.);
#467 = EDGE_CURVE('',#151,#214,#468,.T.);
#468 = SURFACE_CURVE('',#469,(#544,#622),.PCURVE_S1.);
#469 = B_SPLINE_CURVE_WITH_KNOTS('',7,(#470,#471,#472,#473,#474,#475,
    #476,#477,#478,#479,#480,#481,#482,#483,#484,#485,#486,#487,#488,
    #489,#490,#491,#492,#493,#494,#495,#496,#497,#498,#499,#500,#501,
    #502,#503,#504,#505,#506,#507,#508,#509,#510,#511,#512,#513,#514,
    #515,#516,#517,#518,#519,#520,#521,#522,#523,#524,#525,#526,#527,
    #528,#529,#530,#531,#532,#533,#534,#535,#536,#537,#538,#539,#540,
    #541,#542,#543),.UNSPECIFIED.,.F.,.F.,(8,6,6,6,6,6,6,6,6,6,6,6,8),(
    0.,6.996432392015E-02,0.120264994602,0.255540418259,0.40143999769,
    0.436447995955,0.499647952051,0.563139921769,0.598056063908,
    0.745849422992,0.877978007033,0.928594251296,1.),.UNSPECIFIED.);
#470 = CARTESIAN_POINT('',(52.814383951596,1.349706326063,
    25.153779611289));
#471 = CARTESIAN_POINT('',(52.770085825672,1.507717133611,
    25.190259280605));
#472 = CARTESIAN_POINT('',(52.720621876254,1.660877415116,
    25.230867039216));
#473 = CARTESIAN_POINT('',(52.666477450877,1.809125969796,25.27514679882
    ));
#474 = CARTESIAN_POINT('',(52.608112541248,1.952425973406,
    25.322659236314));
#475 = CARTESIAN_POINT('',(52.545962757991,2.090764494716,
    25.372982883506));
#476 = CARTESIAN_POINT('',(52.480440305387,2.224152011989,
    25.425715216829));
#477 = CARTESIAN_POINT('',(52.362683211504,2.444985046115,
    25.519842251474));
#478 = CARTESIAN_POINT('',(52.311857379183,2.534866747287,
    25.560283861343));
#479 = CARTESIAN_POINT('',(52.259572087385,2.622322520483,
    25.601680041911));
#480 = CARTESIAN_POINT('',(52.205929708644,2.70740994655,25.643921920922
    ));
#481 = CARTESIAN_POINT('',(52.151020220364,2.790188641549,
    25.686910052424));
#482 = CARTESIAN_POINT('',(52.094921065386,2.870720198629,
    25.730554180579));
#483 = CARTESIAN_POINT('',(51.883802285398,3.159772071865,25.89369229263
    ));
#484 = CARTESIAN_POINT('',(51.721638697455,3.354864159204,
    26.016870401024));
#485 = CARTESIAN_POINT('',(51.552577293786,3.535341905992,
    26.142633953034));
#486 = CARTESIAN_POINT('',(51.377489917292,3.702214645638,
    26.269644728746));
#487 = CARTESIAN_POINT('',(51.196833568708,3.85640936819,26.396795668206
    ));
#488 = CARTESIAN_POINT('',(51.010709389611,3.998695348503,
    26.523057993921));
#489 = CARTESIAN_POINT('',(50.612018677908,4.270842834379,
    26.781256917329));
#490 = CARTESIAN_POINT('',(50.398872746059,4.398612195763,
    26.912633686706));
#491 = CARTESIAN_POINT('',(50.179224419603,4.513707007284,
    27.039974132786));
#492 = CARTESIAN_POINT('',(49.952776542975,4.616342148773,
    27.161447553727));
#493 = CARTESIAN_POINT('',(49.719321543475,4.706321971383,
    27.274578856284));
#494 = CARTESIAN_POINT('',(49.478661343431,4.783220305614,27.37615718508
    ));
#495 = CARTESIAN_POINT('',(49.170760991736,4.861388445692,
    27.483245724035));
#496 = CARTESIAN_POINT('',(49.110751843604,4.875713535418,
    27.503087860792));
#497 = CARTESIAN_POINT('',(49.050334991798,4.889220904398,
    27.521990761309));
#498 = CARTESIAN_POINT('',(48.989526426584,4.901895867757,27.53989789371
    ));
#499 = CARTESIAN_POINT('',(48.92833946023,4.913724840352,27.556754713609
    ));
#500 = CARTESIAN_POINT('',(48.866784731078,4.924694875258,
    27.572508852775));
#501 = CARTESIAN_POINT('',(48.693095888638,4.953023716801,
    27.613470321584));
#502 = CARTESIAN_POINT('',(48.580023781682,4.968433657837,
    27.636103112191));
#503 = CARTESIAN_POINT('',(48.465963744128,4.980892797382,
    27.654636286455));
#504 = CARTESIAN_POINT('',(48.351173933081,4.990319513423,
    27.668782717004));
#505 = CARTESIAN_POINT('',(48.235875197933,4.996662949013,
    27.678344447543));
#506 = CARTESIAN_POINT('',(48.120265607237,4.999892973129,
    27.683213860781));
#507 = CARTESIAN_POINT('',(47.888269883082,5.000103398437,
    27.683531088442));
#508 = CARTESIAN_POINT('',(47.772113464914,4.997054645051,
    27.678934952173));
#509 = CARTESIAN_POINT('',(47.656259803598,4.990862405434,
    27.669598416151));
#510 = CARTESIAN_POINT('',(47.540910011715,4.981556437934,
    27.655626965313));
#511 = CARTESIAN_POINT('',(47.426287394678,4.969187489072,
    27.637218286477));
#512 = CARTESIAN_POINT('',(47.312652330258,4.95383726797,27.614660886473
    ));
#513 = CARTESIAN_POINT('',(47.138540424851,4.925627262514,
    27.573849692328));
#514 = CARTESIAN_POINT('',(47.077120433911,4.914750081599,27.55821972255
    ));
#515 = CARTESIAN_POINT('',(47.016065121711,4.903017567235,
    27.541489495096));
#516 = CARTESIAN_POINT('',(46.955385246005,4.890442576613,27.52371091293
    ));
#517 = CARTESIAN_POINT('',(46.89509423094,4.877038615902,27.504938085991
    ));
#518 = CARTESIAN_POINT('',(46.835208171065,4.86282029893,27.485227144104
    ));
#519 = CARTESIAN_POINT('',(46.524053128136,4.784241859615,
    27.377477881922));
#520 = CARTESIAN_POINT('',(46.280223256765,4.706447848681,
    27.274644231534));
#521 = CARTESIAN_POINT('',(46.043782400368,4.615232099361,
    27.159944772105));
#522 = CARTESIAN_POINT('',(45.814527706348,4.511036165746,
    27.036719885034));
#523 = CARTESIAN_POINT('',(45.592245490516,4.394061885325,
    26.907533022718));
#524 = CARTESIAN_POINT('',(45.376626766072,4.264077511416,
    26.774271346512));
#525 = CARTESIAN_POINT('',(44.980413754736,3.991692124938,26.51695678768
    ));
#526 = CARTESIAN_POINT('',(44.798811600795,3.852261588923,26.39360850465
    ));
#527 = CARTESIAN_POINT('',(44.622434834515,3.701447263382,
    26.269439384732));
#528 = CARTESIAN_POINT('',(44.451384202213,3.538531238789,
    26.145412274001));
#529 = CARTESIAN_POINT('',(44.286084486339,3.362652585575,
    26.022561287017));
#530 = CARTESIAN_POINT('',(44.12733712707,3.172874160277,25.902127876127
    ));
#531 = CARTESIAN_POINT('',(43.918571404996,2.889883720899,
    25.741035588894));
#532 = CARTESIAN_POINT('',(43.86187564562,2.809301419614,25.696984152111
    ));
#533 = CARTESIAN_POINT('',(43.806371893524,2.726454057639,
    25.653581939015));
#534 = CARTESIAN_POINT('',(43.752137425322,2.641278707997,
    25.610919737972));
#535 = CARTESIAN_POINT('',(43.699262330429,2.553714377212,
    25.569097688346));
#536 = CARTESIAN_POINT('',(43.64784936204,2.463702062221,25.528225530604
    ));
#537 = CARTESIAN_POINT('',(43.527709352835,2.240668133194,
    25.432272112872));
#538 = CARTESIAN_POINT('',(43.460476144964,2.105040191451,
    25.378195480806));
#539 = CARTESIAN_POINT('',(43.396723881691,1.964260942395,
    25.326595826712));
#540 = CARTESIAN_POINT('',(43.336887299677,1.818315083811,
    25.277898308143));
#541 = CARTESIAN_POINT('',(43.281427190702,1.66721254787,25.232549188203
    ));
#542 = CARTESIAN_POINT('',(43.230831437299,1.510988998047,
    25.191014650029));
#543 = CARTESIAN_POINT('',(43.185616048404,1.349706326063,
    25.153779611289));
#544 = PCURVE('',#129,#545);
#545 = DEFINITIONAL_REPRESENTATION('',(#546),#621);
#546 = B_SPLINE_CURVE_WITH_KNOTS('',7,(#547,#548,#549,#550,#551,#552,
    #553,#554,#555,#556,#557,#558,#559,#560,#561,#562,#563,#564,#565,
    #566,#567,#568,#569,#570,#571,#572,#573,#574,#575,#576,#577,#578,
    #579,#580,#581,#582,#583,#584,#585,#586,#587,#588,#589,#590,#591,
    #592,#593,#594,#595,#596,#597,#598,#599,#600,#601,#602,#603,#604,
    #605,#606,#607,#608,#609,#610,#611,#612,#613,#614,#615,#616,#617,
    #618,#619,#620),.UNSPECIFIED.,.F.,.F.,(8,6,6,6,6,6,6,6,6,6,6,6,8),(
    0.,6.996432392015E-02,0.120264994602,0.255540418259,0.40143999769,
    0.436447995955,0.499647952051,0.563139921769,0.598056063908,
    0.745849422992,0.877978007033,0.928594251296,1.),.UNSPECIFIED.);
#547 = CARTESIAN_POINT('',(0.27333203167,23.153779611289));
#548 = CARTESIAN_POINT('',(0.306152597943,23.190259280605));
#549 = CARTESIAN_POINT('',(0.338317993294,23.230867039216));
#550 = CARTESIAN_POINT('',(0.369847865549,23.27514679882));
#551 = CARTESIAN_POINT('',(0.400757810002,23.322659236314));
#552 = CARTESIAN_POINT('',(0.431060403866,23.372982883506));
#553 = CARTESIAN_POINT('',(0.460766240727,23.425715216829));
#554 = CARTESIAN_POINT('',(0.510819796893,23.519842251474));
#555 = CARTESIAN_POINT('',(0.531464847056,23.560283861343));
#556 = CARTESIAN_POINT('',(0.551834095933,23.601680041911));
#557 = CARTESIAN_POINT('',(0.571941205378,23.643921920922));
#558 = CARTESIAN_POINT('',(0.591799827799,23.686910052424));
#559 = CARTESIAN_POINT('',(0.611423915303,23.730554180579));
#560 = CARTESIAN_POINT('',(0.683012217332,23.89369229263));
#561 = CARTESIAN_POINT('',(0.733650452249,24.016870401024));
#562 = CARTESIAN_POINT('',(0.782973852368,24.142633953034));
#563 = CARTESIAN_POINT('',(0.831213659042,24.269644728746));
#564 = CARTESIAN_POINT('',(0.878605240961,24.396795668206));
#565 = CARTESIAN_POINT('',(0.925393810907,24.523057993921));
#566 = CARTESIAN_POINT('',(1.021937798326,24.781256917329));
#567 = CARTESIAN_POINT('',(1.071553056367,24.912633686706));
#568 = CARTESIAN_POINT('',(1.121018735079,25.039974132786));
#569 = CARTESIAN_POINT('',(1.170595337961,25.161447553727));
#570 = CARTESIAN_POINT('',(1.220498572162,25.274578856284));
#571 = CARTESIAN_POINT('',(1.270935138284,25.37615718508));
#572 = CARTESIAN_POINT('',(1.334468715139,25.483245724035));
#573 = CARTESIAN_POINT('',(1.346806507508,25.503087860792));
#574 = CARTESIAN_POINT('',(1.359186128301,25.521990761309));
#575 = CARTESIAN_POINT('',(1.371606882275,25.53989789371));
#576 = CARTESIAN_POINT('',(1.384068738968,25.556754713609));
#577 = CARTESIAN_POINT('',(1.396572312418,25.572508852775));
#578 = CARTESIAN_POINT('',(1.4317690948,25.613470321584));
#579 = CARTESIAN_POINT('',(1.454584709642,25.636103112191));
#580 = CARTESIAN_POINT('',(1.477519330419,25.654636286455));
#581 = CARTESIAN_POINT('',(1.500539549215,25.668782717004));
#582 = CARTESIAN_POINT('',(1.523620704898,25.678344447543));
#583 = CARTESIAN_POINT('',(1.546743195702,25.683213860781));
#584 = CARTESIAN_POINT('',(1.593142359619,25.683531088442));
#585 = CARTESIAN_POINT('',(1.616373076642,25.678934952173));
#586 = CARTESIAN_POINT('',(1.639563226164,25.669598416151));
#587 = CARTESIAN_POINT('',(1.662692896817,25.655626965313));
#588 = CARTESIAN_POINT('',(1.685737239913,25.637218286477));
#589 = CARTESIAN_POINT('',(1.708662703039,25.614660886473));
#590 = CARTESIAN_POINT('',(1.743939188131,25.573849692328));
#591 = CARTESIAN_POINT('',(1.756412990735,25.55821972255));
#592 = CARTESIAN_POINT('',(1.768845356405,25.541489495096));
#593 = CARTESIAN_POINT('',(1.781236858829,25.52371091293));
#594 = CARTESIAN_POINT('',(1.793587429316,25.504938085991));
#595 = CARTESIAN_POINT('',(1.805896336526,25.485227144104));
#596 = CARTESIAN_POINT('',(1.870081079843,25.377477881922));
#597 = CARTESIAN_POINT('',(1.921172258812,25.274644231534));
#598 = CARTESIAN_POINT('',(1.971716345536,25.159944772105));
#599 = CARTESIAN_POINT('',(2.021927415113,25.036719885034));
#600 = CARTESIAN_POINT('',(2.072029225582,24.907533022718));
#601 = CARTESIAN_POINT('',(2.122293015788,24.774271346512));
#602 = CARTESIAN_POINT('',(2.218455076731,24.51695678768));
#603 = CARTESIAN_POINT('',(2.264182916182,24.39360850465));
#604 = CARTESIAN_POINT('',(2.310491913156,24.269439384732));
#605 = CARTESIAN_POINT('',(2.357610369886,24.145412274001));
#606 = CARTESIAN_POINT('',(2.405757747344,24.022561287017));
#607 = CARTESIAN_POINT('',(2.455149715475,23.902127876127));
#608 = CARTESIAN_POINT('',(2.525482272799,23.741035588894));
#609 = CARTESIAN_POINT('',(2.545183047592,23.696984152111));
#610 = CARTESIAN_POINT('',(2.565118925627,23.653581939015));
#611 = CARTESIAN_POINT('',(2.585304151588,23.610919737972));
#612 = CARTESIAN_POINT('',(2.605752653559,23.569097688346));
#613 = CARTESIAN_POINT('',(2.626478360949,23.528225530604));
#614 = CARTESIAN_POINT('',(2.677145018747,23.432272112872));
#615 = CARTESIAN_POINT('',(2.707403175397,23.378195480806));
#616 = CARTESIAN_POINT('',(2.738280869328,23.326595826712));
#617 = CARTESIAN_POINT('',(2.769789875665,23.277898308143));
#618 = CARTESIAN_POINT('',(2.801944040509,23.232549188203));
#619 = CARTESIAN_POINT('',(2.834760453756,23.191014650029));
#620 = CARTESIAN_POINT('',(2.86826062192,23.153779611289));
#621 = ( GEOMETRIC_REPRESENTATION_CONTEXT(2) 
PARAMETRIC_REPRESENTATION_CONTEXT() REPRESENTATION_CONTEXT('2D SPACE',''
  ) );
#622 = PCURVE('',#174,#623);
#623 = DEFINITIONAL_REPRESENTATION('',(#624),#699);
#624 = B_SPLINE_CURVE_WITH_KNOTS('',7,(#625,#626,#627,#628,#629,#630,
    #631,#632,#633,#634,#635,#636,#637,#638,#639,#640,#641,#642,#643,
    #644,#645,#646,#647,#648,#649,#650,#651,#652,#653,#654,#655,#656,
    #657,#658,#659,#660,#661,#662,#663,#664,#665,#666,#667,#668,#669,
    #670,#671,#672,#673,#674,#675,#676,#677,#678,#679,#680,#681,#682,
    #683,#684,#685,#686,#687,#688,#689,#690,#691,#692,#693,#694,#695,
    #696,#697,#698),.UNSPECIFIED.,.F.,.F.,(8,6,6,6,6,6,6,6,6,6,6,6,8),(
    0.,6.996432392015E-02,0.120264994602,0.255540418259,0.40143999769,
    0.436447995955,0.499647952051,0.563139921769,0.598056063908,
    0.745849422992,0.877978007033,0.928594251296,1.),.UNSPECIFIED.);
#625 = CARTESIAN_POINT('',(0.,106.81438395159));
#626 = CARTESIAN_POINT('',(2.702785681027E-02,106.77008582567));
#627 = CARTESIAN_POINT('',(5.342278843536E-02,106.72062187625));
#628 = CARTESIAN_POINT('',(7.918997890194E-02,106.66647745087));
#629 = CARTESIAN_POINT('',(0.104332468285,106.60811254124));
#630 = CARTESIAN_POINT('',(0.128851842461,106.54596275799));
#631 = CARTESIAN_POINT('',(0.152748922863,106.48044030538));
#632 = CARTESIAN_POINT('',(0.192758341064,106.3626832115));
#633 = CARTESIAN_POINT('',(0.209181905263,106.31185737918));
#634 = CARTESIAN_POINT('',(0.225303554492,106.25957208738));
#635 = CARTESIAN_POINT('',(0.241131389851,106.20592970864));
#636 = CARTESIAN_POINT('',(0.256673355429,106.15102022036));
#637 = CARTESIAN_POINT('',(0.271937385849,106.09492106538));
#638 = CARTESIAN_POINT('',(0.327255915251,105.88380228539));
#639 = CARTESIAN_POINT('',(0.365663169205,105.72163869745));
#640 = CARTESIAN_POINT('',(0.402268104586,105.55257729378));
#641 = CARTESIAN_POINT('',(0.437168906967,105.37748991729));
#642 = CARTESIAN_POINT('',(0.470442589265,105.1968335687));
#643 = CARTESIAN_POINT('',(0.502130023041,105.01070938961));
#644 = CARTESIAN_POINT('',(0.564653560413,104.6120186779));
#645 = CARTESIAN_POINT('',(0.595172485801,104.39887274605));
#646 = CARTESIAN_POINT('',(0.623751731872,104.1792244196));
#647 = CARTESIAN_POINT('',(0.65023316435,103.95277654297));
#648 = CARTESIAN_POINT('',(0.674313678514,103.71932154347));
#649 = CARTESIAN_POINT('',(0.695544269575,103.47866134343));
#650 = CARTESIAN_POINT('',(0.717641411987,103.17076099173));
#651 = CARTESIAN_POINT('',(0.72172015814,103.1107518436));
#652 = CARTESIAN_POINT('',(0.725592242402,103.05033499179));
#653 = CARTESIAN_POINT('',(0.729248684864,102.98952642658));
#654 = CARTESIAN_POINT('',(0.732680835073,102.92833946023));
#655 = CARTESIAN_POINT('',(0.73588036136,102.86678473107));
#656 = CARTESIAN_POINT('',(0.744180905503,102.69309588863));
#657 = CARTESIAN_POINT('',(0.748744252767,102.58002378168));
#658 = CARTESIAN_POINT('',(0.75246614891,102.46596374412));
#659 = CARTESIAN_POINT('',(0.75529939343,102.35117393308));
#660 = CARTESIAN_POINT('',(0.757211827765,102.23587519793));
#661 = CARTESIAN_POINT('',(0.758185710793,102.12026560723));
#662 = CARTESIAN_POINT('',(0.758249156351,101.88826988308));
#663 = CARTESIAN_POINT('',(0.757329928718,101.77211346491));
#664 = CARTESIAN_POINT('',(0.755462700714,101.65625980359));
#665 = CARTESIAN_POINT('',(0.752664883357,101.54091001171));
#666 = CARTESIAN_POINT('',(0.748968591749,101.42628739467));
#667 = CARTESIAN_POINT('',(0.74442123211,101.31265233025));
#668 = CARTESIAN_POINT('',(0.736152552961,101.13854042485));
#669 = CARTESIAN_POINT('',(0.732978852693,101.07712043391));
#670 = CARTESIAN_POINT('',(0.729573206599,101.01606512171));
#671 = CARTESIAN_POINT('',(0.725943876549,100.955385246));
#672 = CARTESIAN_POINT('',(0.722099449181,100.89509423094));
#673 = CARTESIAN_POINT('',(0.71804884654,100.83520817106));
#674 = CARTESIAN_POINT('',(0.695822439182,100.52405312813));
#675 = CARTESIAN_POINT('',(0.674335009036,100.28022325676));
#676 = CARTESIAN_POINT('',(0.649922139767,100.04378240036));
#677 = CARTESIAN_POINT('',(0.623050904595,99.814527706348));
#678 = CARTESIAN_POINT('',(0.594034625592,99.592245490516));
#679 = CARTESIAN_POINT('',(0.563034319184,99.376626766072));
#680 = CARTESIAN_POINT('',(0.500583320403,98.980413754736));
#681 = CARTESIAN_POINT('',(0.469573160647,98.798811600795));
#682 = CARTESIAN_POINT('',(0.437048024698,98.622434834515));
#683 = CARTESIAN_POINT('',(0.40296968842,98.451384202213));
#684 = CARTESIAN_POINT('',(0.367266944288,98.286084486339));
#685 = CARTESIAN_POINT('',(0.329848924945,98.12733712707));
#686 = CARTESIAN_POINT('',(0.275577407506,97.918571404996));
#687 = CARTESIAN_POINT('',(0.26027351186,97.86187564562));
#688 = CARTESIAN_POINT('',(0.244689513584,97.806371893524));
#689 = CARTESIAN_POINT('',(0.228817342841,97.752137425321));
#690 = CARTESIAN_POINT('',(0.212648917174,97.699262330429));
#691 = CARTESIAN_POINT('',(0.196175991042,97.64784936204));
#692 = CARTESIAN_POINT('',(0.155709546826,97.527709352835));
#693 = CARTESIAN_POINT('',(0.131383178558,97.460476144964));
#694 = CARTESIAN_POINT('',(0.106409586737,97.396723881691));
#695 = CARTESIAN_POINT('',(8.078744819868E-02,97.336887299677));
#696 = CARTESIAN_POINT('',(5.45146504139E-02,97.281427190702));
#697 = CARTESIAN_POINT('',(2.758751146219E-02,97.230831437299));
#698 = CARTESIAN_POINT('',(0.,97.185616048404));
#699 = ( GEOMETRIC_REPRESENTATION_CONTEXT(2) 
PARAMETRIC_REPRESENTATION_CONTEXT() REPRESENTATION_CONTEXT('2D SPACE',''
  ) );
#700 = ADVANCED_FACE('',(#701),#174,.T.);
#701 = FACE_BOUND('',#702,.T.);
#702 = EDGE_LOOP('',(#703,#726,#753,#754,#755,#778,#1019,#1042,#1069,
    #1070,#1324,#1357,#1358,#1359));
#703 = ORIENTED_EDGE('',*,*,#704,.T.);
#704 = EDGE_CURVE('',#151,#705,#707,.T.);
#705 = VERTEX_POINT('',#706);
#706 = CARTESIAN_POINT('',(54.,1.349706326063,25.153779611289));
#707 = SEAM_CURVE('',#708,(#712,#719),.PCURVE_S1.);
#708 = LINE('',#709,#710);
#709 = CARTESIAN_POINT('',(-54.,1.349706326063,25.153779611289));
#710 = VECTOR('',#711,1.);
#711 = DIRECTION('',(1.,-4.994916798925E-17,2.16353616086E-16));
#712 = PCURVE('',#174,#713);
#713 = DEFINITIONAL_REPRESENTATION('',(#714),#718);
#714 = LINE('',#715,#716);
#715 = CARTESIAN_POINT('',(6.28318530718,-0.));
#716 = VECTOR('',#717,1.);
#717 = DIRECTION('',(0.,1.));
#718 = ( GEOMETRIC_REPRESENTATION_CONTEXT(2) 
PARAMETRIC_REPRESENTATION_CONTEXT() REPRESENTATION_CONTEXT('2D SPACE',''
  ) );
#719 = PCURVE('',#174,#720);
#720 = DEFINITIONAL_REPRESENTATION('',(#721),#725);
#721 = LINE('',#722,#723);
#722 = CARTESIAN_POINT('',(0.,-0.));
#723 = VECTOR('',#724,1.);
#724 = DIRECTION('',(0.,1.));
#725 = ( GEOMETRIC_REPRESENTATION_CONTEXT(2) 
PARAMETRIC_REPRESENTATION_CONTEXT() REPRESENTATION_CONTEXT('2D SPACE',''
  ) );
#726 = ORIENTED_EDGE('',*,*,#727,.F.);
#727 = EDGE_CURVE('',#705,#705,#728,.T.);
#728 = SURFACE_CURVE('',#729,(#734,#741),.PCURVE_S1.);
#729 = CIRCLE('',#730,6.);
#730 = AXIS2_PLACEMENT_3D('',#731,#732,#733);
#731 = CARTESIAN_POINT('',(54.,-5.394510142839E-15,31.));
#732 = DIRECTION('',(1.,-4.994916798925E-17,2.16353616086E-16));
#733 = DIRECTION('',(2.22044604925E-16,0.224951054344,-0.974370064785));
#734 = PCURVE('',#174,#735);
#735 = DEFINITIONAL_REPRESENTATION('',(#736),#740);
#736 = LINE('',#737,#738);
#737 = CARTESIAN_POINT('',(0.,108.));
#738 = VECTOR('',#739,1.);
#739 = DIRECTION('',(1.,0.));
#740 = ( GEOMETRIC_REPRESENTATION_CONTEXT(2) 
PARAMETRIC_REPRESENTATION_CONTEXT() REPRESENTATION_CONTEXT('2D SPACE',''
  ) );
#741 = PCURVE('',#742,#747);
#742 = PLANE('',#743);
#743 = AXIS2_PLACEMENT_3D('',#744,#745,#746);
#744 = CARTESIAN_POINT('',(54.,-5.394510142839E-15,31.));
#745 = DIRECTION('',(1.,-4.994916798925E-17,2.16353616086E-16));
#746 = DIRECTION('',(2.22044604925E-16,0.224951054344,-0.974370064785));
#747 = DEFINITIONAL_REPRESENTATION('',(#748),#752);
#748 = CIRCLE('',#749,6.);
#749 = AXIS2_PLACEMENT_2D('',#750,#751);
#750 = CARTESIAN_POINT('',(0.,0.));
#751 = DIRECTION('',(1.,0.));
#752 = ( GEOMETRIC_REPRESENTATION_CONTEXT(2) 
PARAMETRIC_REPRESENTATION_CONTEXT() REPRESENTATION_CONTEXT('2D SPACE',''
  ) );
#753 = ORIENTED_EDGE('',*,*,#704,.F.);
#754 = ORIENTED_EDGE('',*,*,#467,.T.);
#755 = ORIENTED_EDGE('',*,*,#756,.F.);
#756 = EDGE_CURVE('',#757,#214,#759,.T.);
#757 = VERTEX_POINT('',#758);
#758 = CARTESIAN_POINT('',(-43.1856160484,1.349706326063,25.153779611289
    ));
#759 = SEAM_CURVE('',#760,(#764,#771),.PCURVE_S1.);
#760 = LINE('',#761,#762);
#761 = CARTESIAN_POINT('',(-54.,1.349706326063,25.153779611289));
#762 = VECTOR('',#763,1.);
#763 = DIRECTION('',(1.,-4.994916798925E-17,2.16353616086E-16));
#764 = PCURVE('',#174,#765);
#765 = DEFINITIONAL_REPRESENTATION('',(#766),#770);
#766 = LINE('',#767,#768);
#767 = CARTESIAN_POINT('',(6.28318530718,-0.));
#768 = VECTOR('',#769,1.);
#769 = DIRECTION('',(0.,1.));
#770 = ( GEOMETRIC_REPRESENTATION_CONTEXT(2) 
PARAMETRIC_REPRESENTATION_CONTEXT() REPRESENTATION_CONTEXT('2D SPACE',''
  ) );
#771 = PCURVE('',#174,#772);
#772 = DEFINITIONAL_REPRESENTATION('',(#773),#777);
#773 = LINE('',#774,#775);
#774 = CARTESIAN_POINT('',(0.,-0.));
#775 = VECTOR('',#776,1.);
#776 = DIRECTION('',(0.,1.));
#777 = ( GEOMETRIC_REPRESENTATION_CONTEXT(2) 
PARAMETRIC_REPRESENTATION_CONTEXT() REPRESENTATION_CONTEXT('2D SPACE',''
  ) );
#778 = ORIENTED_EDGE('',*,*,#779,.T.);
#779 = EDGE_CURVE('',#757,#780,#782,.T.);
#780 = VERTEX_POINT('',#781);
#781 = CARTESIAN_POINT('',(-52.81438395159,1.349706326063,
    25.153779611289));
#782 = SURFACE_CURVE('',#783,(#858,#936),.PCURVE_S1.);
#783 = B_SPLINE_CURVE_WITH_KNOTS('',7,(#784,#785,#786,#787,#788,#789,
    #790,#791,#792,#793,#794,#795,#796,#797,#798,#799,#800,#801,#802,
    #803,#804,#805,#806,#807,#808,#809,#810,#811,#812,#813,#814,#815,
    #816,#817,#818,#819,#820,#821,#822,#823,#824,#825,#826,#827,#828,
    #829,#830,#831,#832,#833,#834,#835,#836,#837,#838,#839,#840,#841,
    #842,#843,#844,#845,#846,#847,#848,#849,#850,#851,#852,#853,#854,
    #855,#856,#857),.UNSPECIFIED.,.F.,.F.,(8,6,6,6,6,6,6,6,6,6,6,6,8),(
    0.,6.9964323914E-02,0.120264994592,0.255540418236,0.401439997656,
    0.436447995918,0.499647952008,0.563139921726,0.598056063869,
    0.745849422967,0.87797800702,0.928594251289,1.),.UNSPECIFIED.);
#784 = CARTESIAN_POINT('',(-43.1856160484,1.349706326063,25.153779611289
    ));
#785 = CARTESIAN_POINT('',(-43.22991417432,1.507717133611,
    25.190259280605));
#786 = CARTESIAN_POINT('',(-43.27937812374,1.660877415116,
    25.230867039216));
#787 = CARTESIAN_POINT('',(-43.33352254912,1.809125969796,25.27514679882
    ));
#788 = CARTESIAN_POINT('',(-43.39188745875,1.952425973406,
    25.322659236314));
#789 = CARTESIAN_POINT('',(-43.454037242,2.090764494716,25.372982883506)
  );
#790 = CARTESIAN_POINT('',(-43.51955969461,2.224152011989,
    25.425715216829));
#791 = CARTESIAN_POINT('',(-43.63731678849,2.444985046115,
    25.519842251474));
#792 = CARTESIAN_POINT('',(-43.68814262081,2.534866747287,
    25.560283861343));
#793 = CARTESIAN_POINT('',(-43.74042791261,2.622322520483,
    25.601680041911));
#794 = CARTESIAN_POINT('',(-43.79407029135,2.70740994655,25.643921920922
    ));
#795 = CARTESIAN_POINT('',(-43.84897977963,2.790188641549,
    25.686910052424));
#796 = CARTESIAN_POINT('',(-43.90507893461,2.870720198629,
    25.730554180579));
#797 = CARTESIAN_POINT('',(-44.1161977146,3.159772071865,25.89369229263)
  );
#798 = CARTESIAN_POINT('',(-44.27836130254,3.354864159204,
    26.016870401025));
#799 = CARTESIAN_POINT('',(-44.44742270621,3.535341905992,
    26.142633953034));
#800 = CARTESIAN_POINT('',(-44.6225100827,3.702214645637,26.269644728746
    ));
#801 = CARTESIAN_POINT('',(-44.80316643129,3.85640936819,26.396795668207
    ));
#802 = CARTESIAN_POINT('',(-44.98929061038,3.998695348503,
    26.523057993921));
#803 = CARTESIAN_POINT('',(-45.38798132209,4.27084283438,26.78125691733)
  );
#804 = CARTESIAN_POINT('',(-45.60112725393,4.39861219576,26.912633686704
    ));
#805 = CARTESIAN_POINT('',(-45.8207755804,4.513707007287,27.039974132789
    ));
#806 = CARTESIAN_POINT('',(-46.04722345701,4.61634214877,27.161447553723
    ));
#807 = CARTESIAN_POINT('',(-46.28067845653,4.706321971385,
    27.274578856287));
#808 = CARTESIAN_POINT('',(-46.52133865656,4.783220305613,
    27.376157185079));
#809 = CARTESIAN_POINT('',(-46.82923900826,4.861388445692,
    27.483245724035));
#810 = CARTESIAN_POINT('',(-46.88924815639,4.875713535418,
    27.503087860792));
#811 = CARTESIAN_POINT('',(-46.9496650082,4.889220904398,27.521990761309
    ));
#812 = CARTESIAN_POINT('',(-47.01047357341,4.901895867757,27.53989789371
    ));
#813 = CARTESIAN_POINT('',(-47.07166053977,4.913724840352,
    27.556754713609));
#814 = CARTESIAN_POINT('',(-47.13321526892,4.924694875258,
    27.572508852775));
#815 = CARTESIAN_POINT('',(-47.30690411136,4.953023716801,
    27.613470321584));
#816 = CARTESIAN_POINT('',(-47.41997621831,4.968433657837,
    27.636103112191));
#817 = CARTESIAN_POINT('',(-47.53403625587,4.980892797382,
    27.654636286455));
#818 = CARTESIAN_POINT('',(-47.64882606691,4.990319513423,
    27.668782717004));
#819 = CARTESIAN_POINT('',(-47.76412480206,4.996662949013,
    27.678344447543));
#820 = CARTESIAN_POINT('',(-47.87973439276,4.999892973129,
    27.683213860781));
#821 = CARTESIAN_POINT('',(-48.11173011692,5.000103398437,
    27.683531088442));
#822 = CARTESIAN_POINT('',(-48.22788653508,4.99705464505,27.678934952172
    ));
#823 = CARTESIAN_POINT('',(-48.34374019639,4.990862405434,
    27.669598416151));
#824 = CARTESIAN_POINT('',(-48.45908998827,4.981556437935,
    27.655626965314));
#825 = CARTESIAN_POINT('',(-48.57371260532,4.969187489072,
    27.637218286477));
#826 = CARTESIAN_POINT('',(-48.68734766975,4.953837267969,27.61466088647
    ));
#827 = CARTESIAN_POINT('',(-48.86145957514,4.925627262514,
    27.573849692328));
#828 = CARTESIAN_POINT('',(-48.92287956608,4.914750081599,27.55821972255
    ));
#829 = CARTESIAN_POINT('',(-48.98393487828,4.903017567235,
    27.541489495096));
#830 = CARTESIAN_POINT('',(-49.04461475399,4.890442576613,27.52371091293
    ));
#831 = CARTESIAN_POINT('',(-49.10490576906,4.877038615902,
    27.504938085991));
#832 = CARTESIAN_POINT('',(-49.16479182893,4.86282029893,27.485227144104
    ));
#833 = CARTESIAN_POINT('',(-49.47594687186,4.784241859616,
    27.377477881923));
#834 = CARTESIAN_POINT('',(-49.71977674323,4.70644784868,27.274644231534
    ));
#835 = CARTESIAN_POINT('',(-49.95621759963,4.615232099361,
    27.159944772104));
#836 = CARTESIAN_POINT('',(-50.18547229365,4.511036165746,
    27.036719885035));
#837 = CARTESIAN_POINT('',(-50.40775450948,4.394061885326,
    26.907533022719));
#838 = CARTESIAN_POINT('',(-50.62337323392,4.264077511415,
    26.774271346511));
#839 = CARTESIAN_POINT('',(-51.01958624526,3.991692124938,26.51695678768
    ));
#840 = CARTESIAN_POINT('',(-51.2011883992,3.852261588923,26.39360850465)
  );
#841 = CARTESIAN_POINT('',(-51.37756516548,3.701447263382,
    26.269439384732));
#842 = CARTESIAN_POINT('',(-51.54861579778,3.538531238789,
    26.145412274001));
#843 = CARTESIAN_POINT('',(-51.71391551366,3.362652585575,
    26.022561287017));
#844 = CARTESIAN_POINT('',(-51.87266287293,3.172874160277,
    25.902127876127));
#845 = CARTESIAN_POINT('',(-52.081428595,2.889883720899,25.741035588894)
  );
#846 = CARTESIAN_POINT('',(-52.13812435438,2.809301419613,
    25.696984152111));
#847 = CARTESIAN_POINT('',(-52.19362810647,2.726454057639,
    25.653581939014));
#848 = CARTESIAN_POINT('',(-52.24786257467,2.641278707997,
    25.610919737972));
#849 = CARTESIAN_POINT('',(-52.30073766957,2.553714377211,
    25.569097688346));
#850 = CARTESIAN_POINT('',(-52.35215063796,2.463702062221,
    25.528225530603));
#851 = CARTESIAN_POINT('',(-52.47229064716,2.240668133194,
    25.432272112872));
#852 = CARTESIAN_POINT('',(-52.53952385503,2.105040191451,
    25.378195480806));
#853 = CARTESIAN_POINT('',(-52.6032761183,1.964260942395,25.326595826712
    ));
#854 = CARTESIAN_POINT('',(-52.66311270032,1.818315083811,
    25.277898308143));
#855 = CARTESIAN_POINT('',(-52.71857280929,1.667212547869,
    25.232549188202));
#856 = CARTESIAN_POINT('',(-52.7691685627,1.510988998047,25.191014650029
    ));
#857 = CARTESIAN_POINT('',(-52.81438395159,1.349706326063,
    25.153779611289));
#858 = PCURVE('',#174,#859);
#859 = DEFINITIONAL_REPRESENTATION('',(#860),#935);
#860 = B_SPLINE_CURVE_WITH_KNOTS('',7,(#861,#862,#863,#864,#865,#866,
    #867,#868,#869,#870,#871,#872,#873,#874,#875,#876,#877,#878,#879,
    #880,#881,#882,#883,#884,#885,#886,#887,#888,#889,#890,#891,#892,
    #893,#894,#895,#896,#897,#898,#899,#900,#901,#902,#903,#904,#905,
    #906,#907,#908,#909,#910,#911,#912,#913,#914,#915,#916,#917,#918,
    #919,#920,#921,#922,#923,#924,#925,#926,#927,#928,#929,#930,#931,
    #932,#933,#934),.UNSPECIFIED.,.F.,.F.,(8,6,6,6,6,6,6,6,6,6,6,6,8),(
    0.,6.9964323914E-02,0.120264994592,0.255540418236,0.401439997656,
    0.436447995918,0.499647952008,0.563139921726,0.598056063869,
    0.745849422967,0.87797800702,0.928594251289,1.),.UNSPECIFIED.);
#861 = CARTESIAN_POINT('',(0.,10.814383951596));
#862 = CARTESIAN_POINT('',(2.702785681027E-02,10.770085825672));
#863 = CARTESIAN_POINT('',(5.342278843537E-02,10.720621876254));
#864 = CARTESIAN_POINT('',(7.918997890195E-02,10.666477450877));
#865 = CARTESIAN_POINT('',(0.104332468285,10.608112541248));
#866 = CARTESIAN_POINT('',(0.128851842461,10.545962757991));
#867 = CARTESIAN_POINT('',(0.152748922863,10.480440305387));
#868 = CARTESIAN_POINT('',(0.192758341064,10.362683211504));
#869 = CARTESIAN_POINT('',(0.209181905263,10.311857379183));
#870 = CARTESIAN_POINT('',(0.225303554492,10.259572087385));
#871 = CARTESIAN_POINT('',(0.241131389851,10.205929708644));
#872 = CARTESIAN_POINT('',(0.256673355429,10.151020220364));
#873 = CARTESIAN_POINT('',(0.271937385849,10.094921065386));
#874 = CARTESIAN_POINT('',(0.327255915251,9.883802285398));
#875 = CARTESIAN_POINT('',(0.365663169205,9.721638697455));
#876 = CARTESIAN_POINT('',(0.402268104586,9.552577293786));
#877 = CARTESIAN_POINT('',(0.437168906967,9.377489917293));
#878 = CARTESIAN_POINT('',(0.470442589265,9.196833568708));
#879 = CARTESIAN_POINT('',(0.502130023041,9.010709389611));
#880 = CARTESIAN_POINT('',(0.564653560413,8.612018677906));
#881 = CARTESIAN_POINT('',(0.5951724858,8.398872746064));
#882 = CARTESIAN_POINT('',(0.623751731872,8.179224419594));
#883 = CARTESIAN_POINT('',(0.650233164349,7.952776542987));
#884 = CARTESIAN_POINT('',(0.674313678515,7.719321543467));
#885 = CARTESIAN_POINT('',(0.695544269575,7.478661343434));
#886 = CARTESIAN_POINT('',(0.717641411987,7.170760991736));
#887 = CARTESIAN_POINT('',(0.72172015814,7.110751843604));
#888 = CARTESIAN_POINT('',(0.725592242402,7.050334991798));
#889 = CARTESIAN_POINT('',(0.729248684864,6.989526426584));
#890 = CARTESIAN_POINT('',(0.732680835073,6.92833946023));
#891 = CARTESIAN_POINT('',(0.73588036136,6.866784731078));
#892 = CARTESIAN_POINT('',(0.744180905503,6.693095888639));
#893 = CARTESIAN_POINT('',(0.748744252767,6.580023781682));
#894 = CARTESIAN_POINT('',(0.75246614891,6.465963744128));
#895 = CARTESIAN_POINT('',(0.75529939343,6.351173933081));
#896 = CARTESIAN_POINT('',(0.757211827765,6.235875197933));
#897 = CARTESIAN_POINT('',(0.758185710793,6.120265607237));
#898 = CARTESIAN_POINT('',(0.758249156351,5.888269883071));
#899 = CARTESIAN_POINT('',(0.757329928717,5.772113464913));
#900 = CARTESIAN_POINT('',(0.755462700714,5.656259803606));
#901 = CARTESIAN_POINT('',(0.752664883358,5.540910011724));
#902 = CARTESIAN_POINT('',(0.748968591749,5.426287394678));
#903 = CARTESIAN_POINT('',(0.74442123211,5.312652330246));
#904 = CARTESIAN_POINT('',(0.736152552961,5.138540424851));
#905 = CARTESIAN_POINT('',(0.732978852693,5.077120433911));
#906 = CARTESIAN_POINT('',(0.729573206599,5.016065121711));
#907 = CARTESIAN_POINT('',(0.725943876549,4.955385246005));
#908 = CARTESIAN_POINT('',(0.722099449181,4.89509423094));
#909 = CARTESIAN_POINT('',(0.71804884654,4.835208171065));
#910 = CARTESIAN_POINT('',(0.695822439182,4.524053128137));
#911 = CARTESIAN_POINT('',(0.674335009036,4.280223256763));
#912 = CARTESIAN_POINT('',(0.649922139767,4.043782400368));
#913 = CARTESIAN_POINT('',(0.623050904595,3.814527706347));
#914 = CARTESIAN_POINT('',(0.594034625592,3.592245490517));
#915 = CARTESIAN_POINT('',(0.563034319184,3.376626766071));
#916 = CARTESIAN_POINT('',(0.500583320403,2.980413754736));
#917 = CARTESIAN_POINT('',(0.469573160647,2.798811600795));
#918 = CARTESIAN_POINT('',(0.437048024698,2.622434834515));
#919 = CARTESIAN_POINT('',(0.40296968842,2.451384202213));
#920 = CARTESIAN_POINT('',(0.367266944288,2.286084486339));
#921 = CARTESIAN_POINT('',(0.329848924945,2.12733712707));
#922 = CARTESIAN_POINT('',(0.275577407506,1.918571404996));
#923 = CARTESIAN_POINT('',(0.26027351186,1.86187564562));
#924 = CARTESIAN_POINT('',(0.244689513584,1.806371893524));
#925 = CARTESIAN_POINT('',(0.228817342841,1.752137425321));
#926 = CARTESIAN_POINT('',(0.212648917174,1.699262330429));
#927 = CARTESIAN_POINT('',(0.196175991042,1.64784936204));
#928 = CARTESIAN_POINT('',(0.155709546826,1.527709352835));
#929 = CARTESIAN_POINT('',(0.131383178557,1.460476144964));
#930 = CARTESIAN_POINT('',(0.106409586737,1.396723881691));
#931 = CARTESIAN_POINT('',(8.078744819868E-02,1.336887299677));
#932 = CARTESIAN_POINT('',(5.451465041389E-02,1.281427190702));
#933 = CARTESIAN_POINT('',(2.758751146217E-02,1.230831437299));
#934 = CARTESIAN_POINT('',(0.,1.185616048404));
#935 = ( GEOMETRIC_REPRESENTATION_CONTEXT(2) 
PARAMETRIC_REPRESENTATION_CONTEXT() REPRESENTATION_CONTEXT('2D SPACE',''
  ) );
#936 = PCURVE('',#937,#942);
#937 = CYLINDRICAL_SURFACE('',#938,5.);
#938 = AXIS2_PLACEMENT_3D('',#939,#940,#941);
#939 = CARTESIAN_POINT('',(-48.,0.,2.));
#940 = DIRECTION('',(0.,0.,1.));
#941 = DIRECTION('',(1.,0.,-0.));
#942 = DEFINITIONAL_REPRESENTATION('',(#943),#1018);
#943 = B_SPLINE_CURVE_WITH_KNOTS('',7,(#944,#945,#946,#947,#948,#949,
    #950,#951,#952,#953,#954,#955,#956,#957,#958,#959,#960,#961,#962,
    #963,#964,#965,#966,#967,#968,#969,#970,#971,#972,#973,#974,#975,
    #976,#977,#978,#979,#980,#981,#982,#983,#984,#985,#986,#987,#988,
    #989,#990,#991,#992,#993,#994,#995,#996,#997,#998,#999,#1000,#1001,
    #1002,#1003,#1004,#1005,#1006,#1007,#1008,#1009,#1010,#1011,#1012,
    #1013,#1014,#1015,#1016,#1017),.UNSPECIFIED.,.F.,.F.,(8,6,6,6,6,6,6,
    6,6,6,6,6,8),(0.,6.9964323914E-02,0.120264994592,0.255540418236,
    0.401439997656,0.436447995918,0.499647952008,0.563139921726,
    0.598056063869,0.745849422967,0.87797800702,0.928594251289,1.),
  .UNSPECIFIED.);
#944 = CARTESIAN_POINT('',(0.27333203167,23.153779611289));
#945 = CARTESIAN_POINT('',(0.306152597943,23.190259280605));
#946 = CARTESIAN_POINT('',(0.338317993294,23.230867039216));
#947 = CARTESIAN_POINT('',(0.369847865549,23.27514679882));
#948 = CARTESIAN_POINT('',(0.400757810002,23.322659236314));
#949 = CARTESIAN_POINT('',(0.431060403866,23.372982883506));
#950 = CARTESIAN_POINT('',(0.460766240727,23.425715216829));
#951 = CARTESIAN_POINT('',(0.510819796893,23.519842251474));
#952 = CARTESIAN_POINT('',(0.531464847056,23.560283861343));
#953 = CARTESIAN_POINT('',(0.551834095933,23.601680041911));
#954 = CARTESIAN_POINT('',(0.571941205378,23.643921920922));
#955 = CARTESIAN_POINT('',(0.591799827799,23.686910052424));
#956 = CARTESIAN_POINT('',(0.611423915303,23.730554180579));
#957 = CARTESIAN_POINT('',(0.683012217332,23.89369229263));
#958 = CARTESIAN_POINT('',(0.733650452249,24.016870401025));
#959 = CARTESIAN_POINT('',(0.782973852368,24.142633953034));
#960 = CARTESIAN_POINT('',(0.831213659042,24.269644728746));
#961 = CARTESIAN_POINT('',(0.878605240962,24.396795668207));
#962 = CARTESIAN_POINT('',(0.925393810907,24.523057993921));
#963 = CARTESIAN_POINT('',(1.021937798326,24.78125691733));
#964 = CARTESIAN_POINT('',(1.071553056366,24.912633686704));
#965 = CARTESIAN_POINT('',(1.121018735081,25.039974132789));
#966 = CARTESIAN_POINT('',(1.170595337959,25.161447553723));
#967 = CARTESIAN_POINT('',(1.220498572164,25.274578856287));
#968 = CARTESIAN_POINT('',(1.270935138284,25.376157185079));
#969 = CARTESIAN_POINT('',(1.334468715139,25.483245724035));
#970 = CARTESIAN_POINT('',(1.346806507508,25.503087860792));
#971 = CARTESIAN_POINT('',(1.359186128301,25.521990761309));
#972 = CARTESIAN_POINT('',(1.371606882275,25.53989789371));
#973 = CARTESIAN_POINT('',(1.384068738968,25.556754713609));
#974 = CARTESIAN_POINT('',(1.396572312418,25.572508852775));
#975 = CARTESIAN_POINT('',(1.4317690948,25.613470321584));
#976 = CARTESIAN_POINT('',(1.454584709642,25.636103112191));
#977 = CARTESIAN_POINT('',(1.477519330419,25.654636286455));
#978 = CARTESIAN_POINT('',(1.500539549215,25.668782717004));
#979 = CARTESIAN_POINT('',(1.523620704898,25.678344447543));
#980 = CARTESIAN_POINT('',(1.546743195702,25.683213860781));
#981 = CARTESIAN_POINT('',(1.593142359621,25.683531088442));
#982 = CARTESIAN_POINT('',(1.616373076642,25.678934952172));
#983 = CARTESIAN_POINT('',(1.639563226163,25.669598416151));
#984 = CARTESIAN_POINT('',(1.662692896816,25.655626965314));
#985 = CARTESIAN_POINT('',(1.685737239913,25.637218286477));
#986 = CARTESIAN_POINT('',(1.708662703041,25.61466088647));
#987 = CARTESIAN_POINT('',(1.743939188131,25.573849692328));
#988 = CARTESIAN_POINT('',(1.756412990735,25.55821972255));
#989 = CARTESIAN_POINT('',(1.768845356405,25.541489495096));
#990 = CARTESIAN_POINT('',(1.781236858829,25.52371091293));
#991 = CARTESIAN_POINT('',(1.793587429316,25.504938085991));
#992 = CARTESIAN_POINT('',(1.805896336526,25.485227144104));
#993 = CARTESIAN_POINT('',(1.870081079843,25.377477881923));
#994 = CARTESIAN_POINT('',(1.921172258812,25.274644231534));
#995 = CARTESIAN_POINT('',(1.971716345536,25.159944772104));
#996 = CARTESIAN_POINT('',(2.021927415113,25.036719885035));
#997 = CARTESIAN_POINT('',(2.072029225582,24.907533022719));
#998 = CARTESIAN_POINT('',(2.122293015788,24.774271346511));
#999 = CARTESIAN_POINT('',(2.218455076731,24.51695678768));
#1000 = CARTESIAN_POINT('',(2.264182916182,24.39360850465));
#1001 = CARTESIAN_POINT('',(2.310491913156,24.269439384732));
#1002 = CARTESIAN_POINT('',(2.357610369886,24.145412274001));
#1003 = CARTESIAN_POINT('',(2.405757747344,24.022561287017));
#1004 = CARTESIAN_POINT('',(2.455149715475,23.902127876127));
#1005 = CARTESIAN_POINT('',(2.525482272799,23.741035588894));
#1006 = CARTESIAN_POINT('',(2.545183047592,23.696984152111));
#1007 = CARTESIAN_POINT('',(2.565118925627,23.653581939014));
#1008 = CARTESIAN_POINT('',(2.585304151588,23.610919737972));
#1009 = CARTESIAN_POINT('',(2.605752653559,23.569097688346));
#1010 = CARTESIAN_POINT('',(2.626478360949,23.528225530603));
#1011 = CARTESIAN_POINT('',(2.677145018747,23.432272112872));
#1012 = CARTESIAN_POINT('',(2.707403175397,23.378195480806));
#1013 = CARTESIAN_POINT('',(2.738280869328,23.326595826712));
#1014 = CARTESIAN_POINT('',(2.769789875665,23.277898308143));
#1015 = CARTESIAN_POINT('',(2.801944040509,23.232549188202));
#1016 = CARTESIAN_POINT('',(2.834760453756,23.191014650029));
#1017 = CARTESIAN_POINT('',(2.86826062192,23.153779611289));
#1018 = ( GEOMETRIC_REPRESENTATION_CONTEXT(2) 
PARAMETRIC_REPRESENTATION_CONTEXT() REPRESENTATION_CONTEXT('2D SPACE',''
  ) );
#1019 = ORIENTED_EDGE('',*,*,#1020,.F.);
#1020 = EDGE_CURVE('',#1021,#780,#1023,.T.);
#1021 = VERTEX_POINT('',#1022);
#1022 = CARTESIAN_POINT('',(-54.,1.349706326063,25.153779611289));
#1023 = SEAM_CURVE('',#1024,(#1028,#1035),.PCURVE_S1.);
#1024 = LINE('',#1025,#1026);
#1025 = CARTESIAN_POINT('',(-54.,1.349706326063,25.153779611289));
#1026 = VECTOR('',#1027,1.);
#1027 = DIRECTION('',(1.,-4.994916798925E-17,2.16353616086E-16));
#1028 = PCURVE('',#174,#1029);
#1029 = DEFINITIONAL_REPRESENTATION('',(#1030),#1034);
#1030 = LINE('',#1031,#1032);
#1031 = CARTESIAN_POINT('',(6.28318530718,-0.));
#1032 = VECTOR('',#1033,1.);
#1033 = DIRECTION('',(0.,1.));
#1034 = ( GEOMETRIC_REPRESENTATION_CONTEXT(2) 
PARAMETRIC_REPRESENTATION_CONTEXT() REPRESENTATION_CONTEXT('2D SPACE',''
  ) );
#1035 = PCURVE('',#174,#1036);
#1036 = DEFINITIONAL_REPRESENTATION('',(#1037),#1041);
#1037 = LINE('',#1038,#1039);
#1038 = CARTESIAN_POINT('',(0.,-0.));
#1039 = VECTOR('',#1040,1.);
#1040 = DIRECTION('',(0.,1.));
#1041 = ( GEOMETRIC_REPRESENTATION_CONTEXT(2) 
PARAMETRIC_REPRESENTATION_CONTEXT() REPRESENTATION_CONTEXT('2D SPACE',''
  ) );
#1042 = ORIENTED_EDGE('',*,*,#1043,.T.);
#1043 = EDGE_CURVE('',#1021,#1021,#1044,.T.);
#1044 = SURFACE_CURVE('',#1045,(#1050,#1057),.PCURVE_S1.);
#1045 = CIRCLE('',#1046,6.);
#1046 = AXIS2_PLACEMENT_3D('',#1047,#1048,#1049);
#1047 = CARTESIAN_POINT('',(-54.,0.,31.));
#1048 = DIRECTION('',(1.,-4.994916798925E-17,2.16353616086E-16));
#1049 = DIRECTION('',(2.22044604925E-16,0.224951054344,-0.974370064785)
  );
#1050 = PCURVE('',#174,#1051);
#1051 = DEFINITIONAL_REPRESENTATION('',(#1052),#1056);
#1052 = LINE('',#1053,#1054);
#1053 = CARTESIAN_POINT('',(0.,0.));
#1054 = VECTOR('',#1055,1.);
#1055 = DIRECTION('',(1.,0.));
#1056 = ( GEOMETRIC_REPRESENTATION_CONTEXT(2) 
PARAMETRIC_REPRESENTATION_CONTEXT() REPRESENTATION_CONTEXT('2D SPACE',''
  ) );
#1057 = PCURVE('',#1058,#1063);
#1058 = PLANE('',#1059);
#1059 = AXIS2_PLACEMENT_3D('',#1060,#1061,#1062);
#1060 = CARTESIAN_POINT('',(-54.,0.,31.));
#1061 = DIRECTION('',(1.,-4.994916798925E-17,2.16353616086E-16));
#1062 = DIRECTION('',(2.22044604925E-16,0.224951054344,-0.974370064785)
  );
#1063 = DEFINITIONAL_REPRESENTATION('',(#1064),#1068);
#1064 = CIRCLE('',#1065,6.);
#1065 = AXIS2_PLACEMENT_2D('',#1066,#1067);
#1066 = CARTESIAN_POINT('',(0.,0.));
#1067 = DIRECTION('',(1.,0.));
#1068 = ( GEOMETRIC_REPRESENTATION_CONTEXT(2) 
PARAMETRIC_REPRESENTATION_CONTEXT() REPRESENTATION_CONTEXT('2D SPACE',''
  ) );
#1069 = ORIENTED_EDGE('',*,*,#1020,.T.);
#1070 = ORIENTED_EDGE('',*,*,#1071,.T.);
#1071 = EDGE_CURVE('',#780,#1072,#1074,.T.);
#1072 = VERTEX_POINT('',#1073);
#1073 = CARTESIAN_POINT('',(-43.,-1.224646799147E-15,25.));
#1074 = SURFACE_CURVE('',#1075,(#1156,#1240),.PCURVE_S1.);
#1075 = B_SPLINE_CURVE_WITH_KNOTS('',7,(#1076,#1077,#1078,#1079,#1080,
    #1081,#1082,#1083,#1084,#1085,#1086,#1087,#1088,#1089,#1090,#1091,
    #1092,#1093,#1094,#1095,#1096,#1097,#1098,#1099,#1100,#1101,#1102,
    #1103,#1104,#1105,#1106,#1107,#1108,#1109,#1110,#1111,#1112,#1113,
    #1114,#1115,#1116,#1117,#1118,#1119,#1120,#1121,#1122,#1123,#1124,
    #1125,#1126,#1127,#1128,#1129,#1130,#1131,#1132,#1133,#1134,#1135,
    #1136,#1137,#1138,#1139,#1140,#1141,#1142,#1143,#1144,#1145,#1146,
    #1147,#1148,#1149,#1150,#1151,#1152,#1153,#1154,#1155),
  .UNSPECIFIED.,.F.,.F.,(8,6,6,6,6,6,6,6,6,6,6,6,6,8),(0.,0.102592962633
    ,0.156891812749,0.204023621029,0.333762983989,0.453429637554,
    0.481680805779,0.53230587,0.583310531067,0.611516506661,
    0.730907012708,0.859625564287,0.906338235149,1.),.UNSPECIFIED.);
#1076 = CARTESIAN_POINT('',(-52.81438395159,1.349706326063,
    25.153779611289));
#1077 = CARTESIAN_POINT('',(-52.89427782312,1.064725982185,
    25.087986714791));
#1078 = CARTESIAN_POINT('',(-52.95815511506,0.761161077883,
    25.034973357878));
#1079 = CARTESIAN_POINT('',(-53.0009059209,0.444724595477,
    24.999264018886));
#1080 = CARTESIAN_POINT('',(-53.01954213522,0.121387078617,
    24.983663847845));
#1081 = CARTESIAN_POINT('',(-53.01307569061,-0.20269394812,
    24.989111419304));
#1082 = CARTESIAN_POINT('',(-52.98249817702,-0.521340156898,
    25.014646414992));
#1083 = CARTESIAN_POINT('',(-52.9035325469,-0.991243540779,
    25.080169023967));
#1084 = CARTESIAN_POINT('',(-52.87035791746,-1.150366727136,
    25.107650315102));
#1085 = CARTESIAN_POINT('',(-52.8317405001,-1.305669073821,
    25.139566375974));
#1086 = CARTESIAN_POINT('',(-52.78810777794,-1.456858831452,
    25.175517734939));
#1087 = CARTESIAN_POINT('',(-52.73991399485,-1.603667427438,
    25.215077542174));
#1088 = CARTESIAN_POINT('',(-52.68764197773,-1.745849715366,
    25.257793929411));
#1089 = CARTESIAN_POINT('',(-52.5833380086,-2.002391606058,
    25.34259855558));
#1090 = CARTESIAN_POINT('',(-52.5321223725,-2.118100900917,
    25.384076543079));
#1091 = CARTESIAN_POINT('',(-52.4783946915,-2.230362069917,
    25.427395784453));
#1092 = CARTESIAN_POINT('',(-52.42237064799,-2.339232981775,
    25.47234236318));
#1093 = CARTESIAN_POINT('',(-52.36424495097,-2.444779218217,
    25.518718896266));
#1094 = CARTESIAN_POINT('',(-52.30419132124,-2.547073879218,
    25.566344436573));
#1095 = CARTESIAN_POINT('',(-52.07216669551,-2.919053902407,
    25.749137845163));
#1096 = CARTESIAN_POINT('',(-51.88819774574,-3.168396827424,
    25.891691591537));
#1097 = CARTESIAN_POINT('',(-51.69345232881,-3.395881218153,
    26.039411147737));
#1098 = CARTESIAN_POINT('',(-51.4898495424,-3.603291631957,
    26.189795247638));
#1099 = CARTESIAN_POINT('',(-51.27837433276,-3.792347535892,
    26.340934712699));
#1100 = CARTESIAN_POINT('',(-51.05922631697,-3.964496391373,
    26.491233812628));
#1101 = CARTESIAN_POINT('',(-50.62218298793,-4.264844226139,
    26.77502520746));
#1102 = CARTESIAN_POINT('',(-50.4060294208,-4.395061603648,
    26.90857983991));
#1103 = CARTESIAN_POINT('',(-50.18317914745,-4.512211555349,
    27.038033563387));
#1104 = CARTESIAN_POINT('',(-49.95332174525,-4.616524454684,
    27.161483288042));
#1105 = CARTESIAN_POINT('',(-49.71624361492,-4.707794033282,
    27.276342442073));
#1106 = CARTESIAN_POINT('',(-49.47174136039,-4.785573588278,
    27.379240475578));
#1107 = CARTESIAN_POINT('',(-49.15974678692,-4.864027416687,
    27.486898151273));
#1108 = CARTESIAN_POINT('',(-49.09973334357,-4.878210001383,
    27.506573812675));
#1109 = CARTESIAN_POINT('',(-49.03931414236,-4.891574762276,
    27.525305000287));
#1110 = CARTESIAN_POINT('',(-48.9785055895,-4.904106969735,
    27.543035262992));
#1111 = CARTESIAN_POINT('',(-48.91732138396,-4.915793028685,
    27.559710233758));
#1112 = CARTESIAN_POINT('',(-48.8557725215,-4.926620013135,
    27.575277819085));
#1113 = CARTESIAN_POINT('',(-48.6829353945,-4.95441453414,
    27.615511603777));
#1114 = CARTESIAN_POINT('',(-48.5707467422,-4.969472492994,
    27.637645637461));
#1115 = CARTESIAN_POINT('',(-48.45760043492,-4.981624587016,
    27.655731942528));
#1116 = CARTESIAN_POINT('',(-48.34374665012,-4.99079248642,
    27.669494333287));
#1117 = CARTESIAN_POINT('',(-48.22940048644,-4.996927252083,
    27.678742880149));
#1118 = CARTESIAN_POINT('',(-48.11475593711,-5.,27.683375209645));
#1119 = CARTESIAN_POINT('',(-47.88438359994,-5.,27.683375209645));
#1120 = CARTESIAN_POINT('',(-47.7688822651,-4.99688099924,
    27.678673152014));
#1121 = CARTESIAN_POINT('',(-47.65368613187,-4.990654165039,
    27.669285804516));
#1122 = CARTESIAN_POINT('',(-47.53899263512,-4.981349191622,
    27.655318549417));
#1123 = CARTESIAN_POINT('',(-47.42502109025,-4.96901629872,
    27.63696673828));
#1124 = CARTESIAN_POINT('',(-47.31202713044,-4.95373597168,
    27.614514341922));
#1125 = CARTESIAN_POINT('',(-47.13854042485,-4.925627262514,
    27.573849692328));
#1126 = CARTESIAN_POINT('',(-47.07712043391,-4.914750081599,
    27.55821972255));
#1127 = CARTESIAN_POINT('',(-47.01606512171,-4.903017567235,
    27.541489495095));
#1128 = CARTESIAN_POINT('',(-46.955385246,-4.890442576613,27.52371091293
    ));
#1129 = CARTESIAN_POINT('',(-46.89509423094,-4.877038615902,
    27.504938085991));
#1130 = CARTESIAN_POINT('',(-46.83520817106,-4.86282029893,
    27.485227144104));
#1131 = CARTESIAN_POINT('',(-46.52405312813,-4.784241859615,
    27.377477881923));
#1132 = CARTESIAN_POINT('',(-46.28022325676,-4.706447848681,
    27.274644231535));
#1133 = CARTESIAN_POINT('',(-46.04378240036,-4.61523209936,
    27.159944772103));
#1134 = CARTESIAN_POINT('',(-45.81452770635,-4.511036165747,
    27.036719885036));
#1135 = CARTESIAN_POINT('',(-45.59224549051,-4.394061885325,
    26.907533022718));
#1136 = CARTESIAN_POINT('',(-45.37662676607,-4.264077511415,
    26.774271346511));
#1137 = CARTESIAN_POINT('',(-44.941896842,-3.965212822489,
    26.491942560169));
#1138 = CARTESIAN_POINT('',(-44.72442095478,-3.794494094566,
    26.342838664973));
#1139 = CARTESIAN_POINT('',(-44.51450140741,-3.607135210107,
    26.192895654104));
#1140 = CARTESIAN_POINT('',(-44.31233224607,-3.401728515222,
    26.043677088408));
#1141 = CARTESIAN_POINT('',(-44.11886583191,-3.176601352218,
    25.897044657368));
#1142 = CARTESIAN_POINT('',(-43.93595603038,-2.930014252535,
    25.755428356266));
#1143 = CARTESIAN_POINT('',(-43.7049985378,-2.562483506584,
    25.573620067385));
#1144 = CARTESIAN_POINT('',(-43.6452317066,-2.46151602667,
    25.526259986202));
#1145 = CARTESIAN_POINT('',(-43.58734163564,-2.357364658223,
    25.480108575941));
#1146 = CARTESIAN_POINT('',(-43.53149460818,-2.249956203036,
    25.435339773182));
#1147 = CARTESIAN_POINT('',(-43.47787740916,-2.139224524906,
    25.392143529111));
#1148 = CARTESIAN_POINT('',(-43.42669729463,-2.025110734035,
    25.350725925534));
#1149 = CARTESIAN_POINT('',(-43.28090574747,-1.671873713103,
    25.232276525308));
#1150 = CARTESIAN_POINT('',(-43.19324649591,-1.419723349216,
    25.160397215018));
#1151 = CARTESIAN_POINT('',(-43.11883384912,-1.153423731242,
    25.098894988371));
#1152 = CARTESIAN_POINT('',(-43.06051484878,-0.875489970854,
    25.050428366378));
#1153 = CARTESIAN_POINT('',(-43.02042157768,-0.588659248177,
    25.017018255207));
#1154 = CARTESIAN_POINT('',(-43.,-0.295841158868,25.));
#1155 = CARTESIAN_POINT('',(-43.,-1.7763568394E-15,25.));
#1156 = PCURVE('',#174,#1157);
#1157 = DEFINITIONAL_REPRESENTATION('',(#1158),#1239);
#1158 = B_SPLINE_CURVE_WITH_KNOTS('',7,(#1159,#1160,#1161,#1162,#1163,
    #1164,#1165,#1166,#1167,#1168,#1169,#1170,#1171,#1172,#1173,#1174,
    #1175,#1176,#1177,#1178,#1179,#1180,#1181,#1182,#1183,#1184,#1185,
    #1186,#1187,#1188,#1189,#1190,#1191,#1192,#1193,#1194,#1195,#1196,
    #1197,#1198,#1199,#1200,#1201,#1202,#1203,#1204,#1205,#1206,#1207,
    #1208,#1209,#1210,#1211,#1212,#1213,#1214,#1215,#1216,#1217,#1218,
    #1219,#1220,#1221,#1222,#1223,#1224,#1225,#1226,#1227,#1228,#1229,
    #1230,#1231,#1232,#1233,#1234,#1235,#1236,#1237,#1238),
  .UNSPECIFIED.,.F.,.F.,(8,6,6,6,6,6,6,6,6,6,6,6,6,8),(0.,0.102592962633
    ,0.156891812749,0.204023621029,0.333762983989,0.453429637554,
    0.481680805779,0.53230587,0.583310531067,0.611516506661,
    0.730907012708,0.859625564287,0.906338235149,1.),.UNSPECIFIED.);
#1159 = CARTESIAN_POINT('',(6.28318530718,1.185616048404));
#1160 = CARTESIAN_POINT('',(6.234439224252,1.105722176872));
#1161 = CARTESIAN_POINT('',(6.183153883277,1.041844884933));
#1162 = CARTESIAN_POINT('',(6.130239402074,0.999094079094));
#1163 = CARTESIAN_POINT('',(6.07648802494,0.980457864774));
#1164 = CARTESIAN_POINT('',(6.022642036594,0.98692430939));
#1165 = CARTESIAN_POINT('',(5.9694551461,1.017501822973));
#1166 = CARTESIAN_POINT('',(5.890380216362,1.096467453094));
#1167 = CARTESIAN_POINT('',(5.863481279284,1.129642082532));
#1168 = CARTESIAN_POINT('',(5.837077460606,1.168259499895));
#1169 = CARTESIAN_POINT('',(5.81119784187,1.211892222052));
#1170 = CARTESIAN_POINT('',(5.785873905078,1.260086005146));
#1171 = CARTESIAN_POINT('',(5.761139782672,1.312358022267));
#1172 = CARTESIAN_POINT('',(5.716107212268,1.416661991397));
#1173 = CARTESIAN_POINT('',(5.695627088319,1.4678776275));
#1174 = CARTESIAN_POINT('',(5.675581343756,1.521605308497));
#1175 = CARTESIAN_POINT('',(5.655959885122,1.577629352004));
#1176 = CARTESIAN_POINT('',(5.636752961036,1.635755049021));
#1177 = CARTESIAN_POINT('',(5.617950805812,1.695808678755));
#1178 = CARTESIAN_POINT('',(5.548873038068,1.927833304486));
#1179 = CARTESIAN_POINT('',(5.501097376863,2.111802254255));
#1180 = CARTESIAN_POINT('',(5.455999219263,2.306547671182));
#1181 = CARTESIAN_POINT('',(5.413391936241,2.510150457595));
#1182 = CARTESIAN_POINT('',(5.373113871704,2.721625667239));
#1183 = CARTESIAN_POINT('',(5.335055324643,2.940773683022));
#1184 = CARTESIAN_POINT('',(5.266186210127,3.377817012066));
#1185 = CARTESIAN_POINT('',(5.235124006694,3.593970579197));
#1186 = CARTESIAN_POINT('',(5.206055276639,3.816820852547));
#1187 = CARTESIAN_POINT('',(5.179142955801,4.046678254742));
#1188 = CARTESIAN_POINT('',(5.154703678374,4.28375638508));
#1189 = CARTESIAN_POINT('',(5.13320912875,4.528258639607));
#1190 = CARTESIAN_POINT('',(5.111007290533,4.840253213078));
#1191 = CARTESIAN_POINT('',(5.106964940274,4.900266656422));
#1192 = CARTESIAN_POINT('',(5.103129956622,4.960685857638));
#1193 = CARTESIAN_POINT('',(5.099511318272,5.0214944105));
#1194 = CARTESIAN_POINT('',(5.096117657214,5.082678616031));
#1195 = CARTESIAN_POINT('',(5.092957269583,5.144227478495));
#1196 = CARTESIAN_POINT('',(5.084807128431,5.317064605493));
#1197 = CARTESIAN_POINT('',(5.080345500908,5.429253257793));
#1198 = CARTESIAN_POINT('',(5.076713959865,5.542399565079));
#1199 = CARTESIAN_POINT('',(5.073957898112,5.656253349873));
#1200 = CARTESIAN_POINT('',(5.07210818627,5.770599513551));
#1201 = CARTESIAN_POINT('',(5.071181721083,5.885244062886));
#1202 = CARTESIAN_POINT('',(5.071181721083,6.115616400058));
#1203 = CARTESIAN_POINT('',(5.072122131853,6.231117734896));
#1204 = CARTESIAN_POINT('',(5.073999603976,6.346313868126));
#1205 = CARTESIAN_POINT('',(5.076796747185,6.461007364872));
#1206 = CARTESIAN_POINT('',(5.080481820828,6.574978909744));
#1207 = CARTESIAN_POINT('',(5.085008160666,6.687972869557));
#1208 = CARTESIAN_POINT('',(5.0932471487,6.861459575148));
#1209 = CARTESIAN_POINT('',(5.096420848968,6.92287956609));
#1210 = CARTESIAN_POINT('',(5.099826495062,6.983934878289));
#1211 = CARTESIAN_POINT('',(5.103455825112,7.044614753995));
#1212 = CARTESIAN_POINT('',(5.10730025248,7.104905769059));
#1213 = CARTESIAN_POINT('',(5.111350855121,7.164791828935));
#1214 = CARTESIAN_POINT('',(5.133577262479,7.475946871863));
#1215 = CARTESIAN_POINT('',(5.155064692625,7.719776743234));
#1216 = CARTESIAN_POINT('',(5.179477561895,7.956217599636));
#1217 = CARTESIAN_POINT('',(5.206348797066,8.185472293649));
#1218 = CARTESIAN_POINT('',(5.23536507607,8.407754509484));
#1219 = CARTESIAN_POINT('',(5.266365382477,8.623373233928));
#1220 = CARTESIAN_POINT('',(5.334887407705,9.058103157999));
#1221 = CARTESIAN_POINT('',(5.372636056605,9.275579045215));
#1222 = CARTESIAN_POINT('',(5.412570215933,9.485498592588));
#1223 = CARTESIAN_POINT('',(5.454795502432,9.687667753925));
#1224 = CARTESIAN_POINT('',(5.499468597418,9.881134168081));
#1225 = CARTESIAN_POINT('',(5.546771005497,10.064043969619));
#1226 = CARTESIAN_POINT('',(5.615111066777,10.295001462191));
#1227 = CARTESIAN_POINT('',(5.633694235755,10.354768293398));
#1228 = CARTESIAN_POINT('',(5.652673575884,10.412658364353));
#1229 = CARTESIAN_POINT('',(5.672058869234,10.468505391812));
#1230 = CARTESIAN_POINT('',(5.691859877102,10.522122590835));
#1231 = CARTESIAN_POINT('',(5.712086680907,10.573302705368));
#1232 = CARTESIAN_POINT('',(5.774181289138,10.719094252527));
#1233 = CARTESIAN_POINT('',(5.817834677363,10.806753504082));
#1234 = CARTESIAN_POINT('',(5.863289930018,10.881166150879));
#1235 = CARTESIAN_POINT('',(5.910181864022,10.939485151217));
#1236 = CARTESIAN_POINT('',(5.9581825677,10.979578422318));
#1237 = CARTESIAN_POINT('',(6.006985644609,11.));
#1238 = CARTESIAN_POINT('',(6.05629250442,11.));
#1239 = ( GEOMETRIC_REPRESENTATION_CONTEXT(2) 
PARAMETRIC_REPRESENTATION_CONTEXT() REPRESENTATION_CONTEXT('2D SPACE',''
  ) );
#1240 = PCURVE('',#937,#1241);
#1241 = DEFINITIONAL_REPRESENTATION('',(#1242),#1323);
#1242 = B_SPLINE_CURVE_WITH_KNOTS('',7,(#1243,#1244,#1245,#1246,#1247,
    #1248,#1249,#1250,#1251,#1252,#1253,#1254,#1255,#1256,#1257,#1258,
    #1259,#1260,#1261,#1262,#1263,#1264,#1265,#1266,#1267,#1268,#1269,
    #1270,#1271,#1272,#1273,#1274,#1275,#1276,#1277,#1278,#1279,#1280,
    #1281,#1282,#1283,#1284,#1285,#1286,#1287,#1288,#1289,#1290,#1291,
    #1292,#1293,#1294,#1295,#1296,#1297,#1298,#1299,#1300,#1301,#1302,
    #1303,#1304,#1305,#1306,#1307,#1308,#1309,#1310,#1311,#1312,#1313,
    #1314,#1315,#1316,#1317,#1318,#1319,#1320,#1321,#1322),
  .UNSPECIFIED.,.F.,.F.,(8,6,6,6,6,6,6,6,6,6,6,6,6,8),(0.,0.102592962633
    ,0.156891812749,0.204023621029,0.333762983989,0.453429637554,
    0.481680805779,0.53230587,0.583310531067,0.611516506661,
    0.730907012708,0.859625564287,0.906338235149,1.),.UNSPECIFIED.);
#1243 = CARTESIAN_POINT('',(2.86826062192,23.153779611289));
#1244 = CARTESIAN_POINT('',(2.927454144237,23.087986714791));
#1245 = CARTESIAN_POINT('',(2.989361983178,23.034973357878));
#1246 = CARTESIAN_POINT('',(3.05294627493,22.999264018886));
#1247 = CARTESIAN_POINT('',(3.117376192632,22.983663847845));
#1248 = CARTESIAN_POINT('',(3.181905545899,22.989111419304));
#1249 = CARTESIAN_POINT('',(3.245767096963,23.014646414992));
#1250 = CARTESIAN_POINT('',(3.341065525265,23.080169023967));
#1251 = CARTESIAN_POINT('',(3.37354967403,23.107650315102));
#1252 = CARTESIAN_POINT('',(3.405519185416,23.139566375974));
#1253 = CARTESIAN_POINT('',(3.436953051017,23.175517734939));
#1254 = CARTESIAN_POINT('',(3.467825507349,23.215077542174));
#1255 = CARTESIAN_POINT('',(3.498105434865,23.257793929411));
#1256 = CARTESIAN_POINT('',(3.553492458492,23.34259855558));
#1257 = CARTESIAN_POINT('',(3.578788121338,23.384076543079));
#1258 = CARTESIAN_POINT('',(3.603661986886,23.427395784453));
#1259 = CARTESIAN_POINT('',(3.628132127004,23.47234236318));
#1260 = CARTESIAN_POINT('',(3.652216075212,23.518718896266));
#1261 = CARTESIAN_POINT('',(3.675931457833,23.566344436573));
#1262 = CARTESIAN_POINT('',(3.763613739874,23.749137845163));
#1263 = CARTESIAN_POINT('',(3.825398590848,23.891691591537));
#1264 = CARTESIAN_POINT('',(3.885049375052,24.039411147737));
#1265 = CARTESIAN_POINT('',(3.94294654906,24.189795247638));
#1266 = CARTESIAN_POINT('',(3.999493559185,24.340934712699));
#1267 = CARTESIAN_POINT('',(4.055115779928,24.491233812628));
#1268 = CARTESIAN_POINT('',(4.161175327978,24.77502520746));
#1269 = CARTESIAN_POINT('',(4.211554169651,24.90857983991));
#1270 = CARTESIAN_POINT('',(4.261771970955,25.038033563388));
#1271 = CARTESIAN_POINT('',(4.312101376346,25.161483288042));
#1272 = CARTESIAN_POINT('',(4.362767241354,25.276342442073));
#1273 = CARTESIAN_POINT('',(4.413984915478,25.379240475578));
#1274 = CARTESIAN_POINT('',(4.478326384864,25.486898151273));
#1275 = CARTESIAN_POINT('',(4.490658428532,25.506573812675));
#1276 = CARTESIAN_POINT('',(4.503032319301,25.525305000287));
#1277 = CARTESIAN_POINT('',(4.515447279536,25.543035262992));
#1278 = CARTESIAN_POINT('',(4.527903203212,25.559710233758));
#1279 = CARTESIAN_POINT('',(4.540400635218,25.575277819085));
#1280 = CARTESIAN_POINT('',(4.575412180666,25.615511603777));
#1281 = CARTESIAN_POINT('',(4.598043446678,25.637645637461));
#1282 = CARTESIAN_POINT('',(4.620790089286,25.655731942528));
#1283 = CARTESIAN_POINT('',(4.643619894578,25.669494333287));
#1284 = CARTESIAN_POINT('',(4.666508886752,25.678742880149));
#1285 = CARTESIAN_POINT('',(4.689437792962,25.683375209645));
#1286 = CARTESIAN_POINT('',(4.735512260396,25.683375209645));
#1287 = CARTESIAN_POINT('',(4.758612523529,25.678673152014));
#1288 = CARTESIAN_POINT('',(4.781671957772,25.669285804516));
#1289 = CARTESIAN_POINT('',(4.80467103875,25.655318549417));
#1290 = CARTESIAN_POINT('',(4.827585369993,25.63696673828));
#1291 = CARTESIAN_POINT('',(4.850382027185,25.614514341922));
#1292 = CARTESIAN_POINT('',(4.885531841721,25.573849692328));
#1293 = CARTESIAN_POINT('',(4.898005644325,25.55821972255));
#1294 = CARTESIAN_POINT('',(4.910438009995,25.541489495095));
#1295 = CARTESIAN_POINT('',(4.922829512419,25.52371091293));
#1296 = CARTESIAN_POINT('',(4.935180082906,25.504938085991));
#1297 = CARTESIAN_POINT('',(4.947488990116,25.485227144104));
#1298 = CARTESIAN_POINT('',(5.011673733432,25.377477881923));
#1299 = CARTESIAN_POINT('',(5.062764912402,25.274644231535));
#1300 = CARTESIAN_POINT('',(5.113308999127,25.159944772103));
#1301 = CARTESIAN_POINT('',(5.163520068703,25.036719885036));
#1302 = CARTESIAN_POINT('',(5.213621879172,24.907533022718));
#1303 = CARTESIAN_POINT('',(5.263885669378,24.774271346511));
#1304 = CARTESIAN_POINT('',(5.369395898109,24.491942560169));
#1305 = CARTESIAN_POINT('',(5.42458108888,24.342838664973));
#1306 = CARTESIAN_POINT('',(5.480674223805,24.192895654104));
#1307 = CARTESIAN_POINT('',(5.538090234831,24.043677088408));
#1308 = CARTESIAN_POINT('',(5.597222934959,23.897044657368));
#1309 = CARTESIAN_POINT('',(5.658444175077,23.755428356266));
#1310 = CARTESIAN_POINT('',(5.745258969345,23.573620067385));
#1311 = CARTESIAN_POINT('',(5.768716829338,23.526259986202));
#1312 = CARTESIAN_POINT('',(5.792534335199,23.480108575941));
#1313 = CARTESIAN_POINT('',(5.816729012213,23.435339773182));
#1314 = CARTESIAN_POINT('',(5.841318261637,23.392143529111));
#1315 = CARTESIAN_POINT('',(5.866319969068,23.350725925534));
#1316 = CARTESIAN_POINT('',(5.94274812309,23.232276525308));
#1317 = CARTESIAN_POINT('',(5.996052493535,23.160397215018));
#1318 = CARTESIAN_POINT('',(6.051178401593,23.098894988371));
#1319 = CARTESIAN_POINT('',(6.107748967292,23.050428366378));
#1320 = CARTESIAN_POINT('',(6.165453458837,23.017018255207));
#1321 = CARTESIAN_POINT('',(6.224017075406,23.));
#1322 = CARTESIAN_POINT('',(6.28318530718,23.));
#1323 = ( GEOMETRIC_REPRESENTATION_CONTEXT(2) 
PARAMETRIC_REPRESENTATION_CONTEXT() REPRESENTATION_CONTEXT('2D SPACE',''
  ) );
#1324 = ORIENTED_EDGE('',*,*,#1325,.T.);
#1325 = EDGE_CURVE('',#1072,#757,#1326,.T.);
#1326 = SURFACE_CURVE('',#1327,(#1335,#1346),.PCURVE_S1.);
#1327 = B_SPLINE_CURVE_WITH_KNOTS('',6,(#1328,#1329,#1330,#1331,#1332,
    #1333,#1334),.UNSPECIFIED.,.F.,.F.,(7,7),(0.,1.),
  .PIECEWISE_BEZIER_KNOTS.);
#1328 = CARTESIAN_POINT('',(-43.,-1.801011570349E-15,25.));
#1329 = CARTESIAN_POINT('',(-43.,0.234201095416,25.));
#1330 = CARTESIAN_POINT('',(-43.01316412482,0.467603650728,
    25.010970123259));
#1331 = CARTESIAN_POINT('',(-43.03932347344,0.698000942176,
    25.032769488958));
#1332 = CARTESIAN_POINT('',(-43.07774558987,0.923209230282,
    25.064721958843));
#1333 = CARTESIAN_POINT('',(-43.12713746439,1.141114019045,
    25.105622282685));
#1334 = CARTESIAN_POINT('',(-43.1856160484,1.349706326063,
    25.153779611289));
#1335 = PCURVE('',#174,#1336);
#1336 = DEFINITIONAL_REPRESENTATION('',(#1337),#1345);
#1337 = B_SPLINE_CURVE_WITH_KNOTS('',6,(#1338,#1339,#1340,#1341,#1342,
    #1343,#1344),.UNSPECIFIED.,.F.,.F.,(7,7),(0.,1.),
  .PIECEWISE_BEZIER_KNOTS.);
#1338 = CARTESIAN_POINT('',(6.05629250442,11.));
#1339 = CARTESIAN_POINT('',(6.095326020323,11.));
#1340 = CARTESIAN_POINT('',(6.134226458918,10.986835875175));
#1341 = CARTESIAN_POINT('',(6.172732997411,10.960676526559));
#1342 = CARTESIAN_POINT('',(6.210585360182,10.922254410124));
#1343 = CARTESIAN_POINT('',(6.247505450255,10.872862535602));
#1344 = CARTESIAN_POINT('',(6.28318530718,10.814383951596));
#1345 = ( GEOMETRIC_REPRESENTATION_CONTEXT(2) 
PARAMETRIC_REPRESENTATION_CONTEXT() REPRESENTATION_CONTEXT('2D SPACE',''
  ) );
#1346 = PCURVE('',#937,#1347);
#1347 = DEFINITIONAL_REPRESENTATION('',(#1348),#1356);
#1348 = B_SPLINE_CURVE_WITH_KNOTS('',6,(#1349,#1350,#1351,#1352,#1353,
    #1354,#1355),.UNSPECIFIED.,.F.,.F.,(7,7),(0.,1.),
  .PIECEWISE_BEZIER_KNOTS.);
#1349 = CARTESIAN_POINT('',(0.,23.));
#1350 = CARTESIAN_POINT('',(4.684021908317E-02,23.));
#1351 = CARTESIAN_POINT('',(9.352073306577E-02,23.010970123259));
#1352 = CARTESIAN_POINT('',(0.139785163616,23.032769488958));
#1353 = CARTESIAN_POINT('',(0.185375461516,23.064721958843));
#1354 = CARTESIAN_POINT('',(0.230005136865,23.105622282685));
#1355 = CARTESIAN_POINT('',(0.27333203167,23.153779611289));
#1356 = ( GEOMETRIC_REPRESENTATION_CONTEXT(2) 
PARAMETRIC_REPRESENTATION_CONTEXT() REPRESENTATION_CONTEXT('2D SPACE',''
  ) );
#1357 = ORIENTED_EDGE('',*,*,#756,.T.);
#1358 = ORIENTED_EDGE('',*,*,#213,.T.);
#1359 = ORIENTED_EDGE('',*,*,#148,.T.);
#1360 = ADVANCED_FACE('',(#1361),#937,.T.);
#1361 = FACE_BOUND('',#1362,.T.);
#1362 = EDGE_LOOP('',(#1363,#1364,#1387,#1414,#1415,#1416));
#1363 = ORIENTED_EDGE('',*,*,#1325,.F.);
#1364 = ORIENTED_EDGE('',*,*,#1365,.F.);
#1365 = EDGE_CURVE('',#1366,#1072,#1368,.T.);
#1366 = VERTEX_POINT('',#1367);
#1367 = CARTESIAN_POINT('',(-43.,-1.224646799147E-15,2.));
#1368 = SEAM_CURVE('',#1369,(#1373,#1380),.PCURVE_S1.);
#1369 = LINE('',#1370,#1371);
#1370 = CARTESIAN_POINT('',(-43.,-1.224646799147E-15,2.));
#1371 = VECTOR('',#1372,1.);
#1372 = DIRECTION('',(0.,0.,1.));
#1373 = PCURVE('',#937,#1374);
#1374 = DEFINITIONAL_REPRESENTATION('',(#1375),#1379);
#1375 = LINE('',#1376,#1377);
#1376 = CARTESIAN_POINT('',(6.28318530718,-0.));
#1377 = VECTOR('',#1378,1.);
#1378 = DIRECTION('',(0.,1.));
#1379 = ( GEOMETRIC_REPRESENTATION_CONTEXT(2) 
PARAMETRIC_REPRESENTATION_CONTEXT() REPRESENTATION_CONTEXT('2D SPACE',''
  ) );
#1380 = PCURVE('',#937,#1381);
#1381 = DEFINITIONAL_REPRESENTATION('',(#1382),#1386);
#1382 = LINE('',#1383,#1384);
#1383 = CARTESIAN_POINT('',(0.,-0.));
#1384 = VECTOR('',#1385,1.);
#1385 = DIRECTION('',(0.,1.));
#1386 = ( GEOMETRIC_REPRESENTATION_CONTEXT(2) 
PARAMETRIC_REPRESENTATION_CONTEXT() REPRESENTATION_CONTEXT('2D SPACE',''
  ) );
#1387 = ORIENTED_EDGE('',*,*,#1388,.T.);
#1388 = EDGE_CURVE('',#1366,#1366,#1389,.T.);
#1389 = SURFACE_CURVE('',#1390,(#1395,#1402),.PCURVE_S1.);
#1390 = CIRCLE('',#1391,5.);
#1391 = AXIS2_PLACEMENT_3D('',#1392,#1393,#1394);
#1392 = CARTESIAN_POINT('',(-48.,0.,2.));
#1393 = DIRECTION('',(0.,0.,1.));
#1394 = DIRECTION('',(1.,0.,-0.));
#1395 = PCURVE('',#937,#1396);
#1396 = DEFINITIONAL_REPRESENTATION('',(#1397),#1401);
#1397 = LINE('',#1398,#1399);
#1398 = CARTESIAN_POINT('',(0.,0.));
#1399 = VECTOR('',#1400,1.);
#1400 = DIRECTION('',(1.,0.));
#1401 = ( GEOMETRIC_REPRESENTATION_CONTEXT(2) 
PARAMETRIC_REPRESENTATION_CONTEXT() REPRESENTATION_CONTEXT('2D SPACE',''
  ) );
#1402 = PCURVE('',#1403,#1408);
#1403 = PLANE('',#1404);
#1404 = AXIS2_PLACEMENT_3D('',#1405,#1406,#1407);
#1405 = CARTESIAN_POINT('',(-48.,0.,2.));
#1406 = DIRECTION('',(0.,0.,1.));
#1407 = DIRECTION('',(1.,0.,0.));
#1408 = DEFINITIONAL_REPRESENTATION('',(#1409),#1413);
#1409 = CIRCLE('',#1410,5.);
#1410 = AXIS2_PLACEMENT_2D('',#1411,#1412);
#1411 = CARTESIAN_POINT('',(0.,0.));
#1412 = DIRECTION('',(1.,0.));
#1413 = ( GEOMETRIC_REPRESENTATION_CONTEXT(2) 
PARAMETRIC_REPRESENTATION_CONTEXT() REPRESENTATION_CONTEXT('2D SPACE',''
  ) );
#1414 = ORIENTED_EDGE('',*,*,#1365,.T.);
#1415 = ORIENTED_EDGE('',*,*,#1071,.F.);
#1416 = ORIENTED_EDGE('',*,*,#779,.F.);
#1417 = ADVANCED_FACE('',(#1418),#1058,.F.);
#1418 = FACE_BOUND('',#1419,.T.);
#1419 = EDGE_LOOP('',(#1420));
#1420 = ORIENTED_EDGE('',*,*,#1043,.F.);
#1421 = ADVANCED_FACE('',(#1422),#742,.T.);
#1422 = FACE_BOUND('',#1423,.T.);
#1423 = EDGE_LOOP('',(#1424));
#1424 = ORIENTED_EDGE('',*,*,#727,.T.);
#1425 = ADVANCED_FACE('',(#1426,#1457),#1403,.T.);
#1426 = FACE_BOUND('',#1427,.T.);
#1427 = EDGE_LOOP('',(#1428));
#1428 = ORIENTED_EDGE('',*,*,#1429,.T.);
#1429 = EDGE_CURVE('',#1430,#1430,#1432,.T.);
#1430 = VERTEX_POINT('',#1431);
#1431 = CARTESIAN_POINT('',(-41.,-1.714505518806E-15,2.));
#1432 = SURFACE_CURVE('',#1433,(#1438,#1445),.PCURVE_S1.);
#1433 = CIRCLE('',#1434,7.);
#1434 = AXIS2_PLACEMENT_3D('',#1435,#1436,#1437);
#1435 = CARTESIAN_POINT('',(-48.,0.,2.));
#1436 = DIRECTION('',(0.,0.,1.));
#1437 = DIRECTION('',(1.,0.,0.));
#1438 = PCURVE('',#1403,#1439);
#1439 = DEFINITIONAL_REPRESENTATION('',(#1440),#1444);
#1440 = CIRCLE('',#1441,7.);
#1441 = AXIS2_PLACEMENT_2D('',#1442,#1443);
#1442 = CARTESIAN_POINT('',(0.,0.));
#1443 = DIRECTION('',(1.,0.));
#1444 = ( GEOMETRIC_REPRESENTATION_CONTEXT(2) 
PARAMETRIC_REPRESENTATION_CONTEXT() REPRESENTATION_CONTEXT('2D SPACE',''
  ) );
#1445 = PCURVE('',#1446,#1451);
#1446 = CYLINDRICAL_SURFACE('',#1447,7.);
#1447 = AXIS2_PLACEMENT_3D('',#1448,#1449,#1450);
#1448 = CARTESIAN_POINT('',(-48.,0.,0.));
#1449 = DIRECTION('',(0.,0.,1.));
#1450 = DIRECTION('',(1.,0.,0.));
#1451 = DEFINITIONAL_REPRESENTATION('',(#1452),#1456);
#1452 = LINE('',#1453,#1454);
#1453 = CARTESIAN_POINT('',(0.,2.));
#1454 = VECTOR('',#1455,1.);
#1455 = DIRECTION('',(1.,0.));
#1456 = ( GEOMETRIC_REPRESENTATION_CONTEXT(2) 
PARAMETRIC_REPRESENTATION_CONTEXT() REPRESENTATION_CONTEXT('2D SPACE',''
  ) );
#1457 = FACE_BOUND('',#1458,.T.);
#1458 = EDGE_LOOP('',(#1459));
#1459 = ORIENTED_EDGE('',*,*,#1388,.F.);
#1460 = ADVANCED_FACE('',(#1461),#1446,.T.);
#1461 = FACE_BOUND('',#1462,.T.);
#1462 = EDGE_LOOP('',(#1463,#1464,#1487,#1514));
#1463 = ORIENTED_EDGE('',*,*,#1429,.F.);
#1464 = ORIENTED_EDGE('',*,*,#1465,.F.);
#1465 = EDGE_CURVE('',#1466,#1430,#1468,.T.);
#1466 = VERTEX_POINT('',#1467);
#1467 = CARTESIAN_POINT('',(-41.,-1.714505518806E-15,0.));
#1468 = SEAM_CURVE('',#1469,(#1473,#1480),.PCURVE_S1.);
#1469 = LINE('',#1470,#1471);
#1470 = CARTESIAN_POINT('',(-41.,-1.714505518806E-15,0.));
#1471 = VECTOR('',#1472,1.);
#1472 = DIRECTION('',(0.,0.,1.));
#1473 = PCURVE('',#1446,#1474);
#1474 = DEFINITIONAL_REPRESENTATION('',(#1475),#1479);
#1475 = LINE('',#1476,#1477);
#1476 = CARTESIAN_POINT('',(0.,-0.));
#1477 = VECTOR('',#1478,1.);
#1478 = DIRECTION('',(0.,1.));
#1479 = ( GEOMETRIC_REPRESENTATION_CONTEXT(2) 
PARAMETRIC_REPRESENTATION_CONTEXT() REPRESENTATION_CONTEXT('2D SPACE',''
  ) );
#1480 = PCURVE('',#1446,#1481);
#1481 = DEFINITIONAL_REPRESENTATION('',(#1482),#1486);
#1482 = LINE('',#1483,#1484);
#1483 = CARTESIAN_POINT('',(6.28318530718,-0.));
#1484 = VECTOR('',#1485,1.);
#1485 = DIRECTION('',(0.,1.));
#1486 = ( GEOMETRIC_REPRESENTATION_CONTEXT(2) 
PARAMETRIC_REPRESENTATION_CONTEXT() REPRESENTATION_CONTEXT('2D SPACE',''
  ) );
#1487 = ORIENTED_EDGE('',*,*,#1488,.T.);
#1488 = EDGE_CURVE('',#1466,#1466,#1489,.T.);
#1489 = SURFACE_CURVE('',#1490,(#1495,#1502),.PCURVE_S1.);
#1490 = CIRCLE('',#1491,7.);
#1491 = AXIS2_PLACEMENT_3D('',#1492,#1493,#1494);
#1492 = CARTESIAN_POINT('',(-48.,0.,0.));
#1493 = DIRECTION('',(0.,0.,1.));
#1494 = DIRECTION('',(1.,0.,0.));
#1495 = PCURVE('',#1446,#1496);
#1496 = DEFINITIONAL_REPRESENTATION('',(#1497),#1501);
#1497 = LINE('',#1498,#1499);
#1498 = CARTESIAN_POINT('',(0.,0.));
#1499 = VECTOR('',#1500,1.);
#1500 = DIRECTION('',(1.,0.));
#1501 = ( GEOMETRIC_REPRESENTATION_CONTEXT(2) 
PARAMETRIC_REPRESENTATION_CONTEXT() REPRESENTATION_CONTEXT('2D SPACE',''
  ) );
#1502 = PCURVE('',#1503,#1508);
#1503 = PLANE('',#1504);
#1504 = AXIS2_PLACEMENT_3D('',#1505,#1506,#1507);
#1505 = CARTESIAN_POINT('',(-48.,0.,0.));
#1506 = DIRECTION('',(0.,0.,1.));
#1507 = DIRECTION('',(1.,0.,0.));
#1508 = DEFINITIONAL_REPRESENTATION('',(#1509),#1513);
#1509 = CIRCLE('',#1510,7.);
#1510 = AXIS2_PLACEMENT_2D('',#1511,#1512);
#1511 = CARTESIAN_POINT('',(0.,0.));
#1512 = DIRECTION('',(1.,0.));
#1513 = ( GEOMETRIC_REPRESENTATION_CONTEXT(2) 
PARAMETRIC_REPRESENTATION_CONTEXT() REPRESENTATION_CONTEXT('2D SPACE',''
  ) );
#1514 = ORIENTED_EDGE('',*,*,#1465,.T.);
#1515 = ADVANCED_FACE('',(#1516),#1503,.F.);
#1516 = FACE_BOUND('',#1517,.T.);
#1517 = EDGE_LOOP('',(#1518));
#1518 = ORIENTED_EDGE('',*,*,#1488,.F.);
#1519 = ( GEOMETRIC_REPRESENTATION_CONTEXT(3) 
GLOBAL_UNCERTAINTY_ASSIGNED_CONTEXT((#1523)) 
GLOBAL_UNIT_ASSIGNED_CONTEXT((#1520,#1521,#1522)) REPRESENTATION_CONTEXT
('Context #1','3D Context with UNIT and UNCERTAINTY') );
#1520 = ( LENGTH_UNIT() NAMED_UNIT(*) SI_UNIT(.MILLI.,.METRE.) );
#1521 = ( NAMED_UNIT(*) PLANE_ANGLE_UNIT() SI_UNIT($,.RADIAN.) );
#1522 = ( NAMED_UNIT(*) SI_UNIT($,.STERADIAN.) SOLID_ANGLE_UNIT() );
#1523 = UNCERTAINTY_MEASURE_WITH_UNIT(LENGTH_MEASURE(1.E-07),#1520,
  'distance_accuracy_value','confusion accuracy');
#1524 = PRODUCT_RELATED_PRODUCT_CATEGORY('part',$,(#7));
ENDSEC;
END-ISO-10303-21;
