ISO-10303-21;
HEADER;
FILE_DESCRIPTION(('Open CASCADE Model'),'2;1');
FILE_NAME('COMPOUND','2026-09-08T22:52:09',('Author'),('Open CASCADE'),
  'Open CASCADE STEP processor 7.9','build123d','Unknown');
FILE_SCHEMA(('AUTOMOTIVE_DESIGN { 1 0 10303 214 1 1 1 1 }'));
ENDSEC;
DATA;
#1 = APPLICATION_PROTOCOL_DEFINITION('international standard',
  'automotive_design',2000,#2);
#2 = APPLICATION_CONTEXT(
  'core data for automotive mechanical design processes');
#3 = SHAPE_DEFINITION_REPRESENTATION(#4,#10);
#4 = PRODUCT_DEFINITION_SHAPE('','',#5);
#5 = PRODUCT_DEFINITION('design','',#6,#9);
#6 = PRODUCT_DEFINITION_FORMATION('','',#7);
#7 = PRODUCT('COMPOUND','COMPOUND','',(#8));
#8 = PRODUCT_CONTEXT('',#2,'mechanical');
#9 = PRODUCT_DEFINITION_CONTEXT('part definition',#2,'design');
#10 = ADVANCED_BREP_SHAPE_REPRESENTATION('',(#11,#15),#4116);
#11 = AXIS2_PLACEMENT_3D('',#12,#13,#14);
#12 = CARTESIAN_POINT('',(0.,0.,0.));
#13 = DIRECTION('',(0.,0.,1.));
#14 = DIRECTION('',(1.,0.,-0.));
#15 = MANIFOLD_SOLID_BREP('',#16);
#16 = CLOSED_SHELL('',(#17,#105,#140,#144,#668,#1503,#1595,#1798,#1889,
    #1968,#2047,#2077,#2158,#2183,#2218,#2248,#2329,#2354,#2649,#2726,
    #2757,#2840,#2866,#2921,#2952,#3030,#3056,#3525,#3607,#3662,#3720,
    #3774,#3823,#3873,#3927,#3993,#3999,#4005,#4012,#4016,#4022,#4028,
    #4055,#4082,#4109));
#17 = ADVANCED_FACE('',(#18),#31,.T.);
#18 = FACE_BOUND('',#19,.T.);
#19 = EDGE_LOOP('',(#20,#54,#77,#104));
#20 = ORIENTED_EDGE('',*,*,#21,.F.);
#21 = EDGE_CURVE('',#22,#22,#24,.T.);
#22 = VERTEX_POINT('',#23);
#23 = CARTESIAN_POINT('',(-41.,-1.714505518806E-15,2.));
#24 = SURFACE_CURVE('',#25,(#30,#42),.PCURVE_S1.);
#25 = CIRCLE('',#26,7.);
#26 = AXIS2_PLACEMENT_3D('',#27,#28,#29);
#27 = CARTESIAN_POINT('',(-48.,0.,2.));
#28 = DIRECTION('',(0.,0.,1.));
#29 = DIRECTION('',(1.,0.,-0.));
#30 = PCURVE('',#31,#36);
#31 = CYLINDRICAL_SURFACE('',#32,7.);
#32 = AXIS2_PLACEMENT_3D('',#33,#34,#35);
#33 = CARTESIAN_POINT('',(-48.,0.,0.));
#34 = DIRECTION('',(0.,0.,1.));
#35 = DIRECTION('',(1.,0.,-0.));
#36 = DEFINITIONAL_REPRESENTATION('',(#37),#41);
#37 = LINE('',#38,#39);
#38 = CARTESIAN_POINT('',(0.,2.));
#39 = VECTOR('',#40,1.);
#40 = DIRECTION('',(1.,0.));
#41 = ( GEOMETRIC_REPRESENTATION_CONTEXT(2) 
PARAMETRIC_REPRESENTATION_CONTEXT() REPRESENTATION_CONTEXT('2D SPACE',''
  ) );
#42 = PCURVE('',#43,#48);
#43 = PLANE('',#44);
#44 = AXIS2_PLACEMENT_3D('',#45,#46,#47);
#45 = CARTESIAN_POINT('',(-48.,0.,2.));
#46 = DIRECTION('',(0.,0.,1.));
#47 = DIRECTION('',(1.,0.,-0.));
#48 = DEFINITIONAL_REPRESENTATION('',(#49),#53);
#49 = CIRCLE('',#50,7.);
#50 = AXIS2_PLACEMENT_2D('',#51,#52);
#51 = CARTESIAN_POINT('',(0.,0.));
#52 = DIRECTION('',(1.,0.));
#53 = ( GEOMETRIC_REPRESENTATION_CONTEXT(2) 
PARAMETRIC_REPRESENTATION_CONTEXT() REPRESENTATION_CONTEXT('2D SPACE',''
  ) );
#54 = ORIENTED_EDGE('',*,*,#55,.F.);
#55 = EDGE_CURVE('',#56,#22,#58,.T.);
#56 = VERTEX_POINT('',#57);
#57 = CARTESIAN_POINT('',(-41.,-1.714505518806E-15,0.));
#58 = SEAM_CURVE('',#59,(#63,#70),.PCURVE_S1.);
#59 = LINE('',#60,#61);
#60 = CARTESIAN_POINT('',(-41.,-1.714505518806E-15,0.));
#61 = VECTOR('',#62,1.);
#62 = DIRECTION('',(0.,0.,1.));
#63 = PCURVE('',#31,#64);
#64 = DEFINITIONAL_REPRESENTATION('',(#65),#69);
#65 = LINE('',#66,#67);
#66 = CARTESIAN_POINT('',(0.,-0.));
#67 = VECTOR('',#68,1.);
#68 = DIRECTION('',(0.,1.));
#69 = ( GEOMETRIC_REPRESENTATION_CONTEXT(2) 
PARAMETRIC_REPRESENTATION_CONTEXT() REPRESENTATION_CONTEXT('2D SPACE',''
  ) );
#70 = PCURVE('',#31,#71);
#71 = DEFINITIONAL_REPRESENTATION('',(#72),#76);
#72 = LINE('',#73,#74);
#73 = CARTESIAN_POINT('',(6.28318530718,-0.));
#74 = VECTOR('',#75,1.);
#75 = DIRECTION('',(0.,1.));
#76 = ( GEOMETRIC_REPRESENTATION_CONTEXT(2) 
PARAMETRIC_REPRESENTATION_CONTEXT() REPRESENTATION_CONTEXT('2D SPACE',''
  ) );
#77 = ORIENTED_EDGE('',*,*,#78,.T.);
#78 = EDGE_CURVE('',#56,#56,#79,.T.);
#79 = SURFACE_CURVE('',#80,(#85,#92),.PCURVE_S1.);
#80 = CIRCLE('',#81,7.);
#81 = AXIS2_PLACEMENT_3D('',#82,#83,#84);
#82 = CARTESIAN_POINT('',(-48.,0.,0.));
#83 = DIRECTION('',(0.,0.,1.));
#84 = DIRECTION('',(1.,0.,-0.));
#85 = PCURVE('',#31,#86);
#86 = DEFINITIONAL_REPRESENTATION('',(#87),#91);
#87 = LINE('',#88,#89);
#88 = CARTESIAN_POINT('',(0.,0.));
#89 = VECTOR('',#90,1.);
#90 = DIRECTION('',(1.,0.));
#91 = ( GEOMETRIC_REPRESENTATION_CONTEXT(2) 
PARAMETRIC_REPRESENTATION_CONTEXT() REPRESENTATION_CONTEXT('2D SPACE',''
  ) );
#92 = PCURVE('',#93,#98);
#93 = PLANE('',#94);
#94 = AXIS2_PLACEMENT_3D('',#95,#96,#97);
#95 = CARTESIAN_POINT('',(-48.,0.,0.));
#96 = DIRECTION('',(0.,0.,1.));
#97 = DIRECTION('',(1.,0.,-0.));
#98 = DEFINITIONAL_REPRESENTATION('',(#99),#103);
#99 = CIRCLE('',#100,7.);
#100 = AXIS2_PLACEMENT_2D('',#101,#102);
#101 = CARTESIAN_POINT('',(0.,0.));
#102 = DIRECTION('',(1.,0.));
#103 = ( GEOMETRIC_REPRESENTATION_CONTEXT(2) 
PARAMETRIC_REPRESENTATION_CONTEXT() REPRESENTATION_CONTEXT('2D SPACE',''
  ) );
#104 = ORIENTED_EDGE('',*,*,#55,.T.);
#105 = ADVANCED_FACE('',(#106,#109),#43,.T.);
#106 = FACE_BOUND('',#107,.T.);
#107 = EDGE_LOOP('',(#108));
#108 = ORIENTED_EDGE('',*,*,#21,.T.);
#109 = FACE_BOUND('',#110,.T.);
#110 = EDGE_LOOP('',(#111));
#111 = ORIENTED_EDGE('',*,*,#112,.F.);
#112 = EDGE_CURVE('',#113,#113,#115,.T.);
#113 = VERTEX_POINT('',#114);
#114 = CARTESIAN_POINT('',(-43.,-1.224646799147E-15,2.));
#115 = SURFACE_CURVE('',#116,(#121,#128),.PCURVE_S1.);
#116 = CIRCLE('',#117,5.);
#117 = AXIS2_PLACEMENT_3D('',#118,#119,#120);
#118 = CARTESIAN_POINT('',(-48.,0.,2.));
#119 = DIRECTION('',(0.,0.,1.));
#120 = DIRECTION('',(1.,0.,-0.));
#121 = PCURVE('',#43,#122);
#122 = DEFINITIONAL_REPRESENTATION('',(#123),#127);
#123 = CIRCLE('',#124,5.);
#124 = AXIS2_PLACEMENT_2D('',#125,#126);
#125 = CARTESIAN_POINT('',(0.,0.));
#126 = DIRECTION('',(1.,0.));
#127 = ( GEOMETRIC_REPRESENTATION_CONTEXT(2) 
PARAMETRIC_REPRESENTATION_CONTEXT() REPRESENTATION_CONTEXT('2D SPACE',''
  ) );
#128 = PCURVE('',#129,#134);
#129 = CYLINDRICAL_SURFACE('',#130,5.);
#130 = AXIS2_PLACEMENT_3D('',#131,#132,#133);
#131 = CARTESIAN_POINT('',(-48.,0.,2.));
#132 = DIRECTION('',(0.,0.,1.));
#133 = DIRECTION('',(1.,0.,-0.));
#134 = DEFINITIONAL_REPRESENTATION('',(#135),#139);
#135 = LINE('',#136,#137);
#136 = CARTESIAN_POINT('',(0.,0.));
#137 = VECTOR('',#138,1.);
#138 = DIRECTION('',(1.,0.));
#139 = ( GEOMETRIC_REPRESENTATION_CONTEXT(2) 
PARAMETRIC_REPRESENTATION_CONTEXT() REPRESENTATION_CONTEXT('2D SPACE',''
  ) );
#140 = ADVANCED_FACE('',(#141),#93,.F.);
#141 = FACE_BOUND('',#142,.T.);
#142 = EDGE_LOOP('',(#143));
#143 = ORIENTED_EDGE('',*,*,#78,.F.);
#144 = ADVANCED_FACE('',(#145),#129,.T.);
#145 = FACE_BOUND('',#146,.T.);
#146 = EDGE_LOOP('',(#147,#170,#225,#353,#382,#479,#508,#618,#666,#667)
  );
#147 = ORIENTED_EDGE('',*,*,#148,.T.);
#148 = EDGE_CURVE('',#113,#149,#151,.T.);
#149 = VERTEX_POINT('',#150);
#150 = CARTESIAN_POINT('',(-43.,-1.224646799147E-15,26.968273085249));
#151 = SEAM_CURVE('',#152,(#156,#163),.PCURVE_S1.);
#152 = LINE('',#153,#154);
#153 = CARTESIAN_POINT('',(-43.,-1.224646799147E-15,2.));
#154 = VECTOR('',#155,1.);
#155 = DIRECTION('',(0.,0.,1.));
#156 = PCURVE('',#129,#157);
#157 = DEFINITIONAL_REPRESENTATION('',(#158),#162);
#158 = LINE('',#159,#160);
#159 = CARTESIAN_POINT('',(6.28318530718,-0.));
#160 = VECTOR('',#161,1.);
#161 = DIRECTION('',(0.,1.));
#162 = ( GEOMETRIC_REPRESENTATION_CONTEXT(2) 
PARAMETRIC_REPRESENTATION_CONTEXT() REPRESENTATION_CONTEXT('2D SPACE',''
  ) );
#163 = PCURVE('',#129,#164);
#164 = DEFINITIONAL_REPRESENTATION('',(#165),#169);
#165 = LINE('',#166,#167);
#166 = CARTESIAN_POINT('',(0.,-0.));
#167 = VECTOR('',#168,1.);
#168 = DIRECTION('',(0.,1.));
#169 = ( GEOMETRIC_REPRESENTATION_CONTEXT(2) 
PARAMETRIC_REPRESENTATION_CONTEXT() REPRESENTATION_CONTEXT('2D SPACE',''
  ) );
#170 = ORIENTED_EDGE('',*,*,#171,.F.);
#171 = EDGE_CURVE('',#172,#149,#174,.T.);
#172 = VERTEX_POINT('',#173);
#173 = CARTESIAN_POINT('',(-44.42928578572,-3.5,26.623162919683));
#174 = SURFACE_CURVE('',#175,(#188,#204),.PCURVE_S1.);
#175 = B_SPLINE_CURVE_WITH_KNOTS('',6,(#176,#177,#178,#179,#180,#181,
    #182,#183,#184,#185,#186,#187),.UNSPECIFIED.,.F.,.F.,(7,5,7),(0.,
    0.271593118519,1.),.UNSPECIFIED.);
#176 = CARTESIAN_POINT('',(-44.4292881382,-3.5000024,26.623162341827));
#177 = CARTESIAN_POINT('',(-44.29645990001,-3.364490674154,
    26.655789979841));
#178 = CARTESIAN_POINT('',(-44.17145730929,-3.224617773208,
    26.686371224452));
#179 = CARTESIAN_POINT('',(-44.05420753696,-3.08088479557,
    26.714951493304));
#180 = CARTESIAN_POINT('',(-43.94462922378,-2.933748954807,
    26.741575076118));
#181 = CARTESIAN_POINT('',(-43.84263294727,-2.783623933583,
    26.766285152007));
#182 = CARTESIAN_POINT('',(-43.49464453267,-2.221224941972,
    26.85037658588));
#183 = CARTESIAN_POINT('',(-43.29499614982,-1.792714060933,
    26.898170845068));
#184 = CARTESIAN_POINT('',(-43.14703281204,-1.352003433072,
    26.933384558843));
#185 = CARTESIAN_POINT('',(-43.04902256315,-0.903815044824,
    26.95664090653));
#186 = CARTESIAN_POINT('',(-43.,-0.451953175307,26.968273085249));
#187 = CARTESIAN_POINT('',(-43.,-1.33226762955E-15,26.968273085249));
#188 = PCURVE('',#129,#189);
#189 = DEFINITIONAL_REPRESENTATION('',(#190),#203);
#190 = B_SPLINE_CURVE_WITH_KNOTS('',6,(#191,#192,#193,#194,#195,#196,
    #197,#198,#199,#200,#201,#202),.UNSPECIFIED.,.F.,.F.,(7,5,7),(0.,
    0.271593118519,1.),.UNSPECIFIED.);
#191 = CARTESIAN_POINT('',(5.507787138434,24.623162341827));
#192 = CARTESIAN_POINT('',(5.545738037608,24.655789979841));
#193 = CARTESIAN_POINT('',(5.58321625998,24.686371224452));
#194 = CARTESIAN_POINT('',(5.620258742389,24.714951493304));
#195 = CARTESIAN_POINT('',(5.656897879361,24.741575076118));
#196 = CARTESIAN_POINT('',(5.693163994316,24.766285152007));
#197 = CARTESIAN_POINT('',(5.825434711024,24.85037658588));
#198 = CARTESIAN_POINT('',(5.919324242826,24.898170845068));
#199 = CARTESIAN_POINT('',(6.011456727632,24.933384558843));
#200 = CARTESIAN_POINT('',(6.102421926639,24.95664090653));
#201 = CARTESIAN_POINT('',(6.192794672118,24.968273085249));
#202 = CARTESIAN_POINT('',(6.28318530718,24.968273085249));
#203 = ( GEOMETRIC_REPRESENTATION_CONTEXT(2) 
PARAMETRIC_REPRESENTATION_CONTEXT() REPRESENTATION_CONTEXT('2D SPACE',''
  ) );
#204 = PCURVE('',#205,#210);
#205 = CYLINDRICAL_SURFACE('',#206,186.25);
#206 = AXIS2_PLACEMENT_3D('',#207,#208,#209);
#207 = CARTESIAN_POINT('',(-2.556831758308E-15,0.,-154.25));
#208 = DIRECTION('',(0.,-1.,0.));
#209 = DIRECTION('',(0.289932885906,0.,0.957046979866));
#210 = DEFINITIONAL_REPRESENTATION('',(#211),#224);
#211 = B_SPLINE_CURVE_WITH_KNOTS('',6,(#212,#213,#214,#215,#216,#217,
    #218,#219,#220,#221,#222,#223),.UNSPECIFIED.,.F.,.F.,(7,5,7),(0.,
    0.271593118519,1.),.UNSPECIFIED.);
#212 = CARTESIAN_POINT('',(0.53502559156,3.5000024));
#213 = CARTESIAN_POINT('',(0.534291219271,3.364490674154));
#214 = CARTESIAN_POINT('',(0.533600271891,3.224617773208));
#215 = CARTESIAN_POINT('',(0.532952310801,3.08088479557));
#216 = CARTESIAN_POINT('',(0.532346854758,2.933748954807));
#217 = CARTESIAN_POINT('',(0.531783382168,2.783623933583));
#218 = CARTESIAN_POINT('',(0.529861209726,2.221224941972));
#219 = CARTESIAN_POINT('',(0.528758986859,1.792714060933));
#220 = CARTESIAN_POINT('',(0.527942364751,1.352003433072));
#221 = CARTESIAN_POINT('',(0.527401523702,0.903815044824));
#222 = CARTESIAN_POINT('',(0.52713100707,0.451953175307));
#223 = CARTESIAN_POINT('',(0.52713100707,1.224646799147E-15));
#224 = ( GEOMETRIC_REPRESENTATION_CONTEXT(2) 
PARAMETRIC_REPRESENTATION_CONTEXT() REPRESENTATION_CONTEXT('2D SPACE',''
  ) );
#225 = ORIENTED_EDGE('',*,*,#226,.F.);
#226 = EDGE_CURVE('',#227,#172,#229,.T.);
#227 = VERTEX_POINT('',#228);
#228 = CARTESIAN_POINT('',(-51.57071421427,-3.5,24.717941082837));
#229 = SURFACE_CURVE('',#230,(#269,#311),.PCURVE_S1.);
#230 = B_SPLINE_CURVE_WITH_KNOTS('',7,(#231,#232,#233,#234,#235,#236,
    #237,#238,#239,#240,#241,#242,#243,#244,#245,#246,#247,#248,#249,
    #250,#251,#252,#253,#254,#255,#256,#257,#258,#259,#260,#261,#262,
    #263,#264,#265,#266,#267,#268),.UNSPECIFIED.,.F.,.F.,(8,6,6,6,6,6,8)
  ,(0.,0.177647286992,0.287114558858,0.435763497535,0.592395575989,
    0.700503917817,1.),.UNSPECIFIED.);
#231 = CARTESIAN_POINT('',(-52.08055925432,-2.889469877317,
    24.57023892098));
#232 = CARTESIAN_POINT('',(-51.90883892255,-3.131976295002,
    24.620251665443));
#233 = CARTESIAN_POINT('',(-51.71742902146,-3.366636861948,
    24.675790210738));
#234 = CARTESIAN_POINT('',(-51.50610750475,-3.591618661527,
    24.736833263629));
#235 = CARTESIAN_POINT('',(-51.27476164924,-3.804931548622,
    24.803311707313));
#236 = CARTESIAN_POINT('',(-51.02342615684,-4.004395161577,
    24.875097521884));
#237 = CARTESIAN_POINT('',(-50.75232599353,-4.187603653199,
    24.95199474515));
#238 = CARTESIAN_POINT('',(-50.28297657827,-4.453121179401,
    25.084099728569));
#239 = CARTESIAN_POINT('',(-50.09669442519,-4.547171659546,
    25.13630657678));
#240 = CARTESIAN_POINT('',(-49.90352398545,-4.63322198897,
    25.190194400078));
#241 = CARTESIAN_POINT('',(-49.70398976999,-4.710519576568,
    25.245584096923));
#242 = CARTESIAN_POINT('',(-49.49868665808,-4.778379890235,
    25.30227986042));
#243 = CARTESIAN_POINT('',(-49.28827223412,-4.836189514733,
    25.360072956153));
#244 = CARTESIAN_POINT('',(-48.78175786804,-4.947530269655,
    25.498418732267));
#245 = CARTESIAN_POINT('',(-48.48202414174,-4.992106473553,
    25.579692149713));
#246 = CARTESIAN_POINT('',(-48.17715778429,-5.015563105245,
    25.661715988069));
#247 = CARTESIAN_POINT('',(-47.87025981309,-5.01706245064,
    25.743618643607));
#248 = CARTESIAN_POINT('',(-47.56450793089,-4.996503921484,
    25.824549885605));
#249 = CARTESIAN_POINT('',(-47.26302795293,-4.95452442766,
    25.903715372678));
#250 = CARTESIAN_POINT('',(-46.65869086014,-4.827142513843,
    26.061208027519));
#251 = CARTESIAN_POINT('',(-46.35747121491,-4.739706573602,
    26.139042473429));
#252 = CARTESIAN_POINT('',(-46.06713704041,-4.631737099731,
    26.213444929557));
#253 = CARTESIAN_POINT('',(-45.78950268973,-4.505052539024,26.2840353254
    ));
#254 = CARTESIAN_POINT('',(-45.52612189833,-4.361729070043,
    26.350515154587));
#255 = CARTESIAN_POINT('',(-45.2782476346,-4.204085810663,
    26.412668228328));
#256 = CARTESIAN_POINT('',(-44.88703993488,-3.917738297599,
    26.510181600475));
#257 = CARTESIAN_POINT('',(-44.73481255535,-3.794981372075,
    26.547951166386));
#258 = CARTESIAN_POINT('',(-44.59013936712,-3.666961722444,
    26.583692623914));
#259 = CARTESIAN_POINT('',(-44.45302808081,-3.534210064785,
    26.617431876578));
#260 = CARTESIAN_POINT('',(-44.32346482485,-3.397225598069,
    26.649198004127));
#261 = CARTESIAN_POINT('',(-44.20141440807,-3.256476244362,
    26.679023032576));
#262 = CARTESIAN_POINT('',(-43.76935755114,-2.713256669966,
    26.784285715253));
#263 = CARTESIAN_POINT('',(-43.5090909192,-2.288532040087,
    26.847006535231));
#264 = CARTESIAN_POINT('',(-43.30382599172,-1.846178360798,
    26.89608661515));
#265 = CARTESIAN_POINT('',(-43.15149716913,-1.391991199415,26.9323254207
    ));
#266 = CARTESIAN_POINT('',(-43.05051224265,-0.930442248074,
    26.956287387207));
#267 = CARTESIAN_POINT('',(-43.,-0.465278698055,26.968273085249));
#268 = CARTESIAN_POINT('',(-43.,-8.881784197001E-16,26.968273085249));
#269 = PCURVE('',#129,#270);
#270 = DEFINITIONAL_REPRESENTATION('',(#271),#310);
#271 = B_SPLINE_CURVE_WITH_KNOTS('',7,(#272,#273,#274,#275,#276,#277,
    #278,#279,#280,#281,#282,#283,#284,#285,#286,#287,#288,#289,#290,
    #291,#292,#293,#294,#295,#296,#297,#298,#299,#300,#301,#302,#303,
    #304,#305,#306,#307,#308,#309),.UNSPECIFIED.,.F.,.F.,(8,6,6,6,6,6,8)
  ,(0.,0.177647286992,0.287114558858,0.435763497535,0.592395575989,
    0.700503917817,1.),.UNSPECIFIED.);
#272 = CARTESIAN_POINT('',(3.757738420628,22.57023892098));
#273 = CARTESIAN_POINT('',(3.817168121944,22.620251665443));
#274 = CARTESIAN_POINT('',(3.877592957743,22.675790210738));
#275 = CARTESIAN_POINT('',(3.939081962953,22.736833263629));
#276 = CARTESIAN_POINT('',(4.001718431284,22.803311707313));
#277 = CARTESIAN_POINT('',(4.065597503195,22.875097521884));
#278 = CARTESIAN_POINT('',(4.130831269712,22.95199474515));
#279 = CARTESIAN_POINT('',(4.238680874314,23.084099728569));
#280 = CARTESIAN_POINT('',(4.280369824561,23.13630657678));
#281 = CARTESIAN_POINT('',(4.3225836376,23.190194400078));
#282 = CARTESIAN_POINT('',(4.365284520901,23.245584096923));
#283 = CARTESIAN_POINT('',(4.408440486868,23.30227986042));
#284 = CARTESIAN_POINT('',(4.452024345029,23.360072956153));
#285 = CARTESIAN_POINT('',(4.555745811804,23.498418732267));
#286 = CARTESIAN_POINT('',(4.616208717769,23.579692149713));
#287 = CARTESIAN_POINT('',(4.677115580011,23.661715988069));
#288 = CARTESIAN_POINT('',(4.738210816482,23.743618643607));
#289 = CARTESIAN_POINT('',(4.799249948697,23.824549885605));
#290 = CARTESIAN_POINT('',(4.85998118055,23.903715372678));
#291 = CARTESIAN_POINT('',(4.983504372493,24.061208027519));
#292 = CARTESIAN_POINT('',(5.046059941307,24.139042473429));
#293 = CARTESIAN_POINT('',(5.107747427371,24.213444929557));
#294 = CARTESIAN_POINT('',(5.168504977731,24.2840353254));
#295 = CARTESIAN_POINT('',(5.228250453582,24.350515154587));
#296 = CARTESIAN_POINT('',(5.286876015834,24.412668228328));
#297 = CARTESIAN_POINT('',(5.383837526251,24.510181600475));
#298 = CARTESIAN_POINT('',(5.422906118298,24.547951166386));
#299 = CARTESIAN_POINT('',(5.461478527606,24.583692623914));
#300 = CARTESIAN_POINT('',(5.499580276167,24.617431876578));
#301 = CARTESIAN_POINT('',(5.537233752464,24.649198004127));
#302 = CARTESIAN_POINT('',(5.574459596737,24.679023032576));
#303 = CARTESIAN_POINT('',(5.713277554311,24.784285715253));
#304 = CARTESIAN_POINT('',(5.812160710775,24.847006535231));
#305 = CARTESIAN_POINT('',(5.90868856887,24.896086615151));
#306 = CARTESIAN_POINT('',(6.003470545994,24.932325420699));
#307 = CARTESIAN_POINT('',(6.097096959712,24.956287387207));
#308 = CARTESIAN_POINT('',(6.190129567569,24.968273085249));
#309 = CARTESIAN_POINT('',(6.28318530718,24.968273085249));
#310 = ( GEOMETRIC_REPRESENTATION_CONTEXT(2) 
PARAMETRIC_REPRESENTATION_CONTEXT() REPRESENTATION_CONTEXT('2D SPACE',''
  ) );
#311 = PCURVE('',#205,#312);
#312 = DEFINITIONAL_REPRESENTATION('',(#313),#352);
#313 = B_SPLINE_CURVE_WITH_KNOTS('',7,(#314,#315,#316,#317,#318,#319,
    #320,#321,#322,#323,#324,#325,#326,#327,#328,#329,#330,#331,#332,
    #333,#334,#335,#336,#337,#338,#339,#340,#341,#342,#343,#344,#345,
    #346,#347,#348,#349,#350,#351),.UNSPECIFIED.,.F.,.F.,(8,6,6,6,6,6,8)
  ,(0.,0.177647286992,0.287114558858,0.435763497535,0.592395575989,
    0.700503917817,1.),.UNSPECIFIED.);
#314 = CARTESIAN_POINT('',(0.577562470908,2.889469877317));
#315 = CARTESIAN_POINT('',(0.576602175067,3.131976295002));
#316 = CARTESIAN_POINT('',(0.575532084384,3.366636861948));
#317 = CARTESIAN_POINT('',(0.574351084721,3.591618661527));
#318 = CARTESIAN_POINT('',(0.573058695882,3.804931548622));
#319 = CARTESIAN_POINT('',(0.571655283586,4.004395161577));
#320 = CARTESIAN_POINT('',(0.570142292832,4.187603653199));
#321 = CARTESIAN_POINT('',(0.567524378709,4.453121179401));
#322 = CARTESIAN_POINT('',(0.566485670382,4.547171659546));
#323 = CARTESIAN_POINT('',(0.565408914376,4.63322198897));
#324 = CARTESIAN_POINT('',(0.564297079798,4.710519576568));
#325 = CARTESIAN_POINT('',(0.563153523171,4.778379890235));
#326 = CARTESIAN_POINT('',(0.561981943444,4.836189514733));
#327 = CARTESIAN_POINT('',(0.559162786642,4.947530269655));
#328 = CARTESIAN_POINT('',(0.557495369115,4.992106473553));
#329 = CARTESIAN_POINT('',(0.555800299085,5.015563105245));
#330 = CARTESIAN_POINT('',(0.554094862136,5.01706245064));
#331 = CARTESIAN_POINT('',(0.552396711031,4.996503921484));
#332 = CARTESIAN_POINT('',(0.550723152885,4.95452442766));
#333 = CARTESIAN_POINT('',(0.547370016652,4.827142513843));
#334 = CARTESIAN_POINT('',(0.545699613407,4.739706573602));
#335 = CARTESIAN_POINT('',(0.544090405024,4.631737099731));
#336 = CARTESIAN_POINT('',(0.542552327022,4.505052539024));
#337 = CARTESIAN_POINT('',(0.541093853211,4.361729070043));
#338 = CARTESIAN_POINT('',(0.539721785984,4.204085810663));
#339 = CARTESIAN_POINT('',(0.537557073073,3.917738297599));
#340 = CARTESIAN_POINT('',(0.536714963695,3.794981372075));
#341 = CARTESIAN_POINT('',(0.535914842102,3.666961722444));
#342 = CARTESIAN_POINT('',(0.535156714175,3.534210064785));
#343 = CARTESIAN_POINT('',(0.534440469608,3.397225598069));
#344 = CARTESIAN_POINT('',(0.533765883467,3.256476244362));
#345 = CARTESIAN_POINT('',(0.531378261014,2.713256669966));
#346 = CARTESIAN_POINT('',(0.529940856491,2.288532040087));
#347 = CARTESIAN_POINT('',(0.528807698058,1.846178360798));
#348 = CARTESIAN_POINT('',(0.52796699984,1.391991199415));
#349 = CARTESIAN_POINT('',(0.527409744102,0.930442248074));
#350 = CARTESIAN_POINT('',(0.52713100707,0.465278698055));
#351 = CARTESIAN_POINT('',(0.52713100707,1.224646799147E-15));
#352 = ( GEOMETRIC_REPRESENTATION_CONTEXT(2) 
PARAMETRIC_REPRESENTATION_CONTEXT() REPRESENTATION_CONTEXT('2D SPACE',''
  ) );
#353 = ORIENTED_EDGE('',*,*,#354,.F.);
#354 = EDGE_CURVE('',#355,#227,#357,.T.);
#355 = VERTEX_POINT('',#356);
#356 = CARTESIAN_POINT('',(-52.08055925432,-2.889469877317,
    24.57023892098));
#357 = SURFACE_CURVE('',#358,(#364,#373),.PCURVE_S1.);
#358 = B_SPLINE_CURVE_WITH_KNOTS('',4,(#359,#360,#361,#362,#363),
  .UNSPECIFIED.,.F.,.F.,(5,5),(0.,1.),.PIECEWISE_BEZIER_KNOTS.);
#359 = CARTESIAN_POINT('',(-52.08055925432,-2.889469877317,
    24.57023892098));
#360 = CARTESIAN_POINT('',(-51.96766765816,-3.048897338754,
    24.603118071006));
#361 = CARTESIAN_POINT('',(-51.84514663815,-3.204314232751,
    24.638698657541));
#362 = CARTESIAN_POINT('',(-51.71285942729,-3.354983071372,
    24.676981066472));
#363 = CARTESIAN_POINT('',(-51.57071186179,-3.5000024,24.717941760717));
#364 = PCURVE('',#129,#365);
#365 = DEFINITIONAL_REPRESENTATION('',(#366),#372);
#366 = B_SPLINE_CURVE_WITH_KNOTS('',4,(#367,#368,#369,#370,#371),
  .UNSPECIFIED.,.F.,.F.,(5,5),(0.,1.),.PIECEWISE_BEZIER_KNOTS.);
#367 = CARTESIAN_POINT('',(3.757738420628,22.57023892098));
#368 = CARTESIAN_POINT('',(3.796808423415,22.603118071006));
#369 = CARTESIAN_POINT('',(3.836336997935,22.638698657541));
#370 = CARTESIAN_POINT('',(3.876377260043,22.676981066472));
#371 = CARTESIAN_POINT('',(3.916990822335,22.717941760717));
#372 = ( GEOMETRIC_REPRESENTATION_CONTEXT(2) 
PARAMETRIC_REPRESENTATION_CONTEXT() REPRESENTATION_CONTEXT('2D SPACE',''
  ) );
#373 = PCURVE('',#205,#374);
#374 = DEFINITIONAL_REPRESENTATION('',(#375),#381);
#375 = B_SPLINE_CURVE_WITH_KNOTS('',4,(#376,#377,#378,#379,#380),
  .UNSPECIFIED.,.F.,.F.,(5,5),(0.,1.),.PIECEWISE_BEZIER_KNOTS.);
#376 = CARTESIAN_POINT('',(0.577562470908,2.889469877317));
#377 = CARTESIAN_POINT('',(0.576931157603,3.048897338754));
#378 = CARTESIAN_POINT('',(0.576246149313,3.204314232751));
#379 = CARTESIAN_POINT('',(0.575506739841,3.354983071372));
#380 = CARTESIAN_POINT('',(0.574712477113,3.5000024));
#381 = ( GEOMETRIC_REPRESENTATION_CONTEXT(2) 
PARAMETRIC_REPRESENTATION_CONTEXT() REPRESENTATION_CONTEXT('2D SPACE',''
  ) );
#382 = ORIENTED_EDGE('',*,*,#383,.F.);
#383 = EDGE_CURVE('',#384,#355,#386,.T.);
#384 = VERTEX_POINT('',#385);
#385 = CARTESIAN_POINT('',(-52.08055925432,2.889469877317,24.57023892098
    ));
#386 = SURFACE_CURVE('',#387,(#414,#444),.PCURVE_S1.);
#387 = B_SPLINE_CURVE_WITH_KNOTS('',7,(#388,#389,#390,#391,#392,#393,
    #394,#395,#396,#397,#398,#399,#400,#401,#402,#403,#404,#405,#406,
    #407,#408,#409,#410,#411,#412,#413),.UNSPECIFIED.,.F.,.F.,(8,6,6,6,8
    ),(0.,0.298208986542,0.499998387644,0.701879405669,1.),
  .UNSPECIFIED.);
#388 = CARTESIAN_POINT('',(-52.08055925432,2.889469877317,24.57023892098
    ));
#389 = CARTESIAN_POINT('',(-52.23477542728,2.671683134962,
    24.525324181005));
#390 = CARTESIAN_POINT('',(-52.37653453678,2.442733966007,24.50493632346
    ));
#391 = CARTESIAN_POINT('',(-52.50295155933,2.205962041613,24.50111330029
    ));
#392 = CARTESIAN_POINT('',(-52.61345503652,1.963639975623,
    24.508034783854));
#393 = CARTESIAN_POINT('',(-52.70803213341,1.717192995115,
    24.521111936399));
#394 = CARTESIAN_POINT('',(-52.78686852996,1.467496534289,
    24.536653996477));
#395 = CARTESIAN_POINT('',(-52.892861098,1.044456338787,24.562094147826)
  );
#396 = CARTESIAN_POINT('',(-52.92856327382,0.872218797435,24.57221106913
    ));
#397 = CARTESIAN_POINT('',(-52.95712808511,0.698884232815,
    24.581287864894));
#398 = CARTESIAN_POINT('',(-52.97855117338,0.52477027581,24.588604644188
    ));
#399 = CARTESIAN_POINT('',(-52.99284256,0.350123729115,24.593657992425)
  );
#400 = CARTESIAN_POINT('',(-53.,0.175142783891,24.596188356629));
#401 = CARTESIAN_POINT('',(-53.,-0.175222302651,24.596188356629));
#402 = CARTESIAN_POINT('',(-52.99283605938,-0.350282429205,
    24.593655694803));
#403 = CARTESIAN_POINT('',(-52.978531731,-0.525007682532,24.588597768672
    ));
#404 = CARTESIAN_POINT('',(-52.95708925796,-0.699199671054,
    24.58127460508));
#405 = CARTESIAN_POINT('',(-52.92849858194,-0.87261129495,
    24.572190515277));
#406 = CARTESIAN_POINT('',(-52.89276404931,-1.044924498768,
    24.56206664552));
#407 = CARTESIAN_POINT('',(-52.7867229445,-1.467957937349,24.53662528513
    ));
#408 = CARTESIAN_POINT('',(-52.70788673701,-1.717571315639,
    24.521091853667));
#409 = CARTESIAN_POINT('',(-52.6133197905,-1.963936110625,
    24.508026437868));
#410 = CARTESIAN_POINT('',(-52.50283604717,-2.206178265684,
    24.501116868767));
#411 = CARTESIAN_POINT('',(-52.37644833531,-2.442873232156,
    24.504948693058));
#412 = CARTESIAN_POINT('',(-52.23472841671,-2.671749524103,
    24.525337872614));
#413 = CARTESIAN_POINT('',(-52.08055925432,-2.889469877317,
    24.57023892098));
#414 = PCURVE('',#129,#415);
#415 = DEFINITIONAL_REPRESENTATION('',(#416),#443);
#416 = B_SPLINE_CURVE_WITH_KNOTS('',7,(#417,#418,#419,#420,#421,#422,
    #423,#424,#425,#426,#427,#428,#429,#430,#431,#432,#433,#434,#435,
    #436,#437,#438,#439,#440,#441,#442),.UNSPECIFIED.,.F.,.F.,(8,6,6,6,8
    ),(0.,0.298208986542,0.499998387644,0.701879405669,1.),
  .UNSPECIFIED.);
#417 = CARTESIAN_POINT('',(2.525446886552,22.57023892098));
#418 = CARTESIAN_POINT('',(2.578818674285,22.525324181005));
#419 = CARTESIAN_POINT('',(2.632572570453,22.50493632346));
#420 = CARTESIAN_POINT('',(2.686078917847,22.50111330029));
#421 = CARTESIAN_POINT('',(2.739162854446,22.508034783854));
#422 = CARTESIAN_POINT('',(2.791800963364,22.521111936399));
#423 = CARTESIAN_POINT('',(2.844075062311,22.536653996477));
#424 = CARTESIAN_POINT('',(2.931298323312,22.562094147826));
#425 = CARTESIAN_POINT('',(2.966448369106,22.57221106913));
#426 = CARTESIAN_POINT('',(3.001535617474,22.581287864894));
#427 = CARTESIAN_POINT('',(3.036568363196,22.588604644188));
#428 = CARTESIAN_POINT('',(3.071567922048,22.593657992425));
#429 = CARTESIAN_POINT('',(3.106564096812,22.596188356629));
#430 = CARTESIAN_POINT('',(3.17663711412,22.596188356629));
#431 = CARTESIAN_POINT('',(3.211649125113,22.593655694803));
#432 = CARTESIAN_POINT('',(3.246664521072,22.588597768672));
#433 = CARTESIAN_POINT('',(3.281713158191,22.58127460508));
#434 = CARTESIAN_POINT('',(3.316816389679,22.572190515277));
#435 = CARTESIAN_POINT('',(3.351982525561,22.56206664552));
#436 = CARTESIAN_POINT('',(3.43920683549,22.53662528513));
#437 = CARTESIAN_POINT('',(3.491465159675,22.521091853667));
#438 = CARTESIAN_POINT('',(3.544087342663,22.508026437868));
#439 = CARTESIAN_POINT('',(3.597155260402,22.501116868767));
#440 = CARTESIAN_POINT('',(3.650645430979,22.504948693058));
#441 = CARTESIAN_POINT('',(3.704382902513,22.525337872614));
#442 = CARTESIAN_POINT('',(3.757738420628,22.57023892098));
#443 = ( GEOMETRIC_REPRESENTATION_CONTEXT(2) 
PARAMETRIC_REPRESENTATION_CONTEXT() REPRESENTATION_CONTEXT('2D SPACE',''
  ) );
#444 = PCURVE('',#445,#450);
#445 = CYLINDRICAL_SURFACE('',#446,1.5);
#446 = AXIS2_PLACEMENT_3D('',#447,#448,#449);
#447 = CARTESIAN_POINT('',(-52.5,5.,26.010401919002));
#448 = DIRECTION('',(0.,-1.,0.));
#449 = DIRECTION('',(0.279627163782,0.,-0.960108665347));
#450 = DEFINITIONAL_REPRESENTATION('',(#451),#478);
#451 = B_SPLINE_CURVE_WITH_KNOTS('',7,(#452,#453,#454,#455,#456,#457,
    #458,#459,#460,#461,#462,#463,#464,#465,#466,#467,#468,#469,#470,
    #471,#472,#473,#474,#475,#476,#477),.UNSPECIFIED.,.F.,.F.,(8,6,6,6,8
    ),(0.,0.298208986542,0.499998387644,0.701879405669,1.),
  .UNSPECIFIED.);
#452 = CARTESIAN_POINT('',(6.28318530718,2.110530122683));
#453 = CARTESIAN_POINT('',(6.17610286362,2.328316865038));
#454 = CARTESIAN_POINT('',(6.081564509813,2.557266033993));
#455 = CARTESIAN_POINT('',(5.997939597226,2.794037958386));
#456 = CARTESIAN_POINT('',(5.924566071826,3.036360024378));
#457 = CARTESIAN_POINT('',(5.861081312371,3.282807004885));
#458 = CARTESIAN_POINT('',(5.807558291674,3.532503465711));
#459 = CARTESIAN_POINT('',(5.734889711327,3.955543661213));
#460 = CARTESIAN_POINT('',(5.710171596447,4.127781202565));
#461 = CARTESIAN_POINT('',(5.690200313274,4.301115767185));
#462 = CARTESIAN_POINT('',(5.675109626365,4.47522972419));
#463 = CARTESIAN_POINT('',(5.665003554017,4.649876270885));
#464 = CARTESIAN_POINT('',(5.659942637594,4.824857216109));
#465 = CARTESIAN_POINT('',(5.659942637594,5.175222302651));
#466 = CARTESIAN_POINT('',(5.66500815011,5.350282429205));
#467 = CARTESIAN_POINT('',(5.675123375463,5.525007682532));
#468 = CARTESIAN_POINT('',(5.690227663554,5.699199671054));
#469 = CARTESIAN_POINT('',(5.710216825087,5.87261129495));
#470 = CARTESIAN_POINT('',(5.734956902725,6.044924498768));
#471 = CARTESIAN_POINT('',(5.80765713573,6.467957937349));
#472 = CARTESIAN_POINT('',(5.861178897974,6.717571315639));
#473 = CARTESIAN_POINT('',(5.924655871622,6.963936110626));
#474 = CARTESIAN_POINT('',(5.998016012422,7.206178265684));
#475 = CARTESIAN_POINT('',(6.08162199527,7.442873232156));
#476 = CARTESIAN_POINT('',(6.176135506155,7.671749524103));
#477 = CARTESIAN_POINT('',(6.28318530718,7.889469877317));
#478 = ( GEOMETRIC_REPRESENTATION_CONTEXT(2) 
PARAMETRIC_REPRESENTATION_CONTEXT() REPRESENTATION_CONTEXT('2D SPACE',''
  ) );
#479 = ORIENTED_EDGE('',*,*,#480,.F.);
#480 = EDGE_CURVE('',#481,#384,#483,.T.);
#481 = VERTEX_POINT('',#482);
#482 = CARTESIAN_POINT('',(-51.57071421427,3.5,24.717941082837));
#483 = SURFACE_CURVE('',#484,(#490,#499),.PCURVE_S1.);
#484 = B_SPLINE_CURVE_WITH_KNOTS('',4,(#485,#486,#487,#488,#489),
  .UNSPECIFIED.,.F.,.F.,(5,5),(0.,1.),.PIECEWISE_BEZIER_KNOTS.);
#485 = CARTESIAN_POINT('',(-51.57071186179,3.5000024,24.717941760717));
#486 = CARTESIAN_POINT('',(-51.71285967251,3.354982821194,
    24.676980995809));
#487 = CARTESIAN_POINT('',(-51.84514660319,3.204314225457,
    24.638698667384));
#488 = CARTESIAN_POINT('',(-51.96766752348,3.048897528962,
    24.603118110233));
#489 = CARTESIAN_POINT('',(-52.08055925432,2.889469877317,24.57023892098
    ));
#490 = PCURVE('',#129,#491);
#491 = DEFINITIONAL_REPRESENTATION('',(#492),#498);
#492 = B_SPLINE_CURVE_WITH_KNOTS('',4,(#493,#494,#495,#496,#497),
  .UNSPECIFIED.,.F.,.F.,(5,5),(0.,1.),.PIECEWISE_BEZIER_KNOTS.);
#493 = CARTESIAN_POINT('',(2.366194484844,22.717941760717));
#494 = CARTESIAN_POINT('',(2.406808117201,22.676980995809));
#495 = CARTESIAN_POINT('',(2.446848341948,22.638698667384));
#496 = CARTESIAN_POINT('',(2.486376837152,22.603118110233));
#497 = CARTESIAN_POINT('',(2.525446886552,22.57023892098));
#498 = ( GEOMETRIC_REPRESENTATION_CONTEXT(2) 
PARAMETRIC_REPRESENTATION_CONTEXT() REPRESENTATION_CONTEXT('2D SPACE',''
  ) );
#499 = PCURVE('',#205,#500);
#500 = DEFINITIONAL_REPRESENTATION('',(#501),#507);
#501 = B_SPLINE_CURVE_WITH_KNOTS('',4,(#502,#503,#504,#505,#506),
  .UNSPECIFIED.,.F.,.F.,(5,5),(0.,1.),.PIECEWISE_BEZIER_KNOTS.);
#502 = CARTESIAN_POINT('',(0.574712477113,-3.5000024));
#503 = CARTESIAN_POINT('',(0.575506741211,-3.354982821194));
#504 = CARTESIAN_POINT('',(0.57624614912,-3.204314225457));
#505 = CARTESIAN_POINT('',(0.57693115685,-3.048897528962));
#506 = CARTESIAN_POINT('',(0.577562470908,-2.889469877317));
#507 = ( GEOMETRIC_REPRESENTATION_CONTEXT(2) 
PARAMETRIC_REPRESENTATION_CONTEXT() REPRESENTATION_CONTEXT('2D SPACE',''
  ) );
#508 = ORIENTED_EDGE('',*,*,#509,.F.);
#509 = EDGE_CURVE('',#510,#481,#512,.T.);
#510 = VERTEX_POINT('',#511);
#511 = CARTESIAN_POINT('',(-44.42928578572,3.5,26.623162919683));
#512 = SURFACE_CURVE('',#513,(#546,#582),.PCURVE_S1.);
#513 = B_SPLINE_CURVE_WITH_KNOTS('',7,(#514,#515,#516,#517,#518,#519,
    #520,#521,#522,#523,#524,#525,#526,#527,#528,#529,#530,#531,#532,
    #533,#534,#535,#536,#537,#538,#539,#540,#541,#542,#543,#544,#545),
  .UNSPECIFIED.,.F.,.F.,(8,6,6,6,6,8),(0.,0.30049384777,0.408323446072,
    0.564574346571,0.707418745854,1.),.UNSPECIFIED.);
#514 = CARTESIAN_POINT('',(-43.,-1.224646799147E-15,26.968273085249));
#515 = CARTESIAN_POINT('',(-43.,0.467581883824,26.968273085249));
#516 = CARTESIAN_POINT('',(-43.05101354073,0.935046687141,
    26.956168437378));
#517 = CARTESIAN_POINT('',(-43.15300030072,1.398844700721,
    26.931968754803));
#518 = CARTESIAN_POINT('',(-43.30684969336,1.855171476217,
    26.895367269911));
#519 = CARTESIAN_POINT('',(-43.51418534801,2.299479977378,
    26.845788387807));
#520 = CARTESIAN_POINT('',(-43.77710973457,2.725866529956,
    26.782417388986));
#521 = CARTESIAN_POINT('',(-44.21294208127,3.269874224291,
    26.676206741486));
#522 = CARTESIAN_POINT('',(-44.33548449489,3.410187041267,
    26.646253147033));
#523 = CARTESIAN_POINT('',(-44.46552972092,3.546712729047,
    26.614359553459));
#524 = CARTESIAN_POINT('',(-44.60311084886,3.678981593652,
    26.580494385308));
#525 = CARTESIAN_POINT('',(-44.74823928419,3.806493013522,
    26.544629121697));
#526 = CARTESIAN_POINT('',(-44.90090449166,3.928715202341,
    26.506738532846));
#527 = CARTESIAN_POINT('',(-45.29316761119,4.213711040847,
    26.408929157822));
#528 = CARTESIAN_POINT('',(-45.54164460298,4.370502832833,26.34660294546
    ));
#529 = CARTESIAN_POINT('',(-45.8055734851,4.512907753822,26.279960167257
    ));
#530 = CARTESIAN_POINT('',(-46.083680585,4.638607221019,26.209222488649)
  );
#531 = CARTESIAN_POINT('',(-46.37439101086,4.745531749175,
    26.134694359897));
#532 = CARTESIAN_POINT('',(-46.67586987598,4.831876036922,
    26.056762023213));
#533 = CARTESIAN_POINT('',(-47.26964221017,4.954840375991,
    25.901961709991));
#534 = CARTESIAN_POINT('',(-47.55980087864,4.994945524388,25.82575950508
    ));
#535 = CARTESIAN_POINT('',(-47.85390639467,5.015221399907,
    25.747924998213));
#536 = CARTESIAN_POINT('',(-48.14916896962,5.015095456176,
    25.669167192003));
#537 = CARTESIAN_POINT('',(-48.44275205227,4.994630609522,
    25.590243502763));
#538 = CARTESIAN_POINT('',(-48.73187899256,4.954525350047,
    25.511931303203));
#539 = CARTESIAN_POINT('',(-49.59166114003,4.776473026928,
    25.277402492683));
#540 = CARTESIAN_POINT('',(-50.13274309695,4.581479301078,
    25.127479438035));
#541 = CARTESIAN_POINT('',(-50.62869726985,4.323309185142,
    24.988060891734));
#542 = CARTESIAN_POINT('',(-51.07386254161,4.013647314091,
    24.861373590239));
#543 = CARTESIAN_POINT('',(-51.46478611696,3.663966081287,
    24.749023193167));
#544 = CARTESIAN_POINT('',(-51.8000820187,3.285564672565,24.651926605648
    ));
#545 = CARTESIAN_POINT('',(-52.08055925432,2.889469877317,24.57023892098
    ));
#546 = PCURVE('',#129,#547);
#547 = DEFINITIONAL_REPRESENTATION('',(#548),#581);
#548 = B_SPLINE_CURVE_WITH_KNOTS('',7,(#549,#550,#551,#552,#553,#554,
    #555,#556,#557,#558,#559,#560,#561,#562,#563,#564,#565,#566,#567,
    #568,#569,#570,#571,#572,#573,#574,#575,#576,#577,#578,#579,#580),
  .UNSPECIFIED.,.F.,.F.,(8,6,6,6,6,8),(0.,0.30049384777,0.408323446072,
    0.564574346571,0.707418745854,1.),.UNSPECIFIED.);
#549 = CARTESIAN_POINT('',(0.,24.968273085249));
#550 = CARTESIAN_POINT('',(9.351637676472E-02,24.968273085249));
#551 = CARTESIAN_POINT('',(0.187009230514,24.956168437378));
#552 = CARTESIAN_POINT('',(0.281105121015,24.931968754802));
#553 = CARTESIAN_POINT('',(0.376373824079,24.895367269911));
#554 = CARTESIAN_POINT('',(0.473414636457,24.845788387807));
#555 = CARTESIAN_POINT('',(0.572846020392,24.782417388986));
#556 = CARTESIAN_POINT('',(0.712258244524,24.676206741486));
#557 = CARTESIAN_POINT('',(0.749482833301,24.646253147033));
#558 = CARTESIAN_POINT('',(0.78713612273,24.614359553459));
#559 = CARTESIAN_POINT('',(0.825238448848,24.580494385308));
#560 = CARTESIAN_POINT('',(0.863811918616,24.544629121697));
#561 = CARTESIAN_POINT('',(0.902881780668,24.506738532846));
#562 = CARTESIAN_POINT('',(0.999854556829,24.408929157822));
#563 = CARTESIAN_POINT('',(1.058490757824,24.34660294546));
#564 = CARTESIAN_POINT('',(1.118244937005,24.279960167257));
#565 = CARTESIAN_POINT('',(1.179006999764,24.209222488649));
#566 = CARTESIAN_POINT('',(1.240692635568,24.134694359897));
#567 = CARTESIAN_POINT('',(1.303237734583,24.056762023213));
#568 = CARTESIAN_POINT('',(1.424511938524,23.901961709991));
#569 = CARTESIAN_POINT('',(1.482964481051,23.82575950508));
#570 = CARTESIAN_POINT('',(1.541703198148,23.747924998213));
#571 = CARTESIAN_POINT('',(1.60050194011,23.669167192003));
#572 = CARTESIAN_POINT('',(1.659140920625,23.590243502763));
#573 = CARTESIAN_POINT('',(1.717391411003,23.511931303203));
#574 = CARTESIAN_POINT('',(1.892996419005,23.277402492683));
#575 = CARTESIAN_POINT('',(2.006872980755,23.127479438035));
#576 = CARTESIAN_POINT('',(2.117156075243,22.988060891734));
#577 = CARTESIAN_POINT('',(2.224108623687,22.861373590239));
#578 = CARTESIAN_POINT('',(2.327861641077,22.749023193167));
#579 = CARTESIAN_POINT('',(2.428378134314,22.651926605648));
#580 = CARTESIAN_POINT('',(2.525446886552,22.57023892098));
#581 = ( GEOMETRIC_REPRESENTATION_CONTEXT(2) 
PARAMETRIC_REPRESENTATION_CONTEXT() REPRESENTATION_CONTEXT('2D SPACE',''
  ) );
#582 = PCURVE('',#205,#583);
#583 = DEFINITIONAL_REPRESENTATION('',(#584),#617);
#584 = B_SPLINE_CURVE_WITH_KNOTS('',7,(#585,#586,#587,#588,#589,#590,
    #591,#592,#593,#594,#595,#596,#597,#598,#599,#600,#601,#602,#603,
    #604,#605,#606,#607,#608,#609,#610,#611,#612,#613,#614,#615,#616),
  .UNSPECIFIED.,.F.,.F.,(8,6,6,6,6,8),(0.,0.30049384777,0.408323446072,
    0.564574346571,0.707418745854,1.),.UNSPECIFIED.);
#585 = CARTESIAN_POINT('',(0.52713100707,8.881784197001E-16));
#586 = CARTESIAN_POINT('',(0.52713100707,-0.467581883824));
#587 = CARTESIAN_POINT('',(0.527412510369,-0.935046687141));
#588 = CARTESIAN_POINT('',(0.52797529443,-1.39884470072));
#589 = CARTESIAN_POINT('',(0.528824385791,-1.855171476217));
#590 = CARTESIAN_POINT('',(0.529968980169,-2.299479977378));
#591 = CARTESIAN_POINT('',(0.531421075082,-2.725866529956));
#592 = CARTESIAN_POINT('',(0.53382959732,-3.269874224291));
#593 = CARTESIAN_POINT('',(0.53450691341,-3.410187041267));
#594 = CARTESIAN_POINT('',(0.535225834263,-3.546712729047));
#595 = CARTESIAN_POINT('',(0.535986573293,-3.678981593652));
#596 = CARTESIAN_POINT('',(0.536789227249,-3.806493013522));
#597 = CARTESIAN_POINT('',(0.537633774678,-3.928715202341));
#598 = CARTESIAN_POINT('',(0.539804370425,-4.213711040847));
#599 = CARTESIAN_POINT('',(0.54117980269,-4.370502832833));
#600 = CARTESIAN_POINT('',(0.542641343879,-4.512907753822));
#601 = CARTESIAN_POINT('',(0.544182076706,-4.638607221019));
#602 = CARTESIAN_POINT('',(0.545793409488,-4.745531749175));
#603 = CARTESIAN_POINT('',(0.547465291755,-4.831876036922));
#604 = CARTESIAN_POINT('',(0.550759892358,-4.954840375991));
#605 = CARTESIAN_POINT('',(0.552370617554,-4.994945524388));
#606 = CARTESIAN_POINT('',(0.554004065722,-5.015221399907));
#607 = CARTESIAN_POINT('',(0.555644790128,-5.015095456176));
#608 = CARTESIAN_POINT('',(0.557277035234,-4.994630609522));
#609 = CARTESIAN_POINT('',(0.558885327809,-4.954525350047));
#610 = CARTESIAN_POINT('',(0.563670269142,-4.776473026928));
#611 = CARTESIAN_POINT('',(0.566684839692,-4.581479301078));
#612 = CARTESIAN_POINT('',(0.569450865958,-4.323309185143));
#613 = CARTESIAN_POINT('',(0.571935901434,-4.01364731409));
#614 = CARTESIAN_POINT('',(0.574119775253,-3.663966081287));
#615 = CARTESIAN_POINT('',(0.575993983822,-3.285564672565));
#616 = CARTESIAN_POINT('',(0.577562470908,-2.889469877317));
#617 = ( GEOMETRIC_REPRESENTATION_CONTEXT(2) 
PARAMETRIC_REPRESENTATION_CONTEXT() REPRESENTATION_CONTEXT('2D SPACE',''
  ) );
#618 = ORIENTED_EDGE('',*,*,#619,.F.);
#619 = EDGE_CURVE('',#149,#510,#620,.T.);
#620 = SURFACE_CURVE('',#621,(#634,#650),.PCURVE_S1.);
#621 = B_SPLINE_CURVE_WITH_KNOTS('',6,(#622,#623,#624,#625,#626,#627,
    #628,#629,#630,#631,#632,#633),.UNSPECIFIED.,.F.,.F.,(7,5,7),(0.,
    0.722965205237,1.),.UNSPECIFIED.);
#622 = CARTESIAN_POINT('',(-43.,-1.224646799147E-15,26.968273085249));
#623 = CARTESIAN_POINT('',(-43.,0.448571302857,26.968273085249));
#624 = CARTESIAN_POINT('',(-43.04829163768,0.897063775379,
    26.956814340526));
#625 = CARTESIAN_POINT('',(-43.1448453976,1.341959331396,26.933903609325
    ));
#626 = CARTESIAN_POINT('',(-43.29059082163,1.779534497643,
    26.899219222671));
#627 = CARTESIAN_POINT('',(-43.48720777656,2.205196673672,
    26.852156782923));
#628 = CARTESIAN_POINT('',(-43.83244071427,2.768565625535,26.7687540621)
  );
#629 = CARTESIAN_POINT('',(-43.93586197649,2.921943768917,
    26.743704978992));
#630 = CARTESIAN_POINT('',(-44.04716629688,3.072236998906,26.71666769986
    ));
#631 = CARTESIAN_POINT('',(-44.16644902561,3.219008397312,
    26.687596421825));
#632 = CARTESIAN_POINT('',(-44.29379702079,3.361773997614,26.65644408367
    ));
#633 = CARTESIAN_POINT('',(-44.4292881382,3.5000024,26.623162341827));
#634 = PCURVE('',#129,#635);
#635 = DEFINITIONAL_REPRESENTATION('',(#636),#649);
#636 = B_SPLINE_CURVE_WITH_KNOTS('',6,(#637,#638,#639,#640,#641,#642,
    #643,#644,#645,#646,#647,#648),.UNSPECIFIED.,.F.,.F.,(7,5,7),(0.,
    0.722965205237,1.),.UNSPECIFIED.);
#637 = CARTESIAN_POINT('',(0.,24.968273085249));
#638 = CARTESIAN_POINT('',(8.971426057145E-02,24.968273085249));
#639 = CARTESIAN_POINT('',(0.179413131156,24.956814340526));
#640 = CARTESIAN_POINT('',(0.269690181981,24.933903609325));
#641 = CARTESIAN_POINT('',(0.361106913411,24.899219222671));
#642 = CARTESIAN_POINT('',(0.454241073311,24.852156782923));
#643 = CARTESIAN_POINT('',(0.586388015342,24.7687540621));
#644 = CARTESIAN_POINT('',(0.623350761006,24.743704978992));
#645 = CARTESIAN_POINT('',(0.660699606096,24.71666769986));
#646 = CARTESIAN_POINT('',(0.698466706702,24.687596421825));
#647 = CARTESIAN_POINT('',(0.73668644746,24.65644408367));
#648 = CARTESIAN_POINT('',(0.775398168745,24.623162341827));
#649 = ( GEOMETRIC_REPRESENTATION_CONTEXT(2) 
PARAMETRIC_REPRESENTATION_CONTEXT() REPRESENTATION_CONTEXT('2D SPACE',''
  ) );
#650 = PCURVE('',#205,#651);
#651 = DEFINITIONAL_REPRESENTATION('',(#652),#665);
#652 = B_SPLINE_CURVE_WITH_KNOTS('',6,(#653,#654,#655,#656,#657,#658,
    #659,#660,#661,#662,#663,#664),.UNSPECIFIED.,.F.,.F.,(7,5,7),(0.,
    0.722965205237,1.),.UNSPECIFIED.);
#653 = CARTESIAN_POINT('',(0.52713100707,1.33226762955E-15));
#654 = CARTESIAN_POINT('',(0.52713100707,-0.448571302857));
#655 = CARTESIAN_POINT('',(0.527397490307,-0.897063775379));
#656 = CARTESIAN_POINT('',(0.527930294128,-1.341959331396));
#657 = CARTESIAN_POINT('',(0.528734673536,-1.779534497643));
#658 = CARTESIAN_POINT('',(0.529820152861,-2.205196673672));
#659 = CARTESIAN_POINT('',(0.531727076147,-2.768565625535));
#660 = CARTESIAN_POINT('',(0.53229841313,-2.921943768917));
#661 = CARTESIAN_POINT('',(0.532913398746,-3.072236998906));
#662 = CARTESIAN_POINT('',(0.53357258885,-3.219008397312));
#663 = CARTESIAN_POINT('',(0.534276496914,-3.361773997614));
#664 = CARTESIAN_POINT('',(0.53502559156,-3.5000024));
#665 = ( GEOMETRIC_REPRESENTATION_CONTEXT(2) 
PARAMETRIC_REPRESENTATION_CONTEXT() REPRESENTATION_CONTEXT('2D SPACE',''
  ) );
#666 = ORIENTED_EDGE('',*,*,#148,.F.);
#667 = ORIENTED_EDGE('',*,*,#112,.T.);
#668 = ADVANCED_FACE('',(#669),#205,.F.);
#669 = FACE_BOUND('',#670,.F.);
#670 = EDGE_LOOP('',(#671,#770,#1006,#1035,#1063,#1092,#1115,#1136,#1137
    ,#1138,#1139,#1140,#1141,#1142,#1165,#1188,#1217,#1240,#1269));
#671 = ORIENTED_EDGE('',*,*,#672,.F.);
#672 = EDGE_CURVE('',#673,#675,#677,.T.);
#673 = VERTEX_POINT('',#674);
#674 = CARTESIAN_POINT('',(44.429285785729,3.5,26.623162919683));
#675 = VERTEX_POINT('',#676);
#676 = CARTESIAN_POINT('',(44.429285785729,-3.5,26.623162919683));
#677 = SURFACE_CURVE('',#678,(#705,#735),.PCURVE_S1.);
#678 = B_SPLINE_CURVE_WITH_KNOTS('',5,(#679,#680,#681,#682,#683,#684,
    #685,#686,#687,#688,#689,#690,#691,#692,#693,#694,#695,#696,#697,
    #698,#699,#700,#701,#702,#703,#704),.UNSPECIFIED.,.F.,.F.,(6,4,4,4,4
    ,4,6),(0.,0.135800622607,0.236352894768,0.500000601873,0.76084262604
    ,0.861477995278,1.),.UNSPECIFIED.);
#679 = CARTESIAN_POINT('',(44.429288138201,3.5000024,26.623162341827));
#680 = CARTESIAN_POINT('',(44.269894252372,3.337388328985,
    26.662315507444));
#681 = CARTESIAN_POINT('',(44.122238837762,3.16823249532,26.698399082957
    ));
#682 = CARTESIAN_POINT('',(43.986176236161,2.99353709582,26.731503903651
    ));
#683 = CARTESIAN_POINT('',(43.861535199022,2.81417267278,26.761717421053
    ));
#684 = CARTESIAN_POINT('',(43.664145739444,2.495163107047,
    26.809416602954));
#685 = CARTESIAN_POINT('',(43.58631925746,2.357282201565,26.828171863621
    ));
#686 = CARTESIAN_POINT('',(43.514556876238,2.217523540802,
    26.845425269077));
#687 = CARTESIAN_POINT('',(43.448778444009,2.076139623423,
    26.861208768973));
#688 = CARTESIAN_POINT('',(43.231931611958,1.558954030115,26.91315476686
    ));
#689 = CARTESIAN_POINT('',(43.115584498614,1.174903501428,
    26.940846256234));
#690 = CARTESIAN_POINT('',(43.038532181878,0.785155517956,26.95913022396
    ));
#691 = CARTESIAN_POINT('',(43.,0.392591488373,26.968273085249));
#692 = CARTESIAN_POINT('',(43.,-0.388413613083,26.968273085249));
#693 = CARTESIAN_POINT('',(43.037716455062,-0.776802156487,
    26.959323781389));
#694 = CARTESIAN_POINT('',(43.113138328624,-1.162460487823,
    26.941426718716));
#695 = CARTESIAN_POINT('',(43.227005107539,-1.542600646247,
    26.91432726899));
#696 = CARTESIAN_POINT('',(43.439861630477,-2.056481750762,
    26.863347477827));
#697 = CARTESIAN_POINT('',(43.505033661535,-2.198156287216,
    26.847712933757));
#698 = CARTESIAN_POINT('',(43.57619296502,-2.338222709319,
    26.830608609325));
#699 = CARTESIAN_POINT('',(43.653419605604,-2.476429727319,26.8120026804
    ));
#700 = CARTESIAN_POINT('',(43.85156902148,-2.79978018592,26.764132970972
    ));
#701 = CARTESIAN_POINT('',(43.978008454007,-2.983025560417,
    26.733490983002));
#702 = CARTESIAN_POINT('',(44.116324139769,-3.161448437403,
    26.699844416717));
#703 = CARTESIAN_POINT('',(44.266698797306,-3.334128317132,
    26.66310043204));
#704 = CARTESIAN_POINT('',(44.429288138201,-3.5000024,26.623162341827));
#705 = PCURVE('',#205,#706);
#706 = DEFINITIONAL_REPRESENTATION('',(#707),#734);
#707 = B_SPLINE_CURVE_WITH_KNOTS('',5,(#708,#709,#710,#711,#712,#713,
    #714,#715,#716,#717,#718,#719,#720,#721,#722,#723,#724,#725,#726,
    #727,#728,#729,#730,#731,#732,#733),.UNSPECIFIED.,.F.,.F.,(6,4,4,4,4
    ,4,6),(0.,0.135800622607,0.236352894768,0.500000601873,0.76084262604
    ,0.861477995278,1.),.UNSPECIFIED.);
#708 = CARTESIAN_POINT('',(5.328782999395E-02,-3.5000024));
#709 = CARTESIAN_POINT('',(5.416907674038E-02,-3.337388328985));
#710 = CARTESIAN_POINT('',(5.498518612359E-02,-3.16823249532));
#711 = CARTESIAN_POINT('',(5.573703538105E-02,-2.99353709582));
#712 = CARTESIAN_POINT('',(5.642562962429E-02,-2.81417267278));
#713 = CARTESIAN_POINT('',(5.751594344943E-02,-2.495163107047));
#714 = CARTESIAN_POINT('',(5.794576612752E-02,-2.357282201565));
#715 = CARTESIAN_POINT('',(5.834204692849E-02,-2.217523540802));
#716 = CARTESIAN_POINT('',(5.870524451555E-02,-2.076139623423));
#717 = CARTESIAN_POINT('',(5.990246286136E-02,-1.558954030115));
#718 = CARTESIAN_POINT('',(6.054459437097E-02,-1.174903501428));
#719 = CARTESIAN_POINT('',(6.096978616295E-02,-0.785155517956));
#720 = CARTESIAN_POINT('',(6.118241448312E-02,-0.392591488373));
#721 = CARTESIAN_POINT('',(6.118241448312E-02,0.388413613083));
#722 = CARTESIAN_POINT('',(6.097428751145E-02,0.776802156487));
#723 = CARTESIAN_POINT('',(6.055809288633E-02,1.162460487824));
#724 = CARTESIAN_POINT('',(5.992965268366E-02,1.542600646247));
#725 = CARTESIAN_POINT('',(5.875447787241E-02,2.056481750762));
#726 = CARTESIAN_POINT('',(5.839463286883E-02,2.198156287216));
#727 = CARTESIAN_POINT('',(5.800168746564E-02,2.338222709319));
#728 = CARTESIAN_POINT('',(5.757518361874E-02,2.476429727319));
#729 = CARTESIAN_POINT('',(5.648068858647E-02,2.79978018592));
#730 = CARTESIAN_POINT('',(5.578216834252E-02,2.983025560417));
#731 = CARTESIAN_POINT('',(5.501787727189E-02,3.161448437403));
#732 = CARTESIAN_POINT('',(5.418674356847E-02,3.334128317132));
#733 = CARTESIAN_POINT('',(5.328782999395E-02,3.5000024));
#734 = ( GEOMETRIC_REPRESENTATION_CONTEXT(2) 
PARAMETRIC_REPRESENTATION_CONTEXT() REPRESENTATION_CONTEXT('2D SPACE',''
  ) );
#735 = PCURVE('',#736,#741);
#736 = CYLINDRICAL_SURFACE('',#737,5.);
#737 = AXIS2_PLACEMENT_3D('',#738,#739,#740);
#738 = CARTESIAN_POINT('',(48.,0.,2.));
#739 = DIRECTION('',(0.,0.,1.));
#740 = DIRECTION('',(1.,0.,-0.));
#741 = DEFINITIONAL_REPRESENTATION('',(#742),#769);
#742 = B_SPLINE_CURVE_WITH_KNOTS('',5,(#743,#744,#745,#746,#747,#748,
    #749,#750,#751,#752,#753,#754,#755,#756,#757,#758,#759,#760,#761,
    #762,#763,#764,#765,#766,#767,#768),.UNSPECIFIED.,.F.,.F.,(6,4,4,4,4
    ,4,6),(0.,0.135800622607,0.236352894768,0.500000601873,0.76084262604
    ,0.861477995278,1.),.UNSPECIFIED.);
#743 = CARTESIAN_POINT('',(2.366194484844,24.623162341827));
#744 = CARTESIAN_POINT('',(2.411735563853,24.662315507444));
#745 = CARTESIAN_POINT('',(2.45656762766,24.698399082957));
#746 = CARTESIAN_POINT('',(2.500764549938,24.731503903651));
#747 = CARTESIAN_POINT('',(2.544386577438,24.761717421053));
#748 = CARTESIAN_POINT('',(2.619414492718,24.809416602954));
#749 = CARTESIAN_POINT('',(2.651054845004,24.828171863621));
#750 = CARTESIAN_POINT('',(2.682443688391,24.845425269077));
#751 = CARTESIAN_POINT('',(2.713608106029,24.861208768973));
#752 = CARTESIAN_POINT('',(2.825769326867,24.91315476686));
#753 = CARTESIAN_POINT('',(2.905602927996,24.940846256234));
#754 = CARTESIAN_POINT('',(2.984561744946,24.95913022396));
#755 = CARTESIAN_POINT('',(3.063074355915,24.968273085249));
#756 = CARTESIAN_POINT('',(3.219275376206,24.968273085249));
#757 = CARTESIAN_POINT('',(3.29695288587,24.959323781389));
#758 = CARTESIAN_POINT('',(3.375061914205,24.941426718716));
#759 = CARTESIAN_POINT('',(3.454017954448,24.91432726899));
#760 = CARTESIAN_POINT('',(3.565262134329,24.863347477827));
#761 = CARTESIAN_POINT('',(3.596428372191,24.847712933757));
#762 = CARTESIAN_POINT('',(3.627817168964,24.830608609325));
#763 = CARTESIAN_POINT('',(3.659455654412,24.8120026804));
#764 = CARTESIAN_POINT('',(3.735302529124,24.764132970972));
#765 = CARTESIAN_POINT('',(3.779763857332,24.733490983002));
#766 = CARTESIAN_POINT('',(3.824820662042,24.699844416717));
#767 = CARTESIAN_POINT('',(3.870536756791,24.66310043204));
#768 = CARTESIAN_POINT('',(3.916990822335,24.623162341827));
#769 = ( GEOMETRIC_REPRESENTATION_CONTEXT(2) 
PARAMETRIC_REPRESENTATION_CONTEXT() REPRESENTATION_CONTEXT('2D SPACE',''
  ) );
#770 = ORIENTED_EDGE('',*,*,#771,.F.);
#771 = EDGE_CURVE('',#772,#673,#774,.T.);
#772 = VERTEX_POINT('',#773);
#773 = CARTESIAN_POINT('',(51.570714214271,3.5,24.717941082837));
#774 = SURFACE_CURVE('',#775,(#850,#928),.PCURVE_S1.);
#775 = B_SPLINE_CURVE_WITH_KNOTS('',7,(#776,#777,#778,#779,#780,#781,
    #782,#783,#784,#785,#786,#787,#788,#789,#790,#791,#792,#793,#794,
    #795,#796,#797,#798,#799,#800,#801,#802,#803,#804,#805,#806,#807,
    #808,#809,#810,#811,#812,#813,#814,#815,#816,#817,#818,#819,#820,
    #821,#822,#823,#824,#825,#826,#827,#828,#829,#830,#831,#832,#833,
    #834,#835,#836,#837,#838,#839,#840,#841,#842,#843,#844,#845,#846,
    #847,#848,#849),.UNSPECIFIED.,.F.,.F.,(8,6,6,6,6,6,6,6,6,6,6,6,8),(
    0.,8.871265522428E-02,0.143377898707,0.21760949707,0.295827674254,
    0.390224718452,0.499476129599,0.578198777959,0.649865469796,
    0.703839070499,0.78204972738,0.853549822821,1.),.UNSPECIFIED.);
#776 = CARTESIAN_POINT('',(52.080559254328,2.889469877317,24.57023892098
    ));
#777 = CARTESIAN_POINT('',(51.908838922463,3.131976295137,
    24.620251665471));
#778 = CARTESIAN_POINT('',(51.717429021439,3.36663686194,24.675790210744
    ));
#779 = CARTESIAN_POINT('',(51.506107504845,3.591618661424,
    24.736833263604));
#780 = CARTESIAN_POINT('',(51.274761649354,3.804931548552,
    24.803311707283));
#781 = CARTESIAN_POINT('',(51.023426156844,4.004395161608,
    24.875097521886));
#782 = CARTESIAN_POINT('',(50.752325993388,4.18760365328,24.95199474519)
  );
#783 = CARTESIAN_POINT('',(50.282976581124,4.453121177789,
    25.084099727767));
#784 = CARTESIAN_POINT('',(50.096694421933,4.547171660692,
    25.136306577682));
#785 = CARTESIAN_POINT('',(49.903523983128,4.63322199024,25.190194400731
    ));
#786 = CARTESIAN_POINT('',(49.703989772804,4.710519575909,
    25.245584096155));
#787 = CARTESIAN_POINT('',(49.498686661252,4.778379888961,25.30227985954
    ));
#788 = CARTESIAN_POINT('',(49.288272230616,4.836189515503,25.36007295711
    ));
#789 = CARTESIAN_POINT('',(48.78175786804,4.947530269656,25.498418732268
    ));
#790 = CARTESIAN_POINT('',(48.482024141745,4.992106473552,
    25.579692149712));
#791 = CARTESIAN_POINT('',(48.177157784294,5.015563105245,
    25.661715988068));
#792 = CARTESIAN_POINT('',(47.870259813094,5.017062450641,
    25.743618643608));
#793 = CARTESIAN_POINT('',(47.564507930891,4.996503921483,
    25.824549885606));
#794 = CARTESIAN_POINT('',(47.26302795294,4.954524427661,25.903715372677
    ));
#795 = CARTESIAN_POINT('',(46.658690873863,4.827142516736,
    26.061208023943));
#796 = CARTESIAN_POINT('',(46.357471202966,4.73970656797,26.139042476473
    ));
#797 = CARTESIAN_POINT('',(46.067137029362,4.631737097162,26.21344493243
    ));
#798 = CARTESIAN_POINT('',(45.789502698102,4.505052544864,
    26.284035323309));
#799 = CARTESIAN_POINT('',(45.526121910818,4.361729075,26.350515151386)
  );
#800 = CARTESIAN_POINT('',(45.278247624521,4.204085803285,26.41266823084
    ));
#801 = CARTESIAN_POINT('',(44.76746133586,3.83021181366,26.539988049673)
  );
#802 = CARTESIAN_POINT('',(44.511352877352,3.608102142002,
    26.603291240523));
#803 = CARTESIAN_POINT('',(44.278447296572,3.371318845806,
    26.660436889329));
#804 = CARTESIAN_POINT('',(44.068531420032,3.12242939953,26.711618033833
    ));
#805 = CARTESIAN_POINT('',(43.881258384632,2.863657298824,
    26.757037401042));
#806 = CARTESIAN_POINT('',(43.716205297884,2.596944946753,
    26.796893404013));
#807 = CARTESIAN_POINT('',(43.40710527462,2.008132438807,26.87127097912)
  );
#808 = CARTESIAN_POINT('',(43.270295671506,1.683626954051,
    26.904003534349));
#809 = CARTESIAN_POINT('',(43.161720734925,1.352779587989,
    26.929872930811));
#810 = CARTESIAN_POINT('',(43.080746152528,1.01746498848,26.949113382009
    ));
#811 = CARTESIAN_POINT('',(43.026918578484,0.679276883942,
    26.961885774615));
#812 = CARTESIAN_POINT('',(43.,0.339653362543,26.968273085249));
#813 = CARTESIAN_POINT('',(43.,-0.244742030727,26.968273085249));
#814 = CARTESIAN_POINT('',(43.013976391102,-0.489477469405,
    26.964956764592));
#815 = CARTESIAN_POINT('',(43.041927655834,-0.733673513222,
    26.958324336019));
#816 = CARTESIAN_POINT('',(43.083916265025,-0.976790979547,
    26.948353985906));
#817 = CARTESIAN_POINT('',(43.140064176046,-1.218260744559,
    26.935002423714));
#818 = CARTESIAN_POINT('',(43.210548331053,-1.457460181885,
    26.918205431444));
#819 = CARTESIAN_POINT('',(43.373021093713,-1.908745641024,
    26.879373317151));
#820 = CARTESIAN_POINT('',(43.462521549462,-2.121355459879,
    26.85794127626));
#821 = CARTESIAN_POINT('',(43.56426699345,-2.330976593995,
    26.833518848532));
#822 = CARTESIAN_POINT('',(43.678454847667,-2.537005223142,
    26.806030007944));
#823 = CARTESIAN_POINT('',(43.805300085428,-2.738758825405,
    26.775387989272));
#824 = CARTESIAN_POINT('',(43.945024831679,-2.935458831931,
    26.741497133012));
#825 = CARTESIAN_POINT('',(44.21294208128,-3.269874224291,
    26.676206741486));
#826 = CARTESIAN_POINT('',(44.335484494891,-3.410187041267,
    26.646253147033));
#827 = CARTESIAN_POINT('',(44.46552972092,-3.546712729047,
    26.614359553459));
#828 = CARTESIAN_POINT('',(44.603110848861,-3.678981593652,
    26.580494385308));
#829 = CARTESIAN_POINT('',(44.748239284194,-3.806493013522,
    26.544629121697));
#830 = CARTESIAN_POINT('',(44.900904491662,-3.928715202341,
    26.506738532845));
#831 = CARTESIAN_POINT('',(45.293167611225,-4.213711040871,
    26.408929157813));
#832 = CARTESIAN_POINT('',(45.541644602993,-4.370502832829,
    26.346602945458));
#833 = CARTESIAN_POINT('',(45.805573485074,-4.512907753804,
    26.279960167264));
#834 = CARTESIAN_POINT('',(46.08368058497,-4.63860722101,26.209222488657
    ));
#835 = CARTESIAN_POINT('',(46.374391010865,-4.745531749182,
    26.134694359896));
#836 = CARTESIAN_POINT('',(46.675869876027,-4.831876036931,
    26.056762023202));
#837 = CARTESIAN_POINT('',(47.269642210111,-4.954840375976,
    25.901961710009));
#838 = CARTESIAN_POINT('',(47.559800878712,-4.994945524411,
    25.825759505062));
#839 = CARTESIAN_POINT('',(47.853906394726,-5.015221399896,
    25.747924998198));
#840 = CARTESIAN_POINT('',(48.149168969566,-5.015095456165,
    25.669167192017));
#841 = CARTESIAN_POINT('',(48.442752052211,-4.994630609545,
    25.590243502782));
#842 = CARTESIAN_POINT('',(48.731878992633,-4.954525350033,
    25.511931303184));
#843 = CARTESIAN_POINT('',(49.591661139577,-4.776473027024,
    25.277402492809));
#844 = CARTESIAN_POINT('',(50.132743096906,-4.58147930122,
    25.127479438051));
#845 = CARTESIAN_POINT('',(50.628697270209,-4.323309185018,
    24.988060891634));
#846 = CARTESIAN_POINT('',(51.073862541893,-4.01364731379,
    24.861373590156));
#847 = CARTESIAN_POINT('',(51.464786116878,-3.663966081224,
    24.749023193192));
#848 = CARTESIAN_POINT('',(51.800082018431,-3.285564672958,
    24.651926605729));
#849 = CARTESIAN_POINT('',(52.080559254328,-2.889469877317,
    24.57023892098));
#850 = PCURVE('',#205,#851);
#851 = DEFINITIONAL_REPRESENTATION('',(#852),#927);
#852 = B_SPLINE_CURVE_WITH_KNOTS('',7,(#853,#854,#855,#856,#857,#858,
    #859,#860,#861,#862,#863,#864,#865,#866,#867,#868,#869,#870,#871,
    #872,#873,#874,#875,#876,#877,#878,#879,#880,#881,#882,#883,#884,
    #885,#886,#887,#888,#889,#890,#891,#892,#893,#894,#895,#896,#897,
    #898,#899,#900,#901,#902,#903,#904,#905,#906,#907,#908,#909,#910,
    #911,#912,#913,#914,#915,#916,#917,#918,#919,#920,#921,#922,#923,
    #924,#925,#926),.UNSPECIFIED.,.F.,.F.,(8,6,6,6,6,6,6,6,6,6,6,6,8),(
    0.,8.871265522428E-02,0.143377898707,0.21760949707,0.295827674254,
    0.390224718452,0.499476129599,0.578198777959,0.649865469796,
    0.703839070499,0.78204972738,0.853549822821,1.),.UNSPECIFIED.);
#853 = CARTESIAN_POINT('',(1.075095064519E-02,-2.889469877317));
#854 = CARTESIAN_POINT('',(1.171124648699E-02,-3.131976295137));
#855 = CARTESIAN_POINT('',(1.278133716991E-02,-3.36663686194));
#856 = CARTESIAN_POINT('',(1.396233683216E-02,-3.591618661424));
#857 = CARTESIAN_POINT('',(1.525472567097E-02,-3.804931548552));
#858 = CARTESIAN_POINT('',(1.66581379679E-02,-4.004395161608));
#859 = CARTESIAN_POINT('',(1.817112872284E-02,-4.18760365328));
#860 = CARTESIAN_POINT('',(2.078904282909E-02,-4.453121177789));
#861 = CARTESIAN_POINT('',(2.182775118948E-02,-4.547171660692));
#862 = CARTESIAN_POINT('',(2.290450719028E-02,-4.63322199024));
#863 = CARTESIAN_POINT('',(2.401634174031E-02,-4.710519575909));
#864 = CARTESIAN_POINT('',(2.515989836537E-02,-4.778379888961));
#865 = CARTESIAN_POINT('',(2.633147812868E-02,-4.836189515503));
#866 = CARTESIAN_POINT('',(2.915063491172E-02,-4.947530269656));
#867 = CARTESIAN_POINT('',(3.08180524389E-02,-4.992106473552));
#868 = CARTESIAN_POINT('',(3.251312246854E-02,-5.015563105246));
#869 = CARTESIAN_POINT('',(3.421855941763E-02,-5.017062450641));
#870 = CARTESIAN_POINT('',(3.591671052295E-02,-4.996503921483));
#871 = CARTESIAN_POINT('',(3.759026866867E-02,-4.954524427661));
#872 = CARTESIAN_POINT('',(4.094340482542E-02,-4.827142516736));
#873 = CARTESIAN_POINT('',(4.261380821304E-02,-4.73970656797));
#874 = CARTESIAN_POINT('',(4.422301659067E-02,-4.631737097162));
#875 = CARTESIAN_POINT('',(4.576109448554E-02,-4.505052544864));
#876 = CARTESIAN_POINT('',(4.721956827338E-02,-4.361729075));
#877 = CARTESIAN_POINT('',(4.859163562491E-02,-4.204085803285));
#878 = CARTESIAN_POINT('',(5.14180259919E-02,-3.83021181366));
#879 = CARTESIAN_POINT('',(5.2834484531E-02,-3.608102142002));
#880 = CARTESIAN_POINT('',(5.412207246631E-02,-3.371318845806));
#881 = CARTESIAN_POINT('',(5.528215251249E-02,-3.12242939953));
#882 = CARTESIAN_POINT('',(5.6316793931E-02,-2.863657298824));
#883 = CARTESIAN_POINT('',(5.722845540078E-02,-2.596944946753));
#884 = CARTESIAN_POINT('',(5.89354229588E-02,-2.008132438807));
#885 = CARTESIAN_POINT('',(5.969070205389E-02,-1.683626954051));
#886 = CARTESIAN_POINT('',(6.02899729784E-02,-1.352779587989));
#887 = CARTESIAN_POINT('',(6.07368404557E-02,-1.01746498848));
#888 = CARTESIAN_POINT('',(6.103387219311E-02,-0.679276883942));
#889 = CARTESIAN_POINT('',(6.118241448312E-02,-0.339653362543));
#890 = CARTESIAN_POINT('',(6.118241448312E-02,0.244742030727));
#891 = CARTESIAN_POINT('',(6.110528991553E-02,0.489477469405));
#892 = CARTESIAN_POINT('',(6.095104893839E-02,0.733673513222));
#893 = CARTESIAN_POINT('',(6.071933819854E-02,0.976790979547));
#894 = CARTESIAN_POINT('',(6.040946692206E-02,1.218260744559));
#895 = CARTESIAN_POINT('',(6.002043100491E-02,1.457460181885));
#896 = CARTESIAN_POINT('',(5.912352421205E-02,1.908745641024));
#897 = CARTESIAN_POINT('',(5.862939928825E-02,2.121355459879));
#898 = CARTESIAN_POINT('',(5.806759800459E-02,2.330976593995));
#899 = CARTESIAN_POINT('',(5.743699425726E-02,2.537005223142));
#900 = CARTESIAN_POINT('',(5.673635652507E-02,2.738758825405));
#901 = CARTESIAN_POINT('',(5.596440422843E-02,2.935458831931));
#902 = CARTESIAN_POINT('',(5.448382423323E-02,3.269874224291));
#903 = CARTESIAN_POINT('',(5.380650814385E-02,3.410187041267));
#904 = CARTESIAN_POINT('',(5.308758729012E-02,3.546712729047));
#905 = CARTESIAN_POINT('',(5.232684826046E-02,3.678981593652));
#906 = CARTESIAN_POINT('',(5.152419430445E-02,3.806493013522));
#907 = CARTESIAN_POINT('',(5.067964687541E-02,3.928715202341));
#908 = CARTESIAN_POINT('',(4.850905112796E-02,4.213711040871));
#909 = CARTESIAN_POINT('',(4.713361886339E-02,4.370502832829));
#910 = CARTESIAN_POINT('',(4.567207767428E-02,4.512907753804));
#911 = CARTESIAN_POINT('',(4.413134484813E-02,4.63860722101));
#912 = CARTESIAN_POINT('',(4.252001206521E-02,4.745531749182));
#913 = CARTESIAN_POINT('',(4.084812979886E-02,4.831876036931));
#914 = CARTESIAN_POINT('',(3.755352919635E-02,4.954840375976));
#915 = CARTESIAN_POINT('',(3.594280399886E-02,4.994945524411));
#916 = CARTESIAN_POINT('',(3.430935583122E-02,5.015221399896));
#917 = CARTESIAN_POINT('',(3.266863142581E-02,5.015095456165));
#918 = CARTESIAN_POINT('',(3.103638631962E-02,4.994630609545));
#919 = CARTESIAN_POINT('',(2.942809374377E-02,4.954525350033));
#920 = CARTESIAN_POINT('',(2.464315241414E-02,4.776473027024));
#921 = CARTESIAN_POINT('',(2.162858186215E-02,4.58147930122));
#922 = CARTESIAN_POINT('',(1.886255559402E-02,4.323309185018));
#923 = CARTESIAN_POINT('',(1.637752011843E-02,4.013647313789));
#924 = CARTESIAN_POINT('',(1.419364630102E-02,3.663966081225));
#925 = CARTESIAN_POINT('',(1.231943773362E-02,3.285564672958));
#926 = CARTESIAN_POINT('',(1.075095064519E-02,2.889469877317));
#927 = ( GEOMETRIC_REPRESENTATION_CONTEXT(2) 
PARAMETRIC_REPRESENTATION_CONTEXT() REPRESENTATION_CONTEXT('2D SPACE',''
  ) );
#928 = PCURVE('',#736,#929);
#929 = DEFINITIONAL_REPRESENTATION('',(#930),#1005);
#930 = B_SPLINE_CURVE_WITH_KNOTS('',7,(#931,#932,#933,#934,#935,#936,
    #937,#938,#939,#940,#941,#942,#943,#944,#945,#946,#947,#948,#949,
    #950,#951,#952,#953,#954,#955,#956,#957,#958,#959,#960,#961,#962,
    #963,#964,#965,#966,#967,#968,#969,#970,#971,#972,#973,#974,#975,
    #976,#977,#978,#979,#980,#981,#982,#983,#984,#985,#986,#987,#988,
    #989,#990,#991,#992,#993,#994,#995,#996,#997,#998,#999,#1000,#1001,
    #1002,#1003,#1004),.UNSPECIFIED.,.F.,.F.,(8,6,6,6,6,6,6,6,6,6,6,6,8)
  ,(0.,8.871265522428E-02,0.143377898707,0.21760949707,0.295827674254,
    0.390224718452,0.499476129599,0.578198777959,0.649865469796,
    0.703839070499,0.78204972738,0.853549822821,1.),.UNSPECIFIED.);
#931 = CARTESIAN_POINT('',(0.616145767038,22.57023892098));
#932 = CARTESIAN_POINT('',(0.675575468387,22.620251665471));
#933 = CARTESIAN_POINT('',(0.736000304155,22.675790210744));
#934 = CARTESIAN_POINT('',(0.797489309337,22.736833263604));
#935 = CARTESIAN_POINT('',(0.86012577767,22.803311707283));
#936 = CARTESIAN_POINT('',(0.924004849609,22.875097521886));
#937 = CARTESIAN_POINT('',(0.989238616155,22.95199474519));
#938 = CARTESIAN_POINT('',(1.09708822007,23.084099727767));
#939 = CARTESIAN_POINT('',(1.138777171669,23.136306577682));
#940 = CARTESIAN_POINT('',(1.18099098454,23.190194400731));
#941 = CARTESIAN_POINT('',(1.223691866734,23.245584096155));
#942 = CARTESIAN_POINT('',(1.266847832589,23.30227985954));
#943 = CARTESIAN_POINT('',(1.310431692157,23.36007295711));
#944 = CARTESIAN_POINT('',(1.414153158215,23.498418732268));
#945 = CARTESIAN_POINT('',(1.474616064179,23.579692149712));
#946 = CARTESIAN_POINT('',(1.535522926421,23.661715988068));
#947 = CARTESIAN_POINT('',(1.596618162893,23.743618643608));
#948 = CARTESIAN_POINT('',(1.657657295108,23.824549885606));
#949 = CARTESIAN_POINT('',(1.718388526959,23.903715372677));
#950 = CARTESIAN_POINT('',(1.841911716099,24.061208023943));
#951 = CARTESIAN_POINT('',(1.904467290406,24.139042476473));
#952 = CARTESIAN_POINT('',(1.966154776051,24.21344493243));
#953 = CARTESIAN_POINT('',(2.026912322099,24.284035323309));
#954 = CARTESIAN_POINT('',(2.08665779726,24.350515151386));
#955 = CARTESIAN_POINT('',(2.145283364743,24.41266823084));
#956 = CARTESIAN_POINT('',(2.271882636905,24.539988049673));
#957 = CARTESIAN_POINT('',(2.339452681328,24.603291240523));
#958 = CARTESIAN_POINT('',(2.405553087538,24.660436889329));
#959 = CARTESIAN_POINT('',(2.470341087864,24.711618033833));
#960 = CARTESIAN_POINT('',(2.533956629904,24.757037401042));
#961 = CARTESIAN_POINT('',(2.596530328827,24.796893404013));
#962 = CARTESIAN_POINT('',(2.729533034649,24.87127097912));
#963 = CARTESIAN_POINT('',(2.799715396926,24.904003534349));
#964 = CARTESIAN_POINT('',(2.868988900211,24.929872930811));
#965 = CARTESIAN_POINT('',(2.937587930245,24.949113382009));
#966 = CARTESIAN_POINT('',(3.005737159522,24.961885774615));
#967 = CARTESIAN_POINT('',(3.073661981081,24.968273085249));
#968 = CARTESIAN_POINT('',(3.190541059735,24.968273085249));
#969 = CARTESIAN_POINT('',(3.239488108341,24.964956764592));
#970 = CARTESIAN_POINT('',(3.28851892562,24.958324336019));
#971 = CARTESIAN_POINT('',(3.33771708294,24.948353985906));
#972 = CARTESIAN_POINT('',(3.387166494884,24.935002423714));
#973 = CARTESIAN_POINT('',(3.436953317324,24.918205431444));
#974 = CARTESIAN_POINT('',(3.532881616431,24.879373317151));
#975 = CARTESIAN_POINT('',(3.578953057641,24.85794127626));
#976 = CARTESIAN_POINT('',(3.625447959616,24.833518848532));
#977 = CARTESIAN_POINT('',(3.672432713879,24.806030007944));
#978 = CARTESIAN_POINT('',(3.719976029793,24.775387989272));
#979 = CARTESIAN_POINT('',(3.768150651374,24.741497133012));
#980 = CARTESIAN_POINT('',(3.853850898114,24.676206741486));
#981 = CARTESIAN_POINT('',(3.891075486891,24.646253147033));
#982 = CARTESIAN_POINT('',(3.92872877632,24.614359553459));
#983 = CARTESIAN_POINT('',(3.966831102438,24.580494385308));
#984 = CARTESIAN_POINT('',(4.005404572206,24.544629121697));
#985 = CARTESIAN_POINT('',(4.044474434258,24.506738532845));
#986 = CARTESIAN_POINT('',(4.141447210427,24.408929157813));
#987 = CARTESIAN_POINT('',(4.200083411414,24.346602945458));
#988 = CARTESIAN_POINT('',(4.259837590588,24.279960167264));
#989 = CARTESIAN_POINT('',(4.320599653348,24.209222488657));
#990 = CARTESIAN_POINT('',(4.382285289159,24.134694359896));
#991 = CARTESIAN_POINT('',(4.444830388182,24.056762023202));
#992 = CARTESIAN_POINT('',(4.5661045921,23.901961710009));
#993 = CARTESIAN_POINT('',(4.624557134655,23.825759505062));
#994 = CARTESIAN_POINT('',(4.683295851749,23.747924998198));
#995 = CARTESIAN_POINT('',(4.742094593689,23.669167192017));
#996 = CARTESIAN_POINT('',(4.800733574201,23.590243502782));
#997 = CARTESIAN_POINT('',(4.858984064606,23.511931303184));
#998 = CARTESIAN_POINT('',(5.0345890725,23.277402492809));
#999 = CARTESIAN_POINT('',(5.14846563433,23.127479438051));
#1000 = CARTESIAN_POINT('',(5.258748728902,22.988060891634));
#1001 = CARTESIAN_POINT('',(5.365701277354,22.861373590156));
#1002 = CARTESIAN_POINT('',(5.469454294667,22.749023193192));
#1003 = CARTESIAN_POINT('',(5.569970787808,22.651926605729));
#1004 = CARTESIAN_POINT('',(5.667039540141,22.57023892098));
#1005 = ( GEOMETRIC_REPRESENTATION_CONTEXT(2) 
PARAMETRIC_REPRESENTATION_CONTEXT() REPRESENTATION_CONTEXT('2D SPACE',''
  ) );
#1006 = ORIENTED_EDGE('',*,*,#1007,.F.);
#1007 = EDGE_CURVE('',#1008,#772,#1010,.T.);
#1008 = VERTEX_POINT('',#1009);
#1009 = CARTESIAN_POINT('',(52.080559254328,2.889469877317,
    24.57023892098));
#1010 = SURFACE_CURVE('',#1011,(#1017,#1026),.PCURVE_S1.);
#1011 = B_SPLINE_CURVE_WITH_KNOTS('',4,(#1012,#1013,#1014,#1015,#1016),
  .UNSPECIFIED.,.F.,.F.,(5,5),(0.,1.),.PIECEWISE_BEZIER_KNOTS.);
#1012 = CARTESIAN_POINT('',(52.080559254328,2.889469877317,
    24.57023892098));
#1013 = CARTESIAN_POINT('',(51.967667654069,3.048897344545,24.6031180722
    ));
#1014 = CARTESIAN_POINT('',(51.845146646466,3.204314222839,
    24.638698655134));
#1015 = CARTESIAN_POINT('',(51.712859422023,3.354983076751,
    24.676981067991));
#1016 = CARTESIAN_POINT('',(51.570711861799,3.5000024,24.717941760717));
#1017 = PCURVE('',#205,#1018);
#1018 = DEFINITIONAL_REPRESENTATION('',(#1019),#1025);
#1019 = B_SPLINE_CURVE_WITH_KNOTS('',4,(#1020,#1021,#1022,#1023,#1024),
  .UNSPECIFIED.,.F.,.F.,(5,5),(0.,1.),.PIECEWISE_BEZIER_KNOTS.);
#1020 = CARTESIAN_POINT('',(1.075095064519E-02,-2.889469877317));
#1021 = CARTESIAN_POINT('',(1.138226397382E-02,-3.048897344545));
#1022 = CARTESIAN_POINT('',(1.20672721941E-02,-3.204314222839));
#1023 = CARTESIAN_POINT('',(1.280668174246E-02,-3.354983076751));
#1024 = CARTESIAN_POINT('',(1.360094444015E-02,-3.5000024));
#1025 = ( GEOMETRIC_REPRESENTATION_CONTEXT(2) 
PARAMETRIC_REPRESENTATION_CONTEXT() REPRESENTATION_CONTEXT('2D SPACE',''
  ) );
#1026 = PCURVE('',#736,#1027);
#1027 = DEFINITIONAL_REPRESENTATION('',(#1028),#1034);
#1028 = B_SPLINE_CURVE_WITH_KNOTS('',4,(#1029,#1030,#1031,#1032,#1033),
  .UNSPECIFIED.,.F.,.F.,(5,5),(0.,1.),.PIECEWISE_BEZIER_KNOTS.);
#1029 = CARTESIAN_POINT('',(0.616145767038,22.57023892098));
#1030 = CARTESIAN_POINT('',(0.655215771244,22.6031180722));
#1031 = CARTESIAN_POINT('',(0.694744341751,22.638698655134));
#1032 = CARTESIAN_POINT('',(0.734784607959,22.676981067991));
#1033 = CARTESIAN_POINT('',(0.775398168745,22.717941760717));
#1034 = ( GEOMETRIC_REPRESENTATION_CONTEXT(2) 
PARAMETRIC_REPRESENTATION_CONTEXT() REPRESENTATION_CONTEXT('2D SPACE',''
  ) );
#1035 = ORIENTED_EDGE('',*,*,#1036,.F.);
#1036 = EDGE_CURVE('',#1037,#1008,#1039,.T.);
#1037 = VERTEX_POINT('',#1038);
#1038 = CARTESIAN_POINT('',(52.080559254328,5.5,24.57023892098));
#1039 = SURFACE_CURVE('',#1040,(#1044,#1051),.PCURVE_S1.);
#1040 = LINE('',#1041,#1042);
#1041 = CARTESIAN_POINT('',(52.080559254328,5.5,24.57023892098));
#1042 = VECTOR('',#1043,1.);
#1043 = DIRECTION('',(1.633099874051E-13,-1.,-1.156779077453E-13));
#1044 = PCURVE('',#205,#1045);
#1045 = DEFINITIONAL_REPRESENTATION('',(#1046),#1050);
#1046 = LINE('',#1047,#1048);
#1047 = CARTESIAN_POINT('',(1.075095064519E-02,-5.5));
#1048 = VECTOR('',#1049,1.);
#1049 = DIRECTION('',(0.,1.));
#1050 = ( GEOMETRIC_REPRESENTATION_CONTEXT(2) 
PARAMETRIC_REPRESENTATION_CONTEXT() REPRESENTATION_CONTEXT('2D SPACE',''
  ) );
#1051 = PCURVE('',#1052,#1057);
#1052 = CYLINDRICAL_SURFACE('',#1053,1.5);
#1053 = AXIS2_PLACEMENT_3D('',#1054,#1055,#1056);
#1054 = CARTESIAN_POINT('',(52.5,-7.,26.010401919002));
#1055 = DIRECTION('',(-0.,1.,-0.));
#1056 = DIRECTION('',(-0.279627163782,-0.,-0.960108665348));
#1057 = DEFINITIONAL_REPRESENTATION('',(#1058),#1062);
#1058 = LINE('',#1059,#1060);
#1059 = CARTESIAN_POINT('',(-4.736951571734E-15,12.5));
#1060 = VECTOR('',#1061,1.);
#1061 = DIRECTION('',(-0.,-1.));
#1062 = ( GEOMETRIC_REPRESENTATION_CONTEXT(2) 
PARAMETRIC_REPRESENTATION_CONTEXT() REPRESENTATION_CONTEXT('2D SPACE',''
  ) );
#1063 = ORIENTED_EDGE('',*,*,#1064,.T.);
#1064 = EDGE_CURVE('',#1037,#1065,#1067,.T.);
#1065 = VERTEX_POINT('',#1066);
#1066 = CARTESIAN_POINT('',(-52.08055925432,5.5,24.57023892098));
#1067 = SURFACE_CURVE('',#1068,(#1073,#1080),.PCURVE_S1.);
#1068 = CIRCLE('',#1069,186.25);
#1069 = AXIS2_PLACEMENT_3D('',#1070,#1071,#1072);
#1070 = CARTESIAN_POINT('',(-2.556831758308E-15,5.5,-154.25));
#1071 = DIRECTION('',(0.,-1.,0.));
#1072 = DIRECTION('',(0.289932885906,0.,0.957046979866));
#1073 = PCURVE('',#205,#1074);
#1074 = DEFINITIONAL_REPRESENTATION('',(#1075),#1079);
#1075 = LINE('',#1076,#1077);
#1076 = CARTESIAN_POINT('',(0.,-5.5));
#1077 = VECTOR('',#1078,1.);
#1078 = DIRECTION('',(1.,0.));
#1079 = ( GEOMETRIC_REPRESENTATION_CONTEXT(2) 
PARAMETRIC_REPRESENTATION_CONTEXT() REPRESENTATION_CONTEXT('2D SPACE',''
  ) );
#1080 = PCURVE('',#1081,#1086);
#1081 = TOROIDAL_SURFACE('',#1082,187.75,1.5);
#1082 = AXIS2_PLACEMENT_3D('',#1083,#1084,#1085);
#1083 = CARTESIAN_POINT('',(-2.556831758308E-15,5.5,-154.25));
#1084 = DIRECTION('',(-0.,-1.,0.));
#1085 = DIRECTION('',(0.289932885906,0.,0.957046979866));
#1086 = DEFINITIONAL_REPRESENTATION('',(#1087),#1091);
#1087 = LINE('',#1088,#1089);
#1088 = CARTESIAN_POINT('',(0.,3.14159265359));
#1089 = VECTOR('',#1090,1.);
#1090 = DIRECTION('',(1.,0.));
#1091 = ( GEOMETRIC_REPRESENTATION_CONTEXT(2) 
PARAMETRIC_REPRESENTATION_CONTEXT() REPRESENTATION_CONTEXT('2D SPACE',''
  ) );
#1092 = ORIENTED_EDGE('',*,*,#1093,.T.);
#1093 = EDGE_CURVE('',#1065,#1094,#1096,.T.);
#1094 = VERTEX_POINT('',#1095);
#1095 = CARTESIAN_POINT('',(-52.08055925432,3.5,24.57023892098));
#1096 = SURFACE_CURVE('',#1097,(#1101,#1108),.PCURVE_S1.);
#1097 = LINE('',#1098,#1099);
#1098 = CARTESIAN_POINT('',(-52.08055925432,7.,24.57023892098));
#1099 = VECTOR('',#1100,1.);
#1100 = DIRECTION('',(0.,-1.,0.));
#1101 = PCURVE('',#205,#1102);
#1102 = DEFINITIONAL_REPRESENTATION('',(#1103),#1107);
#1103 = LINE('',#1104,#1105);
#1104 = CARTESIAN_POINT('',(0.577562470908,-7.));
#1105 = VECTOR('',#1106,1.);
#1106 = DIRECTION('',(0.,1.));
#1107 = ( GEOMETRIC_REPRESENTATION_CONTEXT(2) 
PARAMETRIC_REPRESENTATION_CONTEXT() REPRESENTATION_CONTEXT('2D SPACE',''
  ) );
#1108 = PCURVE('',#445,#1109);
#1109 = DEFINITIONAL_REPRESENTATION('',(#1110),#1114);
#1110 = LINE('',#1111,#1112);
#1111 = CARTESIAN_POINT('',(6.28318530718,-2.));
#1112 = VECTOR('',#1113,1.);
#1113 = DIRECTION('',(-0.,1.));
#1114 = ( GEOMETRIC_REPRESENTATION_CONTEXT(2) 
PARAMETRIC_REPRESENTATION_CONTEXT() REPRESENTATION_CONTEXT('2D SPACE',''
  ) );
#1115 = ORIENTED_EDGE('',*,*,#1116,.T.);
#1116 = EDGE_CURVE('',#1094,#384,#1117,.T.);
#1117 = SURFACE_CURVE('',#1118,(#1122,#1129),.PCURVE_S1.);
#1118 = LINE('',#1119,#1120);
#1119 = CARTESIAN_POINT('',(-52.08055925432,5.,24.57023892098));
#1120 = VECTOR('',#1121,1.);
#1121 = DIRECTION('',(0.,-1.,0.));
#1122 = PCURVE('',#205,#1123);
#1123 = DEFINITIONAL_REPRESENTATION('',(#1124),#1128);
#1124 = LINE('',#1125,#1126);
#1125 = CARTESIAN_POINT('',(0.577562470908,-5.));
#1126 = VECTOR('',#1127,1.);
#1127 = DIRECTION('',(0.,1.));
#1128 = ( GEOMETRIC_REPRESENTATION_CONTEXT(2) 
PARAMETRIC_REPRESENTATION_CONTEXT() REPRESENTATION_CONTEXT('2D SPACE',''
  ) );
#1129 = PCURVE('',#445,#1130);
#1130 = DEFINITIONAL_REPRESENTATION('',(#1131),#1135);
#1131 = LINE('',#1132,#1133);
#1132 = CARTESIAN_POINT('',(6.28318530718,0.));
#1133 = VECTOR('',#1134,1.);
#1134 = DIRECTION('',(-0.,1.));
#1135 = ( GEOMETRIC_REPRESENTATION_CONTEXT(2) 
PARAMETRIC_REPRESENTATION_CONTEXT() REPRESENTATION_CONTEXT('2D SPACE',''
  ) );
#1136 = ORIENTED_EDGE('',*,*,#480,.F.);
#1137 = ORIENTED_EDGE('',*,*,#509,.F.);
#1138 = ORIENTED_EDGE('',*,*,#619,.F.);
#1139 = ORIENTED_EDGE('',*,*,#171,.F.);
#1140 = ORIENTED_EDGE('',*,*,#226,.F.);
#1141 = ORIENTED_EDGE('',*,*,#354,.F.);
#1142 = ORIENTED_EDGE('',*,*,#1143,.T.);
#1143 = EDGE_CURVE('',#355,#1144,#1146,.T.);
#1144 = VERTEX_POINT('',#1145);
#1145 = CARTESIAN_POINT('',(-52.08055925432,-3.5,24.57023892098));
#1146 = SURFACE_CURVE('',#1147,(#1151,#1158),.PCURVE_S1.);
#1147 = LINE('',#1148,#1149);
#1148 = CARTESIAN_POINT('',(-52.08055925432,5.,24.57023892098));
#1149 = VECTOR('',#1150,1.);
#1150 = DIRECTION('',(0.,-1.,0.));
#1151 = PCURVE('',#205,#1152);
#1152 = DEFINITIONAL_REPRESENTATION('',(#1153),#1157);
#1153 = LINE('',#1154,#1155);
#1154 = CARTESIAN_POINT('',(0.577562470908,-5.));
#1155 = VECTOR('',#1156,1.);
#1156 = DIRECTION('',(0.,1.));
#1157 = ( GEOMETRIC_REPRESENTATION_CONTEXT(2) 
PARAMETRIC_REPRESENTATION_CONTEXT() REPRESENTATION_CONTEXT('2D SPACE',''
  ) );
#1158 = PCURVE('',#445,#1159);
#1159 = DEFINITIONAL_REPRESENTATION('',(#1160),#1164);
#1160 = LINE('',#1161,#1162);
#1161 = CARTESIAN_POINT('',(6.28318530718,0.));
#1162 = VECTOR('',#1163,1.);
#1163 = DIRECTION('',(-0.,1.));
#1164 = ( GEOMETRIC_REPRESENTATION_CONTEXT(2) 
PARAMETRIC_REPRESENTATION_CONTEXT() REPRESENTATION_CONTEXT('2D SPACE',''
  ) );
#1165 = ORIENTED_EDGE('',*,*,#1166,.T.);
#1166 = EDGE_CURVE('',#1144,#1167,#1169,.T.);
#1167 = VERTEX_POINT('',#1168);
#1168 = CARTESIAN_POINT('',(-52.08055925432,-5.5,24.57023892098));
#1169 = SURFACE_CURVE('',#1170,(#1174,#1181),.PCURVE_S1.);
#1170 = LINE('',#1171,#1172);
#1171 = CARTESIAN_POINT('',(-52.08055925432,7.,24.57023892098));
#1172 = VECTOR('',#1173,1.);
#1173 = DIRECTION('',(0.,-1.,0.));
#1174 = PCURVE('',#205,#1175);
#1175 = DEFINITIONAL_REPRESENTATION('',(#1176),#1180);
#1176 = LINE('',#1177,#1178);
#1177 = CARTESIAN_POINT('',(0.577562470908,-7.));
#1178 = VECTOR('',#1179,1.);
#1179 = DIRECTION('',(0.,1.));
#1180 = ( GEOMETRIC_REPRESENTATION_CONTEXT(2) 
PARAMETRIC_REPRESENTATION_CONTEXT() REPRESENTATION_CONTEXT('2D SPACE',''
  ) );
#1181 = PCURVE('',#445,#1182);
#1182 = DEFINITIONAL_REPRESENTATION('',(#1183),#1187);
#1183 = LINE('',#1184,#1185);
#1184 = CARTESIAN_POINT('',(6.28318530718,-2.));
#1185 = VECTOR('',#1186,1.);
#1186 = DIRECTION('',(-0.,1.));
#1187 = ( GEOMETRIC_REPRESENTATION_CONTEXT(2) 
PARAMETRIC_REPRESENTATION_CONTEXT() REPRESENTATION_CONTEXT('2D SPACE',''
  ) );
#1188 = ORIENTED_EDGE('',*,*,#1189,.F.);
#1189 = EDGE_CURVE('',#1190,#1167,#1192,.T.);
#1190 = VERTEX_POINT('',#1191);
#1191 = CARTESIAN_POINT('',(52.080559254328,-5.5,24.57023892098));
#1192 = SURFACE_CURVE('',#1193,(#1198,#1205),.PCURVE_S1.);
#1193 = CIRCLE('',#1194,186.25);
#1194 = AXIS2_PLACEMENT_3D('',#1195,#1196,#1197);
#1195 = CARTESIAN_POINT('',(-2.556831758308E-15,-5.5,-154.25));
#1196 = DIRECTION('',(0.,-1.,0.));
#1197 = DIRECTION('',(0.289932885906,0.,0.957046979866));
#1198 = PCURVE('',#205,#1199);
#1199 = DEFINITIONAL_REPRESENTATION('',(#1200),#1204);
#1200 = LINE('',#1201,#1202);
#1201 = CARTESIAN_POINT('',(0.,5.5));
#1202 = VECTOR('',#1203,1.);
#1203 = DIRECTION('',(1.,0.));
#1204 = ( GEOMETRIC_REPRESENTATION_CONTEXT(2) 
PARAMETRIC_REPRESENTATION_CONTEXT() REPRESENTATION_CONTEXT('2D SPACE',''
  ) );
#1205 = PCURVE('',#1206,#1211);
#1206 = TOROIDAL_SURFACE('',#1207,187.75,1.5);
#1207 = AXIS2_PLACEMENT_3D('',#1208,#1209,#1210);
#1208 = CARTESIAN_POINT('',(-2.556831758308E-15,-5.5,-154.25));
#1209 = DIRECTION('',(-0.,-1.,0.));
#1210 = DIRECTION('',(0.289932885906,0.,0.957046979866));
#1211 = DEFINITIONAL_REPRESENTATION('',(#1212),#1216);
#1212 = LINE('',#1213,#1214);
#1213 = CARTESIAN_POINT('',(0.,3.14159265359));
#1214 = VECTOR('',#1215,1.);
#1215 = DIRECTION('',(1.,0.));
#1216 = ( GEOMETRIC_REPRESENTATION_CONTEXT(2) 
PARAMETRIC_REPRESENTATION_CONTEXT() REPRESENTATION_CONTEXT('2D SPACE',''
  ) );
#1217 = ORIENTED_EDGE('',*,*,#1218,.F.);
#1218 = EDGE_CURVE('',#1219,#1190,#1221,.T.);
#1219 = VERTEX_POINT('',#1220);
#1220 = CARTESIAN_POINT('',(52.080559254328,-2.889469877317,
    24.57023892098));
#1221 = SURFACE_CURVE('',#1222,(#1226,#1233),.PCURVE_S1.);
#1222 = LINE('',#1223,#1224);
#1223 = CARTESIAN_POINT('',(52.080559254328,-2.889469877317,
    24.57023892098));
#1224 = VECTOR('',#1225,1.);
#1225 = DIRECTION('',(-1.633099874051E-13,-1.,1.156779077453E-13));
#1226 = PCURVE('',#205,#1227);
#1227 = DEFINITIONAL_REPRESENTATION('',(#1228),#1232);
#1228 = LINE('',#1229,#1230);
#1229 = CARTESIAN_POINT('',(1.075095064519E-02,2.889469877317));
#1230 = VECTOR('',#1231,1.);
#1231 = DIRECTION('',(0.,1.));
#1232 = ( GEOMETRIC_REPRESENTATION_CONTEXT(2) 
PARAMETRIC_REPRESENTATION_CONTEXT() REPRESENTATION_CONTEXT('2D SPACE',''
  ) );
#1233 = PCURVE('',#1052,#1234);
#1234 = DEFINITIONAL_REPRESENTATION('',(#1235),#1239);
#1235 = LINE('',#1236,#1237);
#1236 = CARTESIAN_POINT('',(-4.736951571734E-15,4.110530122683));
#1237 = VECTOR('',#1238,1.);
#1238 = DIRECTION('',(-0.,-1.));
#1239 = ( GEOMETRIC_REPRESENTATION_CONTEXT(2) 
PARAMETRIC_REPRESENTATION_CONTEXT() REPRESENTATION_CONTEXT('2D SPACE',''
  ) );
#1240 = ORIENTED_EDGE('',*,*,#1241,.F.);
#1241 = EDGE_CURVE('',#1242,#1219,#1244,.T.);
#1242 = VERTEX_POINT('',#1243);
#1243 = CARTESIAN_POINT('',(51.570714214271,-3.5,24.717941082837));
#1244 = SURFACE_CURVE('',#1245,(#1251,#1260),.PCURVE_S1.);
#1245 = B_SPLINE_CURVE_WITH_KNOTS('',4,(#1246,#1247,#1248,#1249,#1250),
  .UNSPECIFIED.,.F.,.F.,(5,5),(0.,1.),.PIECEWISE_BEZIER_KNOTS.);
#1246 = CARTESIAN_POINT('',(51.570711861799,-3.5000024,24.717941760717)
  );
#1247 = CARTESIAN_POINT('',(51.712859666602,-3.354982827231,
    24.676980997514));
#1248 = CARTESIAN_POINT('',(51.845146611525,-3.204314215194,
    24.638698664969));
#1249 = CARTESIAN_POINT('',(51.96766751967,-3.048897534344,
    24.603118111343));
#1250 = CARTESIAN_POINT('',(52.080559254328,-2.889469877317,
    24.57023892098));
#1251 = PCURVE('',#205,#1252);
#1252 = DEFINITIONAL_REPRESENTATION('',(#1253),#1259);
#1253 = B_SPLINE_CURVE_WITH_KNOTS('',4,(#1254,#1255,#1256,#1257,#1258),
  .UNSPECIFIED.,.F.,.F.,(5,5),(0.,1.),.PIECEWISE_BEZIER_KNOTS.);
#1254 = CARTESIAN_POINT('',(1.360094444015E-02,3.5000024));
#1255 = CARTESIAN_POINT('',(1.280668037585E-02,3.354982827231));
#1256 = CARTESIAN_POINT('',(1.206727238693E-02,3.204314215194));
#1257 = CARTESIAN_POINT('',(1.13822647254E-02,3.048897534344));
#1258 = CARTESIAN_POINT('',(1.075095064519E-02,2.889469877317));
#1259 = ( GEOMETRIC_REPRESENTATION_CONTEXT(2) 
PARAMETRIC_REPRESENTATION_CONTEXT() REPRESENTATION_CONTEXT('2D SPACE',''
  ) );
#1260 = PCURVE('',#736,#1261);
#1261 = DEFINITIONAL_REPRESENTATION('',(#1262),#1268);
#1262 = B_SPLINE_CURVE_WITH_KNOTS('',4,(#1263,#1264,#1265,#1266,#1267),
  .UNSPECIFIED.,.F.,.F.,(5,5),(0.,1.),.PIECEWISE_BEZIER_KNOTS.);
#1263 = CARTESIAN_POINT('',(5.507787138434,22.717941760717));
#1264 = CARTESIAN_POINT('',(5.5484007691,22.676980997514));
#1265 = CARTESIAN_POINT('',(5.588440998189,22.638698664969));
#1266 = CARTESIAN_POINT('',(5.627969489423,22.603118111343));
#1267 = CARTESIAN_POINT('',(5.667039540141,22.57023892098));
#1268 = ( GEOMETRIC_REPRESENTATION_CONTEXT(2) 
PARAMETRIC_REPRESENTATION_CONTEXT() REPRESENTATION_CONTEXT('2D SPACE',''
  ) );
#1269 = ORIENTED_EDGE('',*,*,#1270,.F.);
#1270 = EDGE_CURVE('',#675,#1242,#1271,.T.);
#1271 = SURFACE_CURVE('',#1272,(#1347,#1425),.PCURVE_S1.);
#1272 = B_SPLINE_CURVE_WITH_KNOTS('',7,(#1273,#1274,#1275,#1276,#1277,
    #1278,#1279,#1280,#1281,#1282,#1283,#1284,#1285,#1286,#1287,#1288,
    #1289,#1290,#1291,#1292,#1293,#1294,#1295,#1296,#1297,#1298,#1299,
    #1300,#1301,#1302,#1303,#1304,#1305,#1306,#1307,#1308,#1309,#1310,
    #1311,#1312,#1313,#1314,#1315,#1316,#1317,#1318,#1319,#1320,#1321,
    #1322,#1323,#1324,#1325,#1326,#1327,#1328,#1329,#1330,#1331,#1332,
    #1333,#1334,#1335,#1336,#1337,#1338,#1339,#1340,#1341,#1342,#1343,
    #1344,#1345,#1346),.UNSPECIFIED.,.F.,.F.,(8,6,6,6,6,6,6,6,6,6,6,6,8)
  ,(0.,8.871265522428E-02,0.143377898707,0.21760949707,0.295827674254,
    0.390224718452,0.499476129599,0.578198777959,0.649865469796,
    0.703839070499,0.78204972738,0.853549822821,1.),.UNSPECIFIED.);
#1273 = CARTESIAN_POINT('',(52.080559254328,2.889469877317,
    24.57023892098));
#1274 = CARTESIAN_POINT('',(51.908838922463,3.131976295137,
    24.620251665471));
#1275 = CARTESIAN_POINT('',(51.717429021439,3.36663686194,
    24.675790210744));
#1276 = CARTESIAN_POINT('',(51.506107504845,3.591618661424,
    24.736833263604));
#1277 = CARTESIAN_POINT('',(51.274761649354,3.804931548552,
    24.803311707283));
#1278 = CARTESIAN_POINT('',(51.023426156844,4.004395161608,
    24.875097521886));
#1279 = CARTESIAN_POINT('',(50.752325993388,4.18760365328,24.95199474519
    ));
#1280 = CARTESIAN_POINT('',(50.282976581124,4.453121177789,
    25.084099727767));
#1281 = CARTESIAN_POINT('',(50.096694421933,4.547171660692,
    25.136306577682));
#1282 = CARTESIAN_POINT('',(49.903523983128,4.63322199024,
    25.190194400731));
#1283 = CARTESIAN_POINT('',(49.703989772804,4.710519575909,
    25.245584096155));
#1284 = CARTESIAN_POINT('',(49.498686661252,4.778379888961,
    25.30227985954));
#1285 = CARTESIAN_POINT('',(49.288272230616,4.836189515503,
    25.36007295711));
#1286 = CARTESIAN_POINT('',(48.78175786804,4.947530269656,
    25.498418732268));
#1287 = CARTESIAN_POINT('',(48.482024141745,4.992106473552,
    25.579692149712));
#1288 = CARTESIAN_POINT('',(48.177157784294,5.015563105245,
    25.661715988068));
#1289 = CARTESIAN_POINT('',(47.870259813094,5.017062450641,
    25.743618643608));
#1290 = CARTESIAN_POINT('',(47.564507930891,4.996503921483,
    25.824549885606));
#1291 = CARTESIAN_POINT('',(47.26302795294,4.954524427661,
    25.903715372677));
#1292 = CARTESIAN_POINT('',(46.658690873863,4.827142516736,
    26.061208023943));
#1293 = CARTESIAN_POINT('',(46.357471202966,4.73970656797,
    26.139042476473));
#1294 = CARTESIAN_POINT('',(46.067137029362,4.631737097162,
    26.21344493243));
#1295 = CARTESIAN_POINT('',(45.789502698102,4.505052544864,
    26.284035323309));
#1296 = CARTESIAN_POINT('',(45.526121910818,4.361729075,26.350515151386)
  );
#1297 = CARTESIAN_POINT('',(45.278247624521,4.204085803285,
    26.41266823084));
#1298 = CARTESIAN_POINT('',(44.76746133586,3.83021181366,26.539988049673
    ));
#1299 = CARTESIAN_POINT('',(44.511352877352,3.608102142002,
    26.603291240523));
#1300 = CARTESIAN_POINT('',(44.278447296572,3.371318845806,
    26.660436889329));
#1301 = CARTESIAN_POINT('',(44.068531420032,3.12242939953,
    26.711618033833));
#1302 = CARTESIAN_POINT('',(43.881258384632,2.863657298824,
    26.757037401042));
#1303 = CARTESIAN_POINT('',(43.716205297884,2.596944946753,
    26.796893404013));
#1304 = CARTESIAN_POINT('',(43.40710527462,2.008132438807,26.87127097912
    ));
#1305 = CARTESIAN_POINT('',(43.270295671506,1.683626954051,
    26.904003534349));
#1306 = CARTESIAN_POINT('',(43.161720734925,1.352779587989,
    26.929872930811));
#1307 = CARTESIAN_POINT('',(43.080746152528,1.01746498848,
    26.949113382009));
#1308 = CARTESIAN_POINT('',(43.026918578484,0.679276883942,
    26.961885774615));
#1309 = CARTESIAN_POINT('',(43.,0.339653362543,26.968273085249));
#1310 = CARTESIAN_POINT('',(43.,-0.244742030727,26.968273085249));
#1311 = CARTESIAN_POINT('',(43.013976391102,-0.489477469405,
    26.964956764592));
#1312 = CARTESIAN_POINT('',(43.041927655834,-0.733673513222,
    26.958324336019));
#1313 = CARTESIAN_POINT('',(43.083916265025,-0.976790979547,
    26.948353985906));
#1314 = CARTESIAN_POINT('',(43.140064176046,-1.218260744559,
    26.935002423714));
#1315 = CARTESIAN_POINT('',(43.210548331053,-1.457460181885,
    26.918205431444));
#1316 = CARTESIAN_POINT('',(43.373021093713,-1.908745641024,
    26.879373317151));
#1317 = CARTESIAN_POINT('',(43.462521549462,-2.121355459879,
    26.85794127626));
#1318 = CARTESIAN_POINT('',(43.56426699345,-2.330976593995,
    26.833518848532));
#1319 = CARTESIAN_POINT('',(43.678454847667,-2.537005223142,
    26.806030007944));
#1320 = CARTESIAN_POINT('',(43.805300085428,-2.738758825405,
    26.775387989272));
#1321 = CARTESIAN_POINT('',(43.945024831679,-2.935458831931,
    26.741497133012));
#1322 = CARTESIAN_POINT('',(44.21294208128,-3.269874224291,
    26.676206741486));
#1323 = CARTESIAN_POINT('',(44.335484494891,-3.410187041267,
    26.646253147033));
#1324 = CARTESIAN_POINT('',(44.46552972092,-3.546712729047,
    26.614359553459));
#1325 = CARTESIAN_POINT('',(44.603110848861,-3.678981593652,
    26.580494385308));
#1326 = CARTESIAN_POINT('',(44.748239284194,-3.806493013522,
    26.544629121697));
#1327 = CARTESIAN_POINT('',(44.900904491662,-3.928715202341,
    26.506738532845));
#1328 = CARTESIAN_POINT('',(45.293167611225,-4.213711040871,
    26.408929157813));
#1329 = CARTESIAN_POINT('',(45.541644602993,-4.370502832829,
    26.346602945458));
#1330 = CARTESIAN_POINT('',(45.805573485074,-4.512907753804,
    26.279960167264));
#1331 = CARTESIAN_POINT('',(46.08368058497,-4.63860722101,
    26.209222488657));
#1332 = CARTESIAN_POINT('',(46.374391010865,-4.745531749182,
    26.134694359896));
#1333 = CARTESIAN_POINT('',(46.675869876027,-4.831876036931,
    26.056762023202));
#1334 = CARTESIAN_POINT('',(47.269642210111,-4.954840375976,
    25.901961710009));
#1335 = CARTESIAN_POINT('',(47.559800878712,-4.994945524411,
    25.825759505062));
#1336 = CARTESIAN_POINT('',(47.853906394726,-5.015221399896,
    25.747924998198));
#1337 = CARTESIAN_POINT('',(48.149168969566,-5.015095456165,
    25.669167192017));
#1338 = CARTESIAN_POINT('',(48.442752052211,-4.994630609545,
    25.590243502782));
#1339 = CARTESIAN_POINT('',(48.731878992633,-4.954525350033,
    25.511931303184));
#1340 = CARTESIAN_POINT('',(49.591661139577,-4.776473027024,
    25.277402492809));
#1341 = CARTESIAN_POINT('',(50.132743096906,-4.58147930122,
    25.127479438051));
#1342 = CARTESIAN_POINT('',(50.628697270209,-4.323309185018,
    24.988060891634));
#1343 = CARTESIAN_POINT('',(51.073862541893,-4.01364731379,
    24.861373590156));
#1344 = CARTESIAN_POINT('',(51.464786116878,-3.663966081224,
    24.749023193192));
#1345 = CARTESIAN_POINT('',(51.800082018431,-3.285564672958,
    24.651926605729));
#1346 = CARTESIAN_POINT('',(52.080559254328,-2.889469877317,
    24.57023892098));
#1347 = PCURVE('',#205,#1348);
#1348 = DEFINITIONAL_REPRESENTATION('',(#1349),#1424);
#1349 = B_SPLINE_CURVE_WITH_KNOTS('',7,(#1350,#1351,#1352,#1353,#1354,
    #1355,#1356,#1357,#1358,#1359,#1360,#1361,#1362,#1363,#1364,#1365,
    #1366,#1367,#1368,#1369,#1370,#1371,#1372,#1373,#1374,#1375,#1376,
    #1377,#1378,#1379,#1380,#1381,#1382,#1383,#1384,#1385,#1386,#1387,
    #1388,#1389,#1390,#1391,#1392,#1393,#1394,#1395,#1396,#1397,#1398,
    #1399,#1400,#1401,#1402,#1403,#1404,#1405,#1406,#1407,#1408,#1409,
    #1410,#1411,#1412,#1413,#1414,#1415,#1416,#1417,#1418,#1419,#1420,
    #1421,#1422,#1423),.UNSPECIFIED.,.F.,.F.,(8,6,6,6,6,6,6,6,6,6,6,6,8)
  ,(0.,8.871265522428E-02,0.143377898707,0.21760949707,0.295827674254,
    0.390224718452,0.499476129599,0.578198777959,0.649865469796,
    0.703839070499,0.78204972738,0.853549822821,1.),.UNSPECIFIED.);
#1350 = CARTESIAN_POINT('',(1.075095064519E-02,-2.889469877317));
#1351 = CARTESIAN_POINT('',(1.171124648699E-02,-3.131976295137));
#1352 = CARTESIAN_POINT('',(1.278133716991E-02,-3.36663686194));
#1353 = CARTESIAN_POINT('',(1.396233683216E-02,-3.591618661424));
#1354 = CARTESIAN_POINT('',(1.525472567097E-02,-3.804931548552));
#1355 = CARTESIAN_POINT('',(1.66581379679E-02,-4.004395161608));
#1356 = CARTESIAN_POINT('',(1.817112872284E-02,-4.18760365328));
#1357 = CARTESIAN_POINT('',(2.078904282909E-02,-4.453121177789));
#1358 = CARTESIAN_POINT('',(2.182775118948E-02,-4.547171660692));
#1359 = CARTESIAN_POINT('',(2.290450719028E-02,-4.63322199024));
#1360 = CARTESIAN_POINT('',(2.401634174031E-02,-4.710519575909));
#1361 = CARTESIAN_POINT('',(2.515989836537E-02,-4.778379888961));
#1362 = CARTESIAN_POINT('',(2.633147812868E-02,-4.836189515503));
#1363 = CARTESIAN_POINT('',(2.915063491172E-02,-4.947530269656));
#1364 = CARTESIAN_POINT('',(3.08180524389E-02,-4.992106473552));
#1365 = CARTESIAN_POINT('',(3.251312246854E-02,-5.015563105246));
#1366 = CARTESIAN_POINT('',(3.421855941763E-02,-5.017062450641));
#1367 = CARTESIAN_POINT('',(3.591671052295E-02,-4.996503921483));
#1368 = CARTESIAN_POINT('',(3.759026866867E-02,-4.954524427661));
#1369 = CARTESIAN_POINT('',(4.094340482542E-02,-4.827142516736));
#1370 = CARTESIAN_POINT('',(4.261380821304E-02,-4.73970656797));
#1371 = CARTESIAN_POINT('',(4.422301659067E-02,-4.631737097162));
#1372 = CARTESIAN_POINT('',(4.576109448554E-02,-4.505052544864));
#1373 = CARTESIAN_POINT('',(4.721956827338E-02,-4.361729075));
#1374 = CARTESIAN_POINT('',(4.859163562491E-02,-4.204085803285));
#1375 = CARTESIAN_POINT('',(5.14180259919E-02,-3.83021181366));
#1376 = CARTESIAN_POINT('',(5.2834484531E-02,-3.608102142002));
#1377 = CARTESIAN_POINT('',(5.412207246631E-02,-3.371318845806));
#1378 = CARTESIAN_POINT('',(5.528215251249E-02,-3.12242939953));
#1379 = CARTESIAN_POINT('',(5.6316793931E-02,-2.863657298824));
#1380 = CARTESIAN_POINT('',(5.722845540078E-02,-2.596944946753));
#1381 = CARTESIAN_POINT('',(5.89354229588E-02,-2.008132438807));
#1382 = CARTESIAN_POINT('',(5.969070205389E-02,-1.683626954051));
#1383 = CARTESIAN_POINT('',(6.02899729784E-02,-1.352779587989));
#1384 = CARTESIAN_POINT('',(6.07368404557E-02,-1.01746498848));
#1385 = CARTESIAN_POINT('',(6.103387219311E-02,-0.679276883942));
#1386 = CARTESIAN_POINT('',(6.118241448312E-02,-0.339653362543));
#1387 = CARTESIAN_POINT('',(6.118241448312E-02,0.244742030727));
#1388 = CARTESIAN_POINT('',(6.110528991553E-02,0.489477469405));
#1389 = CARTESIAN_POINT('',(6.095104893839E-02,0.733673513222));
#1390 = CARTESIAN_POINT('',(6.071933819854E-02,0.976790979547));
#1391 = CARTESIAN_POINT('',(6.040946692206E-02,1.218260744559));
#1392 = CARTESIAN_POINT('',(6.002043100491E-02,1.457460181885));
#1393 = CARTESIAN_POINT('',(5.912352421205E-02,1.908745641024));
#1394 = CARTESIAN_POINT('',(5.862939928825E-02,2.121355459879));
#1395 = CARTESIAN_POINT('',(5.806759800459E-02,2.330976593995));
#1396 = CARTESIAN_POINT('',(5.743699425726E-02,2.537005223142));
#1397 = CARTESIAN_POINT('',(5.673635652507E-02,2.738758825405));
#1398 = CARTESIAN_POINT('',(5.596440422843E-02,2.935458831931));
#1399 = CARTESIAN_POINT('',(5.448382423323E-02,3.269874224291));
#1400 = CARTESIAN_POINT('',(5.380650814385E-02,3.410187041267));
#1401 = CARTESIAN_POINT('',(5.308758729012E-02,3.546712729047));
#1402 = CARTESIAN_POINT('',(5.232684826046E-02,3.678981593652));
#1403 = CARTESIAN_POINT('',(5.152419430445E-02,3.806493013522));
#1404 = CARTESIAN_POINT('',(5.067964687541E-02,3.928715202341));
#1405 = CARTESIAN_POINT('',(4.850905112796E-02,4.213711040871));
#1406 = CARTESIAN_POINT('',(4.713361886339E-02,4.370502832829));
#1407 = CARTESIAN_POINT('',(4.567207767428E-02,4.512907753804));
#1408 = CARTESIAN_POINT('',(4.413134484813E-02,4.63860722101));
#1409 = CARTESIAN_POINT('',(4.252001206521E-02,4.745531749182));
#1410 = CARTESIAN_POINT('',(4.084812979886E-02,4.831876036931));
#1411 = CARTESIAN_POINT('',(3.755352919635E-02,4.954840375976));
#1412 = CARTESIAN_POINT('',(3.594280399886E-02,4.994945524411));
#1413 = CARTESIAN_POINT('',(3.430935583122E-02,5.015221399896));
#1414 = CARTESIAN_POINT('',(3.266863142581E-02,5.015095456165));
#1415 = CARTESIAN_POINT('',(3.103638631962E-02,4.994630609545));
#1416 = CARTESIAN_POINT('',(2.942809374377E-02,4.954525350033));
#1417 = CARTESIAN_POINT('',(2.464315241414E-02,4.776473027024));
#1418 = CARTESIAN_POINT('',(2.162858186215E-02,4.58147930122));
#1419 = CARTESIAN_POINT('',(1.886255559402E-02,4.323309185018));
#1420 = CARTESIAN_POINT('',(1.637752011843E-02,4.013647313789));
#1421 = CARTESIAN_POINT('',(1.419364630102E-02,3.663966081225));
#1422 = CARTESIAN_POINT('',(1.231943773362E-02,3.285564672958));
#1423 = CARTESIAN_POINT('',(1.075095064519E-02,2.889469877317));
#1424 = ( GEOMETRIC_REPRESENTATION_CONTEXT(2) 
PARAMETRIC_REPRESENTATION_CONTEXT() REPRESENTATION_CONTEXT('2D SPACE',''
  ) );
#1425 = PCURVE('',#736,#1426);
#1426 = DEFINITIONAL_REPRESENTATION('',(#1427),#1502);
#1427 = B_SPLINE_CURVE_WITH_KNOTS('',7,(#1428,#1429,#1430,#1431,#1432,
    #1433,#1434,#1435,#1436,#1437,#1438,#1439,#1440,#1441,#1442,#1443,
    #1444,#1445,#1446,#1447,#1448,#1449,#1450,#1451,#1452,#1453,#1454,
    #1455,#1456,#1457,#1458,#1459,#1460,#1461,#1462,#1463,#1464,#1465,
    #1466,#1467,#1468,#1469,#1470,#1471,#1472,#1473,#1474,#1475,#1476,
    #1477,#1478,#1479,#1480,#1481,#1482,#1483,#1484,#1485,#1486,#1487,
    #1488,#1489,#1490,#1491,#1492,#1493,#1494,#1495,#1496,#1497,#1498,
    #1499,#1500,#1501),.UNSPECIFIED.,.F.,.F.,(8,6,6,6,6,6,6,6,6,6,6,6,8)
  ,(0.,8.871265522428E-02,0.143377898707,0.21760949707,0.295827674254,
    0.390224718452,0.499476129599,0.578198777959,0.649865469796,
    0.703839070499,0.78204972738,0.853549822821,1.),.UNSPECIFIED.);
#1428 = CARTESIAN_POINT('',(0.616145767038,22.57023892098));
#1429 = CARTESIAN_POINT('',(0.675575468387,22.620251665471));
#1430 = CARTESIAN_POINT('',(0.736000304155,22.675790210744));
#1431 = CARTESIAN_POINT('',(0.797489309337,22.736833263604));
#1432 = CARTESIAN_POINT('',(0.86012577767,22.803311707283));
#1433 = CARTESIAN_POINT('',(0.924004849609,22.875097521886));
#1434 = CARTESIAN_POINT('',(0.989238616155,22.95199474519));
#1435 = CARTESIAN_POINT('',(1.09708822007,23.084099727767));
#1436 = CARTESIAN_POINT('',(1.138777171669,23.136306577682));
#1437 = CARTESIAN_POINT('',(1.18099098454,23.190194400731));
#1438 = CARTESIAN_POINT('',(1.223691866734,23.245584096155));
#1439 = CARTESIAN_POINT('',(1.266847832589,23.30227985954));
#1440 = CARTESIAN_POINT('',(1.310431692157,23.36007295711));
#1441 = CARTESIAN_POINT('',(1.414153158215,23.498418732268));
#1442 = CARTESIAN_POINT('',(1.474616064179,23.579692149712));
#1443 = CARTESIAN_POINT('',(1.535522926421,23.661715988068));
#1444 = CARTESIAN_POINT('',(1.596618162893,23.743618643608));
#1445 = CARTESIAN_POINT('',(1.657657295108,23.824549885606));
#1446 = CARTESIAN_POINT('',(1.718388526959,23.903715372677));
#1447 = CARTESIAN_POINT('',(1.841911716099,24.061208023943));
#1448 = CARTESIAN_POINT('',(1.904467290406,24.139042476473));
#1449 = CARTESIAN_POINT('',(1.966154776051,24.21344493243));
#1450 = CARTESIAN_POINT('',(2.026912322099,24.284035323309));
#1451 = CARTESIAN_POINT('',(2.08665779726,24.350515151386));
#1452 = CARTESIAN_POINT('',(2.145283364743,24.41266823084));
#1453 = CARTESIAN_POINT('',(2.271882636905,24.539988049673));
#1454 = CARTESIAN_POINT('',(2.339452681328,24.603291240523));
#1455 = CARTESIAN_POINT('',(2.405553087538,24.660436889329));
#1456 = CARTESIAN_POINT('',(2.470341087864,24.711618033833));
#1457 = CARTESIAN_POINT('',(2.533956629904,24.757037401042));
#1458 = CARTESIAN_POINT('',(2.596530328827,24.796893404013));
#1459 = CARTESIAN_POINT('',(2.729533034649,24.87127097912));
#1460 = CARTESIAN_POINT('',(2.799715396926,24.904003534349));
#1461 = CARTESIAN_POINT('',(2.868988900211,24.929872930811));
#1462 = CARTESIAN_POINT('',(2.937587930245,24.949113382009));
#1463 = CARTESIAN_POINT('',(3.005737159522,24.961885774615));
#1464 = CARTESIAN_POINT('',(3.073661981081,24.968273085249));
#1465 = CARTESIAN_POINT('',(3.190541059735,24.968273085249));
#1466 = CARTESIAN_POINT('',(3.239488108341,24.964956764592));
#1467 = CARTESIAN_POINT('',(3.28851892562,24.958324336019));
#1468 = CARTESIAN_POINT('',(3.33771708294,24.948353985906));
#1469 = CARTESIAN_POINT('',(3.387166494884,24.935002423714));
#1470 = CARTESIAN_POINT('',(3.436953317324,24.918205431444));
#1471 = CARTESIAN_POINT('',(3.532881616431,24.879373317151));
#1472 = CARTESIAN_POINT('',(3.578953057641,24.85794127626));
#1473 = CARTESIAN_POINT('',(3.625447959616,24.833518848532));
#1474 = CARTESIAN_POINT('',(3.672432713879,24.806030007944));
#1475 = CARTESIAN_POINT('',(3.719976029793,24.775387989272));
#1476 = CARTESIAN_POINT('',(3.768150651374,24.741497133012));
#1477 = CARTESIAN_POINT('',(3.853850898114,24.676206741486));
#1478 = CARTESIAN_POINT('',(3.891075486891,24.646253147033));
#1479 = CARTESIAN_POINT('',(3.92872877632,24.614359553459));
#1480 = CARTESIAN_POINT('',(3.966831102438,24.580494385308));
#1481 = CARTESIAN_POINT('',(4.005404572206,24.544629121697));
#1482 = CARTESIAN_POINT('',(4.044474434258,24.506738532845));
#1483 = CARTESIAN_POINT('',(4.141447210427,24.408929157813));
#1484 = CARTESIAN_POINT('',(4.200083411414,24.346602945458));
#1485 = CARTESIAN_POINT('',(4.259837590588,24.279960167264));
#1486 = CARTESIAN_POINT('',(4.320599653348,24.209222488657));
#1487 = CARTESIAN_POINT('',(4.382285289159,24.134694359896));
#1488 = CARTESIAN_POINT('',(4.444830388182,24.056762023202));
#1489 = CARTESIAN_POINT('',(4.5661045921,23.901961710009));
#1490 = CARTESIAN_POINT('',(4.624557134655,23.825759505062));
#1491 = CARTESIAN_POINT('',(4.683295851749,23.747924998198));
#1492 = CARTESIAN_POINT('',(4.742094593689,23.669167192017));
#1493 = CARTESIAN_POINT('',(4.800733574201,23.590243502782));
#1494 = CARTESIAN_POINT('',(4.858984064606,23.511931303184));
#1495 = CARTESIAN_POINT('',(5.0345890725,23.277402492809));
#1496 = CARTESIAN_POINT('',(5.14846563433,23.127479438051));
#1497 = CARTESIAN_POINT('',(5.258748728902,22.988060891634));
#1498 = CARTESIAN_POINT('',(5.365701277354,22.861373590156));
#1499 = CARTESIAN_POINT('',(5.469454294667,22.749023193192));
#1500 = CARTESIAN_POINT('',(5.569970787808,22.651926605729));
#1501 = CARTESIAN_POINT('',(5.667039540141,22.57023892098));
#1502 = ( GEOMETRIC_REPRESENTATION_CONTEXT(2) 
PARAMETRIC_REPRESENTATION_CONTEXT() REPRESENTATION_CONTEXT('2D SPACE',''
  ) );
#1503 = ADVANCED_FACE('',(#1504),#445,.T.);
#1504 = FACE_BOUND('',#1505,.T.);
#1505 = EDGE_LOOP('',(#1506,#1507,#1508,#1509,#1538,#1566,#1593,#1594));
#1506 = ORIENTED_EDGE('',*,*,#383,.T.);
#1507 = ORIENTED_EDGE('',*,*,#1143,.T.);
#1508 = ORIENTED_EDGE('',*,*,#1166,.T.);
#1509 = ORIENTED_EDGE('',*,*,#1510,.T.);
#1510 = EDGE_CURVE('',#1167,#1511,#1513,.T.);
#1511 = VERTEX_POINT('',#1512);
#1512 = CARTESIAN_POINT('',(-54.,-5.5,26.010401919002));
#1513 = SURFACE_CURVE('',#1514,(#1519,#1526),.PCURVE_S1.);
#1514 = CIRCLE('',#1515,1.5);
#1515 = AXIS2_PLACEMENT_3D('',#1516,#1517,#1518);
#1516 = CARTESIAN_POINT('',(-52.5,-5.5,26.010401919002));
#1517 = DIRECTION('',(0.,1.,0.));
#1518 = DIRECTION('',(0.279627163782,-0.,-0.960108665348));
#1519 = PCURVE('',#445,#1520);
#1520 = DEFINITIONAL_REPRESENTATION('',(#1521),#1525);
#1521 = LINE('',#1522,#1523);
#1522 = CARTESIAN_POINT('',(6.28318530718,10.5));
#1523 = VECTOR('',#1524,1.);
#1524 = DIRECTION('',(-1.,0.));
#1525 = ( GEOMETRIC_REPRESENTATION_CONTEXT(2) 
PARAMETRIC_REPRESENTATION_CONTEXT() REPRESENTATION_CONTEXT('2D SPACE',''
  ) );
#1526 = PCURVE('',#1527,#1532);
#1527 = SPHERICAL_SURFACE('',#1528,1.5);
#1528 = AXIS2_PLACEMENT_3D('',#1529,#1530,#1531);
#1529 = CARTESIAN_POINT('',(-52.5,-5.5,26.010401919002));
#1530 = DIRECTION('',(0.,1.,-0.));
#1531 = DIRECTION('',(0.279627163782,-0.,-0.960108665348));
#1532 = DEFINITIONAL_REPRESENTATION('',(#1533),#1537);
#1533 = LINE('',#1534,#1535);
#1534 = CARTESIAN_POINT('',(0.,0.));
#1535 = VECTOR('',#1536,1.);
#1536 = DIRECTION('',(1.,0.));
#1537 = ( GEOMETRIC_REPRESENTATION_CONTEXT(2) 
PARAMETRIC_REPRESENTATION_CONTEXT() REPRESENTATION_CONTEXT('2D SPACE',''
  ) );
#1538 = ORIENTED_EDGE('',*,*,#1539,.T.);
#1539 = EDGE_CURVE('',#1511,#1540,#1542,.T.);
#1540 = VERTEX_POINT('',#1541);
#1541 = CARTESIAN_POINT('',(-54.,5.5,26.010401919002));
#1542 = SURFACE_CURVE('',#1543,(#1547,#1554),.PCURVE_S1.);
#1543 = LINE('',#1544,#1545);
#1544 = CARTESIAN_POINT('',(-54.,-5.5,26.010401919002));
#1545 = VECTOR('',#1546,1.);
#1546 = DIRECTION('',(0.,1.,0.));
#1547 = PCURVE('',#445,#1548);
#1548 = DEFINITIONAL_REPRESENTATION('',(#1549),#1553);
#1549 = LINE('',#1550,#1551);
#1550 = CARTESIAN_POINT('',(4.428983220253,10.5));
#1551 = VECTOR('',#1552,1.);
#1552 = DIRECTION('',(0.,-1.));
#1553 = ( GEOMETRIC_REPRESENTATION_CONTEXT(2) 
PARAMETRIC_REPRESENTATION_CONTEXT() REPRESENTATION_CONTEXT('2D SPACE',''
  ) );
#1554 = PCURVE('',#1555,#1560);
#1555 = PLANE('',#1556);
#1556 = AXIS2_PLACEMENT_3D('',#1557,#1558,#1559);
#1557 = CARTESIAN_POINT('',(-54.,0.,24.));
#1558 = DIRECTION('',(1.,-0.,0.));
#1559 = DIRECTION('',(0.,0.,1.));
#1560 = DEFINITIONAL_REPRESENTATION('',(#1561),#1565);
#1561 = LINE('',#1562,#1563);
#1562 = CARTESIAN_POINT('',(2.010401919002,5.5));
#1563 = VECTOR('',#1564,1.);
#1564 = DIRECTION('',(0.,-1.));
#1565 = ( GEOMETRIC_REPRESENTATION_CONTEXT(2) 
PARAMETRIC_REPRESENTATION_CONTEXT() REPRESENTATION_CONTEXT('2D SPACE',''
  ) );
#1566 = ORIENTED_EDGE('',*,*,#1567,.T.);
#1567 = EDGE_CURVE('',#1540,#1065,#1568,.T.);
#1568 = SURFACE_CURVE('',#1569,(#1574,#1581),.PCURVE_S1.);
#1569 = CIRCLE('',#1570,1.5);
#1570 = AXIS2_PLACEMENT_3D('',#1571,#1572,#1573);
#1571 = CARTESIAN_POINT('',(-52.5,5.5,26.010401919002));
#1572 = DIRECTION('',(-0.,-1.,0.));
#1573 = DIRECTION('',(-1.,0.,0.));
#1574 = PCURVE('',#445,#1575);
#1575 = DEFINITIONAL_REPRESENTATION('',(#1576),#1580);
#1576 = LINE('',#1577,#1578);
#1577 = CARTESIAN_POINT('',(4.428983220253,-0.5));
#1578 = VECTOR('',#1579,1.);
#1579 = DIRECTION('',(1.,-0.));
#1580 = ( GEOMETRIC_REPRESENTATION_CONTEXT(2) 
PARAMETRIC_REPRESENTATION_CONTEXT() REPRESENTATION_CONTEXT('2D SPACE',''
  ) );
#1581 = PCURVE('',#1582,#1587);
#1582 = SPHERICAL_SURFACE('',#1583,1.5);
#1583 = AXIS2_PLACEMENT_3D('',#1584,#1585,#1586);
#1584 = CARTESIAN_POINT('',(-52.5,5.5,26.010401919002));
#1585 = DIRECTION('',(-0.,-1.,0.));
#1586 = DIRECTION('',(-1.,0.,0.));
#1587 = DEFINITIONAL_REPRESENTATION('',(#1588),#1592);
#1588 = LINE('',#1589,#1590);
#1589 = CARTESIAN_POINT('',(0.,0.));
#1590 = VECTOR('',#1591,1.);
#1591 = DIRECTION('',(1.,0.));
#1592 = ( GEOMETRIC_REPRESENTATION_CONTEXT(2) 
PARAMETRIC_REPRESENTATION_CONTEXT() REPRESENTATION_CONTEXT('2D SPACE',''
  ) );
#1593 = ORIENTED_EDGE('',*,*,#1093,.T.);
#1594 = ORIENTED_EDGE('',*,*,#1116,.T.);
#1595 = ADVANCED_FACE('',(#1596),#736,.T.);
#1596 = FACE_BOUND('',#1597,.T.);
#1597 = EDGE_LOOP('',(#1598,#1623,#1693,#1694,#1695,#1696,#1697,#1698,
    #1770,#1771));
#1598 = ORIENTED_EDGE('',*,*,#1599,.T.);
#1599 = EDGE_CURVE('',#1600,#1602,#1604,.T.);
#1600 = VERTEX_POINT('',#1601);
#1601 = CARTESIAN_POINT('',(53.,-1.224646799147E-15,2.));
#1602 = VERTEX_POINT('',#1603);
#1603 = CARTESIAN_POINT('',(53.,-1.224646799147E-15,24.596188356628));
#1604 = SEAM_CURVE('',#1605,(#1609,#1616),.PCURVE_S1.);
#1605 = LINE('',#1606,#1607);
#1606 = CARTESIAN_POINT('',(53.,-1.224646799147E-15,2.));
#1607 = VECTOR('',#1608,1.);
#1608 = DIRECTION('',(0.,0.,1.));
#1609 = PCURVE('',#736,#1610);
#1610 = DEFINITIONAL_REPRESENTATION('',(#1611),#1615);
#1611 = LINE('',#1612,#1613);
#1612 = CARTESIAN_POINT('',(6.28318530718,-0.));
#1613 = VECTOR('',#1614,1.);
#1614 = DIRECTION('',(0.,1.));
#1615 = ( GEOMETRIC_REPRESENTATION_CONTEXT(2) 
PARAMETRIC_REPRESENTATION_CONTEXT() REPRESENTATION_CONTEXT('2D SPACE',''
  ) );
#1616 = PCURVE('',#736,#1617);
#1617 = DEFINITIONAL_REPRESENTATION('',(#1618),#1622);
#1618 = LINE('',#1619,#1620);
#1619 = CARTESIAN_POINT('',(0.,-0.));
#1620 = VECTOR('',#1621,1.);
#1621 = DIRECTION('',(0.,1.));
#1622 = ( GEOMETRIC_REPRESENTATION_CONTEXT(2) 
PARAMETRIC_REPRESENTATION_CONTEXT() REPRESENTATION_CONTEXT('2D SPACE',''
  ) );
#1623 = ORIENTED_EDGE('',*,*,#1624,.F.);
#1624 = EDGE_CURVE('',#1219,#1602,#1625,.T.);
#1625 = SURFACE_CURVE('',#1626,(#1641,#1659),.PCURVE_S1.);
#1626 = B_SPLINE_CURVE_WITH_KNOTS('',7,(#1627,#1628,#1629,#1630,#1631,
    #1632,#1633,#1634,#1635,#1636,#1637,#1638,#1639,#1640),
  .UNSPECIFIED.,.F.,.F.,(8,6,8),(0.,0.596419896364,1.),.UNSPECIFIED.);
#1627 = CARTESIAN_POINT('',(52.080559254328,-2.889469877317,
    24.57023892098));
#1628 = CARTESIAN_POINT('',(52.23477542728,-2.671683134963,
    24.525324181005));
#1629 = CARTESIAN_POINT('',(52.376534536781,-2.442733966006,
    24.50493632346));
#1630 = CARTESIAN_POINT('',(52.502951559338,-2.205962041614,
    24.50111330029));
#1631 = CARTESIAN_POINT('',(52.613455036522,-1.963639975622,
    24.508034783854));
#1632 = CARTESIAN_POINT('',(52.708032133416,-1.717192995116,
    24.521111936399));
#1633 = CARTESIAN_POINT('',(52.786868529964,-1.467496534288,
    24.536653996477));
#1634 = CARTESIAN_POINT('',(52.892861098009,-1.044456338787,
    24.562094147826));
#1635 = CARTESIAN_POINT('',(52.928563273825,-0.872218797435,
    24.57221106913));
#1636 = CARTESIAN_POINT('',(52.957128085119,-0.698884232815,
    24.581287864894));
#1637 = CARTESIAN_POINT('',(52.978551173386,-0.52477027581,
    24.588604644188));
#1638 = CARTESIAN_POINT('',(52.992842560001,-0.350123729116,
    24.593657992425));
#1639 = CARTESIAN_POINT('',(53.,-0.175142783891,24.596188356629));
#1640 = CARTESIAN_POINT('',(53.,-8.881784197001E-16,24.596188356629));
#1641 = PCURVE('',#736,#1642);
#1642 = DEFINITIONAL_REPRESENTATION('',(#1643),#1658);
#1643 = B_SPLINE_CURVE_WITH_KNOTS('',7,(#1644,#1645,#1646,#1647,#1648,
    #1649,#1650,#1651,#1652,#1653,#1654,#1655,#1656,#1657),
  .UNSPECIFIED.,.F.,.F.,(8,6,8),(0.,0.596419896364,1.),.UNSPECIFIED.);
#1644 = CARTESIAN_POINT('',(5.667039540141,22.57023892098));
#1645 = CARTESIAN_POINT('',(5.720411327874,22.525324181005));
#1646 = CARTESIAN_POINT('',(5.774165224043,22.50493632346));
#1647 = CARTESIAN_POINT('',(5.827671571437,22.50111330029));
#1648 = CARTESIAN_POINT('',(5.880755508035,22.508034783854));
#1649 = CARTESIAN_POINT('',(5.933393616953,22.521111936399));
#1650 = CARTESIAN_POINT('',(5.985667715901,22.536653996477));
#1651 = CARTESIAN_POINT('',(6.072890976902,22.562094147826));
#1652 = CARTESIAN_POINT('',(6.108041022695,22.57221106913));
#1653 = CARTESIAN_POINT('',(6.143128271064,22.581287864894));
#1654 = CARTESIAN_POINT('',(6.178161016786,22.588604644188));
#1655 = CARTESIAN_POINT('',(6.213160575638,22.593657992425));
#1656 = CARTESIAN_POINT('',(6.248156750401,22.596188356629));
#1657 = CARTESIAN_POINT('',(6.28318530718,22.596188356629));
#1658 = ( GEOMETRIC_REPRESENTATION_CONTEXT(2) 
PARAMETRIC_REPRESENTATION_CONTEXT() REPRESENTATION_CONTEXT('2D SPACE',''
  ) );
#1659 = PCURVE('',#1052,#1660);
#1660 = DEFINITIONAL_REPRESENTATION('',(#1661),#1692);
#1661 = B_SPLINE_CURVE_WITH_KNOTS('',8,(#1662,#1663,#1664,#1665,#1666,
    #1667,#1668,#1669,#1670,#1671,#1672,#1673,#1674,#1675,#1676,#1677,
    #1678,#1679,#1680,#1681,#1682,#1683,#1684,#1685,#1686,#1687,#1688,
    #1689,#1690,#1691),.UNSPECIFIED.,.F.,.F.,(9,7,7,7,9),(0.,0.5,0.5625,
    0.6171875,1.),.UNSPECIFIED.);
#1662 = CARTESIAN_POINT('',(-3.410605131648E-13,4.110530122683));
#1663 = CARTESIAN_POINT('',(-7.854964152447E-02,4.270286194472));
#1664 = CARTESIAN_POINT('',(-0.150486670807,4.435926035649));
#1665 = CARTESIAN_POINT('',(-0.216414115113,4.606219838062));
#1666 = CARTESIAN_POINT('',(-0.276688980294,4.780201323078));
#1667 = CARTESIAN_POINT('',(-0.331539416974,4.957133630748));
#1668 = CARTESIAN_POINT('',(-0.381092428849,5.136468446332));
#1669 = CARTESIAN_POINT('',(-0.425376207671,5.317800721742));
#1670 = CARTESIAN_POINT('',(-0.469234300962,5.523698927892));
#1671 = CARTESIAN_POINT('',(-0.474024624481,5.546602886859));
#1672 = CARTESIAN_POINT('',(-0.478732089264,5.569532622601));
#1673 = CARTESIAN_POINT('',(-0.483356618678,5.59248755482));
#1674 = CARTESIAN_POINT('',(-0.487898121034,5.615467125194));
#1675 = CARTESIAN_POINT('',(-0.492356490378,5.638470795923));
#1676 = CARTESIAN_POINT('',(-0.496731607293,5.661498048273));
#1677 = CARTESIAN_POINT('',(-0.504778605541,5.704717422369));
#1678 = CARTESIAN_POINT('',(-0.508470142845,5.724904809498));
#1679 = CARTESIAN_POINT('',(-0.512096883755,5.745104385119));
#1680 = CARTESIAN_POINT('',(-0.515662457405,5.765337844845));
#1681 = CARTESIAN_POINT('',(-0.519158859107,5.785558483376));
#1682 = CARTESIAN_POINT('',(-0.522595414086,5.805820829344));
#1683 = CARTESIAN_POINT('',(-0.52596717932,5.826097238196));
#1684 = CARTESIAN_POINT('',(-0.552430530283,5.988468431094));
#1685 = CARTESIAN_POINT('',(-0.572451672071,6.131490562444));
#1686 = CARTESIAN_POINT('',(-0.589266004732,6.275251335791));
#1687 = CARTESIAN_POINT('',(-0.602803859141,6.419578064203));
#1688 = CARTESIAN_POINT('',(-0.613005788431,6.564327869402));
#1689 = CARTESIAN_POINT('',(-0.619827546086,6.709381342739));
#1690 = CARTESIAN_POINT('',(-0.623242669586,6.85463606714));
#1691 = CARTESIAN_POINT('',(-0.623242669586,7.));
#1692 = ( GEOMETRIC_REPRESENTATION_CONTEXT(2) 
PARAMETRIC_REPRESENTATION_CONTEXT() REPRESENTATION_CONTEXT('2D SPACE',''
  ) );
#1693 = ORIENTED_EDGE('',*,*,#1241,.F.);
#1694 = ORIENTED_EDGE('',*,*,#1270,.F.);
#1695 = ORIENTED_EDGE('',*,*,#672,.F.);
#1696 = ORIENTED_EDGE('',*,*,#771,.F.);
#1697 = ORIENTED_EDGE('',*,*,#1007,.F.);
#1698 = ORIENTED_EDGE('',*,*,#1699,.F.);
#1699 = EDGE_CURVE('',#1602,#1008,#1700,.T.);
#1700 = SURFACE_CURVE('',#1701,(#1716,#1734),.PCURVE_S1.);
#1701 = B_SPLINE_CURVE_WITH_KNOTS('',7,(#1702,#1703,#1704,#1705,#1706,
    #1707,#1708,#1709,#1710,#1711,#1712,#1713,#1714,#1715),
  .UNSPECIFIED.,.F.,.F.,(8,6,8),(0.,0.403760734037,1.),.UNSPECIFIED.);
#1702 = CARTESIAN_POINT('',(53.,-1.056412609424E-15,24.596188356629));
#1703 = CARTESIAN_POINT('',(53.,0.175222302651,24.596188356629));
#1704 = CARTESIAN_POINT('',(52.992836059386,0.350282429205,
    24.593655694803));
#1705 = CARTESIAN_POINT('',(52.978531731002,0.525007682532,
    24.588597768672));
#1706 = CARTESIAN_POINT('',(52.957089257963,0.699199671054,
    24.58127460508));
#1707 = CARTESIAN_POINT('',(52.928498581948,0.872611294951,
    24.572190515277));
#1708 = CARTESIAN_POINT('',(52.89276404931,1.044924498768,24.56206664552
    ));
#1709 = CARTESIAN_POINT('',(52.786722944501,1.46795793735,24.53662528513
    ));
#1710 = CARTESIAN_POINT('',(52.707886737013,1.71757131564,
    24.521091853667));
#1711 = CARTESIAN_POINT('',(52.613319790507,1.96393611062,
    24.508026437868));
#1712 = CARTESIAN_POINT('',(52.502836047175,2.206178265688,
    24.501116868767));
#1713 = CARTESIAN_POINT('',(52.376448335319,2.442873232155,
    24.504948693058));
#1714 = CARTESIAN_POINT('',(52.23472841671,2.671749524102,
    24.525337872614));
#1715 = CARTESIAN_POINT('',(52.080559254328,2.889469877317,
    24.57023892098));
#1716 = PCURVE('',#736,#1717);
#1717 = DEFINITIONAL_REPRESENTATION('',(#1718),#1733);
#1718 = B_SPLINE_CURVE_WITH_KNOTS('',7,(#1719,#1720,#1721,#1722,#1723,
    #1724,#1725,#1726,#1727,#1728,#1729,#1730,#1731,#1732),
  .UNSPECIFIED.,.F.,.F.,(8,6,8),(0.,0.403760734037,1.),.UNSPECIFIED.);
#1719 = CARTESIAN_POINT('',(0.,22.596188356629));
#1720 = CARTESIAN_POINT('',(3.504446053023E-02,22.596188356629));
#1721 = CARTESIAN_POINT('',(7.005647152301E-02,22.593655694803));
#1722 = CARTESIAN_POINT('',(0.105071867482,22.588597768672));
#1723 = CARTESIAN_POINT('',(0.140120504601,22.58127460508));
#1724 = CARTESIAN_POINT('',(0.175223736089,22.572190515277));
#1725 = CARTESIAN_POINT('',(0.210389871971,22.56206664552));
#1726 = CARTESIAN_POINT('',(0.297614181901,22.53662528513));
#1727 = CARTESIAN_POINT('',(0.349872506086,22.521091853667));
#1728 = CARTESIAN_POINT('',(0.402494689072,22.508026437868));
#1729 = CARTESIAN_POINT('',(0.455562606813,22.501116868767));
#1730 = CARTESIAN_POINT('',(0.509052777389,22.504948693058));
#1731 = CARTESIAN_POINT('',(0.562790248923,22.525337872614));
#1732 = CARTESIAN_POINT('',(0.616145767038,22.57023892098));
#1733 = ( GEOMETRIC_REPRESENTATION_CONTEXT(2) 
PARAMETRIC_REPRESENTATION_CONTEXT() REPRESENTATION_CONTEXT('2D SPACE',''
  ) );
#1734 = PCURVE('',#1052,#1735);
#1735 = DEFINITIONAL_REPRESENTATION('',(#1736),#1769);
#1736 = B_SPLINE_CURVE_WITH_KNOTS('',7,(#1737,#1738,#1739,#1740,#1741,
    #1742,#1743,#1744,#1745,#1746,#1747,#1748,#1749,#1750,#1751,#1752,
    #1753,#1754,#1755,#1756,#1757,#1758,#1759,#1760,#1761,#1762,#1763,
    #1764,#1765,#1766,#1767,#1768),.UNSPECIFIED.,.F.,.F.,(8,6,6,6,6,8),(
    0.,0.25,0.34375,0.384765625,0.423217773438,1.),.UNSPECIFIED.);
#1737 = CARTESIAN_POINT('',(-0.623242669586,7.));
#1738 = CARTESIAN_POINT('',(-0.623242669586,7.108493897425));
#1739 = CARTESIAN_POINT('',(-0.621300671067,7.216925616282));
#1740 = CARTESIAN_POINT('',(-0.617420279883,7.325254173802));
#1741 = CARTESIAN_POINT('',(-0.611612071755,7.433434782791));
#1742 = CARTESIAN_POINT('',(-0.603892821823,7.541416800387));
#1743 = CARTESIAN_POINT('',(-0.594284734196,7.649141676798));
#1744 = CARTESIAN_POINT('',(-0.578513397984,7.796815614278));
#1745 = CARTESIAN_POINT('',(-0.573950274607,7.837044530521));
#1746 = CARTESIAN_POINT('',(-0.569126703831,7.877224040752));
#1747 = CARTESIAN_POINT('',(-0.564044169773,7.91735033648));
#1748 = CARTESIAN_POINT('',(-0.558704225462,7.957419397989));
#1749 = CARTESIAN_POINT('',(-0.553108480107,7.997426979567));
#1750 = CARTESIAN_POINT('',(-0.544699257852,8.054843051369));
#1751 = CARTESIAN_POINT('',(-0.542091283836,8.072304881623));
#1752 = CARTESIAN_POINT('',(-0.539434802593,8.089753709799));
#1753 = CARTESIAN_POINT('',(-0.536729954104,8.107189151384));
#1754 = CARTESIAN_POINT('',(-0.53397687977,8.124610812809));
#1755 = CARTESIAN_POINT('',(-0.531175722123,8.142018291222));
#1756 = CARTESIAN_POINT('',(-0.52565559555,8.175717002087));
#1757 = CARTESIAN_POINT('',(-0.522942511304,8.19200955482));
#1758 = CARTESIAN_POINT('',(-0.520186828563,8.208292246585));
#1759 = CARTESIAN_POINT('',(-0.517390973054,8.224551532711));
#1760 = CARTESIAN_POINT('',(-0.514551125254,8.240809832084));
#1761 = CARTESIAN_POINT('',(-0.511669633986,8.257053510619));
#1762 = CARTESIAN_POINT('',(-0.464889607152,8.516779137157));
#1763 = CARTESIAN_POINT('',(-0.411544283436,8.757724949662));
#1764 = CARTESIAN_POINT('',(-0.34888721358,8.995520643729));
#1765 = CARTESIAN_POINT('',(-0.276950391123,9.229325328168));
#1766 = CARTESIAN_POINT('',(-0.195381014012,9.457799164097));
#1767 = CARTESIAN_POINT('',(-0.103556451434,9.678854379036));
#1768 = CARTESIAN_POINT('',(-3.410605131648E-13,9.889469877317));
#1769 = ( GEOMETRIC_REPRESENTATION_CONTEXT(2) 
PARAMETRIC_REPRESENTATION_CONTEXT() REPRESENTATION_CONTEXT('2D SPACE',''
  ) );
#1770 = ORIENTED_EDGE('',*,*,#1599,.F.);
#1771 = ORIENTED_EDGE('',*,*,#1772,.T.);
#1772 = EDGE_CURVE('',#1600,#1600,#1773,.T.);
#1773 = SURFACE_CURVE('',#1774,(#1779,#1786),.PCURVE_S1.);
#1774 = CIRCLE('',#1775,5.);
#1775 = AXIS2_PLACEMENT_3D('',#1776,#1777,#1778);
#1776 = CARTESIAN_POINT('',(48.,0.,2.));
#1777 = DIRECTION('',(0.,0.,1.));
#1778 = DIRECTION('',(1.,0.,-0.));
#1779 = PCURVE('',#736,#1780);
#1780 = DEFINITIONAL_REPRESENTATION('',(#1781),#1785);
#1781 = LINE('',#1782,#1783);
#1782 = CARTESIAN_POINT('',(0.,0.));
#1783 = VECTOR('',#1784,1.);
#1784 = DIRECTION('',(1.,0.));
#1785 = ( GEOMETRIC_REPRESENTATION_CONTEXT(2) 
PARAMETRIC_REPRESENTATION_CONTEXT() REPRESENTATION_CONTEXT('2D SPACE',''
  ) );
#1786 = PCURVE('',#1787,#1792);
#1787 = PLANE('',#1788);
#1788 = AXIS2_PLACEMENT_3D('',#1789,#1790,#1791);
#1789 = CARTESIAN_POINT('',(48.,0.,2.));
#1790 = DIRECTION('',(0.,0.,1.));
#1791 = DIRECTION('',(1.,0.,-0.));
#1792 = DEFINITIONAL_REPRESENTATION('',(#1793),#1797);
#1793 = CIRCLE('',#1794,5.);
#1794 = AXIS2_PLACEMENT_2D('',#1795,#1796);
#1795 = CARTESIAN_POINT('',(0.,0.));
#1796 = DIRECTION('',(1.,0.));
#1797 = ( GEOMETRIC_REPRESENTATION_CONTEXT(2) 
PARAMETRIC_REPRESENTATION_CONTEXT() REPRESENTATION_CONTEXT('2D SPACE',''
  ) );
#1798 = ADVANCED_FACE('',(#1799),#1052,.T.);
#1799 = FACE_BOUND('',#1800,.F.);
#1800 = EDGE_LOOP('',(#1801,#1802,#1803,#1804,#1805,#1834,#1862));
#1801 = ORIENTED_EDGE('',*,*,#1036,.T.);
#1802 = ORIENTED_EDGE('',*,*,#1699,.F.);
#1803 = ORIENTED_EDGE('',*,*,#1624,.F.);
#1804 = ORIENTED_EDGE('',*,*,#1218,.T.);
#1805 = ORIENTED_EDGE('',*,*,#1806,.F.);
#1806 = EDGE_CURVE('',#1807,#1190,#1809,.T.);
#1807 = VERTEX_POINT('',#1808);
#1808 = CARTESIAN_POINT('',(54.,-5.5,26.010401919002));
#1809 = SURFACE_CURVE('',#1810,(#1815,#1822),.PCURVE_S1.);
#1810 = CIRCLE('',#1811,1.5);
#1811 = AXIS2_PLACEMENT_3D('',#1812,#1813,#1814);
#1812 = CARTESIAN_POINT('',(52.5,-5.5,26.010401919002));
#1813 = DIRECTION('',(0.,1.,-0.));
#1814 = DIRECTION('',(1.,0.,0.));
#1815 = PCURVE('',#1052,#1816);
#1816 = DEFINITIONAL_REPRESENTATION('',(#1817),#1821);
#1817 = LINE('',#1818,#1819);
#1818 = CARTESIAN_POINT('',(-1.854202086927,1.5));
#1819 = VECTOR('',#1820,1.);
#1820 = DIRECTION('',(1.,-0.));
#1821 = ( GEOMETRIC_REPRESENTATION_CONTEXT(2) 
PARAMETRIC_REPRESENTATION_CONTEXT() REPRESENTATION_CONTEXT('2D SPACE',''
  ) );
#1822 = PCURVE('',#1823,#1828);
#1823 = SPHERICAL_SURFACE('',#1824,1.5);
#1824 = AXIS2_PLACEMENT_3D('',#1825,#1826,#1827);
#1825 = CARTESIAN_POINT('',(52.5,-5.5,26.010401919002));
#1826 = DIRECTION('',(0.,1.,-0.));
#1827 = DIRECTION('',(1.,0.,0.));
#1828 = DEFINITIONAL_REPRESENTATION('',(#1829),#1833);
#1829 = LINE('',#1830,#1831);
#1830 = CARTESIAN_POINT('',(0.,0.));
#1831 = VECTOR('',#1832,1.);
#1832 = DIRECTION('',(1.,0.));
#1833 = ( GEOMETRIC_REPRESENTATION_CONTEXT(2) 
PARAMETRIC_REPRESENTATION_CONTEXT() REPRESENTATION_CONTEXT('2D SPACE',''
  ) );
#1834 = ORIENTED_EDGE('',*,*,#1835,.F.);
#1835 = EDGE_CURVE('',#1836,#1807,#1838,.T.);
#1836 = VERTEX_POINT('',#1837);
#1837 = CARTESIAN_POINT('',(54.,5.5,26.010401919002));
#1838 = SURFACE_CURVE('',#1839,(#1843,#1850),.PCURVE_S1.);
#1839 = LINE('',#1840,#1841);
#1840 = CARTESIAN_POINT('',(54.,5.5,26.010401919002));
#1841 = VECTOR('',#1842,1.);
#1842 = DIRECTION('',(0.,-1.,0.));
#1843 = PCURVE('',#1052,#1844);
#1844 = DEFINITIONAL_REPRESENTATION('',(#1845),#1849);
#1845 = LINE('',#1846,#1847);
#1846 = CARTESIAN_POINT('',(-1.854202086927,12.5));
#1847 = VECTOR('',#1848,1.);
#1848 = DIRECTION('',(-0.,-1.));
#1849 = ( GEOMETRIC_REPRESENTATION_CONTEXT(2) 
PARAMETRIC_REPRESENTATION_CONTEXT() REPRESENTATION_CONTEXT('2D SPACE',''
  ) );
#1850 = PCURVE('',#1851,#1856);
#1851 = PLANE('',#1852);
#1852 = AXIS2_PLACEMENT_3D('',#1853,#1854,#1855);
#1853 = CARTESIAN_POINT('',(54.,0.,32.));
#1854 = DIRECTION('',(-1.,0.,0.));
#1855 = DIRECTION('',(0.,0.,-1.));
#1856 = DEFINITIONAL_REPRESENTATION('',(#1857),#1861);
#1857 = LINE('',#1858,#1859);
#1858 = CARTESIAN_POINT('',(5.989598080998,-5.5));
#1859 = VECTOR('',#1860,1.);
#1860 = DIRECTION('',(0.,1.));
#1861 = ( GEOMETRIC_REPRESENTATION_CONTEXT(2) 
PARAMETRIC_REPRESENTATION_CONTEXT() REPRESENTATION_CONTEXT('2D SPACE',''
  ) );
#1862 = ORIENTED_EDGE('',*,*,#1863,.T.);
#1863 = EDGE_CURVE('',#1836,#1037,#1864,.T.);
#1864 = SURFACE_CURVE('',#1865,(#1870,#1877),.PCURVE_S1.);
#1865 = CIRCLE('',#1866,1.5);
#1866 = AXIS2_PLACEMENT_3D('',#1867,#1868,#1869);
#1867 = CARTESIAN_POINT('',(52.5,5.5,26.010401919002));
#1868 = DIRECTION('',(0.,1.,-0.));
#1869 = DIRECTION('',(1.,0.,0.));
#1870 = PCURVE('',#1052,#1871);
#1871 = DEFINITIONAL_REPRESENTATION('',(#1872),#1876);
#1872 = LINE('',#1873,#1874);
#1873 = CARTESIAN_POINT('',(-1.854202086927,12.5));
#1874 = VECTOR('',#1875,1.);
#1875 = DIRECTION('',(1.,-0.));
#1876 = ( GEOMETRIC_REPRESENTATION_CONTEXT(2) 
PARAMETRIC_REPRESENTATION_CONTEXT() REPRESENTATION_CONTEXT('2D SPACE',''
  ) );
#1877 = PCURVE('',#1878,#1883);
#1878 = SPHERICAL_SURFACE('',#1879,1.5);
#1879 = AXIS2_PLACEMENT_3D('',#1880,#1881,#1882);
#1880 = CARTESIAN_POINT('',(52.5,5.5,26.010401919002));
#1881 = DIRECTION('',(-0.,-1.,0.));
#1882 = DIRECTION('',(1.,0.,0.));
#1883 = DEFINITIONAL_REPRESENTATION('',(#1884),#1888);
#1884 = LINE('',#1885,#1886);
#1885 = CARTESIAN_POINT('',(-0.,0.));
#1886 = VECTOR('',#1887,1.);
#1887 = DIRECTION('',(-1.,0.));
#1888 = ( GEOMETRIC_REPRESENTATION_CONTEXT(2) 
PARAMETRIC_REPRESENTATION_CONTEXT() REPRESENTATION_CONTEXT('2D SPACE',''
  ) );
#1889 = ADVANCED_FACE('',(#1890),#1081,.T.);
#1890 = FACE_BOUND('',#1891,.T.);
#1891 = EDGE_LOOP('',(#1892,#1914,#1915,#1937));
#1892 = ORIENTED_EDGE('',*,*,#1893,.T.);
#1893 = EDGE_CURVE('',#1894,#1037,#1896,.T.);
#1894 = VERTEX_POINT('',#1895);
#1895 = CARTESIAN_POINT('',(52.5,7.,26.010401919002));
#1896 = SURFACE_CURVE('',#1897,(#1902,#1908),.PCURVE_S1.);
#1897 = CIRCLE('',#1898,1.5);
#1898 = AXIS2_PLACEMENT_3D('',#1899,#1900,#1901);
#1899 = CARTESIAN_POINT('',(52.5,5.5,26.010401919002));
#1900 = DIRECTION('',(-0.960108665348,0.,0.279627163782));
#1901 = DIRECTION('',(-0.279627163782,0.,-0.960108665348));
#1902 = PCURVE('',#1081,#1903);
#1903 = DEFINITIONAL_REPRESENTATION('',(#1904),#1907);
#1904 = B_SPLINE_CURVE_WITH_KNOTS('',1,(#1905,#1906),.UNSPECIFIED.,.F.,
  .F.,(2,2),(4.712388980385,6.28318530718),.PIECEWISE_BEZIER_KNOTS.);
#1905 = CARTESIAN_POINT('',(1.075095064519E-02,4.712388980385));
#1906 = CARTESIAN_POINT('',(1.075095064519E-02,3.14159265359));
#1907 = ( GEOMETRIC_REPRESENTATION_CONTEXT(2) 
PARAMETRIC_REPRESENTATION_CONTEXT() REPRESENTATION_CONTEXT('2D SPACE',''
  ) );
#1908 = PCURVE('',#1878,#1909);
#1909 = DEFINITIONAL_REPRESENTATION('',(#1910),#1913);
#1910 = B_SPLINE_CURVE_WITH_KNOTS('',1,(#1911,#1912),.UNSPECIFIED.,.F.,
  .F.,(2,2),(4.712388980385,6.28318530718),.PIECEWISE_BEZIER_KNOTS.);
#1911 = CARTESIAN_POINT('',(-1.854202086927,-1.570796326795));
#1912 = CARTESIAN_POINT('',(-1.854202086927,0.));
#1913 = ( GEOMETRIC_REPRESENTATION_CONTEXT(2) 
PARAMETRIC_REPRESENTATION_CONTEXT() REPRESENTATION_CONTEXT('2D SPACE',''
  ) );
#1914 = ORIENTED_EDGE('',*,*,#1064,.T.);
#1915 = ORIENTED_EDGE('',*,*,#1916,.F.);
#1916 = EDGE_CURVE('',#1917,#1065,#1919,.T.);
#1917 = VERTEX_POINT('',#1918);
#1918 = CARTESIAN_POINT('',(-52.5,7.,26.010401919002));
#1919 = SURFACE_CURVE('',#1920,(#1925,#1931),.PCURVE_S1.);
#1920 = CIRCLE('',#1921,1.5);
#1921 = AXIS2_PLACEMENT_3D('',#1922,#1923,#1924);
#1922 = CARTESIAN_POINT('',(-52.5,5.5,26.010401919002));
#1923 = DIRECTION('',(-0.960108665348,0.,-0.279627163782));
#1924 = DIRECTION('',(0.279627163782,0.,-0.960108665348));
#1925 = PCURVE('',#1081,#1926);
#1926 = DEFINITIONAL_REPRESENTATION('',(#1927),#1930);
#1927 = B_SPLINE_CURVE_WITH_KNOTS('',1,(#1928,#1929),.UNSPECIFIED.,.F.,
  .F.,(2,2),(4.712388980385,6.28318530718),.PIECEWISE_BEZIER_KNOTS.);
#1928 = CARTESIAN_POINT('',(0.577562470908,4.712388980385));
#1929 = CARTESIAN_POINT('',(0.577562470908,3.14159265359));
#1930 = ( GEOMETRIC_REPRESENTATION_CONTEXT(2) 
PARAMETRIC_REPRESENTATION_CONTEXT() REPRESENTATION_CONTEXT('2D SPACE',''
  ) );
#1931 = PCURVE('',#1582,#1932);
#1932 = DEFINITIONAL_REPRESENTATION('',(#1933),#1936);
#1933 = B_SPLINE_CURVE_WITH_KNOTS('',1,(#1934,#1935),.UNSPECIFIED.,.F.,
  .F.,(2,2),(4.712388980385,6.28318530718),.PIECEWISE_BEZIER_KNOTS.);
#1934 = CARTESIAN_POINT('',(1.854202086927,-1.570796326795));
#1935 = CARTESIAN_POINT('',(1.854202086927,0.));
#1936 = ( GEOMETRIC_REPRESENTATION_CONTEXT(2) 
PARAMETRIC_REPRESENTATION_CONTEXT() REPRESENTATION_CONTEXT('2D SPACE',''
  ) );
#1937 = ORIENTED_EDGE('',*,*,#1938,.F.);
#1938 = EDGE_CURVE('',#1894,#1917,#1939,.T.);
#1939 = SURFACE_CURVE('',#1940,(#1945,#1952),.PCURVE_S1.);
#1940 = CIRCLE('',#1941,187.75);
#1941 = AXIS2_PLACEMENT_3D('',#1942,#1943,#1944);
#1942 = CARTESIAN_POINT('',(-2.556831758308E-15,7.,-154.25));
#1943 = DIRECTION('',(0.,-1.,0.));
#1944 = DIRECTION('',(0.289932885906,0.,0.957046979866));
#1945 = PCURVE('',#1081,#1946);
#1946 = DEFINITIONAL_REPRESENTATION('',(#1947),#1951);
#1947 = LINE('',#1948,#1949);
#1948 = CARTESIAN_POINT('',(0.,4.712388980385));
#1949 = VECTOR('',#1950,1.);
#1950 = DIRECTION('',(1.,0.));
#1951 = ( GEOMETRIC_REPRESENTATION_CONTEXT(2) 
PARAMETRIC_REPRESENTATION_CONTEXT() REPRESENTATION_CONTEXT('2D SPACE',''
  ) );
#1952 = PCURVE('',#1953,#1958);
#1953 = PLANE('',#1954);
#1954 = AXIS2_PLACEMENT_3D('',#1955,#1956,#1957);
#1955 = CARTESIAN_POINT('',(4.841945872544E-16,7.,32.41413252214));
#1956 = DIRECTION('',(-0.,1.,-0.));
#1957 = DIRECTION('',(-1.,0.,0.));
#1958 = DEFINITIONAL_REPRESENTATION('',(#1959),#1967);
#1959 = ( BOUNDED_CURVE() B_SPLINE_CURVE(2,(#1960,#1961,#1962,#1963,
#1964,#1965,#1966),.UNSPECIFIED.,.T.,.F.) B_SPLINE_CURVE_WITH_KNOTS((1,2
    ,2,2,2,1),(-2.094395102393,0.,2.094395102393,4.188790204786,
6.28318530718,8.377580409573),.UNSPECIFIED.) CURVE() 
GEOMETRIC_REPRESENTATION_ITEM() RATIONAL_B_SPLINE_CURVE((1.,0.5,1.,0.5,
1.,0.5,1.)) REPRESENTATION_ITEM('') );
#1960 = CARTESIAN_POINT('',(-54.43489932885,-6.978562052342));
#1961 = CARTESIAN_POINT('',(256.78963811183,87.305449290139));
#1962 = CARTESIAN_POINT('',(182.82971838477,-229.3649120858));
#1963 = CARTESIAN_POINT('',(108.86979865771,-546.0352734617));
#1964 = CARTESIAN_POINT('',(-128.3948190559,-323.6489234282));
#1965 = CARTESIAN_POINT('',(-365.6594367695,-101.2625733948));
#1966 = CARTESIAN_POINT('',(-54.43489932885,-6.978562052342));
#1967 = ( GEOMETRIC_REPRESENTATION_CONTEXT(2) 
PARAMETRIC_REPRESENTATION_CONTEXT() REPRESENTATION_CONTEXT('2D SPACE',''
  ) );
#1968 = ADVANCED_FACE('',(#1969),#1206,.T.);
#1969 = FACE_BOUND('',#1970,.T.);
#1970 = EDGE_LOOP('',(#1971,#1993,#2026,#2046));
#1971 = ORIENTED_EDGE('',*,*,#1972,.F.);
#1972 = EDGE_CURVE('',#1973,#1190,#1975,.T.);
#1973 = VERTEX_POINT('',#1974);
#1974 = CARTESIAN_POINT('',(52.5,-7.,26.010401919002));
#1975 = SURFACE_CURVE('',#1976,(#1981,#1987),.PCURVE_S1.);
#1976 = CIRCLE('',#1977,1.5);
#1977 = AXIS2_PLACEMENT_3D('',#1978,#1979,#1980);
#1978 = CARTESIAN_POINT('',(52.5,-5.5,26.010401919002));
#1979 = DIRECTION('',(0.960108665348,-0.,-0.279627163782));
#1980 = DIRECTION('',(-0.279627163782,-0.,-0.960108665348));
#1981 = PCURVE('',#1206,#1982);
#1982 = DEFINITIONAL_REPRESENTATION('',(#1983),#1986);
#1983 = B_SPLINE_CURVE_WITH_KNOTS('',1,(#1984,#1985),.UNSPECIFIED.,.F.,
  .F.,(2,2),(4.712388980385,6.28318530718),.PIECEWISE_BEZIER_KNOTS.);
#1984 = CARTESIAN_POINT('',(1.075095064519E-02,1.570796326795));
#1985 = CARTESIAN_POINT('',(1.075095064519E-02,3.14159265359));
#1986 = ( GEOMETRIC_REPRESENTATION_CONTEXT(2) 
PARAMETRIC_REPRESENTATION_CONTEXT() REPRESENTATION_CONTEXT('2D SPACE',''
  ) );
#1987 = PCURVE('',#1823,#1988);
#1988 = DEFINITIONAL_REPRESENTATION('',(#1989),#1992);
#1989 = B_SPLINE_CURVE_WITH_KNOTS('',1,(#1990,#1991),.UNSPECIFIED.,.F.,
  .F.,(2,2),(4.712388980385,6.28318530718),.PIECEWISE_BEZIER_KNOTS.);
#1990 = CARTESIAN_POINT('',(1.854202086927,-1.570796326795));
#1991 = CARTESIAN_POINT('',(1.854202086927,0.));
#1992 = ( GEOMETRIC_REPRESENTATION_CONTEXT(2) 
PARAMETRIC_REPRESENTATION_CONTEXT() REPRESENTATION_CONTEXT('2D SPACE',''
  ) );
#1993 = ORIENTED_EDGE('',*,*,#1994,.T.);
#1994 = EDGE_CURVE('',#1973,#1995,#1997,.T.);
#1995 = VERTEX_POINT('',#1996);
#1996 = CARTESIAN_POINT('',(-52.5,-7.,26.010401919002));
#1997 = SURFACE_CURVE('',#1998,(#2003,#2010),.PCURVE_S1.);
#1998 = CIRCLE('',#1999,187.75);
#1999 = AXIS2_PLACEMENT_3D('',#2000,#2001,#2002);
#2000 = CARTESIAN_POINT('',(-2.556831758308E-15,-7.,-154.25));
#2001 = DIRECTION('',(0.,-1.,0.));
#2002 = DIRECTION('',(0.289932885906,0.,0.957046979866));
#2003 = PCURVE('',#1206,#2004);
#2004 = DEFINITIONAL_REPRESENTATION('',(#2005),#2009);
#2005 = LINE('',#2006,#2007);
#2006 = CARTESIAN_POINT('',(0.,1.570796326795));
#2007 = VECTOR('',#2008,1.);
#2008 = DIRECTION('',(1.,0.));
#2009 = ( GEOMETRIC_REPRESENTATION_CONTEXT(2) 
PARAMETRIC_REPRESENTATION_CONTEXT() REPRESENTATION_CONTEXT('2D SPACE',''
  ) );
#2010 = PCURVE('',#2011,#2016);
#2011 = PLANE('',#2012);
#2012 = AXIS2_PLACEMENT_3D('',#2013,#2014,#2015);
#2013 = CARTESIAN_POINT('',(4.841945872544E-16,-7.,32.41413252214));
#2014 = DIRECTION('',(-0.,1.,-0.));
#2015 = DIRECTION('',(-1.,0.,0.));
#2016 = DEFINITIONAL_REPRESENTATION('',(#2017),#2025);
#2017 = ( BOUNDED_CURVE() B_SPLINE_CURVE(2,(#2018,#2019,#2020,#2021,
#2022,#2023,#2024),.UNSPECIFIED.,.T.,.F.) B_SPLINE_CURVE_WITH_KNOTS((1,2
    ,2,2,2,1),(-2.094395102393,0.,2.094395102393,4.188790204786,
6.28318530718,8.377580409573),.UNSPECIFIED.) CURVE() 
GEOMETRIC_REPRESENTATION_ITEM() RATIONAL_B_SPLINE_CURVE((1.,0.5,1.,0.5,
1.,0.5,1.)) REPRESENTATION_ITEM('') );
#2018 = CARTESIAN_POINT('',(-54.43489932885,-6.978562052342));
#2019 = CARTESIAN_POINT('',(256.78963811183,87.305449290139));
#2020 = CARTESIAN_POINT('',(182.82971838477,-229.3649120858));
#2021 = CARTESIAN_POINT('',(108.86979865771,-546.0352734617));
#2022 = CARTESIAN_POINT('',(-128.3948190559,-323.6489234282));
#2023 = CARTESIAN_POINT('',(-365.6594367695,-101.2625733948));
#2024 = CARTESIAN_POINT('',(-54.43489932885,-6.978562052342));
#2025 = ( GEOMETRIC_REPRESENTATION_CONTEXT(2) 
PARAMETRIC_REPRESENTATION_CONTEXT() REPRESENTATION_CONTEXT('2D SPACE',''
  ) );
#2026 = ORIENTED_EDGE('',*,*,#2027,.T.);
#2027 = EDGE_CURVE('',#1995,#1167,#2028,.T.);
#2028 = SURFACE_CURVE('',#2029,(#2034,#2040),.PCURVE_S1.);
#2029 = CIRCLE('',#2030,1.5);
#2030 = AXIS2_PLACEMENT_3D('',#2031,#2032,#2033);
#2031 = CARTESIAN_POINT('',(-52.5,-5.5,26.010401919002));
#2032 = DIRECTION('',(0.960108665348,0.,0.279627163782));
#2033 = DIRECTION('',(0.279627163782,0.,-0.960108665348));
#2034 = PCURVE('',#1206,#2035);
#2035 = DEFINITIONAL_REPRESENTATION('',(#2036),#2039);
#2036 = B_SPLINE_CURVE_WITH_KNOTS('',1,(#2037,#2038),.UNSPECIFIED.,.F.,
  .F.,(2,2),(4.712388980385,6.28318530718),.PIECEWISE_BEZIER_KNOTS.);
#2037 = CARTESIAN_POINT('',(0.577562470908,1.570796326795));
#2038 = CARTESIAN_POINT('',(0.577562470908,3.14159265359));
#2039 = ( GEOMETRIC_REPRESENTATION_CONTEXT(2) 
PARAMETRIC_REPRESENTATION_CONTEXT() REPRESENTATION_CONTEXT('2D SPACE',''
  ) );
#2040 = PCURVE('',#1527,#2041);
#2041 = DEFINITIONAL_REPRESENTATION('',(#2042),#2045);
#2042 = B_SPLINE_CURVE_WITH_KNOTS('',1,(#2043,#2044),.UNSPECIFIED.,.F.,
  .F.,(2,2),(4.712388980385,6.28318530718),.PIECEWISE_BEZIER_KNOTS.);
#2043 = CARTESIAN_POINT('',(0.,-1.570796326795));
#2044 = CARTESIAN_POINT('',(0.,0.));
#2045 = ( GEOMETRIC_REPRESENTATION_CONTEXT(2) 
PARAMETRIC_REPRESENTATION_CONTEXT() REPRESENTATION_CONTEXT('2D SPACE',''
  ) );
#2046 = ORIENTED_EDGE('',*,*,#1189,.F.);
#2047 = ADVANCED_FACE('',(#2048),#1527,.T.);
#2048 = FACE_BOUND('',#2049,.T.);
#2049 = EDGE_LOOP('',(#2050,#2051,#2076));
#2050 = ORIENTED_EDGE('',*,*,#2027,.F.);
#2051 = ORIENTED_EDGE('',*,*,#2052,.T.);
#2052 = EDGE_CURVE('',#1995,#1511,#2053,.T.);
#2053 = SURFACE_CURVE('',#2054,(#2059,#2065),.PCURVE_S1.);
#2054 = CIRCLE('',#2055,1.5);
#2055 = AXIS2_PLACEMENT_3D('',#2056,#2057,#2058);
#2056 = CARTESIAN_POINT('',(-52.5,-5.5,26.010401919002));
#2057 = DIRECTION('',(1.220730427991E-15,0.,-1.));
#2058 = DIRECTION('',(-1.,0.,-1.220730427991E-15));
#2059 = PCURVE('',#1527,#2060);
#2060 = DEFINITIONAL_REPRESENTATION('',(#2061),#2064);
#2061 = B_SPLINE_CURVE_WITH_KNOTS('',1,(#2062,#2063),.UNSPECIFIED.,.F.,
  .F.,(2,2),(4.712388980385,6.28318530718),.PIECEWISE_BEZIER_KNOTS.);
#2062 = CARTESIAN_POINT('',(1.854202086927,-1.570796326795));
#2063 = CARTESIAN_POINT('',(1.854202086927,0.));
#2064 = ( GEOMETRIC_REPRESENTATION_CONTEXT(2) 
PARAMETRIC_REPRESENTATION_CONTEXT() REPRESENTATION_CONTEXT('2D SPACE',''
  ) );
#2065 = PCURVE('',#2066,#2071);
#2066 = CYLINDRICAL_SURFACE('',#2067,1.5);
#2067 = AXIS2_PLACEMENT_3D('',#2068,#2069,#2070);
#2068 = CARTESIAN_POINT('',(-52.5,-5.5,24.));
#2069 = DIRECTION('',(0.,0.,1.));
#2070 = DIRECTION('',(0.,-1.,0.));
#2071 = DEFINITIONAL_REPRESENTATION('',(#2072),#2075);
#2072 = B_SPLINE_CURVE_WITH_KNOTS('',1,(#2073,#2074),.UNSPECIFIED.,.F.,
  .F.,(2,2),(4.712388980385,6.28318530718),.PIECEWISE_BEZIER_KNOTS.);
#2073 = CARTESIAN_POINT('',(0.,2.010401919002));
#2074 = CARTESIAN_POINT('',(-1.570796326795,2.010401919002));
#2075 = ( GEOMETRIC_REPRESENTATION_CONTEXT(2) 
PARAMETRIC_REPRESENTATION_CONTEXT() REPRESENTATION_CONTEXT('2D SPACE',''
  ) );
#2076 = ORIENTED_EDGE('',*,*,#1510,.F.);
#2077 = ADVANCED_FACE('',(#2078),#1555,.F.);
#2078 = FACE_BOUND('',#2079,.F.);
#2079 = EDGE_LOOP('',(#2080,#2110,#2131,#2132));
#2080 = ORIENTED_EDGE('',*,*,#2081,.F.);
#2081 = EDGE_CURVE('',#2082,#2084,#2086,.T.);
#2082 = VERTEX_POINT('',#2083);
#2083 = CARTESIAN_POINT('',(-54.,-5.5,30.883600708618));
#2084 = VERTEX_POINT('',#2085);
#2085 = CARTESIAN_POINT('',(-54.,5.5,30.883600708618));
#2086 = SURFACE_CURVE('',#2087,(#2091,#2098),.PCURVE_S1.);
#2087 = LINE('',#2088,#2089);
#2088 = CARTESIAN_POINT('',(-54.,-5.5,30.883600708618));
#2089 = VECTOR('',#2090,1.);
#2090 = DIRECTION('',(0.,1.,0.));
#2091 = PCURVE('',#1555,#2092);
#2092 = DEFINITIONAL_REPRESENTATION('',(#2093),#2097);
#2093 = LINE('',#2094,#2095);
#2094 = CARTESIAN_POINT('',(6.883600708618,5.5));
#2095 = VECTOR('',#2096,1.);
#2096 = DIRECTION('',(0.,-1.));
#2097 = ( GEOMETRIC_REPRESENTATION_CONTEXT(2) 
PARAMETRIC_REPRESENTATION_CONTEXT() REPRESENTATION_CONTEXT('2D SPACE',''
  ) );
#2098 = PCURVE('',#2099,#2104);
#2099 = CYLINDRICAL_SURFACE('',#2100,1.5);
#2100 = AXIS2_PLACEMENT_3D('',#2101,#2102,#2103);
#2101 = CARTESIAN_POINT('',(-52.5,5.,30.883600708618));
#2102 = DIRECTION('',(-0.,-1.,0.));
#2103 = DIRECTION('',(-0.284167794317,0.,0.958774564052));
#2104 = DEFINITIONAL_REPRESENTATION('',(#2105),#2109);
#2105 = LINE('',#2106,#2107);
#2106 = CARTESIAN_POINT('',(1.282657999313,10.5));
#2107 = VECTOR('',#2108,1.);
#2108 = DIRECTION('',(-0.,-1.));
#2109 = ( GEOMETRIC_REPRESENTATION_CONTEXT(2) 
PARAMETRIC_REPRESENTATION_CONTEXT() REPRESENTATION_CONTEXT('2D SPACE',''
  ) );
#2110 = ORIENTED_EDGE('',*,*,#2111,.F.);
#2111 = EDGE_CURVE('',#1511,#2082,#2112,.T.);
#2112 = SURFACE_CURVE('',#2113,(#2117,#2124),.PCURVE_S1.);
#2113 = LINE('',#2114,#2115);
#2114 = CARTESIAN_POINT('',(-54.,-5.5,24.));
#2115 = VECTOR('',#2116,1.);
#2116 = DIRECTION('',(0.,0.,1.));
#2117 = PCURVE('',#1555,#2118);
#2118 = DEFINITIONAL_REPRESENTATION('',(#2119),#2123);
#2119 = LINE('',#2120,#2121);
#2120 = CARTESIAN_POINT('',(0.,5.5));
#2121 = VECTOR('',#2122,1.);
#2122 = DIRECTION('',(1.,0.));
#2123 = ( GEOMETRIC_REPRESENTATION_CONTEXT(2) 
PARAMETRIC_REPRESENTATION_CONTEXT() REPRESENTATION_CONTEXT('2D SPACE',''
  ) );
#2124 = PCURVE('',#2066,#2125);
#2125 = DEFINITIONAL_REPRESENTATION('',(#2126),#2130);
#2126 = LINE('',#2127,#2128);
#2127 = CARTESIAN_POINT('',(-1.570796326795,0.));
#2128 = VECTOR('',#2129,1.);
#2129 = DIRECTION('',(-0.,1.));
#2130 = ( GEOMETRIC_REPRESENTATION_CONTEXT(2) 
PARAMETRIC_REPRESENTATION_CONTEXT() REPRESENTATION_CONTEXT('2D SPACE',''
  ) );
#2131 = ORIENTED_EDGE('',*,*,#1539,.T.);
#2132 = ORIENTED_EDGE('',*,*,#2133,.T.);
#2133 = EDGE_CURVE('',#1540,#2084,#2134,.T.);
#2134 = SURFACE_CURVE('',#2135,(#2139,#2146),.PCURVE_S1.);
#2135 = LINE('',#2136,#2137);
#2136 = CARTESIAN_POINT('',(-54.,5.5,24.));
#2137 = VECTOR('',#2138,1.);
#2138 = DIRECTION('',(0.,0.,1.));
#2139 = PCURVE('',#1555,#2140);
#2140 = DEFINITIONAL_REPRESENTATION('',(#2141),#2145);
#2141 = LINE('',#2142,#2143);
#2142 = CARTESIAN_POINT('',(0.,-5.5));
#2143 = VECTOR('',#2144,1.);
#2144 = DIRECTION('',(1.,0.));
#2145 = ( GEOMETRIC_REPRESENTATION_CONTEXT(2) 
PARAMETRIC_REPRESENTATION_CONTEXT() REPRESENTATION_CONTEXT('2D SPACE',''
  ) );
#2146 = PCURVE('',#2147,#2152);
#2147 = CYLINDRICAL_SURFACE('',#2148,1.5);
#2148 = AXIS2_PLACEMENT_3D('',#2149,#2150,#2151);
#2149 = CARTESIAN_POINT('',(-52.5,5.5,24.));
#2150 = DIRECTION('',(0.,0.,1.));
#2151 = DIRECTION('',(0.,1.,-0.));
#2152 = DEFINITIONAL_REPRESENTATION('',(#2153),#2157);
#2153 = LINE('',#2154,#2155);
#2154 = CARTESIAN_POINT('',(1.570796326795,0.));
#2155 = VECTOR('',#2156,1.);
#2156 = DIRECTION('',(0.,1.));
#2157 = ( GEOMETRIC_REPRESENTATION_CONTEXT(2) 
PARAMETRIC_REPRESENTATION_CONTEXT() REPRESENTATION_CONTEXT('2D SPACE',''
  ) );
#2158 = ADVANCED_FACE('',(#2159),#1582,.T.);
#2159 = FACE_BOUND('',#2160,.T.);
#2160 = EDGE_LOOP('',(#2161,#2181,#2182));
#2161 = ORIENTED_EDGE('',*,*,#2162,.F.);
#2162 = EDGE_CURVE('',#1917,#1540,#2163,.T.);
#2163 = SURFACE_CURVE('',#2164,(#2169,#2175),.PCURVE_S1.);
#2164 = CIRCLE('',#2165,1.5);
#2165 = AXIS2_PLACEMENT_3D('',#2166,#2167,#2168);
#2166 = CARTESIAN_POINT('',(-52.5,5.5,26.010401919002));
#2167 = DIRECTION('',(0.,0.,1.));
#2168 = DIRECTION('',(-1.,0.,0.));
#2169 = PCURVE('',#1582,#2170);
#2170 = DEFINITIONAL_REPRESENTATION('',(#2171),#2174);
#2171 = B_SPLINE_CURVE_WITH_KNOTS('',1,(#2172,#2173),.UNSPECIFIED.,.F.,
  .F.,(2,2),(4.712388980385,6.28318530718),.PIECEWISE_BEZIER_KNOTS.);
#2172 = CARTESIAN_POINT('',(0.,-1.570796326795));
#2173 = CARTESIAN_POINT('',(0.,0.));
#2174 = ( GEOMETRIC_REPRESENTATION_CONTEXT(2) 
PARAMETRIC_REPRESENTATION_CONTEXT() REPRESENTATION_CONTEXT('2D SPACE',''
  ) );
#2175 = PCURVE('',#2147,#2176);
#2176 = DEFINITIONAL_REPRESENTATION('',(#2177),#2180);
#2177 = B_SPLINE_CURVE_WITH_KNOTS('',1,(#2178,#2179),.UNSPECIFIED.,.F.,
  .F.,(2,2),(4.712388980385,6.28318530718),.PIECEWISE_BEZIER_KNOTS.);
#2178 = CARTESIAN_POINT('',(0.,2.010401919002));
#2179 = CARTESIAN_POINT('',(1.570796326795,2.010401919002));
#2180 = ( GEOMETRIC_REPRESENTATION_CONTEXT(2) 
PARAMETRIC_REPRESENTATION_CONTEXT() REPRESENTATION_CONTEXT('2D SPACE',''
  ) );
#2181 = ORIENTED_EDGE('',*,*,#1916,.T.);
#2182 = ORIENTED_EDGE('',*,*,#1567,.F.);
#2183 = ADVANCED_FACE('',(#2184,#2215),#1787,.T.);
#2184 = FACE_BOUND('',#2185,.T.);
#2185 = EDGE_LOOP('',(#2186));
#2186 = ORIENTED_EDGE('',*,*,#2187,.T.);
#2187 = EDGE_CURVE('',#2188,#2188,#2190,.T.);
#2188 = VERTEX_POINT('',#2189);
#2189 = CARTESIAN_POINT('',(55.,-1.714505518806E-15,2.));
#2190 = SURFACE_CURVE('',#2191,(#2196,#2203),.PCURVE_S1.);
#2191 = CIRCLE('',#2192,7.);
#2192 = AXIS2_PLACEMENT_3D('',#2193,#2194,#2195);
#2193 = CARTESIAN_POINT('',(48.,0.,2.));
#2194 = DIRECTION('',(0.,0.,1.));
#2195 = DIRECTION('',(1.,0.,-0.));
#2196 = PCURVE('',#1787,#2197);
#2197 = DEFINITIONAL_REPRESENTATION('',(#2198),#2202);
#2198 = CIRCLE('',#2199,7.);
#2199 = AXIS2_PLACEMENT_2D('',#2200,#2201);
#2200 = CARTESIAN_POINT('',(0.,0.));
#2201 = DIRECTION('',(1.,0.));
#2202 = ( GEOMETRIC_REPRESENTATION_CONTEXT(2) 
PARAMETRIC_REPRESENTATION_CONTEXT() REPRESENTATION_CONTEXT('2D SPACE',''
  ) );
#2203 = PCURVE('',#2204,#2209);
#2204 = CYLINDRICAL_SURFACE('',#2205,7.);
#2205 = AXIS2_PLACEMENT_3D('',#2206,#2207,#2208);
#2206 = CARTESIAN_POINT('',(48.,0.,0.));
#2207 = DIRECTION('',(0.,0.,1.));
#2208 = DIRECTION('',(1.,0.,-0.));
#2209 = DEFINITIONAL_REPRESENTATION('',(#2210),#2214);
#2210 = LINE('',#2211,#2212);
#2211 = CARTESIAN_POINT('',(0.,2.));
#2212 = VECTOR('',#2213,1.);
#2213 = DIRECTION('',(1.,0.));
#2214 = ( GEOMETRIC_REPRESENTATION_CONTEXT(2) 
PARAMETRIC_REPRESENTATION_CONTEXT() REPRESENTATION_CONTEXT('2D SPACE',''
  ) );
#2215 = FACE_BOUND('',#2216,.T.);
#2216 = EDGE_LOOP('',(#2217));
#2217 = ORIENTED_EDGE('',*,*,#1772,.F.);
#2218 = ADVANCED_FACE('',(#2219),#1823,.T.);
#2219 = FACE_BOUND('',#2220,.T.);
#2220 = EDGE_LOOP('',(#2221,#2246,#2247));
#2221 = ORIENTED_EDGE('',*,*,#2222,.F.);
#2222 = EDGE_CURVE('',#1973,#1807,#2223,.T.);
#2223 = SURFACE_CURVE('',#2224,(#2229,#2235),.PCURVE_S1.);
#2224 = CIRCLE('',#2225,1.5);
#2225 = AXIS2_PLACEMENT_3D('',#2226,#2227,#2228);
#2226 = CARTESIAN_POINT('',(52.5,-5.5,26.010401919002));
#2227 = DIRECTION('',(-0.,0.,1.));
#2228 = DIRECTION('',(1.,0.,0.));
#2229 = PCURVE('',#1823,#2230);
#2230 = DEFINITIONAL_REPRESENTATION('',(#2231),#2234);
#2231 = B_SPLINE_CURVE_WITH_KNOTS('',1,(#2232,#2233),.UNSPECIFIED.,.F.,
  .F.,(2,2),(4.712388980385,6.28318530718),.PIECEWISE_BEZIER_KNOTS.);
#2232 = CARTESIAN_POINT('',(0.,-1.570796326795));
#2233 = CARTESIAN_POINT('',(0.,0.));
#2234 = ( GEOMETRIC_REPRESENTATION_CONTEXT(2) 
PARAMETRIC_REPRESENTATION_CONTEXT() REPRESENTATION_CONTEXT('2D SPACE',''
  ) );
#2235 = PCURVE('',#2236,#2241);
#2236 = CYLINDRICAL_SURFACE('',#2237,1.5);
#2237 = AXIS2_PLACEMENT_3D('',#2238,#2239,#2240);
#2238 = CARTESIAN_POINT('',(52.5,-5.5,32.));
#2239 = DIRECTION('',(0.,0.,-1.));
#2240 = DIRECTION('',(0.,-1.,0.));
#2241 = DEFINITIONAL_REPRESENTATION('',(#2242),#2245);
#2242 = B_SPLINE_CURVE_WITH_KNOTS('',1,(#2243,#2244),.UNSPECIFIED.,.F.,
  .F.,(2,2),(4.712388980385,6.28318530718),.PIECEWISE_BEZIER_KNOTS.);
#2243 = CARTESIAN_POINT('',(0.,5.989598080998));
#2244 = CARTESIAN_POINT('',(-1.570796326795,5.989598080998));
#2245 = ( GEOMETRIC_REPRESENTATION_CONTEXT(2) 
PARAMETRIC_REPRESENTATION_CONTEXT() REPRESENTATION_CONTEXT('2D SPACE',''
  ) );
#2246 = ORIENTED_EDGE('',*,*,#1972,.T.);
#2247 = ORIENTED_EDGE('',*,*,#1806,.F.);
#2248 = ADVANCED_FACE('',(#2249),#1851,.F.);
#2249 = FACE_BOUND('',#2250,.F.);
#2250 = EDGE_LOOP('',(#2251,#2252,#2275,#2303));
#2251 = ORIENTED_EDGE('',*,*,#1835,.T.);
#2252 = ORIENTED_EDGE('',*,*,#2253,.F.);
#2253 = EDGE_CURVE('',#2254,#1807,#2256,.T.);
#2254 = VERTEX_POINT('',#2255);
#2255 = CARTESIAN_POINT('',(54.,-5.5,30.883600708618));
#2256 = SURFACE_CURVE('',#2257,(#2261,#2268),.PCURVE_S1.);
#2257 = LINE('',#2258,#2259);
#2258 = CARTESIAN_POINT('',(54.,-5.5,32.));
#2259 = VECTOR('',#2260,1.);
#2260 = DIRECTION('',(0.,0.,-1.));
#2261 = PCURVE('',#1851,#2262);
#2262 = DEFINITIONAL_REPRESENTATION('',(#2263),#2267);
#2263 = LINE('',#2264,#2265);
#2264 = CARTESIAN_POINT('',(0.,5.5));
#2265 = VECTOR('',#2266,1.);
#2266 = DIRECTION('',(1.,0.));
#2267 = ( GEOMETRIC_REPRESENTATION_CONTEXT(2) 
PARAMETRIC_REPRESENTATION_CONTEXT() REPRESENTATION_CONTEXT('2D SPACE',''
  ) );
#2268 = PCURVE('',#2236,#2269);
#2269 = DEFINITIONAL_REPRESENTATION('',(#2270),#2274);
#2270 = LINE('',#2271,#2272);
#2271 = CARTESIAN_POINT('',(-1.570796326795,0.));
#2272 = VECTOR('',#2273,1.);
#2273 = DIRECTION('',(-0.,1.));
#2274 = ( GEOMETRIC_REPRESENTATION_CONTEXT(2) 
PARAMETRIC_REPRESENTATION_CONTEXT() REPRESENTATION_CONTEXT('2D SPACE',''
  ) );
#2275 = ORIENTED_EDGE('',*,*,#2276,.F.);
#2276 = EDGE_CURVE('',#2277,#2254,#2279,.T.);
#2277 = VERTEX_POINT('',#2278);
#2278 = CARTESIAN_POINT('',(54.,5.5,30.883600708618));
#2279 = SURFACE_CURVE('',#2280,(#2284,#2291),.PCURVE_S1.);
#2280 = LINE('',#2281,#2282);
#2281 = CARTESIAN_POINT('',(54.,5.5,30.883600708618));
#2282 = VECTOR('',#2283,1.);
#2283 = DIRECTION('',(0.,-1.,0.));
#2284 = PCURVE('',#1851,#2285);
#2285 = DEFINITIONAL_REPRESENTATION('',(#2286),#2290);
#2286 = LINE('',#2287,#2288);
#2287 = CARTESIAN_POINT('',(1.116399291382,-5.5));
#2288 = VECTOR('',#2289,1.);
#2289 = DIRECTION('',(0.,1.));
#2290 = ( GEOMETRIC_REPRESENTATION_CONTEXT(2) 
PARAMETRIC_REPRESENTATION_CONTEXT() REPRESENTATION_CONTEXT('2D SPACE',''
  ) );
#2291 = PCURVE('',#2292,#2297);
#2292 = CYLINDRICAL_SURFACE('',#2293,1.5);
#2293 = AXIS2_PLACEMENT_3D('',#2294,#2295,#2296);
#2294 = CARTESIAN_POINT('',(52.5,-7.,30.883600708618));
#2295 = DIRECTION('',(0.,1.,-0.));
#2296 = DIRECTION('',(0.284167794317,0.,0.958774564052));
#2297 = DEFINITIONAL_REPRESENTATION('',(#2298),#2302);
#2298 = LINE('',#2299,#2300);
#2299 = CARTESIAN_POINT('',(1.282657999313,12.5));
#2300 = VECTOR('',#2301,1.);
#2301 = DIRECTION('',(-0.,-1.));
#2302 = ( GEOMETRIC_REPRESENTATION_CONTEXT(2) 
PARAMETRIC_REPRESENTATION_CONTEXT() REPRESENTATION_CONTEXT('2D SPACE',''
  ) );
#2303 = ORIENTED_EDGE('',*,*,#2304,.T.);
#2304 = EDGE_CURVE('',#2277,#1836,#2305,.T.);
#2305 = SURFACE_CURVE('',#2306,(#2310,#2317),.PCURVE_S1.);
#2306 = LINE('',#2307,#2308);
#2307 = CARTESIAN_POINT('',(54.,5.5,32.));
#2308 = VECTOR('',#2309,1.);
#2309 = DIRECTION('',(0.,0.,-1.));
#2310 = PCURVE('',#1851,#2311);
#2311 = DEFINITIONAL_REPRESENTATION('',(#2312),#2316);
#2312 = LINE('',#2313,#2314);
#2313 = CARTESIAN_POINT('',(0.,-5.5));
#2314 = VECTOR('',#2315,1.);
#2315 = DIRECTION('',(1.,0.));
#2316 = ( GEOMETRIC_REPRESENTATION_CONTEXT(2) 
PARAMETRIC_REPRESENTATION_CONTEXT() REPRESENTATION_CONTEXT('2D SPACE',''
  ) );
#2317 = PCURVE('',#2318,#2323);
#2318 = CYLINDRICAL_SURFACE('',#2319,1.5);
#2319 = AXIS2_PLACEMENT_3D('',#2320,#2321,#2322);
#2320 = CARTESIAN_POINT('',(52.5,5.5,32.));
#2321 = DIRECTION('',(0.,0.,-1.));
#2322 = DIRECTION('',(1.,-0.,0.));
#2323 = DEFINITIONAL_REPRESENTATION('',(#2324),#2328);
#2324 = LINE('',#2325,#2326);
#2325 = CARTESIAN_POINT('',(-0.,0.));
#2326 = VECTOR('',#2327,1.);
#2327 = DIRECTION('',(-0.,1.));
#2328 = ( GEOMETRIC_REPRESENTATION_CONTEXT(2) 
PARAMETRIC_REPRESENTATION_CONTEXT() REPRESENTATION_CONTEXT('2D SPACE',''
  ) );
#2329 = ADVANCED_FACE('',(#2330),#1878,.T.);
#2330 = FACE_BOUND('',#2331,.F.);
#2331 = EDGE_LOOP('',(#2332,#2352,#2353));
#2332 = ORIENTED_EDGE('',*,*,#2333,.F.);
#2333 = EDGE_CURVE('',#1894,#1836,#2334,.T.);
#2334 = SURFACE_CURVE('',#2335,(#2340,#2346),.PCURVE_S1.);
#2335 = CIRCLE('',#2336,1.5);
#2336 = AXIS2_PLACEMENT_3D('',#2337,#2338,#2339);
#2337 = CARTESIAN_POINT('',(52.5,5.5,26.010401919002));
#2338 = DIRECTION('',(0.,0.,-1.));
#2339 = DIRECTION('',(1.,0.,0.));
#2340 = PCURVE('',#1878,#2341);
#2341 = DEFINITIONAL_REPRESENTATION('',(#2342),#2345);
#2342 = B_SPLINE_CURVE_WITH_KNOTS('',1,(#2343,#2344),.UNSPECIFIED.,.F.,
  .F.,(2,2),(4.712388980385,6.28318530718),.PIECEWISE_BEZIER_KNOTS.);
#2343 = CARTESIAN_POINT('',(0.,-1.570796326795));
#2344 = CARTESIAN_POINT('',(0.,0.));
#2345 = ( GEOMETRIC_REPRESENTATION_CONTEXT(2) 
PARAMETRIC_REPRESENTATION_CONTEXT() REPRESENTATION_CONTEXT('2D SPACE',''
  ) );
#2346 = PCURVE('',#2318,#2347);
#2347 = DEFINITIONAL_REPRESENTATION('',(#2348),#2351);
#2348 = B_SPLINE_CURVE_WITH_KNOTS('',1,(#2349,#2350),.UNSPECIFIED.,.F.,
  .F.,(2,2),(4.712388980385,6.28318530718),.PIECEWISE_BEZIER_KNOTS.);
#2349 = CARTESIAN_POINT('',(-1.570796326795,5.989598080998));
#2350 = CARTESIAN_POINT('',(0.,5.989598080998));
#2351 = ( GEOMETRIC_REPRESENTATION_CONTEXT(2) 
PARAMETRIC_REPRESENTATION_CONTEXT() REPRESENTATION_CONTEXT('2D SPACE',''
  ) );
#2352 = ORIENTED_EDGE('',*,*,#1893,.T.);
#2353 = ORIENTED_EDGE('',*,*,#1863,.F.);
#2354 = ADVANCED_FACE('',(#2355),#1953,.T.);
#2355 = FACE_BOUND('',#2356,.T.);
#2356 = EDGE_LOOP('',(#2357,#2380,#2409,#2438,#2464,#2493,#2519,#2548,
    #2574,#2603,#2627,#2648));
#2357 = ORIENTED_EDGE('',*,*,#2358,.T.);
#2358 = EDGE_CURVE('',#1917,#2359,#2361,.T.);
#2359 = VERTEX_POINT('',#2360);
#2360 = CARTESIAN_POINT('',(-52.5,7.,30.883600708618));
#2361 = SURFACE_CURVE('',#2362,(#2366,#2373),.PCURVE_S1.);
#2362 = LINE('',#2363,#2364);
#2363 = CARTESIAN_POINT('',(-52.5,7.,24.));
#2364 = VECTOR('',#2365,1.);
#2365 = DIRECTION('',(0.,0.,1.));
#2366 = PCURVE('',#1953,#2367);
#2367 = DEFINITIONAL_REPRESENTATION('',(#2368),#2372);
#2368 = LINE('',#2369,#2370);
#2369 = CARTESIAN_POINT('',(52.5,-8.41413252214));
#2370 = VECTOR('',#2371,1.);
#2371 = DIRECTION('',(0.,1.));
#2372 = ( GEOMETRIC_REPRESENTATION_CONTEXT(2) 
PARAMETRIC_REPRESENTATION_CONTEXT() REPRESENTATION_CONTEXT('2D SPACE',''
  ) );
#2373 = PCURVE('',#2147,#2374);
#2374 = DEFINITIONAL_REPRESENTATION('',(#2375),#2379);
#2375 = LINE('',#2376,#2377);
#2376 = CARTESIAN_POINT('',(0.,0.));
#2377 = VECTOR('',#2378,1.);
#2378 = DIRECTION('',(0.,1.));
#2379 = ( GEOMETRIC_REPRESENTATION_CONTEXT(2) 
PARAMETRIC_REPRESENTATION_CONTEXT() REPRESENTATION_CONTEXT('2D SPACE',''
  ) );
#2380 = ORIENTED_EDGE('',*,*,#2381,.T.);
#2381 = EDGE_CURVE('',#2359,#2382,#2384,.T.);
#2382 = VERTEX_POINT('',#2383);
#2383 = CARTESIAN_POINT('',(-11.8665448893,7.,38.118510360067));
#2384 = SURFACE_CURVE('',#2385,(#2390,#2397),.PCURVE_S1.);
#2385 = CIRCLE('',#2386,184.75);
#2386 = AXIS2_PLACEMENT_3D('',#2387,#2388,#2389);
#2387 = CARTESIAN_POINT('',(2.556831758308E-15,7.,-146.25));
#2388 = DIRECTION('',(0.,1.,-0.));
#2389 = DIRECTION('',(-0.289932885906,0.,0.957046979866));
#2390 = PCURVE('',#1953,#2391);
#2391 = DEFINITIONAL_REPRESENTATION('',(#2392),#2396);
#2392 = CIRCLE('',#2393,184.75);
#2393 = AXIS2_PLACEMENT_2D('',#2394,#2395);
#2394 = CARTESIAN_POINT('',(-2.072637171053E-15,-178.6641325221));
#2395 = DIRECTION('',(0.289932885906,0.957046979866));
#2396 = ( GEOMETRIC_REPRESENTATION_CONTEXT(2) 
PARAMETRIC_REPRESENTATION_CONTEXT() REPRESENTATION_CONTEXT('2D SPACE',''
  ) );
#2397 = PCURVE('',#2398,#2403);
#2398 = TOROIDAL_SURFACE('',#2399,184.75,1.5);
#2399 = AXIS2_PLACEMENT_3D('',#2400,#2401,#2402);
#2400 = CARTESIAN_POINT('',(2.556831758308E-15,5.5,-146.25));
#2401 = DIRECTION('',(0.,1.,-0.));
#2402 = DIRECTION('',(-0.289932885906,0.,0.957046979866));
#2403 = DEFINITIONAL_REPRESENTATION('',(#2404),#2408);
#2404 = LINE('',#2405,#2406);
#2405 = CARTESIAN_POINT('',(0.,1.570796326795));
#2406 = VECTOR('',#2407,1.);
#2407 = DIRECTION('',(1.,0.));
#2408 = ( GEOMETRIC_REPRESENTATION_CONTEXT(2) 
PARAMETRIC_REPRESENTATION_CONTEXT() REPRESENTATION_CONTEXT('2D SPACE',''
  ) );
#2409 = ORIENTED_EDGE('',*,*,#2410,.F.);
#2410 = EDGE_CURVE('',#2411,#2382,#2413,.T.);
#2411 = VERTEX_POINT('',#2412);
#2412 = CARTESIAN_POINT('',(-12.,7.,37.5));
#2413 = SURFACE_CURVE('',#2414,(#2419,#2426),.PCURVE_S1.);
#2414 = CIRCLE('',#2415,1.5);
#2415 = AXIS2_PLACEMENT_3D('',#2416,#2417,#2418);
#2416 = CARTESIAN_POINT('',(-10.5,7.,37.5));
#2417 = DIRECTION('',(-0.,1.,0.));
#2418 = DIRECTION('',(0.,0.,1.));
#2419 = PCURVE('',#1953,#2420);
#2420 = DEFINITIONAL_REPRESENTATION('',(#2421),#2425);
#2421 = CIRCLE('',#2422,1.5);
#2422 = AXIS2_PLACEMENT_2D('',#2423,#2424);
#2423 = CARTESIAN_POINT('',(10.5,5.08586747786));
#2424 = DIRECTION('',(0.,1.));
#2425 = ( GEOMETRIC_REPRESENTATION_CONTEXT(2) 
PARAMETRIC_REPRESENTATION_CONTEXT() REPRESENTATION_CONTEXT('2D SPACE',''
  ) );
#2426 = PCURVE('',#2427,#2432);
#2427 = TOROIDAL_SURFACE('',#2428,3.5,1.5);
#2428 = AXIS2_PLACEMENT_3D('',#2429,#2430,#2431);
#2429 = CARTESIAN_POINT('',(-7.,7.,37.5));
#2430 = DIRECTION('',(0.,0.,1.));
#2431 = DIRECTION('',(0.,-1.,0.));
#2432 = DEFINITIONAL_REPRESENTATION('',(#2433),#2437);
#2433 = LINE('',#2434,#2435);
#2434 = CARTESIAN_POINT('',(-1.570796326795,-4.712388980385));
#2435 = VECTOR('',#2436,1.);
#2436 = DIRECTION('',(-0.,1.));
#2437 = ( GEOMETRIC_REPRESENTATION_CONTEXT(2) 
PARAMETRIC_REPRESENTATION_CONTEXT() REPRESENTATION_CONTEXT('2D SPACE',''
  ) );
#2438 = ORIENTED_EDGE('',*,*,#2439,.T.);
#2439 = EDGE_CURVE('',#2411,#2440,#2442,.T.);
#2440 = VERTEX_POINT('',#2441);
#2441 = CARTESIAN_POINT('',(-12.,7.,36.5));
#2442 = SURFACE_CURVE('',#2443,(#2447,#2453),.PCURVE_S1.);
#2443 = LINE('',#2444,#2445);
#2444 = CARTESIAN_POINT('',(-12.,7.,35.));
#2445 = VECTOR('',#2446,1.);
#2446 = DIRECTION('',(0.,0.,-1.));
#2447 = PCURVE('',#1953,#2448);
#2448 = DEFINITIONAL_REPRESENTATION('',(#2449),#2452);
#2449 = B_SPLINE_CURVE_WITH_KNOTS('',1,(#2450,#2451),.UNSPECIFIED.,.F.,
  .F.,(2,2),(-2.5000006,-1.4999994),.PIECEWISE_BEZIER_KNOTS.);
#2450 = CARTESIAN_POINT('',(12.,5.08586807786));
#2451 = CARTESIAN_POINT('',(12.,4.08586687786));
#2452 = ( GEOMETRIC_REPRESENTATION_CONTEXT(2) 
PARAMETRIC_REPRESENTATION_CONTEXT() REPRESENTATION_CONTEXT('2D SPACE',''
  ) );
#2453 = PCURVE('',#2454,#2459);
#2454 = CYLINDRICAL_SURFACE('',#2455,5.);
#2455 = AXIS2_PLACEMENT_3D('',#2456,#2457,#2458);
#2456 = CARTESIAN_POINT('',(-7.,7.,35.));
#2457 = DIRECTION('',(0.,0.,-1.));
#2458 = DIRECTION('',(1.,0.,0.));
#2459 = DEFINITIONAL_REPRESENTATION('',(#2460),#2463);
#2460 = B_SPLINE_CURVE_WITH_KNOTS('',1,(#2461,#2462),.UNSPECIFIED.,.F.,
  .F.,(2,2),(-2.5000006,-1.4999994),.PIECEWISE_BEZIER_KNOTS.);
#2461 = CARTESIAN_POINT('',(3.14159265359,-2.5000006));
#2462 = CARTESIAN_POINT('',(3.14159265359,-1.4999994));
#2463 = ( GEOMETRIC_REPRESENTATION_CONTEXT(2) 
PARAMETRIC_REPRESENTATION_CONTEXT() REPRESENTATION_CONTEXT('2D SPACE',''
  ) );
#2464 = ORIENTED_EDGE('',*,*,#2465,.F.);
#2465 = EDGE_CURVE('',#2466,#2440,#2468,.T.);
#2466 = VERTEX_POINT('',#2467);
#2467 = CARTESIAN_POINT('',(-10.5,7.,35.));
#2468 = SURFACE_CURVE('',#2469,(#2474,#2481),.PCURVE_S1.);
#2469 = CIRCLE('',#2470,1.5);
#2470 = AXIS2_PLACEMENT_3D('',#2471,#2472,#2473);
#2471 = CARTESIAN_POINT('',(-10.5,7.,36.5));
#2472 = DIRECTION('',(-0.,1.,0.));
#2473 = DIRECTION('',(0.,0.,1.));
#2474 = PCURVE('',#1953,#2475);
#2475 = DEFINITIONAL_REPRESENTATION('',(#2476),#2480);
#2476 = CIRCLE('',#2477,1.5);
#2477 = AXIS2_PLACEMENT_2D('',#2478,#2479);
#2478 = CARTESIAN_POINT('',(10.5,4.08586747786));
#2479 = DIRECTION('',(0.,1.));
#2480 = ( GEOMETRIC_REPRESENTATION_CONTEXT(2) 
PARAMETRIC_REPRESENTATION_CONTEXT() REPRESENTATION_CONTEXT('2D SPACE',''
  ) );
#2481 = PCURVE('',#2482,#2487);
#2482 = TOROIDAL_SURFACE('',#2483,3.5,1.5);
#2483 = AXIS2_PLACEMENT_3D('',#2484,#2485,#2486);
#2484 = CARTESIAN_POINT('',(-7.,7.,36.5));
#2485 = DIRECTION('',(-0.,-0.,-1.));
#2486 = DIRECTION('',(0.,-1.,0.));
#2487 = DEFINITIONAL_REPRESENTATION('',(#2488),#2492);
#2488 = LINE('',#2489,#2490);
#2489 = CARTESIAN_POINT('',(1.570796326795,4.712388980385));
#2490 = VECTOR('',#2491,1.);
#2491 = DIRECTION('',(-0.,-1.));
#2492 = ( GEOMETRIC_REPRESENTATION_CONTEXT(2) 
PARAMETRIC_REPRESENTATION_CONTEXT() REPRESENTATION_CONTEXT('2D SPACE',''
  ) );
#2493 = ORIENTED_EDGE('',*,*,#2494,.T.);
#2494 = EDGE_CURVE('',#2466,#2495,#2497,.T.);
#2495 = VERTEX_POINT('',#2496);
#2496 = CARTESIAN_POINT('',(10.5,7.,35.));
#2497 = SURFACE_CURVE('',#2498,(#2502,#2508),.PCURVE_S1.);
#2498 = LINE('',#2499,#2500);
#2499 = CARTESIAN_POINT('',(2.420972936272E-16,7.,35.));
#2500 = VECTOR('',#2501,1.);
#2501 = DIRECTION('',(1.,0.,-0.));
#2502 = PCURVE('',#1953,#2503);
#2503 = DEFINITIONAL_REPRESENTATION('',(#2504),#2507);
#2504 = B_SPLINE_CURVE_WITH_KNOTS('',1,(#2505,#2506),.UNSPECIFIED.,.F.,
  .F.,(2,2),(-10.5,10.5),.PIECEWISE_BEZIER_KNOTS.);
#2505 = CARTESIAN_POINT('',(10.5,2.58586747786));
#2506 = CARTESIAN_POINT('',(-10.5,2.58586747786));
#2507 = ( GEOMETRIC_REPRESENTATION_CONTEXT(2) 
PARAMETRIC_REPRESENTATION_CONTEXT() REPRESENTATION_CONTEXT('2D SPACE',''
  ) );
#2508 = PCURVE('',#2509,#2514);
#2509 = PLANE('',#2510);
#2510 = AXIS2_PLACEMENT_3D('',#2511,#2512,#2513);
#2511 = CARTESIAN_POINT('',(0.,7.,35.));
#2512 = DIRECTION('',(0.,0.,1.));
#2513 = DIRECTION('',(1.,0.,0.));
#2514 = DEFINITIONAL_REPRESENTATION('',(#2515),#2518);
#2515 = B_SPLINE_CURVE_WITH_KNOTS('',1,(#2516,#2517),.UNSPECIFIED.,.F.,
  .F.,(2,2),(-10.5,10.5),.PIECEWISE_BEZIER_KNOTS.);
#2516 = CARTESIAN_POINT('',(-10.5,0.));
#2517 = CARTESIAN_POINT('',(10.5,0.));
#2518 = ( GEOMETRIC_REPRESENTATION_CONTEXT(2) 
PARAMETRIC_REPRESENTATION_CONTEXT() REPRESENTATION_CONTEXT('2D SPACE',''
  ) );
#2519 = ORIENTED_EDGE('',*,*,#2520,.F.);
#2520 = EDGE_CURVE('',#2521,#2495,#2523,.T.);
#2521 = VERTEX_POINT('',#2522);
#2522 = CARTESIAN_POINT('',(12.,7.,36.5));
#2523 = SURFACE_CURVE('',#2524,(#2529,#2536),.PCURVE_S1.);
#2524 = CIRCLE('',#2525,1.5);
#2525 = AXIS2_PLACEMENT_3D('',#2526,#2527,#2528);
#2526 = CARTESIAN_POINT('',(10.5,7.,36.5));
#2527 = DIRECTION('',(-0.,1.,0.));
#2528 = DIRECTION('',(0.,0.,1.));
#2529 = PCURVE('',#1953,#2530);
#2530 = DEFINITIONAL_REPRESENTATION('',(#2531),#2535);
#2531 = CIRCLE('',#2532,1.5);
#2532 = AXIS2_PLACEMENT_2D('',#2533,#2534);
#2533 = CARTESIAN_POINT('',(-10.5,4.08586747786));
#2534 = DIRECTION('',(0.,1.));
#2535 = ( GEOMETRIC_REPRESENTATION_CONTEXT(2) 
PARAMETRIC_REPRESENTATION_CONTEXT() REPRESENTATION_CONTEXT('2D SPACE',''
  ) );
#2536 = PCURVE('',#2537,#2542);
#2537 = TOROIDAL_SURFACE('',#2538,3.5,1.5);
#2538 = AXIS2_PLACEMENT_3D('',#2539,#2540,#2541);
#2539 = CARTESIAN_POINT('',(7.,7.,36.5));
#2540 = DIRECTION('',(-0.,-0.,-1.));
#2541 = DIRECTION('',(0.,1.,-0.));
#2542 = DEFINITIONAL_REPRESENTATION('',(#2543),#2547);
#2543 = LINE('',#2544,#2545);
#2544 = CARTESIAN_POINT('',(1.570796326795,-1.570796326795));
#2545 = VECTOR('',#2546,1.);
#2546 = DIRECTION('',(0.,1.));
#2547 = ( GEOMETRIC_REPRESENTATION_CONTEXT(2) 
PARAMETRIC_REPRESENTATION_CONTEXT() REPRESENTATION_CONTEXT('2D SPACE',''
  ) );
#2548 = ORIENTED_EDGE('',*,*,#2549,.F.);
#2549 = EDGE_CURVE('',#2550,#2521,#2552,.T.);
#2550 = VERTEX_POINT('',#2551);
#2551 = CARTESIAN_POINT('',(12.,7.,37.5));
#2552 = SURFACE_CURVE('',#2553,(#2557,#2563),.PCURVE_S1.);
#2553 = LINE('',#2554,#2555);
#2554 = CARTESIAN_POINT('',(12.,7.,35.));
#2555 = VECTOR('',#2556,1.);
#2556 = DIRECTION('',(0.,0.,-1.));
#2557 = PCURVE('',#1953,#2558);
#2558 = DEFINITIONAL_REPRESENTATION('',(#2559),#2562);
#2559 = B_SPLINE_CURVE_WITH_KNOTS('',1,(#2560,#2561),.UNSPECIFIED.,.F.,
  .F.,(2,2),(-2.5000006,-1.4999994),.PIECEWISE_BEZIER_KNOTS.);
#2560 = CARTESIAN_POINT('',(-12.,5.08586807786));
#2561 = CARTESIAN_POINT('',(-12.,4.08586687786));
#2562 = ( GEOMETRIC_REPRESENTATION_CONTEXT(2) 
PARAMETRIC_REPRESENTATION_CONTEXT() REPRESENTATION_CONTEXT('2D SPACE',''
  ) );
#2563 = PCURVE('',#2564,#2569);
#2564 = CYLINDRICAL_SURFACE('',#2565,5.);
#2565 = AXIS2_PLACEMENT_3D('',#2566,#2567,#2568);
#2566 = CARTESIAN_POINT('',(7.,7.,35.));
#2567 = DIRECTION('',(0.,0.,-1.));
#2568 = DIRECTION('',(-1.,0.,0.));
#2569 = DEFINITIONAL_REPRESENTATION('',(#2570),#2573);
#2570 = B_SPLINE_CURVE_WITH_KNOTS('',1,(#2571,#2572),.UNSPECIFIED.,.F.,
  .F.,(2,2),(-2.5000006,-1.4999994),.PIECEWISE_BEZIER_KNOTS.);
#2571 = CARTESIAN_POINT('',(3.14159265359,-2.5000006));
#2572 = CARTESIAN_POINT('',(3.14159265359,-1.4999994));
#2573 = ( GEOMETRIC_REPRESENTATION_CONTEXT(2) 
PARAMETRIC_REPRESENTATION_CONTEXT() REPRESENTATION_CONTEXT('2D SPACE',''
  ) );
#2574 = ORIENTED_EDGE('',*,*,#2575,.F.);
#2575 = EDGE_CURVE('',#2576,#2550,#2578,.T.);
#2576 = VERTEX_POINT('',#2577);
#2577 = CARTESIAN_POINT('',(11.866544889307,7.,38.118510360067));
#2578 = SURFACE_CURVE('',#2579,(#2584,#2591),.PCURVE_S1.);
#2579 = CIRCLE('',#2580,1.5);
#2580 = AXIS2_PLACEMENT_3D('',#2581,#2582,#2583);
#2581 = CARTESIAN_POINT('',(10.5,7.,37.5));
#2582 = DIRECTION('',(-0.,1.,0.));
#2583 = DIRECTION('',(0.,0.,1.));
#2584 = PCURVE('',#1953,#2585);
#2585 = DEFINITIONAL_REPRESENTATION('',(#2586),#2590);
#2586 = CIRCLE('',#2587,1.5);
#2587 = AXIS2_PLACEMENT_2D('',#2588,#2589);
#2588 = CARTESIAN_POINT('',(-10.5,5.08586747786));
#2589 = DIRECTION('',(0.,1.));
#2590 = ( GEOMETRIC_REPRESENTATION_CONTEXT(2) 
PARAMETRIC_REPRESENTATION_CONTEXT() REPRESENTATION_CONTEXT('2D SPACE',''
  ) );
#2591 = PCURVE('',#2592,#2597);
#2592 = TOROIDAL_SURFACE('',#2593,3.5,1.5);
#2593 = AXIS2_PLACEMENT_3D('',#2594,#2595,#2596);
#2594 = CARTESIAN_POINT('',(7.,7.,37.5));
#2595 = DIRECTION('',(0.,0.,1.));
#2596 = DIRECTION('',(0.,1.,-0.));
#2597 = DEFINITIONAL_REPRESENTATION('',(#2598),#2602);
#2598 = LINE('',#2599,#2600);
#2599 = CARTESIAN_POINT('',(-1.570796326795,1.570796326795));
#2600 = VECTOR('',#2601,1.);
#2601 = DIRECTION('',(-0.,-1.));
#2602 = ( GEOMETRIC_REPRESENTATION_CONTEXT(2) 
PARAMETRIC_REPRESENTATION_CONTEXT() REPRESENTATION_CONTEXT('2D SPACE',''
  ) );
#2603 = ORIENTED_EDGE('',*,*,#2604,.T.);
#2604 = EDGE_CURVE('',#2576,#2605,#2607,.T.);
#2605 = VERTEX_POINT('',#2606);
#2606 = CARTESIAN_POINT('',(52.5,7.,30.883600708618));
#2607 = SURFACE_CURVE('',#2608,(#2613,#2620),.PCURVE_S1.);
#2608 = CIRCLE('',#2609,184.75);
#2609 = AXIS2_PLACEMENT_3D('',#2610,#2611,#2612);
#2610 = CARTESIAN_POINT('',(2.556831758308E-15,7.,-146.25));
#2611 = DIRECTION('',(0.,1.,-0.));
#2612 = DIRECTION('',(-0.289932885906,0.,0.957046979866));
#2613 = PCURVE('',#1953,#2614);
#2614 = DEFINITIONAL_REPRESENTATION('',(#2615),#2619);
#2615 = CIRCLE('',#2616,184.75);
#2616 = AXIS2_PLACEMENT_2D('',#2617,#2618);
#2617 = CARTESIAN_POINT('',(-2.072637171053E-15,-178.6641325221));
#2618 = DIRECTION('',(0.289932885906,0.957046979866));
#2619 = ( GEOMETRIC_REPRESENTATION_CONTEXT(2) 
PARAMETRIC_REPRESENTATION_CONTEXT() REPRESENTATION_CONTEXT('2D SPACE',''
  ) );
#2620 = PCURVE('',#2398,#2621);
#2621 = DEFINITIONAL_REPRESENTATION('',(#2622),#2626);
#2622 = LINE('',#2623,#2624);
#2623 = CARTESIAN_POINT('',(0.,1.570796326795));
#2624 = VECTOR('',#2625,1.);
#2625 = DIRECTION('',(1.,0.));
#2626 = ( GEOMETRIC_REPRESENTATION_CONTEXT(2) 
PARAMETRIC_REPRESENTATION_CONTEXT() REPRESENTATION_CONTEXT('2D SPACE',''
  ) );
#2627 = ORIENTED_EDGE('',*,*,#2628,.T.);
#2628 = EDGE_CURVE('',#2605,#1894,#2629,.T.);
#2629 = SURFACE_CURVE('',#2630,(#2634,#2641),.PCURVE_S1.);
#2630 = LINE('',#2631,#2632);
#2631 = CARTESIAN_POINT('',(52.5,7.,32.));
#2632 = VECTOR('',#2633,1.);
#2633 = DIRECTION('',(0.,0.,-1.));
#2634 = PCURVE('',#1953,#2635);
#2635 = DEFINITIONAL_REPRESENTATION('',(#2636),#2640);
#2636 = LINE('',#2637,#2638);
#2637 = CARTESIAN_POINT('',(-52.5,-0.41413252214));
#2638 = VECTOR('',#2639,1.);
#2639 = DIRECTION('',(0.,-1.));
#2640 = ( GEOMETRIC_REPRESENTATION_CONTEXT(2) 
PARAMETRIC_REPRESENTATION_CONTEXT() REPRESENTATION_CONTEXT('2D SPACE',''
  ) );
#2641 = PCURVE('',#2318,#2642);
#2642 = DEFINITIONAL_REPRESENTATION('',(#2643),#2647);
#2643 = LINE('',#2644,#2645);
#2644 = CARTESIAN_POINT('',(-1.570796326795,0.));
#2645 = VECTOR('',#2646,1.);
#2646 = DIRECTION('',(-0.,1.));
#2647 = ( GEOMETRIC_REPRESENTATION_CONTEXT(2) 
PARAMETRIC_REPRESENTATION_CONTEXT() REPRESENTATION_CONTEXT('2D SPACE',''
  ) );
#2648 = ORIENTED_EDGE('',*,*,#1938,.T.);
#2649 = ADVANCED_FACE('',(#2650),#2011,.F.);
#2650 = FACE_BOUND('',#2651,.F.);
#2651 = EDGE_LOOP('',(#2652,#2683,#2704,#2705));
#2652 = ORIENTED_EDGE('',*,*,#2653,.T.);
#2653 = EDGE_CURVE('',#2654,#2656,#2658,.T.);
#2654 = VERTEX_POINT('',#2655);
#2655 = CARTESIAN_POINT('',(-52.5,-7.,30.883600708618));
#2656 = VERTEX_POINT('',#2657);
#2657 = CARTESIAN_POINT('',(52.5,-7.,30.883600708618));
#2658 = SURFACE_CURVE('',#2659,(#2664,#2671),.PCURVE_S1.);
#2659 = CIRCLE('',#2660,184.75);
#2660 = AXIS2_PLACEMENT_3D('',#2661,#2662,#2663);
#2661 = CARTESIAN_POINT('',(2.556831758308E-15,-7.,-146.25));
#2662 = DIRECTION('',(0.,1.,-0.));
#2663 = DIRECTION('',(-0.289932885906,0.,0.957046979866));
#2664 = PCURVE('',#2011,#2665);
#2665 = DEFINITIONAL_REPRESENTATION('',(#2666),#2670);
#2666 = CIRCLE('',#2667,184.75);
#2667 = AXIS2_PLACEMENT_2D('',#2668,#2669);
#2668 = CARTESIAN_POINT('',(-2.072637171053E-15,-178.6641325221));
#2669 = DIRECTION('',(0.289932885906,0.957046979866));
#2670 = ( GEOMETRIC_REPRESENTATION_CONTEXT(2) 
PARAMETRIC_REPRESENTATION_CONTEXT() REPRESENTATION_CONTEXT('2D SPACE',''
  ) );
#2671 = PCURVE('',#2672,#2677);
#2672 = TOROIDAL_SURFACE('',#2673,184.75,1.5);
#2673 = AXIS2_PLACEMENT_3D('',#2674,#2675,#2676);
#2674 = CARTESIAN_POINT('',(2.556831758308E-15,-5.5,-146.25));
#2675 = DIRECTION('',(-0.,-1.,0.));
#2676 = DIRECTION('',(-0.289932885906,0.,0.957046979866));
#2677 = DEFINITIONAL_REPRESENTATION('',(#2678),#2682);
#2678 = LINE('',#2679,#2680);
#2679 = CARTESIAN_POINT('',(-0.,1.570796326795));
#2680 = VECTOR('',#2681,1.);
#2681 = DIRECTION('',(-1.,0.));
#2682 = ( GEOMETRIC_REPRESENTATION_CONTEXT(2) 
PARAMETRIC_REPRESENTATION_CONTEXT() REPRESENTATION_CONTEXT('2D SPACE',''
  ) );
#2683 = ORIENTED_EDGE('',*,*,#2684,.T.);
#2684 = EDGE_CURVE('',#2656,#1973,#2685,.T.);
#2685 = SURFACE_CURVE('',#2686,(#2690,#2697),.PCURVE_S1.);
#2686 = LINE('',#2687,#2688);
#2687 = CARTESIAN_POINT('',(52.5,-7.,32.));
#2688 = VECTOR('',#2689,1.);
#2689 = DIRECTION('',(0.,0.,-1.));
#2690 = PCURVE('',#2011,#2691);
#2691 = DEFINITIONAL_REPRESENTATION('',(#2692),#2696);
#2692 = LINE('',#2693,#2694);
#2693 = CARTESIAN_POINT('',(-52.5,-0.41413252214));
#2694 = VECTOR('',#2695,1.);
#2695 = DIRECTION('',(0.,-1.));
#2696 = ( GEOMETRIC_REPRESENTATION_CONTEXT(2) 
PARAMETRIC_REPRESENTATION_CONTEXT() REPRESENTATION_CONTEXT('2D SPACE',''
  ) );
#2697 = PCURVE('',#2236,#2698);
#2698 = DEFINITIONAL_REPRESENTATION('',(#2699),#2703);
#2699 = LINE('',#2700,#2701);
#2700 = CARTESIAN_POINT('',(-0.,0.));
#2701 = VECTOR('',#2702,1.);
#2702 = DIRECTION('',(-0.,1.));
#2703 = ( GEOMETRIC_REPRESENTATION_CONTEXT(2) 
PARAMETRIC_REPRESENTATION_CONTEXT() REPRESENTATION_CONTEXT('2D SPACE',''
  ) );
#2704 = ORIENTED_EDGE('',*,*,#1994,.T.);
#2705 = ORIENTED_EDGE('',*,*,#2706,.T.);
#2706 = EDGE_CURVE('',#1995,#2654,#2707,.T.);
#2707 = SURFACE_CURVE('',#2708,(#2712,#2719),.PCURVE_S1.);
#2708 = LINE('',#2709,#2710);
#2709 = CARTESIAN_POINT('',(-52.5,-7.,24.));
#2710 = VECTOR('',#2711,1.);
#2711 = DIRECTION('',(0.,0.,1.));
#2712 = PCURVE('',#2011,#2713);
#2713 = DEFINITIONAL_REPRESENTATION('',(#2714),#2718);
#2714 = LINE('',#2715,#2716);
#2715 = CARTESIAN_POINT('',(52.5,-8.41413252214));
#2716 = VECTOR('',#2717,1.);
#2717 = DIRECTION('',(0.,1.));
#2718 = ( GEOMETRIC_REPRESENTATION_CONTEXT(2) 
PARAMETRIC_REPRESENTATION_CONTEXT() REPRESENTATION_CONTEXT('2D SPACE',''
  ) );
#2719 = PCURVE('',#2066,#2720);
#2720 = DEFINITIONAL_REPRESENTATION('',(#2721),#2725);
#2721 = LINE('',#2722,#2723);
#2722 = CARTESIAN_POINT('',(-0.,0.));
#2723 = VECTOR('',#2724,1.);
#2724 = DIRECTION('',(-0.,1.));
#2725 = ( GEOMETRIC_REPRESENTATION_CONTEXT(2) 
PARAMETRIC_REPRESENTATION_CONTEXT() REPRESENTATION_CONTEXT('2D SPACE',''
  ) );
#2726 = ADVANCED_FACE('',(#2727),#2066,.T.);
#2727 = FACE_BOUND('',#2728,.F.);
#2728 = EDGE_LOOP('',(#2729,#2730,#2731,#2756));
#2729 = ORIENTED_EDGE('',*,*,#2052,.T.);
#2730 = ORIENTED_EDGE('',*,*,#2111,.T.);
#2731 = ORIENTED_EDGE('',*,*,#2732,.F.);
#2732 = EDGE_CURVE('',#2654,#2082,#2733,.T.);
#2733 = SURFACE_CURVE('',#2734,(#2739,#2745),.PCURVE_S1.);
#2734 = CIRCLE('',#2735,1.5);
#2735 = AXIS2_PLACEMENT_3D('',#2736,#2737,#2738);
#2736 = CARTESIAN_POINT('',(-52.5,-5.5,30.883600708618));
#2737 = DIRECTION('',(4.057724291527E-15,0.,-1.));
#2738 = DIRECTION('',(-1.,0.,-4.057724291527E-15));
#2739 = PCURVE('',#2066,#2740);
#2740 = DEFINITIONAL_REPRESENTATION('',(#2741),#2744);
#2741 = B_SPLINE_CURVE_WITH_KNOTS('',1,(#2742,#2743),.UNSPECIFIED.,.F.,
  .F.,(2,2),(4.712388980385,6.28318530718),.PIECEWISE_BEZIER_KNOTS.);
#2742 = CARTESIAN_POINT('',(0.,6.883600708618));
#2743 = CARTESIAN_POINT('',(-1.570796326795,6.883600708618));
#2744 = ( GEOMETRIC_REPRESENTATION_CONTEXT(2) 
PARAMETRIC_REPRESENTATION_CONTEXT() REPRESENTATION_CONTEXT('2D SPACE',''
  ) );
#2745 = PCURVE('',#2746,#2751);
#2746 = SPHERICAL_SURFACE('',#2747,1.5);
#2747 = AXIS2_PLACEMENT_3D('',#2748,#2749,#2750);
#2748 = CARTESIAN_POINT('',(-52.5,-5.5,30.883600708618));
#2749 = DIRECTION('',(0.,1.,-0.));
#2750 = DIRECTION('',(-0.284167794317,0.,0.958774564052));
#2751 = DEFINITIONAL_REPRESENTATION('',(#2752),#2755);
#2752 = B_SPLINE_CURVE_WITH_KNOTS('',1,(#2753,#2754),.UNSPECIFIED.,.F.,
  .F.,(2,2),(4.712388980385,6.28318530718),.PIECEWISE_BEZIER_KNOTS.);
#2753 = CARTESIAN_POINT('',(-1.282657999313,-1.570796326795));
#2754 = CARTESIAN_POINT('',(-1.282657999313,0.));
#2755 = ( GEOMETRIC_REPRESENTATION_CONTEXT(2) 
PARAMETRIC_REPRESENTATION_CONTEXT() REPRESENTATION_CONTEXT('2D SPACE',''
  ) );
#2756 = ORIENTED_EDGE('',*,*,#2706,.F.);
#2757 = ADVANCED_FACE('',(#2758),#2099,.T.);
#2758 = FACE_BOUND('',#2759,.T.);
#2759 = EDGE_LOOP('',(#2760,#2789,#2790,#2814));
#2760 = ORIENTED_EDGE('',*,*,#2761,.T.);
#2761 = EDGE_CURVE('',#2762,#2084,#2764,.T.);
#2762 = VERTEX_POINT('',#2763);
#2763 = CARTESIAN_POINT('',(-52.92625169147,5.5,32.321762554696));
#2764 = SURFACE_CURVE('',#2765,(#2770,#2777),.PCURVE_S1.);
#2765 = CIRCLE('',#2766,1.5);
#2766 = AXIS2_PLACEMENT_3D('',#2767,#2768,#2769);
#2767 = CARTESIAN_POINT('',(-52.5,5.5,30.883600708618));
#2768 = DIRECTION('',(-0.,-1.,0.));
#2769 = DIRECTION('',(-0.284167794317,0.,0.958774564052));
#2770 = PCURVE('',#2099,#2771);
#2771 = DEFINITIONAL_REPRESENTATION('',(#2772),#2776);
#2772 = LINE('',#2773,#2774);
#2773 = CARTESIAN_POINT('',(0.,-0.5));
#2774 = VECTOR('',#2775,1.);
#2775 = DIRECTION('',(1.,0.));
#2776 = ( GEOMETRIC_REPRESENTATION_CONTEXT(2) 
PARAMETRIC_REPRESENTATION_CONTEXT() REPRESENTATION_CONTEXT('2D SPACE',''
  ) );
#2777 = PCURVE('',#2778,#2783);
#2778 = SPHERICAL_SURFACE('',#2779,1.5);
#2779 = AXIS2_PLACEMENT_3D('',#2780,#2781,#2782);
#2780 = CARTESIAN_POINT('',(-52.5,5.5,30.883600708618));
#2781 = DIRECTION('',(-0.,-1.,0.));
#2782 = DIRECTION('',(-0.284167794317,0.,0.958774564052));
#2783 = DEFINITIONAL_REPRESENTATION('',(#2784),#2788);
#2784 = LINE('',#2785,#2786);
#2785 = CARTESIAN_POINT('',(0.,0.));
#2786 = VECTOR('',#2787,1.);
#2787 = DIRECTION('',(1.,0.));
#2788 = ( GEOMETRIC_REPRESENTATION_CONTEXT(2) 
PARAMETRIC_REPRESENTATION_CONTEXT() REPRESENTATION_CONTEXT('2D SPACE',''
  ) );
#2789 = ORIENTED_EDGE('',*,*,#2081,.F.);
#2790 = ORIENTED_EDGE('',*,*,#2791,.F.);
#2791 = EDGE_CURVE('',#2792,#2082,#2794,.T.);
#2792 = VERTEX_POINT('',#2793);
#2793 = CARTESIAN_POINT('',(-52.92625169147,-5.5,32.321762554696));
#2794 = SURFACE_CURVE('',#2795,(#2800,#2807),.PCURVE_S1.);
#2795 = CIRCLE('',#2796,1.5);
#2796 = AXIS2_PLACEMENT_3D('',#2797,#2798,#2799);
#2797 = CARTESIAN_POINT('',(-52.5,-5.5,30.883600708618));
#2798 = DIRECTION('',(-0.,-1.,0.));
#2799 = DIRECTION('',(-0.284167794317,0.,0.958774564052));
#2800 = PCURVE('',#2099,#2801);
#2801 = DEFINITIONAL_REPRESENTATION('',(#2802),#2806);
#2802 = LINE('',#2803,#2804);
#2803 = CARTESIAN_POINT('',(0.,10.5));
#2804 = VECTOR('',#2805,1.);
#2805 = DIRECTION('',(1.,0.));
#2806 = ( GEOMETRIC_REPRESENTATION_CONTEXT(2) 
PARAMETRIC_REPRESENTATION_CONTEXT() REPRESENTATION_CONTEXT('2D SPACE',''
  ) );
#2807 = PCURVE('',#2746,#2808);
#2808 = DEFINITIONAL_REPRESENTATION('',(#2809),#2813);
#2809 = LINE('',#2810,#2811);
#2810 = CARTESIAN_POINT('',(-0.,0.));
#2811 = VECTOR('',#2812,1.);
#2812 = DIRECTION('',(-1.,0.));
#2813 = ( GEOMETRIC_REPRESENTATION_CONTEXT(2) 
PARAMETRIC_REPRESENTATION_CONTEXT() REPRESENTATION_CONTEXT('2D SPACE',''
  ) );
#2814 = ORIENTED_EDGE('',*,*,#2815,.T.);
#2815 = EDGE_CURVE('',#2792,#2762,#2816,.T.);
#2816 = SURFACE_CURVE('',#2817,(#2821,#2828),.PCURVE_S1.);
#2817 = LINE('',#2818,#2819);
#2818 = CARTESIAN_POINT('',(-52.92625169147,-5.5,32.321762554696));
#2819 = VECTOR('',#2820,1.);
#2820 = DIRECTION('',(0.,1.,0.));
#2821 = PCURVE('',#2099,#2822);
#2822 = DEFINITIONAL_REPRESENTATION('',(#2823),#2827);
#2823 = LINE('',#2824,#2825);
#2824 = CARTESIAN_POINT('',(0.,10.5));
#2825 = VECTOR('',#2826,1.);
#2826 = DIRECTION('',(-0.,-1.));
#2827 = ( GEOMETRIC_REPRESENTATION_CONTEXT(2) 
PARAMETRIC_REPRESENTATION_CONTEXT() REPRESENTATION_CONTEXT('2D SPACE',''
  ) );
#2828 = PCURVE('',#2829,#2834);
#2829 = CYLINDRICAL_SURFACE('',#2830,186.25);
#2830 = AXIS2_PLACEMENT_3D('',#2831,#2832,#2833);
#2831 = CARTESIAN_POINT('',(2.556831758308E-15,0.,-146.25));
#2832 = DIRECTION('',(-0.,-1.,0.));
#2833 = DIRECTION('',(-0.289932885906,0.,0.957046979866));
#2834 = DEFINITIONAL_REPRESENTATION('',(#2835),#2839);
#2835 = LINE('',#2836,#2837);
#2836 = CARTESIAN_POINT('',(6.277166923885,5.5));
#2837 = VECTOR('',#2838,1.);
#2838 = DIRECTION('',(0.,-1.));
#2839 = ( GEOMETRIC_REPRESENTATION_CONTEXT(2) 
PARAMETRIC_REPRESENTATION_CONTEXT() REPRESENTATION_CONTEXT('2D SPACE',''
  ) );
#2840 = ADVANCED_FACE('',(#2841),#2147,.T.);
#2841 = FACE_BOUND('',#2842,.T.);
#2842 = EDGE_LOOP('',(#2843,#2844,#2845,#2865));
#2843 = ORIENTED_EDGE('',*,*,#2162,.T.);
#2844 = ORIENTED_EDGE('',*,*,#2133,.T.);
#2845 = ORIENTED_EDGE('',*,*,#2846,.F.);
#2846 = EDGE_CURVE('',#2359,#2084,#2847,.T.);
#2847 = SURFACE_CURVE('',#2848,(#2853,#2859),.PCURVE_S1.);
#2848 = CIRCLE('',#2849,1.5);
#2849 = AXIS2_PLACEMENT_3D('',#2850,#2851,#2852);
#2850 = CARTESIAN_POINT('',(-52.5,5.5,30.883600708618));
#2851 = DIRECTION('',(-4.057724291527E-15,0.,1.));
#2852 = DIRECTION('',(-1.,0.,-4.057724291527E-15));
#2853 = PCURVE('',#2147,#2854);
#2854 = DEFINITIONAL_REPRESENTATION('',(#2855),#2858);
#2855 = B_SPLINE_CURVE_WITH_KNOTS('',1,(#2856,#2857),.UNSPECIFIED.,.F.,
  .F.,(2,2),(4.712388980385,6.28318530718),.PIECEWISE_BEZIER_KNOTS.);
#2856 = CARTESIAN_POINT('',(0.,6.883600708618));
#2857 = CARTESIAN_POINT('',(1.570796326795,6.883600708618));
#2858 = ( GEOMETRIC_REPRESENTATION_CONTEXT(2) 
PARAMETRIC_REPRESENTATION_CONTEXT() REPRESENTATION_CONTEXT('2D SPACE',''
  ) );
#2859 = PCURVE('',#2778,#2860);
#2860 = DEFINITIONAL_REPRESENTATION('',(#2861),#2864);
#2861 = B_SPLINE_CURVE_WITH_KNOTS('',1,(#2862,#2863),.UNSPECIFIED.,.F.,
  .F.,(2,2),(4.712388980385,6.28318530718),.PIECEWISE_BEZIER_KNOTS.);
#2862 = CARTESIAN_POINT('',(1.282657999313,-1.570796326795));
#2863 = CARTESIAN_POINT('',(1.282657999313,0.));
#2864 = ( GEOMETRIC_REPRESENTATION_CONTEXT(2) 
PARAMETRIC_REPRESENTATION_CONTEXT() REPRESENTATION_CONTEXT('2D SPACE',''
  ) );
#2865 = ORIENTED_EDGE('',*,*,#2358,.F.);
#2866 = ADVANCED_FACE('',(#2867),#2204,.T.);
#2867 = FACE_BOUND('',#2868,.T.);
#2868 = EDGE_LOOP('',(#2869,#2870,#2893,#2920));
#2869 = ORIENTED_EDGE('',*,*,#2187,.F.);
#2870 = ORIENTED_EDGE('',*,*,#2871,.F.);
#2871 = EDGE_CURVE('',#2872,#2188,#2874,.T.);
#2872 = VERTEX_POINT('',#2873);
#2873 = CARTESIAN_POINT('',(55.,-1.714505518806E-15,0.));
#2874 = SEAM_CURVE('',#2875,(#2879,#2886),.PCURVE_S1.);
#2875 = LINE('',#2876,#2877);
#2876 = CARTESIAN_POINT('',(55.,-1.714505518806E-15,0.));
#2877 = VECTOR('',#2878,1.);
#2878 = DIRECTION('',(0.,0.,1.));
#2879 = PCURVE('',#2204,#2880);
#2880 = DEFINITIONAL_REPRESENTATION('',(#2881),#2885);
#2881 = LINE('',#2882,#2883);
#2882 = CARTESIAN_POINT('',(0.,-0.));
#2883 = VECTOR('',#2884,1.);
#2884 = DIRECTION('',(0.,1.));
#2885 = ( GEOMETRIC_REPRESENTATION_CONTEXT(2) 
PARAMETRIC_REPRESENTATION_CONTEXT() REPRESENTATION_CONTEXT('2D SPACE',''
  ) );
#2886 = PCURVE('',#2204,#2887);
#2887 = DEFINITIONAL_REPRESENTATION('',(#2888),#2892);
#2888 = LINE('',#2889,#2890);
#2889 = CARTESIAN_POINT('',(6.28318530718,-0.));
#2890 = VECTOR('',#2891,1.);
#2891 = DIRECTION('',(0.,1.));
#2892 = ( GEOMETRIC_REPRESENTATION_CONTEXT(2) 
PARAMETRIC_REPRESENTATION_CONTEXT() REPRESENTATION_CONTEXT('2D SPACE',''
  ) );
#2893 = ORIENTED_EDGE('',*,*,#2894,.T.);
#2894 = EDGE_CURVE('',#2872,#2872,#2895,.T.);
#2895 = SURFACE_CURVE('',#2896,(#2901,#2908),.PCURVE_S1.);
#2896 = CIRCLE('',#2897,7.);
#2897 = AXIS2_PLACEMENT_3D('',#2898,#2899,#2900);
#2898 = CARTESIAN_POINT('',(48.,0.,0.));
#2899 = DIRECTION('',(0.,0.,1.));
#2900 = DIRECTION('',(1.,0.,-0.));
#2901 = PCURVE('',#2204,#2902);
#2902 = DEFINITIONAL_REPRESENTATION('',(#2903),#2907);
#2903 = LINE('',#2904,#2905);
#2904 = CARTESIAN_POINT('',(0.,0.));
#2905 = VECTOR('',#2906,1.);
#2906 = DIRECTION('',(1.,0.));
#2907 = ( GEOMETRIC_REPRESENTATION_CONTEXT(2) 
PARAMETRIC_REPRESENTATION_CONTEXT() REPRESENTATION_CONTEXT('2D SPACE',''
  ) );
#2908 = PCURVE('',#2909,#2914);
#2909 = PLANE('',#2910);
#2910 = AXIS2_PLACEMENT_3D('',#2911,#2912,#2913);
#2911 = CARTESIAN_POINT('',(48.,0.,0.));
#2912 = DIRECTION('',(0.,0.,1.));
#2913 = DIRECTION('',(1.,0.,-0.));
#2914 = DEFINITIONAL_REPRESENTATION('',(#2915),#2919);
#2915 = CIRCLE('',#2916,7.);
#2916 = AXIS2_PLACEMENT_2D('',#2917,#2918);
#2917 = CARTESIAN_POINT('',(0.,0.));
#2918 = DIRECTION('',(1.,0.));
#2919 = ( GEOMETRIC_REPRESENTATION_CONTEXT(2) 
PARAMETRIC_REPRESENTATION_CONTEXT() REPRESENTATION_CONTEXT('2D SPACE',''
  ) );
#2920 = ORIENTED_EDGE('',*,*,#2871,.T.);
#2921 = ADVANCED_FACE('',(#2922),#2236,.T.);
#2922 = FACE_BOUND('',#2923,.F.);
#2923 = EDGE_LOOP('',(#2924,#2949,#2950,#2951));
#2924 = ORIENTED_EDGE('',*,*,#2925,.T.);
#2925 = EDGE_CURVE('',#2656,#2254,#2926,.T.);
#2926 = SURFACE_CURVE('',#2927,(#2932,#2938),.PCURVE_S1.);
#2927 = CIRCLE('',#2928,1.5);
#2928 = AXIS2_PLACEMENT_3D('',#2929,#2930,#2931);
#2929 = CARTESIAN_POINT('',(52.5,-5.5,30.883600708618));
#2930 = DIRECTION('',(-2.75891032524E-15,0.,1.));
#2931 = DIRECTION('',(1.,0.,2.75891032524E-15));
#2932 = PCURVE('',#2236,#2933);
#2933 = DEFINITIONAL_REPRESENTATION('',(#2934),#2937);
#2934 = B_SPLINE_CURVE_WITH_KNOTS('',1,(#2935,#2936),.UNSPECIFIED.,.F.,
  .F.,(2,2),(4.712388980385,6.28318530718),.PIECEWISE_BEZIER_KNOTS.);
#2935 = CARTESIAN_POINT('',(0.,1.116399291382));
#2936 = CARTESIAN_POINT('',(-1.570796326795,1.116399291382));
#2937 = ( GEOMETRIC_REPRESENTATION_CONTEXT(2) 
PARAMETRIC_REPRESENTATION_CONTEXT() REPRESENTATION_CONTEXT('2D SPACE',''
  ) );
#2938 = PCURVE('',#2939,#2944);
#2939 = SPHERICAL_SURFACE('',#2940,1.5);
#2940 = AXIS2_PLACEMENT_3D('',#2941,#2942,#2943);
#2941 = CARTESIAN_POINT('',(52.5,-5.5,30.883600708618));
#2942 = DIRECTION('',(0.,1.,-0.));
#2943 = DIRECTION('',(0.284167794317,0.,0.958774564052));
#2944 = DEFINITIONAL_REPRESENTATION('',(#2945),#2948);
#2945 = B_SPLINE_CURVE_WITH_KNOTS('',1,(#2946,#2947),.UNSPECIFIED.,.F.,
  .F.,(2,2),(4.712388980385,6.28318530718),.PIECEWISE_BEZIER_KNOTS.);
#2946 = CARTESIAN_POINT('',(1.282657999313,-1.570796326795));
#2947 = CARTESIAN_POINT('',(1.282657999313,0.));
#2948 = ( GEOMETRIC_REPRESENTATION_CONTEXT(2) 
PARAMETRIC_REPRESENTATION_CONTEXT() REPRESENTATION_CONTEXT('2D SPACE',''
  ) );
#2949 = ORIENTED_EDGE('',*,*,#2253,.T.);
#2950 = ORIENTED_EDGE('',*,*,#2222,.F.);
#2951 = ORIENTED_EDGE('',*,*,#2684,.F.);
#2952 = ADVANCED_FACE('',(#2953),#2292,.T.);
#2953 = FACE_BOUND('',#2954,.T.);
#2954 = EDGE_LOOP('',(#2955,#2980,#3002,#3003));
#2955 = ORIENTED_EDGE('',*,*,#2956,.T.);
#2956 = EDGE_CURVE('',#2957,#2959,#2961,.T.);
#2957 = VERTEX_POINT('',#2958);
#2958 = CARTESIAN_POINT('',(52.926251691475,5.5,32.321762554696));
#2959 = VERTEX_POINT('',#2960);
#2960 = CARTESIAN_POINT('',(52.926251691475,-5.5,32.321762554696));
#2961 = SURFACE_CURVE('',#2962,(#2966,#2973),.PCURVE_S1.);
#2962 = LINE('',#2963,#2964);
#2963 = CARTESIAN_POINT('',(52.926251691475,5.5,32.321762554696));
#2964 = VECTOR('',#2965,1.);
#2965 = DIRECTION('',(0.,-1.,0.));
#2966 = PCURVE('',#2292,#2967);
#2967 = DEFINITIONAL_REPRESENTATION('',(#2968),#2972);
#2968 = LINE('',#2969,#2970);
#2969 = CARTESIAN_POINT('',(0.,12.5));
#2970 = VECTOR('',#2971,1.);
#2971 = DIRECTION('',(-0.,-1.));
#2972 = ( GEOMETRIC_REPRESENTATION_CONTEXT(2) 
PARAMETRIC_REPRESENTATION_CONTEXT() REPRESENTATION_CONTEXT('2D SPACE',''
  ) );
#2973 = PCURVE('',#2829,#2974);
#2974 = DEFINITIONAL_REPRESENTATION('',(#2975),#2979);
#2975 = LINE('',#2976,#2977);
#2976 = CARTESIAN_POINT('',(5.700890268921,-5.5));
#2977 = VECTOR('',#2978,1.);
#2978 = DIRECTION('',(0.,1.));
#2979 = ( GEOMETRIC_REPRESENTATION_CONTEXT(2) 
PARAMETRIC_REPRESENTATION_CONTEXT() REPRESENTATION_CONTEXT('2D SPACE',''
  ) );
#2980 = ORIENTED_EDGE('',*,*,#2981,.T.);
#2981 = EDGE_CURVE('',#2959,#2254,#2982,.T.);
#2982 = SURFACE_CURVE('',#2983,(#2988,#2995),.PCURVE_S1.);
#2983 = CIRCLE('',#2984,1.5);
#2984 = AXIS2_PLACEMENT_3D('',#2985,#2986,#2987);
#2985 = CARTESIAN_POINT('',(52.5,-5.5,30.883600708618));
#2986 = DIRECTION('',(0.,1.,-0.));
#2987 = DIRECTION('',(0.284167794317,0.,0.958774564052));
#2988 = PCURVE('',#2292,#2989);
#2989 = DEFINITIONAL_REPRESENTATION('',(#2990),#2994);
#2990 = LINE('',#2991,#2992);
#2991 = CARTESIAN_POINT('',(0.,1.5));
#2992 = VECTOR('',#2993,1.);
#2993 = DIRECTION('',(1.,0.));
#2994 = ( GEOMETRIC_REPRESENTATION_CONTEXT(2) 
PARAMETRIC_REPRESENTATION_CONTEXT() REPRESENTATION_CONTEXT('2D SPACE',''
  ) );
#2995 = PCURVE('',#2939,#2996);
#2996 = DEFINITIONAL_REPRESENTATION('',(#2997),#3001);
#2997 = LINE('',#2998,#2999);
#2998 = CARTESIAN_POINT('',(0.,0.));
#2999 = VECTOR('',#3000,1.);
#3000 = DIRECTION('',(1.,0.));
#3001 = ( GEOMETRIC_REPRESENTATION_CONTEXT(2) 
PARAMETRIC_REPRESENTATION_CONTEXT() REPRESENTATION_CONTEXT('2D SPACE',''
  ) );
#3002 = ORIENTED_EDGE('',*,*,#2276,.F.);
#3003 = ORIENTED_EDGE('',*,*,#3004,.T.);
#3004 = EDGE_CURVE('',#2277,#2957,#3005,.T.);
#3005 = SURFACE_CURVE('',#3006,(#3011,#3018),.PCURVE_S1.);
#3006 = CIRCLE('',#3007,1.5);
#3007 = AXIS2_PLACEMENT_3D('',#3008,#3009,#3010);
#3008 = CARTESIAN_POINT('',(52.5,5.5,30.883600708618));
#3009 = DIRECTION('',(0.,-1.,0.));
#3010 = DIRECTION('',(1.,-0.,-2.368475785867E-15));
#3011 = PCURVE('',#2292,#3012);
#3012 = DEFINITIONAL_REPRESENTATION('',(#3013),#3017);
#3013 = LINE('',#3014,#3015);
#3014 = CARTESIAN_POINT('',(1.282657999313,12.5));
#3015 = VECTOR('',#3016,1.);
#3016 = DIRECTION('',(-1.,-0.));
#3017 = ( GEOMETRIC_REPRESENTATION_CONTEXT(2) 
PARAMETRIC_REPRESENTATION_CONTEXT() REPRESENTATION_CONTEXT('2D SPACE',''
  ) );
#3018 = PCURVE('',#3019,#3024);
#3019 = SPHERICAL_SURFACE('',#3020,1.5);
#3020 = AXIS2_PLACEMENT_3D('',#3021,#3022,#3023);
#3021 = CARTESIAN_POINT('',(52.5,5.5,30.883600708618));
#3022 = DIRECTION('',(-0.,-1.,0.));
#3023 = DIRECTION('',(1.,-0.,-2.368475785867E-15));
#3024 = DEFINITIONAL_REPRESENTATION('',(#3025),#3029);
#3025 = LINE('',#3026,#3027);
#3026 = CARTESIAN_POINT('',(0.,0.));
#3027 = VECTOR('',#3028,1.);
#3028 = DIRECTION('',(1.,0.));
#3029 = ( GEOMETRIC_REPRESENTATION_CONTEXT(2) 
PARAMETRIC_REPRESENTATION_CONTEXT() REPRESENTATION_CONTEXT('2D SPACE',''
  ) );
#3030 = ADVANCED_FACE('',(#3031),#2318,.T.);
#3031 = FACE_BOUND('',#3032,.F.);
#3032 = EDGE_LOOP('',(#3033,#3053,#3054,#3055));
#3033 = ORIENTED_EDGE('',*,*,#3034,.F.);
#3034 = EDGE_CURVE('',#2605,#2277,#3035,.T.);
#3035 = SURFACE_CURVE('',#3036,(#3041,#3047),.PCURVE_S1.);
#3036 = CIRCLE('',#3037,1.5);
#3037 = AXIS2_PLACEMENT_3D('',#3038,#3039,#3040);
#3038 = CARTESIAN_POINT('',(52.5,5.5,30.883600708618));
#3039 = DIRECTION('',(-2.368475785867E-15,0.,-1.));
#3040 = DIRECTION('',(1.,0.,-2.368475785867E-15));
#3041 = PCURVE('',#2318,#3042);
#3042 = DEFINITIONAL_REPRESENTATION('',(#3043),#3046);
#3043 = B_SPLINE_CURVE_WITH_KNOTS('',1,(#3044,#3045),.UNSPECIFIED.,.F.,
  .F.,(2,2),(4.712388980385,6.28318530718),.PIECEWISE_BEZIER_KNOTS.);
#3044 = CARTESIAN_POINT('',(-1.570796326795,1.116399291382));
#3045 = CARTESIAN_POINT('',(0.,1.116399291382));
#3046 = ( GEOMETRIC_REPRESENTATION_CONTEXT(2) 
PARAMETRIC_REPRESENTATION_CONTEXT() REPRESENTATION_CONTEXT('2D SPACE',''
  ) );
#3047 = PCURVE('',#3019,#3048);
#3048 = DEFINITIONAL_REPRESENTATION('',(#3049),#3052);
#3049 = B_SPLINE_CURVE_WITH_KNOTS('',1,(#3050,#3051),.UNSPECIFIED.,.F.,
  .F.,(2,2),(4.712388980385,6.28318530718),.PIECEWISE_BEZIER_KNOTS.);
#3050 = CARTESIAN_POINT('',(0.,-1.570796326795));
#3051 = CARTESIAN_POINT('',(0.,0.));
#3052 = ( GEOMETRIC_REPRESENTATION_CONTEXT(2) 
PARAMETRIC_REPRESENTATION_CONTEXT() REPRESENTATION_CONTEXT('2D SPACE',''
  ) );
#3053 = ORIENTED_EDGE('',*,*,#2628,.T.);
#3054 = ORIENTED_EDGE('',*,*,#2333,.T.);
#3055 = ORIENTED_EDGE('',*,*,#2304,.F.);
#3056 = ADVANCED_FACE('',(#3057),#2398,.T.);
#3057 = FACE_BOUND('',#3058,.T.);
#3058 = EDGE_LOOP('',(#3059,#3184,#3185,#3205,#3227,#3247,#3248,#3358));
#3059 = ORIENTED_EDGE('',*,*,#3060,.F.);
#3060 = EDGE_CURVE('',#2382,#3061,#3063,.T.);
#3061 = VERTEX_POINT('',#3062);
#3062 = CARTESIAN_POINT('',(-10.49248743381,6.770802433159,39.));
#3063 = SURFACE_CURVE('',#3064,(#3102,#3143),.PCURVE_S1.);
#3064 = B_SPLINE_CURVE_WITH_KNOTS('',6,(#3065,#3066,#3067,#3068,#3069,
    #3070,#3071,#3072,#3073,#3074,#3075,#3076,#3077,#3078,#3079,#3080,
    #3081,#3082,#3083,#3084,#3085,#3086,#3087,#3088,#3089,#3090,#3091,
    #3092,#3093,#3094,#3095,#3096,#3097,#3098,#3099,#3100,#3101),
  .UNSPECIFIED.,.F.,.F.,(7,5,5,5,5,5,5,7),(0.,0.343616918214,
    0.601161970114,0.705764461689,0.835871074042,0.972902600921,
    0.988652298537,1.),.UNSPECIFIED.);
#3065 = CARTESIAN_POINT('',(-11.8665448893,7.,38.118510360067));
#3066 = CARTESIAN_POINT('',(-11.82799434101,6.9999999993,38.203684444137
    ));
#3067 = CARTESIAN_POINT('',(-11.78278126136,6.994552025855,
    38.286620177822));
#3068 = CARTESIAN_POINT('',(-11.73107878707,6.984312306436,
    38.366455309777));
#3069 = CARTESIAN_POINT('',(-11.67314663355,6.970122584858,
    38.442464138133));
#3070 = CARTESIAN_POINT('',(-11.60927854942,6.952943539483,
    38.51405335399));
#3071 = CARTESIAN_POINT('',(-11.48762446902,6.919508400164,
    38.630668686523));
#3072 = CARTESIAN_POINT('',(-11.43233009738,6.904101088396,
    38.677849217989));
#3073 = CARTESIAN_POINT('',(-11.37396540671,6.888054069074,
    38.722043819535));
#3074 = CARTESIAN_POINT('',(-11.31265514533,6.871846710456,
    38.763037658406));
#3075 = CARTESIAN_POINT('',(-11.24854873201,6.856001715138,
    38.800611810792));
#3076 = CARTESIAN_POINT('',(-11.15472918495,6.834977260233,
    38.848312956677));
#3077 = CARTESIAN_POINT('',(-11.12720087169,6.829052117369,
    38.861487891423));
#3078 = CARTESIAN_POINT('',(-11.09925635574,6.82331079623,38.87404359522
    ));
#3079 = CARTESIAN_POINT('',(-11.07091159727,6.817789232939,
    38.885963428123));
#3080 = CARTESIAN_POINT('',(-11.04218519103,6.812523026809,
    38.897230303949));
#3081 = CARTESIAN_POINT('',(-10.97691960817,6.801358709189,
    38.921006681562));
#3082 = CARTESIAN_POINT('',(-10.94018327183,6.795619320493,
    38.933149494061));
#3083 = CARTESIAN_POINT('',(-10.90293152216,6.790396095789,
    38.944221581979));
#3084 = CARTESIAN_POINT('',(-10.86521444722,6.785753095632,
    38.954188939822));
#3085 = CARTESIAN_POINT('',(-10.82709109218,6.781747107439,
    38.963019356656));
#3086 = CARTESIAN_POINT('',(-10.74812283195,6.774922240957,
    38.978757969822));
#3087 = CARTESIAN_POINT('',(-10.70723917401,6.772177652592,
    38.985539217748));
#3088 = CARTESIAN_POINT('',(-10.66606305549,6.770242479967,
    38.990994945711));
#3089 = CARTESIAN_POINT('',(-10.624684189,6.769153439239,38.995098604313
    ));
#3090 = CARTESIAN_POINT('',(-10.583198155,6.76892708455,38.997833054832)
  );
#3091 = CARTESIAN_POINT('',(-10.53693720927,6.769628330667,
    38.999349372928));
#3092 = CARTESIAN_POINT('',(-10.53216822568,6.769711919513,
    38.999487529543));
#3093 = CARTESIAN_POINT('',(-10.52739929036,6.769806797629,
    38.999607522802));
#3094 = CARTESIAN_POINT('',(-10.52263055106,6.769912950617,
    38.999709346857));
#3095 = CARTESIAN_POINT('',(-10.51786215526,6.770030360181,
    38.999792997905));
#3096 = CARTESIAN_POINT('',(-10.50965896107,6.770251692452,
    38.999905650033));
#3097 = CARTESIAN_POINT('',(-10.50622392616,6.770350212838,
    38.99994339092));
#3098 = CARTESIAN_POINT('',(-10.50278920119,6.77045455696,
    38.999971696188));
#3099 = CARTESIAN_POINT('',(-10.49935484128,6.77056471547,
    38.999990565731));
#3100 = CARTESIAN_POINT('',(-10.49592090089,6.770680678001,39.));
#3101 = CARTESIAN_POINT('',(-10.49248743381,6.770802433159,39.));
#3102 = PCURVE('',#2398,#3103);
#3103 = DEFINITIONAL_REPRESENTATION('',(#3104),#3142);
#3104 = B_SPLINE_CURVE_WITH_KNOTS('',6,(#3105,#3106,#3107,#3108,#3109,
    #3110,#3111,#3112,#3113,#3114,#3115,#3116,#3117,#3118,#3119,#3120,
    #3121,#3122,#3123,#3124,#3125,#3126,#3127,#3128,#3129,#3130,#3131,
    #3132,#3133,#3134,#3135,#3136,#3137,#3138,#3139,#3140,#3141),
  .UNSPECIFIED.,.F.,.F.,(7,5,5,5,5,5,5,7),(0.,0.343616918214,
    0.601161970114,0.705764461689,0.835871074042,0.972902600921,
    0.988652298537,1.),.UNSPECIFIED.);
#3105 = CARTESIAN_POINT('',(0.22988218103,1.570796326795));
#3106 = CARTESIAN_POINT('',(0.230120025149,1.515781596295));
#3107 = CARTESIAN_POINT('',(0.230392824073,1.462532961998));
#3108 = CARTESIAN_POINT('',(0.230699287865,1.411312208107));
#3109 = CARTESIAN_POINT('',(0.231037727558,1.362382510229));
#3110 = CARTESIAN_POINT('',(0.231406343351,1.316044817133));
#3111 = CARTESIAN_POINT('',(0.232101218231,1.240158608934));
#3112 = CARTESIAN_POINT('',(0.232414914303,1.209316896358));
#3113 = CARTESIAN_POINT('',(0.232743976123,1.180294120498));
#3114 = CARTESIAN_POINT('',(0.233087670028,1.153282662415));
#3115 = CARTESIAN_POINT('',(0.233445136517,1.12851835023));
#3116 = CARTESIAN_POINT('',(0.233965707981,1.097231994563));
#3117 = CARTESIAN_POINT('',(0.234118162114,1.088610516954));
#3118 = CARTESIAN_POINT('',(0.234272633468,1.080422861966));
#3119 = CARTESIAN_POINT('',(0.234429032624,1.072688183876));
#3120 = CARTESIAN_POINT('',(0.23458725609,1.06542622428));
#3121 = CARTESIAN_POINT('',(0.234946110601,1.050238007543));
#3122 = CARTESIAN_POINT('',(0.235147675317,1.042581297325));
#3123 = CARTESIAN_POINT('',(0.235351647197,1.035725680282));
#3124 = CARTESIAN_POINT('',(0.235557750842,1.029709776205));
#3125 = CARTESIAN_POINT('',(0.23576566377,1.024569074251));
#3126 = CARTESIAN_POINT('',(0.236195501721,1.015870806781));
#3127 = CARTESIAN_POINT('',(0.236417593872,1.012411821558));
#3128 = CARTESIAN_POINT('',(0.236640834708,1.009990183604));
#3129 = CARTESIAN_POINT('',(0.236864740523,1.008630834564));
#3130 = CARTESIAN_POINT('',(0.23708879922,1.008346259543));
#3131 = CARTESIAN_POINT('',(0.237338180244,1.009224033571));
#3132 = CARTESIAN_POINT('',(0.237363883104,1.009328680235));
#3133 = CARTESIAN_POINT('',(0.237389580191,1.009447482849));
#3134 = CARTESIAN_POINT('',(0.237415270721,1.009580434942));
#3135 = CARTESIAN_POINT('',(0.23744095391,1.009727527535));
#3136 = CARTESIAN_POINT('',(0.237485127935,1.01000490977));
#3137 = CARTESIAN_POINT('',(0.237503622683,1.010128399688));
#3138 = CARTESIAN_POINT('',(0.237522112918,1.010259224923));
#3139 = CARTESIAN_POINT('',(0.237540598347,1.010397383225));
#3140 = CARTESIAN_POINT('',(0.237559078683,1.010542864074));
#3141 = CARTESIAN_POINT('',(0.237577553649,1.010695648677));
#3142 = ( GEOMETRIC_REPRESENTATION_CONTEXT(2) 
PARAMETRIC_REPRESENTATION_CONTEXT() REPRESENTATION_CONTEXT('2D SPACE',''
  ) );
#3143 = PCURVE('',#2427,#3144);
#3144 = DEFINITIONAL_REPRESENTATION('',(#3145),#3183);
#3145 = B_SPLINE_CURVE_WITH_KNOTS('',6,(#3146,#3147,#3148,#3149,#3150,
    #3151,#3152,#3153,#3154,#3155,#3156,#3157,#3158,#3159,#3160,#3161,
    #3162,#3163,#3164,#3165,#3166,#3167,#3168,#3169,#3170,#3171,#3172,
    #3173,#3174,#3175,#3176,#3177,#3178,#3179,#3180,#3181,#3182),
  .UNSPECIFIED.,.F.,.F.,(7,5,5,5,5,5,5,7),(0.,0.343616918214,
    0.601161970114,0.705764461689,0.835871074042,0.972902600921,
    0.988652298537,1.),.UNSPECIFIED.);
#3146 = CARTESIAN_POINT('',(-1.570796322444,0.425021368084));
#3147 = CARTESIAN_POINT('',(-1.5707963223,0.487349422659));
#3148 = CARTESIAN_POINT('',(-1.569676865737,0.550149470146));
#3149 = CARTESIAN_POINT('',(-1.567532839779,0.613286088815));
#3150 = CARTESIAN_POINT('',(-1.564480339291,0.676703534805));
#3151 = CARTESIAN_POINT('',(-1.560654220839,0.740405539865));
#3152 = CARTESIAN_POINT('',(-1.552900302721,0.852511443397));
#3153 = CARTESIAN_POINT('',(-1.549238516739,0.900743222013));
#3154 = CARTESIAN_POINT('',(-1.545307108234,0.949225587802));
#3155 = CARTESIAN_POINT('',(-1.541187811629,0.998004361267));
#3156 = CARTESIAN_POINT('',(-1.536980732882,1.0471318196));
#3157 = CARTESIAN_POINT('',(-1.531108890993,1.116784014913));
#3158 = CARTESIAN_POINT('',(-1.529418111458,1.136968097926));
#3159 = CARTESIAN_POINT('',(-1.527740668197,1.157220965305));
#3160 = CARTESIAN_POINT('',(-1.526085165303,1.177544674728));
#3161 = CARTESIAN_POINT('',(-1.52446071464,1.197940339508));
#3162 = CARTESIAN_POINT('',(-1.520907000988,1.243866362525));
#3163 = CARTESIAN_POINT('',(-1.518999961583,1.269436202962));
#3164 = CARTESIAN_POINT('',(-1.517174176943,1.295117072582));
#3165 = CARTESIAN_POINT('',(-1.515449095163,1.320905368441));
#3166 = CARTESIAN_POINT('',(-1.513844237921,1.346793399127));
#3167 = CARTESIAN_POINT('',(-1.510834102059,1.400125757975));
#3168 = CARTESIAN_POINT('',(-1.509443906778,1.427580853827));
#3169 = CARTESIAN_POINT('',(-1.508229369181,1.455116534749));
#3170 = CARTESIAN_POINT('',(-1.507210602216,1.482713450721));
#3171 = CARTESIAN_POINT('',(-1.50640432222,1.510348550183));
#3172 = CARTESIAN_POINT('',(-1.505755192553,1.541171039572));
#3173 = CARTESIAN_POINT('',(-1.505691235639,1.544348570864));
#3174 = CARTESIAN_POINT('',(-1.50563025596,1.547526208562));
#3175 = CARTESIAN_POINT('',(-1.505572270191,1.550703913453));
#3176 = CARTESIAN_POINT('',(-1.505517294097,1.553881646229));
#3177 = CARTESIAN_POINT('',(-1.505427911301,1.559348924609));
#3178 = CARTESIAN_POINT('',(-1.505392050164,1.56163847612));
#3179 = CARTESIAN_POINT('',(-1.505357764693,1.563928006796));
#3180 = CARTESIAN_POINT('',(-1.505325060195,1.56621750176));
#3181 = CARTESIAN_POINT('',(-1.505293941717,1.568506946485));
#3182 = CARTESIAN_POINT('',(-1.505264414048,1.570796326795));
#3183 = ( GEOMETRIC_REPRESENTATION_CONTEXT(2) 
PARAMETRIC_REPRESENTATION_CONTEXT() REPRESENTATION_CONTEXT('2D SPACE',''
  ) );
#3184 = ORIENTED_EDGE('',*,*,#2381,.F.);
#3185 = ORIENTED_EDGE('',*,*,#3186,.T.);
#3186 = EDGE_CURVE('',#2359,#2762,#3187,.T.);
#3187 = SURFACE_CURVE('',#3188,(#3193,#3199),.PCURVE_S1.);
#3188 = CIRCLE('',#3189,1.5);
#3189 = AXIS2_PLACEMENT_3D('',#3190,#3191,#3192);
#3190 = CARTESIAN_POINT('',(-52.5,5.5,30.883600708618));
#3191 = DIRECTION('',(0.958774564052,0.,0.284167794317));
#3192 = DIRECTION('',(-0.284167794317,0.,0.958774564052));
#3193 = PCURVE('',#2398,#3194);
#3194 = DEFINITIONAL_REPRESENTATION('',(#3195),#3198);
#3195 = B_SPLINE_CURVE_WITH_KNOTS('',1,(#3196,#3197),.UNSPECIFIED.,.F.,
  .F.,(2,2),(4.712388980385,6.28318530718),.PIECEWISE_BEZIER_KNOTS.);
#3196 = CARTESIAN_POINT('',(6.018383294905E-03,1.570796326795));
#3197 = CARTESIAN_POINT('',(6.018383294905E-03,0.));
#3198 = ( GEOMETRIC_REPRESENTATION_CONTEXT(2) 
PARAMETRIC_REPRESENTATION_CONTEXT() REPRESENTATION_CONTEXT('2D SPACE',''
  ) );
#3199 = PCURVE('',#2778,#3200);
#3200 = DEFINITIONAL_REPRESENTATION('',(#3201),#3204);
#3201 = B_SPLINE_CURVE_WITH_KNOTS('',1,(#3202,#3203),.UNSPECIFIED.,.F.,
  .F.,(2,2),(4.712388980385,6.28318530718),.PIECEWISE_BEZIER_KNOTS.);
#3202 = CARTESIAN_POINT('',(0.,-1.570796326795));
#3203 = CARTESIAN_POINT('',(0.,0.));
#3204 = ( GEOMETRIC_REPRESENTATION_CONTEXT(2) 
PARAMETRIC_REPRESENTATION_CONTEXT() REPRESENTATION_CONTEXT('2D SPACE',''
  ) );
#3205 = ORIENTED_EDGE('',*,*,#3206,.T.);
#3206 = EDGE_CURVE('',#2762,#2957,#3207,.T.);
#3207 = SURFACE_CURVE('',#3208,(#3213,#3220),.PCURVE_S1.);
#3208 = CIRCLE('',#3209,186.25);
#3209 = AXIS2_PLACEMENT_3D('',#3210,#3211,#3212);
#3210 = CARTESIAN_POINT('',(2.556831758308E-15,5.5,-146.25));
#3211 = DIRECTION('',(0.,1.,-0.));
#3212 = DIRECTION('',(-0.289932885906,0.,0.957046979866));
#3213 = PCURVE('',#2398,#3214);
#3214 = DEFINITIONAL_REPRESENTATION('',(#3215),#3219);
#3215 = LINE('',#3216,#3217);
#3216 = CARTESIAN_POINT('',(0.,0.));
#3217 = VECTOR('',#3218,1.);
#3218 = DIRECTION('',(1.,0.));
#3219 = ( GEOMETRIC_REPRESENTATION_CONTEXT(2) 
PARAMETRIC_REPRESENTATION_CONTEXT() REPRESENTATION_CONTEXT('2D SPACE',''
  ) );
#3220 = PCURVE('',#2829,#3221);
#3221 = DEFINITIONAL_REPRESENTATION('',(#3222),#3226);
#3222 = LINE('',#3223,#3224);
#3223 = CARTESIAN_POINT('',(6.28318530718,-5.5));
#3224 = VECTOR('',#3225,1.);
#3225 = DIRECTION('',(-1.,0.));
#3226 = ( GEOMETRIC_REPRESENTATION_CONTEXT(2) 
PARAMETRIC_REPRESENTATION_CONTEXT() REPRESENTATION_CONTEXT('2D SPACE',''
  ) );
#3227 = ORIENTED_EDGE('',*,*,#3228,.F.);
#3228 = EDGE_CURVE('',#2605,#2957,#3229,.T.);
#3229 = SURFACE_CURVE('',#3230,(#3235,#3241),.PCURVE_S1.);
#3230 = CIRCLE('',#3231,1.5);
#3231 = AXIS2_PLACEMENT_3D('',#3232,#3233,#3234);
#3232 = CARTESIAN_POINT('',(52.5,5.5,30.883600708618));
#3233 = DIRECTION('',(0.958774564052,0.,-0.284167794317));
#3234 = DIRECTION('',(0.284167794317,0.,0.958774564052));
#3235 = PCURVE('',#2398,#3236);
#3236 = DEFINITIONAL_REPRESENTATION('',(#3237),#3240);
#3237 = B_SPLINE_CURVE_WITH_KNOTS('',1,(#3238,#3239),.UNSPECIFIED.,.F.,
  .F.,(2,2),(4.712388980385,6.28318530718),.PIECEWISE_BEZIER_KNOTS.);
#3238 = CARTESIAN_POINT('',(0.582295038259,1.570796326795));
#3239 = CARTESIAN_POINT('',(0.582295038259,0.));
#3240 = ( GEOMETRIC_REPRESENTATION_CONTEXT(2) 
PARAMETRIC_REPRESENTATION_CONTEXT() REPRESENTATION_CONTEXT('2D SPACE',''
  ) );
#3241 = PCURVE('',#3019,#3242);
#3242 = DEFINITIONAL_REPRESENTATION('',(#3243),#3246);
#3243 = B_SPLINE_CURVE_WITH_KNOTS('',1,(#3244,#3245),.UNSPECIFIED.,.F.,
  .F.,(2,2),(4.712388980385,6.28318530718),.PIECEWISE_BEZIER_KNOTS.);
#3244 = CARTESIAN_POINT('',(1.282657999313,-1.570796326795));
#3245 = CARTESIAN_POINT('',(1.282657999313,0.));
#3246 = ( GEOMETRIC_REPRESENTATION_CONTEXT(2) 
PARAMETRIC_REPRESENTATION_CONTEXT() REPRESENTATION_CONTEXT('2D SPACE',''
  ) );
#3247 = ORIENTED_EDGE('',*,*,#2604,.F.);
#3248 = ORIENTED_EDGE('',*,*,#3249,.F.);
#3249 = EDGE_CURVE('',#3250,#2576,#3252,.T.);
#3250 = VERTEX_POINT('',#3251);
#3251 = CARTESIAN_POINT('',(10.492487433815,6.770802433159,39.));
#3252 = SURFACE_CURVE('',#3253,(#3286,#3322),.PCURVE_S1.);
#3253 = B_SPLINE_CURVE_WITH_KNOTS('',6,(#3254,#3255,#3256,#3257,#3258,
    #3259,#3260,#3261,#3262,#3263,#3264,#3265,#3266,#3267,#3268,#3269,
    #3270,#3271,#3272,#3273,#3274,#3275,#3276,#3277,#3278,#3279,#3280,
    #3281,#3282,#3283,#3284,#3285),.UNSPECIFIED.,.F.,.F.,(7,5,5,5,5,5,7)
  ,(0.,2.697052320604E-02,0.164354910861,0.294466136114,0.399470786858,
    0.656214360563,1.),.UNSPECIFIED.);
#3254 = CARTESIAN_POINT('',(10.492487433815,6.770802433159,39.));
#3255 = CARTESIAN_POINT('',(10.500647888579,6.770513052938,39.));
#3256 = CARTESIAN_POINT('',(10.508811018173,6.770256394511,
    38.999946706885));
#3257 = CARTESIAN_POINT('',(10.516976092297,6.770032611267,
    38.999840107176));
#3258 = CARTESIAN_POINT('',(10.525142374709,6.769841823274,
    38.999680205045));
#3259 = CARTESIAN_POINT('',(10.533309123224,6.769684117269,
    38.999467022322));
#3260 = CARTESIAN_POINT('',(10.583074523086,6.76892499999,
    38.997843469653));
#3261 = CARTESIAN_POINT('',(10.624667771961,6.769150148596,
    38.995104789456));
#3262 = CARTESIAN_POINT('',(10.666153396451,6.770242490476,
    38.990989801838));
#3263 = CARTESIAN_POINT('',(10.707435075953,6.772185340055,
    38.985515780585));
#3264 = CARTESIAN_POINT('',(10.748422421507,6.774941645226,38.9787095049
    ));
#3265 = CARTESIAN_POINT('',(10.827490311645,6.781787817225,
    38.962929033525));
#3266 = CARTESIAN_POINT('',(10.865611589905,6.785799580215,
    38.954088341446));
#3267 = CARTESIAN_POINT('',(10.903326127813,6.790448023251,
    38.944110847092));
#3268 = CARTESIAN_POINT('',(10.940574922846,6.795676307541,
    38.933028777693));
#3269 = CARTESIAN_POINT('',(10.977307929581,6.80142033631,
    38.920876146547));
#3270 = CARTESIAN_POINT('',(11.042677685729,6.812611192234,
    38.897041959698));
#3271 = CARTESIAN_POINT('',(11.071508955934,6.817901669861,
    38.885721919432));
#3272 = CARTESIAN_POINT('',(11.099955387059,6.823449016738,
    38.873744113599));
#3273 = CARTESIAN_POINT('',(11.127998200057,6.829217215588,
    38.861125821793));
#3274 = CARTESIAN_POINT('',(11.155621284619,6.835169913522,
    38.847883869006));
#3275 = CARTESIAN_POINT('',(11.249292405296,6.856186583812,
    38.80017227561));
#3276 = CARTESIAN_POINT('',(11.313173617327,6.871985223146,
    38.762683937376));
#3277 = CARTESIAN_POINT('',(11.374275079329,6.888140482119,
    38.721798632559));
#3278 = CARTESIAN_POINT('',(11.432448892611,6.904134753058,
    38.677733196922));
#3279 = CARTESIAN_POINT('',(11.487571468171,6.919493147507,38.6307004445
    ));
#3280 = CARTESIAN_POINT('',(11.609121787749,6.952901370886,
    38.514229040432));
#3281 = CARTESIAN_POINT('',(11.673032886411,6.970094719806,
    38.442613358781));
#3282 = CARTESIAN_POINT('',(11.731002650413,6.984297226991,
    38.366572871611));
#3283 = CARTESIAN_POINT('',(11.782736877739,6.994546674696,
    38.286701582026));
#3284 = CARTESIAN_POINT('',(11.827975417526,6.999999999951,
    38.203726255957));
#3285 = CARTESIAN_POINT('',(11.866544889307,7.,38.118510360067));
#3286 = PCURVE('',#2398,#3287);
#3287 = DEFINITIONAL_REPRESENTATION('',(#3288),#3321);
#3288 = B_SPLINE_CURVE_WITH_KNOTS('',6,(#3289,#3290,#3291,#3292,#3293,
    #3294,#3295,#3296,#3297,#3298,#3299,#3300,#3301,#3302,#3303,#3304,
    #3305,#3306,#3307,#3308,#3309,#3310,#3311,#3312,#3313,#3314,#3315,
    #3316,#3317,#3318,#3319,#3320),.UNSPECIFIED.,.F.,.F.,(7,5,5,5,5,5,7)
  ,(0.,2.697052320604E-02,0.164354910861,0.294466136114,0.399470786858,
    0.656214360563,1.),.UNSPECIFIED.);
#3289 = CARTESIAN_POINT('',(0.350735867917,1.010695667923));
#3290 = CARTESIAN_POINT('',(0.350779778089,1.010332538816));
#3291 = CARTESIAN_POINT('',(0.350823718616,1.010010695915));
#3292 = CARTESIAN_POINT('',(0.350867685651,1.009730258503));
#3293 = CARTESIAN_POINT('',(0.350911675297,1.009491303347));
#3294 = CARTESIAN_POINT('',(0.350955683604,1.009293864694));
#3295 = CARTESIAN_POINT('',(0.351223953931,1.008343644703));
#3296 = CARTESIAN_POINT('',(0.351448590786,1.00862673402));
#3297 = CARTESIAN_POINT('',(0.351673074489,1.009990179296));
#3298 = CARTESIAN_POINT('',(0.351896888979,1.012421395776));
#3299 = CARTESIAN_POINT('',(0.352119546892,1.015895216356));
#3300 = CARTESIAN_POINT('',(0.352549934304,1.024621265917));
#3301 = CARTESIAN_POINT('',(0.352757839447,1.029769832107));
#3302 = CARTESIAN_POINT('',(0.352963932826,1.0357934246));
#3303 = CARTESIAN_POINT('',(0.353167892182,1.042656528897));
#3304 = CARTESIAN_POINT('',(0.35336944234,1.050320511345));
#3305 = CARTESIAN_POINT('',(0.353728876445,1.065547257233));
#3306 = CARTESIAN_POINT('',(0.353887681646,1.072844313444));
#3307 = CARTESIAN_POINT('',(0.354044647088,1.080617472451));
#3308 = CARTESIAN_POINT('',(0.354199668245,1.088846769));
#3309 = CARTESIAN_POINT('',(0.35435265485,1.097512838196));
#3310 = CARTESIAN_POINT('',(0.354872433159,1.128808107645));
#3311 = CARTESIAN_POINT('',(0.355228660521,1.15351572397));
#3312 = CARTESIAN_POINT('',(0.355571195264,1.18045495563));
#3313 = CARTESIAN_POINT('',(0.355899186567,1.209392391374));
#3314 = CARTESIAN_POINT('',(0.356211907585,1.240137486739));
#3315 = CARTESIAN_POINT('',(0.35690617346,1.315931099547));
#3316 = CARTESIAN_POINT('',(0.357275029492,1.362286451263));
#3317 = CARTESIAN_POINT('',(0.357613682394,1.411236782423));
#3318 = CARTESIAN_POINT('',(0.35792032969,1.462480696911));
#3319 = CARTESIAN_POINT('',(0.358193279652,1.515754589615));
#3320 = CARTESIAN_POINT('',(0.358431240524,1.570796326795));
#3321 = ( GEOMETRIC_REPRESENTATION_CONTEXT(2) 
PARAMETRIC_REPRESENTATION_CONTEXT() REPRESENTATION_CONTEXT('2D SPACE',''
  ) );
#3322 = PCURVE('',#2592,#3323);
#3323 = DEFINITIONAL_REPRESENTATION('',(#3324),#3357);
#3324 = B_SPLINE_CURVE_WITH_KNOTS('',6,(#3325,#3326,#3327,#3328,#3329,
    #3330,#3331,#3332,#3333,#3334,#3335,#3336,#3337,#3338,#3339,#3340,
    #3341,#3342,#3343,#3344,#3345,#3346,#3347,#3348,#3349,#3350,#3351,
    #3352,#3353,#3354,#3355,#3356),.UNSPECIFIED.,.F.,.F.,(7,5,5,5,5,5,7)
  ,(0.,2.697052320604E-02,0.164354910861,0.294466136114,0.399470786858,
    0.656214360563,1.),.UNSPECIFIED.);
#3325 = CARTESIAN_POINT('',(-1.636328239541,1.570796326795));
#3326 = CARTESIAN_POINT('',(-1.636258059983,1.565355067565));
#3327 = CARTESIAN_POINT('',(-1.636178894064,1.559913443768));
#3328 = CARTESIAN_POINT('',(-1.636090806288,1.5544716509));
#3329 = CARTESIAN_POINT('',(-1.635993869102,1.54902988576));
#3330 = CARTESIAN_POINT('',(-1.635888162891,1.543588346456));
#3331 = CARTESIAN_POINT('',(-1.635191103747,1.510430894946));
#3332 = CARTESIAN_POINT('',(-1.634383166073,1.482724509642));
#3333 = CARTESIAN_POINT('',(-1.633361618327,1.455056489329));
#3334 = CARTESIAN_POINT('',(-1.632143308521,1.427450061403));
#3335 = CARTESIAN_POINT('',(-1.630748514954,1.399924712455));
#3336 = CARTESIAN_POINT('',(-1.627731874705,1.346522549545));
#3337 = CARTESIAN_POINT('',(-1.626125879809,1.320634452713));
#3338 = CARTESIAN_POINT('',(-1.62439978714,1.294846161096));
#3339 = CARTESIAN_POINT('',(-1.622573121349,1.269165344168));
#3340 = CARTESIAN_POINT('',(-1.620665329818,1.243595584423));
#3341 = CARTESIAN_POINT('',(-1.617104451813,1.197591759552));
#3342 = CARTESIAN_POINT('',(-1.615473234672,1.177118762629));
#3343 = CARTESIAN_POINT('',(-1.613810845705,1.156718265874));
#3344 = CARTESIAN_POINT('',(-1.612126497098,1.136389131186));
#3345 = CARTESIAN_POINT('',(-1.61042888481,1.116129265321));
#3346 = CARTESIAN_POINT('',(-1.604562979457,1.046560771686));
#3347 = CARTESIAN_POINT('',(-1.60036987613,0.997589352707));
#3348 = CARTESIAN_POINT('',(-1.596264666969,0.94896410927));
#3349 = CARTESIAN_POINT('',(-1.592346443251,0.900633252125));
#3350 = CARTESIAN_POINT('',(-1.588696178302,0.852551379825));
#3351 = CARTESIAN_POINT('',(-1.580947824789,0.740561880382));
#3352 = CARTESIAN_POINT('',(-1.577118314902,0.676828055205));
#3353 = CARTESIAN_POINT('',(-1.574062954914,0.61337902574));
#3354 = CARTESIAN_POINT('',(-1.571916903357,0.55021114729));
#3355 = CARTESIAN_POINT('',(-1.570796327111,0.487380010213));
#3356 = CARTESIAN_POINT('',(-1.570796327101,0.425021359148));
#3357 = ( GEOMETRIC_REPRESENTATION_CONTEXT(2) 
PARAMETRIC_REPRESENTATION_CONTEXT() REPRESENTATION_CONTEXT('2D SPACE',''
  ) );
#3358 = ORIENTED_EDGE('',*,*,#3359,.F.);
#3359 = EDGE_CURVE('',#3061,#3250,#3360,.T.);
#3360 = SURFACE_CURVE('',#3361,(#3412,#3466),.PCURVE_S1.);
#3361 = B_SPLINE_CURVE_WITH_KNOTS('',7,(#3362,#3363,#3364,#3365,#3366,
    #3367,#3368,#3369,#3370,#3371,#3372,#3373,#3374,#3375,#3376,#3377,
    #3378,#3379,#3380,#3381,#3382,#3383,#3384,#3385,#3386,#3387,#3388,
    #3389,#3390,#3391,#3392,#3393,#3394,#3395,#3396,#3397,#3398,#3399,
    #3400,#3401,#3402,#3403,#3404,#3405,#3406,#3407,#3408,#3409,#3410,
    #3411),.UNSPECIFIED.,.F.,.F.,(8,6,6,6,6,6,6,6,8),(0.,0.152646633974,
    0.501992677242,0.836819870608,0.928403577411,0.966567016086,
    0.984102987195,0.992070693307,1.),.UNSPECIFIED.);
#3362 = CARTESIAN_POINT('',(-12.6,6.678474406111,39.));
#3363 = CARTESIAN_POINT('',(-12.05159378947,6.707779546899,39.));
#3364 = CARTESIAN_POINT('',(-11.50285209621,6.733400700721,39.));
#3365 = CARTESIAN_POINT('',(-10.95385777974,6.755957052673,39.));
#3366 = CARTESIAN_POINT('',(-10.4046702359,6.775885361273,39.));
#3367 = CARTESIAN_POINT('',(-9.855331547926,6.793525246053,39.));
#3368 = CARTESIAN_POINT('',(-9.305869444967,6.809161633866,39.));
#3369 = CARTESIAN_POINT('',(-7.498549483116,6.854750513156,39.));
#3370 = CARTESIAN_POINT('',(-6.240282464077,6.877188773264,39.));
#3371 = CARTESIAN_POINT('',(-4.981691467244,6.893112881356,39.));
#3372 = CARTESIAN_POINT('',(-3.722909426297,6.904019659751,39.));
#3373 = CARTESIAN_POINT('',(-2.464030313487,6.910941266399,39.));
#3374 = CARTESIAN_POINT('',(-1.20510575679,6.91434018459,39.));
#3375 = CARTESIAN_POINT('',(1.260483014484,6.914086783217,39.));
#3376 = CARTESIAN_POINT('',(2.467089280805,6.91072140673,39.));
#3377 = CARTESIAN_POINT('',(3.673651491014,6.904099563076,39.));
#3378 = CARTESIAN_POINT('',(4.880122294933,6.893806343081,39.));
#3379 = CARTESIAN_POINT('',(6.086420720671,6.878955340579,39.));
#3380 = CARTESIAN_POINT('',(7.292433793161,6.858248544533,39.));
#3381 = CARTESIAN_POINT('',(8.827753036497,6.821476211342,39.));
#3382 = CARTESIAN_POINT('',(9.157470676633,6.812967312199,39.));
#3383 = CARTESIAN_POINT('',(9.487149088509,6.803799721935,39.));
#3384 = CARTESIAN_POINT('',(9.816783180981,6.793920509808,39.));
#3385 = CARTESIAN_POINT('',(10.146366636359,6.783269575604,39.));
#3386 = CARTESIAN_POINT('',(10.475891798429,6.771777728483,39.));
#3387 = CARTESIAN_POINT('',(10.942636437533,6.754192215409,39.));
#3388 = CARTESIAN_POINT('',(11.079911561973,6.748859680476,39.));
#3389 = CARTESIAN_POINT('',(11.217174257884,6.743361395281,39.));
#3390 = CARTESIAN_POINT('',(11.354423768286,6.737691166947,39.));
#3391 = CARTESIAN_POINT('',(11.491659255118,6.731842375453,39.));
#3392 = CARTESIAN_POINT('',(11.628879799238,6.725807973633,39.));
#3393 = CARTESIAN_POINT('',(11.829129451025,6.716718978196,39.));
#3394 = CARTESIAN_POINT('',(11.89217113347,6.713816695242,39.));
#3395 = CARTESIAN_POINT('',(11.955209349615,6.710872908444,39.));
#3396 = CARTESIAN_POINT('',(12.01824399614,6.707886862566,39.));
#3397 = CARTESIAN_POINT('',(12.081274964545,6.704857777008,39.));
#3398 = CARTESIAN_POINT('',(12.144302141148,6.701784845805,39.));
#3399 = CARTESIAN_POINT('',(12.235960882032,6.697250710102,39.));
#3400 = CARTESIAN_POINT('',(12.264478843631,6.695830732198,39.));
#3401 = CARTESIAN_POINT('',(12.292880331478,6.694407309623,39.));
#3402 = CARTESIAN_POINT('',(12.321166362623,6.69298044811,39.));
#3403 = CARTESIAN_POINT('',(12.349337931574,6.69155015341,39.));
#3404 = CARTESIAN_POINT('',(12.377396010297,6.690116431296,39.));
#3405 = CARTESIAN_POINT('',(12.433152405918,6.687249069973,39.));
#3406 = CARTESIAN_POINT('',(12.460962450082,6.685809773402,39.));
#3407 = CARTESIAN_POINT('',(12.488771665311,6.684361322227,39.));
#3408 = CARTESIAN_POINT('',(12.516580038239,6.682903639311,39.));
#3409 = CARTESIAN_POINT('',(12.54438755753,6.681436646011,39.));
#3410 = CARTESIAN_POINT('',(12.572194213876,6.679960262167,39.));
#3411 = CARTESIAN_POINT('',(12.6,6.678474406111,39.));
#3412 = PCURVE('',#2398,#3413);
#3413 = DEFINITIONAL_REPRESENTATION('',(#3414),#3465);
#3414 = B_SPLINE_CURVE_WITH_KNOTS('',7,(#3415,#3416,#3417,#3418,#3419,
    #3420,#3421,#3422,#3423,#3424,#3425,#3426,#3427,#3428,#3429,#3430,
    #3431,#3432,#3433,#3434,#3435,#3436,#3437,#3438,#3439,#3440,#3441,
    #3442,#3443,#3444,#3445,#3446,#3447,#3448,#3449,#3450,#3451,#3452,
    #3453,#3454,#3455,#3456,#3457,#3458,#3459,#3460,#3461,#3462,#3463,
    #3464),.UNSPECIFIED.,.F.,.F.,(8,6,6,6,6,6,6,6,8),(0.,0.152646633974,
    0.501992677242,0.836819870608,0.928403577411,0.966567016086,
    0.984102987195,0.992070693307,1.),.UNSPECIFIED.);
#3415 = CARTESIAN_POINT('',(0.226245111837,0.903745426138));
#3416 = CARTESIAN_POINT('',(0.229191837101,0.935323983604));
#3417 = CARTESIAN_POINT('',(0.23214174306,0.964409929921));
#3418 = CARTESIAN_POINT('',(0.235094305092,0.99130344249));
#3419 = CARTESIAN_POINT('',(0.238049122632,1.016197291253));
#3420 = CARTESIAN_POINT('',(0.241005886954,1.039229842518));
#3421 = CARTESIAN_POINT('',(0.243964365813,1.060511416029));
#3422 = CARTESIAN_POINT('',(0.253698730325,1.125009210196));
#3423 = CARTESIAN_POINT('',(0.260480914808,1.161152841032));
#3424 = CARTESIAN_POINT('',(0.267268904429,1.189549297485));
#3425 = CARTESIAN_POINT('',(0.274060966767,1.210556403648));
#3426 = CARTESIAN_POINT('',(0.280855572288,1.224413766211));
#3427 = CARTESIAN_POINT('',(0.287651417109,1.231212657767));
#3428 = CARTESIAN_POINT('',(0.300960937017,1.230705862955));
#3429 = CARTESIAN_POINT('',(0.307474301839,1.223974486803));
#3430 = CARTESIAN_POINT('',(0.31398649735,1.210755190663));
#3431 = CARTESIAN_POINT('',(0.320496365413,1.190964303063));
#3432 = CARTESIAN_POINT('',(0.327002568919,1.164397846858));
#3433 = CARTESIAN_POINT('',(0.333503604162,1.130741535377));
#3434 = CARTESIAN_POINT('',(0.341774023518,1.077817430145));
#3435 = CARTESIAN_POINT('',(0.343549800537,1.065859457384));
#3436 = CARTESIAN_POINT('',(0.345325010449,1.053293641458));
#3437 = CARTESIAN_POINT('',(0.347099607839,1.040100676852));
#3438 = CARTESIAN_POINT('',(0.348873540776,1.026257561189));
#3439 = CARTESIAN_POINT('',(0.350646750243,1.011736396728));
#3440 = CARTESIAN_POINT('',(0.353157746517,0.99015543087));
#3441 = CARTESIAN_POINT('',(0.353896186009,0.983684005749));
#3442 = CARTESIAN_POINT('',(0.354634483115,0.977086480817));
#3443 = CARTESIAN_POINT('',(0.355372632489,0.970360178473));
#3444 = CARTESIAN_POINT('',(0.356110628352,0.963502179176));
#3445 = CARTESIAN_POINT('',(0.356848464493,0.956509321451));
#3446 = CARTESIAN_POINT('',(0.357925091046,0.946101476545));
#3447 = CARTESIAN_POINT('',(0.358264012682,0.94279555491));
#3448 = CARTESIAN_POINT('',(0.358602898532,0.939460103873));
#3449 = CARTESIAN_POINT('',(0.358941747919,0.936094775636));
#3450 = CARTESIAN_POINT('',(0.359280560138,0.932699207715));
#3451 = CARTESIAN_POINT('',(0.359619334455,0.929273022936));
#3452 = CARTESIAN_POINT('',(0.360111979246,0.924245006725));
#3453 = CARTESIAN_POINT('',(0.360265253132,0.922674184299));
#3454 = CARTESIAN_POINT('',(0.360417897398,0.921103362161));
#3455 = CARTESIAN_POINT('',(0.360569917552,0.91953254031));
#3456 = CARTESIAN_POINT('',(0.36072131898,0.917961718745));
#3457 = CARTESIAN_POINT('',(0.360872106945,0.916390897465));
#3458 = CARTESIAN_POINT('',(0.361171742463,0.913256825864));
#3459 = CARTESIAN_POINT('',(0.361321190499,0.911687401532));
#3460 = CARTESIAN_POINT('',(0.361470630566,0.910111698391));
#3461 = CARTESIAN_POINT('',(0.361620062566,0.908529648587));
#3462 = CARTESIAN_POINT('',(0.361769486431,0.906941221492));
#3463 = CARTESIAN_POINT('',(0.361918902126,0.905346423706));
#3464 = CARTESIAN_POINT('',(0.362068309647,0.903745299056));
#3465 = ( GEOMETRIC_REPRESENTATION_CONTEXT(2) 
PARAMETRIC_REPRESENTATION_CONTEXT() REPRESENTATION_CONTEXT('2D SPACE',''
  ) );
#3466 = PCURVE('',#3467,#3472);
#3467 = PLANE('',#3468);
#3468 = AXIS2_PLACEMENT_3D('',#3469,#3470,#3471);
#3469 = CARTESIAN_POINT('',(0.,7.,39.));
#3470 = DIRECTION('',(0.,0.,1.));
#3471 = DIRECTION('',(1.,0.,0.));
#3472 = DEFINITIONAL_REPRESENTATION('',(#3473),#3524);
#3473 = B_SPLINE_CURVE_WITH_KNOTS('',7,(#3474,#3475,#3476,#3477,#3478,
    #3479,#3480,#3481,#3482,#3483,#3484,#3485,#3486,#3487,#3488,#3489,
    #3490,#3491,#3492,#3493,#3494,#3495,#3496,#3497,#3498,#3499,#3500,
    #3501,#3502,#3503,#3504,#3505,#3506,#3507,#3508,#3509,#3510,#3511,
    #3512,#3513,#3514,#3515,#3516,#3517,#3518,#3519,#3520,#3521,#3522,
    #3523),.UNSPECIFIED.,.F.,.F.,(8,6,6,6,6,6,6,6,8),(0.,0.152646633974,
    0.501992677242,0.836819870608,0.928403577411,0.966567016086,
    0.984102987195,0.992070693307,1.),.UNSPECIFIED.);
#3474 = CARTESIAN_POINT('',(-12.6,-0.321525593889));
#3475 = CARTESIAN_POINT('',(-12.05159378947,-0.292220453101));
#3476 = CARTESIAN_POINT('',(-11.50285209621,-0.266599299279));
#3477 = CARTESIAN_POINT('',(-10.95385777974,-0.244042947327));
#3478 = CARTESIAN_POINT('',(-10.4046702359,-0.224114638727));
#3479 = CARTESIAN_POINT('',(-9.855331547926,-0.206474753947));
#3480 = CARTESIAN_POINT('',(-9.305869444967,-0.190838366134));
#3481 = CARTESIAN_POINT('',(-7.498549483116,-0.145249486844));
#3482 = CARTESIAN_POINT('',(-6.240282464077,-0.122811226736));
#3483 = CARTESIAN_POINT('',(-4.981691467244,-0.106887118644));
#3484 = CARTESIAN_POINT('',(-3.722909426297,-9.598034024887E-02));
#3485 = CARTESIAN_POINT('',(-2.464030313487,-8.905873360108E-02));
#3486 = CARTESIAN_POINT('',(-1.20510575679,-8.565981540987E-02));
#3487 = CARTESIAN_POINT('',(1.260483014484,-8.591321678256E-02));
#3488 = CARTESIAN_POINT('',(2.467089280805,-8.927859327028E-02));
#3489 = CARTESIAN_POINT('',(3.673651491014,-9.590043692352E-02));
#3490 = CARTESIAN_POINT('',(4.880122294933,-0.106193656919));
#3491 = CARTESIAN_POINT('',(6.086420720671,-0.121044659421));
#3492 = CARTESIAN_POINT('',(7.292433793161,-0.141751455467));
#3493 = CARTESIAN_POINT('',(8.827753036497,-0.178523788658));
#3494 = CARTESIAN_POINT('',(9.157470676633,-0.187032687801));
#3495 = CARTESIAN_POINT('',(9.487149088509,-0.196200278065));
#3496 = CARTESIAN_POINT('',(9.816783180981,-0.206079490192));
#3497 = CARTESIAN_POINT('',(10.146366636359,-0.216730424396));
#3498 = CARTESIAN_POINT('',(10.475891798429,-0.228222271517));
#3499 = CARTESIAN_POINT('',(10.942636437533,-0.245807784591));
#3500 = CARTESIAN_POINT('',(11.079911561973,-0.251140319524));
#3501 = CARTESIAN_POINT('',(11.217174257884,-0.256638604719));
#3502 = CARTESIAN_POINT('',(11.354423768286,-0.262308833053));
#3503 = CARTESIAN_POINT('',(11.491659255118,-0.268157624547));
#3504 = CARTESIAN_POINT('',(11.628879799238,-0.274192026367));
#3505 = CARTESIAN_POINT('',(11.829129451025,-0.283281021804));
#3506 = CARTESIAN_POINT('',(11.89217113347,-0.286183304758));
#3507 = CARTESIAN_POINT('',(11.955209349615,-0.289127091556));
#3508 = CARTESIAN_POINT('',(12.01824399614,-0.292113137434));
#3509 = CARTESIAN_POINT('',(12.081274964545,-0.295142222992));
#3510 = CARTESIAN_POINT('',(12.144302141148,-0.298215154195));
#3511 = CARTESIAN_POINT('',(12.235960882032,-0.302749289898));
#3512 = CARTESIAN_POINT('',(12.264478843631,-0.304169267802));
#3513 = CARTESIAN_POINT('',(12.292880331478,-0.305592690377));
#3514 = CARTESIAN_POINT('',(12.321166362623,-0.30701955189));
#3515 = CARTESIAN_POINT('',(12.349337931574,-0.30844984659));
#3516 = CARTESIAN_POINT('',(12.377396010297,-0.309883568704));
#3517 = CARTESIAN_POINT('',(12.433152405918,-0.312750930027));
#3518 = CARTESIAN_POINT('',(12.460962450082,-0.314190226598));
#3519 = CARTESIAN_POINT('',(12.488771665311,-0.315638677773));
#3520 = CARTESIAN_POINT('',(12.516580038239,-0.317096360689));
#3521 = CARTESIAN_POINT('',(12.54438755753,-0.318563353989));
#3522 = CARTESIAN_POINT('',(12.572194213876,-0.320039737833));
#3523 = CARTESIAN_POINT('',(12.6,-0.321525593889));
#3524 = ( GEOMETRIC_REPRESENTATION_CONTEXT(2) 
PARAMETRIC_REPRESENTATION_CONTEXT() REPRESENTATION_CONTEXT('2D SPACE',''
  ) );
#3525 = ADVANCED_FACE('',(#3526),#2592,.T.);
#3526 = FACE_BOUND('',#3527,.F.);
#3527 = EDGE_LOOP('',(#3528,#3557,#3579,#3580,#3581));
#3528 = ORIENTED_EDGE('',*,*,#3529,.F.);
#3529 = EDGE_CURVE('',#3530,#3532,#3534,.T.);
#3530 = VERTEX_POINT('',#3531);
#3531 = CARTESIAN_POINT('',(7.,12.,37.5));
#3532 = VERTEX_POINT('',#3533);
#3533 = CARTESIAN_POINT('',(7.,10.5,39.));
#3534 = SURFACE_CURVE('',#3535,(#3540,#3546),.PCURVE_S1.);
#3535 = CIRCLE('',#3536,1.5);
#3536 = AXIS2_PLACEMENT_3D('',#3537,#3538,#3539);
#3537 = CARTESIAN_POINT('',(7.,10.5,37.5));
#3538 = DIRECTION('',(1.,-0.,0.));
#3539 = DIRECTION('',(0.,1.,0.));
#3540 = PCURVE('',#2592,#3541);
#3541 = DEFINITIONAL_REPRESENTATION('',(#3542),#3545);
#3542 = B_SPLINE_CURVE_WITH_KNOTS('',1,(#3543,#3544),.UNSPECIFIED.,.F.,
  .F.,(2,2),(0.,1.570796326795),.PIECEWISE_BEZIER_KNOTS.);
#3543 = CARTESIAN_POINT('',(0.,0.));
#3544 = CARTESIAN_POINT('',(0.,1.570796326795));
#3545 = ( GEOMETRIC_REPRESENTATION_CONTEXT(2) 
PARAMETRIC_REPRESENTATION_CONTEXT() REPRESENTATION_CONTEXT('2D SPACE',''
  ) );
#3546 = PCURVE('',#3547,#3552);
#3547 = CYLINDRICAL_SURFACE('',#3548,1.5);
#3548 = AXIS2_PLACEMENT_3D('',#3549,#3550,#3551);
#3549 = CARTESIAN_POINT('',(-7.,10.5,37.5));
#3550 = DIRECTION('',(1.,-0.,-0.));
#3551 = DIRECTION('',(0.,1.,-0.));
#3552 = DEFINITIONAL_REPRESENTATION('',(#3553),#3556);
#3553 = B_SPLINE_CURVE_WITH_KNOTS('',1,(#3554,#3555),.UNSPECIFIED.,.F.,
  .F.,(2,2),(0.,1.570796326795),.PIECEWISE_BEZIER_KNOTS.);
#3554 = CARTESIAN_POINT('',(0.,14.));
#3555 = CARTESIAN_POINT('',(1.570796326795,14.));
#3556 = ( GEOMETRIC_REPRESENTATION_CONTEXT(2) 
PARAMETRIC_REPRESENTATION_CONTEXT() REPRESENTATION_CONTEXT('2D SPACE',''
  ) );
#3557 = ORIENTED_EDGE('',*,*,#3558,.T.);
#3558 = EDGE_CURVE('',#3530,#2550,#3559,.T.);
#3559 = SURFACE_CURVE('',#3560,(#3565,#3572),.PCURVE_S1.);
#3560 = CIRCLE('',#3561,5.);
#3561 = AXIS2_PLACEMENT_3D('',#3562,#3563,#3564);
#3562 = CARTESIAN_POINT('',(7.,7.,37.5));
#3563 = DIRECTION('',(0.,-0.,-1.));
#3564 = DIRECTION('',(0.,1.,-0.));
#3565 = PCURVE('',#2592,#3566);
#3566 = DEFINITIONAL_REPRESENTATION('',(#3567),#3571);
#3567 = LINE('',#3568,#3569);
#3568 = CARTESIAN_POINT('',(-0.,0.));
#3569 = VECTOR('',#3570,1.);
#3570 = DIRECTION('',(-1.,0.));
#3571 = ( GEOMETRIC_REPRESENTATION_CONTEXT(2) 
PARAMETRIC_REPRESENTATION_CONTEXT() REPRESENTATION_CONTEXT('2D SPACE',''
  ) );
#3572 = PCURVE('',#2564,#3573);
#3573 = DEFINITIONAL_REPRESENTATION('',(#3574),#3578);
#3574 = LINE('',#3575,#3576);
#3575 = CARTESIAN_POINT('',(1.570796326795,-2.5));
#3576 = VECTOR('',#3577,1.);
#3577 = DIRECTION('',(1.,0.));
#3578 = ( GEOMETRIC_REPRESENTATION_CONTEXT(2) 
PARAMETRIC_REPRESENTATION_CONTEXT() REPRESENTATION_CONTEXT('2D SPACE',''
  ) );
#3579 = ORIENTED_EDGE('',*,*,#2575,.F.);
#3580 = ORIENTED_EDGE('',*,*,#3249,.F.);
#3581 = ORIENTED_EDGE('',*,*,#3582,.F.);
#3582 = EDGE_CURVE('',#3532,#3250,#3583,.T.);
#3583 = SURFACE_CURVE('',#3584,(#3589,#3596),.PCURVE_S1.);
#3584 = CIRCLE('',#3585,3.5);
#3585 = AXIS2_PLACEMENT_3D('',#3586,#3587,#3588);
#3586 = CARTESIAN_POINT('',(7.,7.,39.));
#3587 = DIRECTION('',(0.,-0.,-1.));
#3588 = DIRECTION('',(0.,1.,-0.));
#3589 = PCURVE('',#2592,#3590);
#3590 = DEFINITIONAL_REPRESENTATION('',(#3591),#3595);
#3591 = LINE('',#3592,#3593);
#3592 = CARTESIAN_POINT('',(-0.,1.570796326795));
#3593 = VECTOR('',#3594,1.);
#3594 = DIRECTION('',(-1.,0.));
#3595 = ( GEOMETRIC_REPRESENTATION_CONTEXT(2) 
PARAMETRIC_REPRESENTATION_CONTEXT() REPRESENTATION_CONTEXT('2D SPACE',''
  ) );
#3596 = PCURVE('',#3467,#3597);
#3597 = DEFINITIONAL_REPRESENTATION('',(#3598),#3606);
#3598 = ( BOUNDED_CURVE() B_SPLINE_CURVE(2,(#3599,#3600,#3601,#3602,
#3603,#3604,#3605),.UNSPECIFIED.,.T.,.F.) B_SPLINE_CURVE_WITH_KNOTS((1,2
    ,2,2,2,1),(-2.094395102393,0.,2.094395102393,4.188790204786,
6.28318530718,8.377580409573),.UNSPECIFIED.) CURVE() 
GEOMETRIC_REPRESENTATION_ITEM() RATIONAL_B_SPLINE_CURVE((1.,0.5,1.,0.5,
1.,0.5,1.)) REPRESENTATION_ITEM('') );
#3599 = CARTESIAN_POINT('',(7.,3.5));
#3600 = CARTESIAN_POINT('',(13.062177826491,3.5));
#3601 = CARTESIAN_POINT('',(10.031088913246,-1.75));
#3602 = CARTESIAN_POINT('',(7.,-7.));
#3603 = CARTESIAN_POINT('',(3.968911086754,-1.75));
#3604 = CARTESIAN_POINT('',(0.937822173509,3.5));
#3605 = CARTESIAN_POINT('',(7.,3.5));
#3606 = ( GEOMETRIC_REPRESENTATION_CONTEXT(2) 
PARAMETRIC_REPRESENTATION_CONTEXT() REPRESENTATION_CONTEXT('2D SPACE',''
  ) );
#3607 = ADVANCED_FACE('',(#3608),#2564,.T.);
#3608 = FACE_BOUND('',#3609,.T.);
#3609 = EDGE_LOOP('',(#3610,#3634,#3660,#3661));
#3610 = ORIENTED_EDGE('',*,*,#3611,.F.);
#3611 = EDGE_CURVE('',#3612,#2521,#3614,.T.);
#3612 = VERTEX_POINT('',#3613);
#3613 = CARTESIAN_POINT('',(7.,12.,36.5));
#3614 = SURFACE_CURVE('',#3615,(#3620,#3627),.PCURVE_S1.);
#3615 = CIRCLE('',#3616,5.);
#3616 = AXIS2_PLACEMENT_3D('',#3617,#3618,#3619);
#3617 = CARTESIAN_POINT('',(7.,7.,36.5));
#3618 = DIRECTION('',(0.,-0.,-1.));
#3619 = DIRECTION('',(0.,1.,-0.));
#3620 = PCURVE('',#2564,#3621);
#3621 = DEFINITIONAL_REPRESENTATION('',(#3622),#3626);
#3622 = LINE('',#3623,#3624);
#3623 = CARTESIAN_POINT('',(1.570796326795,-1.5));
#3624 = VECTOR('',#3625,1.);
#3625 = DIRECTION('',(1.,0.));
#3626 = ( GEOMETRIC_REPRESENTATION_CONTEXT(2) 
PARAMETRIC_REPRESENTATION_CONTEXT() REPRESENTATION_CONTEXT('2D SPACE',''
  ) );
#3627 = PCURVE('',#2537,#3628);
#3628 = DEFINITIONAL_REPRESENTATION('',(#3629),#3633);
#3629 = LINE('',#3630,#3631);
#3630 = CARTESIAN_POINT('',(0.,0.));
#3631 = VECTOR('',#3632,1.);
#3632 = DIRECTION('',(1.,0.));
#3633 = ( GEOMETRIC_REPRESENTATION_CONTEXT(2) 
PARAMETRIC_REPRESENTATION_CONTEXT() REPRESENTATION_CONTEXT('2D SPACE',''
  ) );
#3634 = ORIENTED_EDGE('',*,*,#3635,.T.);
#3635 = EDGE_CURVE('',#3612,#3530,#3636,.T.);
#3636 = SURFACE_CURVE('',#3637,(#3641,#3648),.PCURVE_S1.);
#3637 = LINE('',#3638,#3639);
#3638 = CARTESIAN_POINT('',(7.,12.,35.));
#3639 = VECTOR('',#3640,1.);
#3640 = DIRECTION('',(0.,0.,1.));
#3641 = PCURVE('',#2564,#3642);
#3642 = DEFINITIONAL_REPRESENTATION('',(#3643),#3647);
#3643 = LINE('',#3644,#3645);
#3644 = CARTESIAN_POINT('',(1.570796326795,0.));
#3645 = VECTOR('',#3646,1.);
#3646 = DIRECTION('',(0.,-1.));
#3647 = ( GEOMETRIC_REPRESENTATION_CONTEXT(2) 
PARAMETRIC_REPRESENTATION_CONTEXT() REPRESENTATION_CONTEXT('2D SPACE',''
  ) );
#3648 = PCURVE('',#3649,#3654);
#3649 = PLANE('',#3650);
#3650 = AXIS2_PLACEMENT_3D('',#3651,#3652,#3653);
#3651 = CARTESIAN_POINT('',(7.,12.,35.));
#3652 = DIRECTION('',(0.,-1.,0.));
#3653 = DIRECTION('',(-1.,0.,0.));
#3654 = DEFINITIONAL_REPRESENTATION('',(#3655),#3659);
#3655 = LINE('',#3656,#3657);
#3656 = CARTESIAN_POINT('',(0.,-0.));
#3657 = VECTOR('',#3658,1.);
#3658 = DIRECTION('',(0.,-1.));
#3659 = ( GEOMETRIC_REPRESENTATION_CONTEXT(2) 
PARAMETRIC_REPRESENTATION_CONTEXT() REPRESENTATION_CONTEXT('2D SPACE',''
  ) );
#3660 = ORIENTED_EDGE('',*,*,#3558,.T.);
#3661 = ORIENTED_EDGE('',*,*,#2549,.T.);
#3662 = ADVANCED_FACE('',(#3663),#2537,.T.);
#3663 = FACE_BOUND('',#3664,.T.);
#3664 = EDGE_LOOP('',(#3665,#3692,#3693,#3694));
#3665 = ORIENTED_EDGE('',*,*,#3666,.F.);
#3666 = EDGE_CURVE('',#3612,#3667,#3669,.T.);
#3667 = VERTEX_POINT('',#3668);
#3668 = CARTESIAN_POINT('',(7.,10.5,35.));
#3669 = SURFACE_CURVE('',#3670,(#3675,#3681),.PCURVE_S1.);
#3670 = CIRCLE('',#3671,1.5);
#3671 = AXIS2_PLACEMENT_3D('',#3672,#3673,#3674);
#3672 = CARTESIAN_POINT('',(7.,10.5,36.5));
#3673 = DIRECTION('',(-1.,0.,0.));
#3674 = DIRECTION('',(0.,1.,0.));
#3675 = PCURVE('',#2537,#3676);
#3676 = DEFINITIONAL_REPRESENTATION('',(#3677),#3680);
#3677 = B_SPLINE_CURVE_WITH_KNOTS('',1,(#3678,#3679),.UNSPECIFIED.,.F.,
  .F.,(2,2),(0.,1.570796326795),.PIECEWISE_BEZIER_KNOTS.);
#3678 = CARTESIAN_POINT('',(0.,0.));
#3679 = CARTESIAN_POINT('',(0.,1.570796326795));
#3680 = ( GEOMETRIC_REPRESENTATION_CONTEXT(2) 
PARAMETRIC_REPRESENTATION_CONTEXT() REPRESENTATION_CONTEXT('2D SPACE',''
  ) );
#3681 = PCURVE('',#3682,#3687);
#3682 = CYLINDRICAL_SURFACE('',#3683,1.5);
#3683 = AXIS2_PLACEMENT_3D('',#3684,#3685,#3686);
#3684 = CARTESIAN_POINT('',(-7.,10.5,36.5));
#3685 = DIRECTION('',(1.,-0.,-0.));
#3686 = DIRECTION('',(0.,1.,-0.));
#3687 = DEFINITIONAL_REPRESENTATION('',(#3688),#3691);
#3688 = B_SPLINE_CURVE_WITH_KNOTS('',1,(#3689,#3690),.UNSPECIFIED.,.F.,
  .F.,(2,2),(0.,1.570796326795),.PIECEWISE_BEZIER_KNOTS.);
#3689 = CARTESIAN_POINT('',(0.,14.));
#3690 = CARTESIAN_POINT('',(-1.570796326795,14.));
#3691 = ( GEOMETRIC_REPRESENTATION_CONTEXT(2) 
PARAMETRIC_REPRESENTATION_CONTEXT() REPRESENTATION_CONTEXT('2D SPACE',''
  ) );
#3692 = ORIENTED_EDGE('',*,*,#3611,.T.);
#3693 = ORIENTED_EDGE('',*,*,#2520,.T.);
#3694 = ORIENTED_EDGE('',*,*,#3695,.F.);
#3695 = EDGE_CURVE('',#3667,#2495,#3696,.T.);
#3696 = SURFACE_CURVE('',#3697,(#3702,#3709),.PCURVE_S1.);
#3697 = CIRCLE('',#3698,3.5);
#3698 = AXIS2_PLACEMENT_3D('',#3699,#3700,#3701);
#3699 = CARTESIAN_POINT('',(7.,7.,35.));
#3700 = DIRECTION('',(0.,-0.,-1.));
#3701 = DIRECTION('',(0.,1.,-0.));
#3702 = PCURVE('',#2537,#3703);
#3703 = DEFINITIONAL_REPRESENTATION('',(#3704),#3708);
#3704 = LINE('',#3705,#3706);
#3705 = CARTESIAN_POINT('',(0.,1.570796326795));
#3706 = VECTOR('',#3707,1.);
#3707 = DIRECTION('',(1.,0.));
#3708 = ( GEOMETRIC_REPRESENTATION_CONTEXT(2) 
PARAMETRIC_REPRESENTATION_CONTEXT() REPRESENTATION_CONTEXT('2D SPACE',''
  ) );
#3709 = PCURVE('',#2509,#3710);
#3710 = DEFINITIONAL_REPRESENTATION('',(#3711),#3719);
#3711 = ( BOUNDED_CURVE() B_SPLINE_CURVE(2,(#3712,#3713,#3714,#3715,
#3716,#3717,#3718),.UNSPECIFIED.,.T.,.F.) B_SPLINE_CURVE_WITH_KNOTS((1,2
    ,2,2,2,1),(-2.094395102393,0.,2.094395102393,4.188790204786,
6.28318530718,8.377580409573),.UNSPECIFIED.) CURVE() 
GEOMETRIC_REPRESENTATION_ITEM() RATIONAL_B_SPLINE_CURVE((1.,0.5,1.,0.5,
1.,0.5,1.)) REPRESENTATION_ITEM('') );
#3712 = CARTESIAN_POINT('',(7.,3.5));
#3713 = CARTESIAN_POINT('',(13.062177826491,3.5));
#3714 = CARTESIAN_POINT('',(10.031088913246,-1.75));
#3715 = CARTESIAN_POINT('',(7.,-7.));
#3716 = CARTESIAN_POINT('',(3.968911086754,-1.75));
#3717 = CARTESIAN_POINT('',(0.937822173509,3.5));
#3718 = CARTESIAN_POINT('',(7.,3.5));
#3719 = ( GEOMETRIC_REPRESENTATION_CONTEXT(2) 
PARAMETRIC_REPRESENTATION_CONTEXT() REPRESENTATION_CONTEXT('2D SPACE',''
  ) );
#3720 = ADVANCED_FACE('',(#3721),#2509,.F.);
#3721 = FACE_BOUND('',#3722,.F.);
#3722 = EDGE_LOOP('',(#3723,#3724,#3747,#3773));
#3723 = ORIENTED_EDGE('',*,*,#3695,.F.);
#3724 = ORIENTED_EDGE('',*,*,#3725,.F.);
#3725 = EDGE_CURVE('',#3726,#3667,#3728,.T.);
#3726 = VERTEX_POINT('',#3727);
#3727 = CARTESIAN_POINT('',(-7.,10.5,35.));
#3728 = SURFACE_CURVE('',#3729,(#3733,#3740),.PCURVE_S1.);
#3729 = LINE('',#3730,#3731);
#3730 = CARTESIAN_POINT('',(-7.,10.5,35.));
#3731 = VECTOR('',#3732,1.);
#3732 = DIRECTION('',(1.,-0.,-0.));
#3733 = PCURVE('',#2509,#3734);
#3734 = DEFINITIONAL_REPRESENTATION('',(#3735),#3739);
#3735 = LINE('',#3736,#3737);
#3736 = CARTESIAN_POINT('',(-7.,3.5));
#3737 = VECTOR('',#3738,1.);
#3738 = DIRECTION('',(1.,0.));
#3739 = ( GEOMETRIC_REPRESENTATION_CONTEXT(2) 
PARAMETRIC_REPRESENTATION_CONTEXT() REPRESENTATION_CONTEXT('2D SPACE',''
  ) );
#3740 = PCURVE('',#3682,#3741);
#3741 = DEFINITIONAL_REPRESENTATION('',(#3742),#3746);
#3742 = LINE('',#3743,#3744);
#3743 = CARTESIAN_POINT('',(-1.570796326795,0.));
#3744 = VECTOR('',#3745,1.);
#3745 = DIRECTION('',(-0.,1.));
#3746 = ( GEOMETRIC_REPRESENTATION_CONTEXT(2) 
PARAMETRIC_REPRESENTATION_CONTEXT() REPRESENTATION_CONTEXT('2D SPACE',''
  ) );
#3747 = ORIENTED_EDGE('',*,*,#3748,.F.);
#3748 = EDGE_CURVE('',#2466,#3726,#3749,.T.);
#3749 = SURFACE_CURVE('',#3750,(#3755,#3766),.PCURVE_S1.);
#3750 = CIRCLE('',#3751,3.5);
#3751 = AXIS2_PLACEMENT_3D('',#3752,#3753,#3754);
#3752 = CARTESIAN_POINT('',(-7.,7.,35.));
#3753 = DIRECTION('',(-0.,-0.,-1.));
#3754 = DIRECTION('',(0.,-1.,0.));
#3755 = PCURVE('',#2509,#3756);
#3756 = DEFINITIONAL_REPRESENTATION('',(#3757),#3765);
#3757 = ( BOUNDED_CURVE() B_SPLINE_CURVE(2,(#3758,#3759,#3760,#3761,
#3762,#3763,#3764),.UNSPECIFIED.,.T.,.F.) B_SPLINE_CURVE_WITH_KNOTS((1,2
    ,2,2,2,1),(-2.094395102393,0.,2.094395102393,4.188790204786,
6.28318530718,8.377580409573),.UNSPECIFIED.) CURVE() 
GEOMETRIC_REPRESENTATION_ITEM() RATIONAL_B_SPLINE_CURVE((1.,0.5,1.,0.5,
1.,0.5,1.)) REPRESENTATION_ITEM('') );
#3758 = CARTESIAN_POINT('',(-7.,-3.5));
#3759 = CARTESIAN_POINT('',(-13.06217782649,-3.5));
#3760 = CARTESIAN_POINT('',(-10.03108891324,1.75));
#3761 = CARTESIAN_POINT('',(-7.,7.));
#3762 = CARTESIAN_POINT('',(-3.968911086754,1.75));
#3763 = CARTESIAN_POINT('',(-0.937822173509,-3.5));
#3764 = CARTESIAN_POINT('',(-7.,-3.5));
#3765 = ( GEOMETRIC_REPRESENTATION_CONTEXT(2) 
PARAMETRIC_REPRESENTATION_CONTEXT() REPRESENTATION_CONTEXT('2D SPACE',''
  ) );
#3766 = PCURVE('',#2482,#3767);
#3767 = DEFINITIONAL_REPRESENTATION('',(#3768),#3772);
#3768 = LINE('',#3769,#3770);
#3769 = CARTESIAN_POINT('',(0.,1.570796326795));
#3770 = VECTOR('',#3771,1.);
#3771 = DIRECTION('',(1.,0.));
#3772 = ( GEOMETRIC_REPRESENTATION_CONTEXT(2) 
PARAMETRIC_REPRESENTATION_CONTEXT() REPRESENTATION_CONTEXT('2D SPACE',''
  ) );
#3773 = ORIENTED_EDGE('',*,*,#2494,.T.);
#3774 = ADVANCED_FACE('',(#3775),#2482,.T.);
#3775 = FACE_BOUND('',#3776,.T.);
#3776 = EDGE_LOOP('',(#3777,#3778,#3802,#3822));
#3777 = ORIENTED_EDGE('',*,*,#2465,.T.);
#3778 = ORIENTED_EDGE('',*,*,#3779,.T.);
#3779 = EDGE_CURVE('',#2440,#3780,#3782,.T.);
#3780 = VERTEX_POINT('',#3781);
#3781 = CARTESIAN_POINT('',(-7.,12.,36.5));
#3782 = SURFACE_CURVE('',#3783,(#3788,#3795),.PCURVE_S1.);
#3783 = CIRCLE('',#3784,5.);
#3784 = AXIS2_PLACEMENT_3D('',#3785,#3786,#3787);
#3785 = CARTESIAN_POINT('',(-7.,7.,36.5));
#3786 = DIRECTION('',(-0.,-0.,-1.));
#3787 = DIRECTION('',(0.,-1.,0.));
#3788 = PCURVE('',#2482,#3789);
#3789 = DEFINITIONAL_REPRESENTATION('',(#3790),#3794);
#3790 = LINE('',#3791,#3792);
#3791 = CARTESIAN_POINT('',(0.,0.));
#3792 = VECTOR('',#3793,1.);
#3793 = DIRECTION('',(1.,0.));
#3794 = ( GEOMETRIC_REPRESENTATION_CONTEXT(2) 
PARAMETRIC_REPRESENTATION_CONTEXT() REPRESENTATION_CONTEXT('2D SPACE',''
  ) );
#3795 = PCURVE('',#2454,#3796);
#3796 = DEFINITIONAL_REPRESENTATION('',(#3797),#3801);
#3797 = LINE('',#3798,#3799);
#3798 = CARTESIAN_POINT('',(1.570796326795,-1.5));
#3799 = VECTOR('',#3800,1.);
#3800 = DIRECTION('',(1.,0.));
#3801 = ( GEOMETRIC_REPRESENTATION_CONTEXT(2) 
PARAMETRIC_REPRESENTATION_CONTEXT() REPRESENTATION_CONTEXT('2D SPACE',''
  ) );
#3802 = ORIENTED_EDGE('',*,*,#3803,.T.);
#3803 = EDGE_CURVE('',#3780,#3726,#3804,.T.);
#3804 = SURFACE_CURVE('',#3805,(#3810,#3816),.PCURVE_S1.);
#3805 = CIRCLE('',#3806,1.5);
#3806 = AXIS2_PLACEMENT_3D('',#3807,#3808,#3809);
#3807 = CARTESIAN_POINT('',(-7.,10.5,36.5));
#3808 = DIRECTION('',(-1.,-1.224646799147E-16,0.));
#3809 = DIRECTION('',(-1.224646799147E-16,1.,0.));
#3810 = PCURVE('',#2482,#3811);
#3811 = DEFINITIONAL_REPRESENTATION('',(#3812),#3815);
#3812 = B_SPLINE_CURVE_WITH_KNOTS('',1,(#3813,#3814),.UNSPECIFIED.,.F.,
  .F.,(2,2),(0.,1.570796326795),.PIECEWISE_BEZIER_KNOTS.);
#3813 = CARTESIAN_POINT('',(3.14159265359,0.));
#3814 = CARTESIAN_POINT('',(3.14159265359,1.570796326795));
#3815 = ( GEOMETRIC_REPRESENTATION_CONTEXT(2) 
PARAMETRIC_REPRESENTATION_CONTEXT() REPRESENTATION_CONTEXT('2D SPACE',''
  ) );
#3816 = PCURVE('',#3682,#3817);
#3817 = DEFINITIONAL_REPRESENTATION('',(#3818),#3821);
#3818 = B_SPLINE_CURVE_WITH_KNOTS('',1,(#3819,#3820),.UNSPECIFIED.,.F.,
  .F.,(2,2),(0.,1.570796326795),.PIECEWISE_BEZIER_KNOTS.);
#3819 = CARTESIAN_POINT('',(0.,0.));
#3820 = CARTESIAN_POINT('',(-1.570796326795,0.));
#3821 = ( GEOMETRIC_REPRESENTATION_CONTEXT(2) 
PARAMETRIC_REPRESENTATION_CONTEXT() REPRESENTATION_CONTEXT('2D SPACE',''
  ) );
#3822 = ORIENTED_EDGE('',*,*,#3748,.F.);
#3823 = ADVANCED_FACE('',(#3824),#2454,.T.);
#3824 = FACE_BOUND('',#3825,.T.);
#3825 = EDGE_LOOP('',(#3826,#3827,#3828,#3852));
#3826 = ORIENTED_EDGE('',*,*,#3779,.F.);
#3827 = ORIENTED_EDGE('',*,*,#2439,.F.);
#3828 = ORIENTED_EDGE('',*,*,#3829,.T.);
#3829 = EDGE_CURVE('',#2411,#3830,#3832,.T.);
#3830 = VERTEX_POINT('',#3831);
#3831 = CARTESIAN_POINT('',(-7.,12.,37.5));
#3832 = SURFACE_CURVE('',#3833,(#3838,#3845),.PCURVE_S1.);
#3833 = CIRCLE('',#3834,5.);
#3834 = AXIS2_PLACEMENT_3D('',#3835,#3836,#3837);
#3835 = CARTESIAN_POINT('',(-7.,7.,37.5));
#3836 = DIRECTION('',(-0.,-0.,-1.));
#3837 = DIRECTION('',(0.,-1.,0.));
#3838 = PCURVE('',#2454,#3839);
#3839 = DEFINITIONAL_REPRESENTATION('',(#3840),#3844);
#3840 = LINE('',#3841,#3842);
#3841 = CARTESIAN_POINT('',(1.570796326795,-2.5));
#3842 = VECTOR('',#3843,1.);
#3843 = DIRECTION('',(1.,0.));
#3844 = ( GEOMETRIC_REPRESENTATION_CONTEXT(2) 
PARAMETRIC_REPRESENTATION_CONTEXT() REPRESENTATION_CONTEXT('2D SPACE',''
  ) );
#3845 = PCURVE('',#2427,#3846);
#3846 = DEFINITIONAL_REPRESENTATION('',(#3847),#3851);
#3847 = LINE('',#3848,#3849);
#3848 = CARTESIAN_POINT('',(-0.,0.));
#3849 = VECTOR('',#3850,1.);
#3850 = DIRECTION('',(-1.,0.));
#3851 = ( GEOMETRIC_REPRESENTATION_CONTEXT(2) 
PARAMETRIC_REPRESENTATION_CONTEXT() REPRESENTATION_CONTEXT('2D SPACE',''
  ) );
#3852 = ORIENTED_EDGE('',*,*,#3853,.F.);
#3853 = EDGE_CURVE('',#3780,#3830,#3854,.T.);
#3854 = SURFACE_CURVE('',#3855,(#3859,#3866),.PCURVE_S1.);
#3855 = LINE('',#3856,#3857);
#3856 = CARTESIAN_POINT('',(-7.,12.,35.));
#3857 = VECTOR('',#3858,1.);
#3858 = DIRECTION('',(0.,0.,1.));
#3859 = PCURVE('',#2454,#3860);
#3860 = DEFINITIONAL_REPRESENTATION('',(#3861),#3865);
#3861 = LINE('',#3862,#3863);
#3862 = CARTESIAN_POINT('',(4.712388980385,0.));
#3863 = VECTOR('',#3864,1.);
#3864 = DIRECTION('',(0.,-1.));
#3865 = ( GEOMETRIC_REPRESENTATION_CONTEXT(2) 
PARAMETRIC_REPRESENTATION_CONTEXT() REPRESENTATION_CONTEXT('2D SPACE',''
  ) );
#3866 = PCURVE('',#3649,#3867);
#3867 = DEFINITIONAL_REPRESENTATION('',(#3868),#3872);
#3868 = LINE('',#3869,#3870);
#3869 = CARTESIAN_POINT('',(14.,0.));
#3870 = VECTOR('',#3871,1.);
#3871 = DIRECTION('',(0.,-1.));
#3872 = ( GEOMETRIC_REPRESENTATION_CONTEXT(2) 
PARAMETRIC_REPRESENTATION_CONTEXT() REPRESENTATION_CONTEXT('2D SPACE',''
  ) );
#3873 = ADVANCED_FACE('',(#3874),#2427,.T.);
#3874 = FACE_BOUND('',#3875,.F.);
#3875 = EDGE_LOOP('',(#3876,#3877,#3878,#3900,#3926));
#3876 = ORIENTED_EDGE('',*,*,#2410,.F.);
#3877 = ORIENTED_EDGE('',*,*,#3829,.T.);
#3878 = ORIENTED_EDGE('',*,*,#3879,.T.);
#3879 = EDGE_CURVE('',#3830,#3880,#3882,.T.);
#3880 = VERTEX_POINT('',#3881);
#3881 = CARTESIAN_POINT('',(-7.,10.5,39.));
#3882 = SURFACE_CURVE('',#3883,(#3888,#3894),.PCURVE_S1.);
#3883 = CIRCLE('',#3884,1.5);
#3884 = AXIS2_PLACEMENT_3D('',#3885,#3886,#3887);
#3885 = CARTESIAN_POINT('',(-7.,10.5,37.5));
#3886 = DIRECTION('',(1.,1.224646799147E-16,-0.));
#3887 = DIRECTION('',(-1.224646799147E-16,1.,0.));
#3888 = PCURVE('',#2427,#3889);
#3889 = DEFINITIONAL_REPRESENTATION('',(#3890),#3893);
#3890 = B_SPLINE_CURVE_WITH_KNOTS('',1,(#3891,#3892),.UNSPECIFIED.,.F.,
  .F.,(2,2),(0.,1.570796326795),.PIECEWISE_BEZIER_KNOTS.);
#3891 = CARTESIAN_POINT('',(-3.14159265359,0.));
#3892 = CARTESIAN_POINT('',(-3.14159265359,1.570796326795));
#3893 = ( GEOMETRIC_REPRESENTATION_CONTEXT(2) 
PARAMETRIC_REPRESENTATION_CONTEXT() REPRESENTATION_CONTEXT('2D SPACE',''
  ) );
#3894 = PCURVE('',#3547,#3895);
#3895 = DEFINITIONAL_REPRESENTATION('',(#3896),#3899);
#3896 = B_SPLINE_CURVE_WITH_KNOTS('',1,(#3897,#3898),.UNSPECIFIED.,.F.,
  .F.,(2,2),(0.,1.570796326795),.PIECEWISE_BEZIER_KNOTS.);
#3897 = CARTESIAN_POINT('',(0.,0.));
#3898 = CARTESIAN_POINT('',(1.570796326795,0.));
#3899 = ( GEOMETRIC_REPRESENTATION_CONTEXT(2) 
PARAMETRIC_REPRESENTATION_CONTEXT() REPRESENTATION_CONTEXT('2D SPACE',''
  ) );
#3900 = ORIENTED_EDGE('',*,*,#3901,.F.);
#3901 = EDGE_CURVE('',#3061,#3880,#3902,.T.);
#3902 = SURFACE_CURVE('',#3903,(#3908,#3915),.PCURVE_S1.);
#3903 = CIRCLE('',#3904,3.5);
#3904 = AXIS2_PLACEMENT_3D('',#3905,#3906,#3907);
#3905 = CARTESIAN_POINT('',(-7.,7.,39.));
#3906 = DIRECTION('',(-0.,-0.,-1.));
#3907 = DIRECTION('',(0.,-1.,0.));
#3908 = PCURVE('',#2427,#3909);
#3909 = DEFINITIONAL_REPRESENTATION('',(#3910),#3914);
#3910 = LINE('',#3911,#3912);
#3911 = CARTESIAN_POINT('',(-0.,1.570796326795));
#3912 = VECTOR('',#3913,1.);
#3913 = DIRECTION('',(-1.,0.));
#3914 = ( GEOMETRIC_REPRESENTATION_CONTEXT(2) 
PARAMETRIC_REPRESENTATION_CONTEXT() REPRESENTATION_CONTEXT('2D SPACE',''
  ) );
#3915 = PCURVE('',#3467,#3916);
#3916 = DEFINITIONAL_REPRESENTATION('',(#3917),#3925);
#3917 = ( BOUNDED_CURVE() B_SPLINE_CURVE(2,(#3918,#3919,#3920,#3921,
#3922,#3923,#3924),.UNSPECIFIED.,.T.,.F.) B_SPLINE_CURVE_WITH_KNOTS((1,2
    ,2,2,2,1),(-2.094395102393,0.,2.094395102393,4.188790204786,
6.28318530718,8.377580409573),.UNSPECIFIED.) CURVE() 
GEOMETRIC_REPRESENTATION_ITEM() RATIONAL_B_SPLINE_CURVE((1.,0.5,1.,0.5,
1.,0.5,1.)) REPRESENTATION_ITEM('') );
#3918 = CARTESIAN_POINT('',(-7.,-3.5));
#3919 = CARTESIAN_POINT('',(-13.06217782649,-3.5));
#3920 = CARTESIAN_POINT('',(-10.03108891324,1.75));
#3921 = CARTESIAN_POINT('',(-7.,7.));
#3922 = CARTESIAN_POINT('',(-3.968911086754,1.75));
#3923 = CARTESIAN_POINT('',(-0.937822173509,-3.5));
#3924 = CARTESIAN_POINT('',(-7.,-3.5));
#3925 = ( GEOMETRIC_REPRESENTATION_CONTEXT(2) 
PARAMETRIC_REPRESENTATION_CONTEXT() REPRESENTATION_CONTEXT('2D SPACE',''
  ) );
#3926 = ORIENTED_EDGE('',*,*,#3060,.F.);
#3927 = ADVANCED_FACE('',(#3928),#2672,.T.);
#3928 = FACE_BOUND('',#3929,.F.);
#3929 = EDGE_LOOP('',(#3930,#3950,#3972,#3992));
#3930 = ORIENTED_EDGE('',*,*,#3931,.T.);
#3931 = EDGE_CURVE('',#2654,#2792,#3932,.T.);
#3932 = SURFACE_CURVE('',#3933,(#3938,#3944),.PCURVE_S1.);
#3933 = CIRCLE('',#3934,1.5);
#3934 = AXIS2_PLACEMENT_3D('',#3935,#3936,#3937);
#3935 = CARTESIAN_POINT('',(-52.5,-5.5,30.883600708618));
#3936 = DIRECTION('',(-0.958774564052,0.,-0.284167794317));
#3937 = DIRECTION('',(-0.284167794317,0.,0.958774564052));
#3938 = PCURVE('',#2672,#3939);
#3939 = DEFINITIONAL_REPRESENTATION('',(#3940),#3943);
#3940 = B_SPLINE_CURVE_WITH_KNOTS('',1,(#3941,#3942),.UNSPECIFIED.,.F.,
  .F.,(2,2),(4.712388980385,6.28318530718),.PIECEWISE_BEZIER_KNOTS.);
#3941 = CARTESIAN_POINT('',(-6.018383294905E-03,1.570796326795));
#3942 = CARTESIAN_POINT('',(-6.018383294905E-03,0.));
#3943 = ( GEOMETRIC_REPRESENTATION_CONTEXT(2) 
PARAMETRIC_REPRESENTATION_CONTEXT() REPRESENTATION_CONTEXT('2D SPACE',''
  ) );
#3944 = PCURVE('',#2746,#3945);
#3945 = DEFINITIONAL_REPRESENTATION('',(#3946),#3949);
#3946 = B_SPLINE_CURVE_WITH_KNOTS('',1,(#3947,#3948),.UNSPECIFIED.,.F.,
  .F.,(2,2),(4.712388980385,6.28318530718),.PIECEWISE_BEZIER_KNOTS.);
#3947 = CARTESIAN_POINT('',(0.,-1.570796326795));
#3948 = CARTESIAN_POINT('',(0.,0.));
#3949 = ( GEOMETRIC_REPRESENTATION_CONTEXT(2) 
PARAMETRIC_REPRESENTATION_CONTEXT() REPRESENTATION_CONTEXT('2D SPACE',''
  ) );
#3950 = ORIENTED_EDGE('',*,*,#3951,.T.);
#3951 = EDGE_CURVE('',#2792,#2959,#3952,.T.);
#3952 = SURFACE_CURVE('',#3953,(#3958,#3965),.PCURVE_S1.);
#3953 = CIRCLE('',#3954,186.25);
#3954 = AXIS2_PLACEMENT_3D('',#3955,#3956,#3957);
#3955 = CARTESIAN_POINT('',(2.556831758308E-15,-5.5,-146.25));
#3956 = DIRECTION('',(0.,1.,-0.));
#3957 = DIRECTION('',(-0.289932885906,0.,0.957046979866));
#3958 = PCURVE('',#2672,#3959);
#3959 = DEFINITIONAL_REPRESENTATION('',(#3960),#3964);
#3960 = LINE('',#3961,#3962);
#3961 = CARTESIAN_POINT('',(-0.,0.));
#3962 = VECTOR('',#3963,1.);
#3963 = DIRECTION('',(-1.,0.));
#3964 = ( GEOMETRIC_REPRESENTATION_CONTEXT(2) 
PARAMETRIC_REPRESENTATION_CONTEXT() REPRESENTATION_CONTEXT('2D SPACE',''
  ) );
#3965 = PCURVE('',#2829,#3966);
#3966 = DEFINITIONAL_REPRESENTATION('',(#3967),#3971);
#3967 = LINE('',#3968,#3969);
#3968 = CARTESIAN_POINT('',(6.28318530718,5.5));
#3969 = VECTOR('',#3970,1.);
#3970 = DIRECTION('',(-1.,0.));
#3971 = ( GEOMETRIC_REPRESENTATION_CONTEXT(2) 
PARAMETRIC_REPRESENTATION_CONTEXT() REPRESENTATION_CONTEXT('2D SPACE',''
  ) );
#3972 = ORIENTED_EDGE('',*,*,#3973,.F.);
#3973 = EDGE_CURVE('',#2656,#2959,#3974,.T.);
#3974 = SURFACE_CURVE('',#3975,(#3980,#3986),.PCURVE_S1.);
#3975 = CIRCLE('',#3976,1.5);
#3976 = AXIS2_PLACEMENT_3D('',#3977,#3978,#3979);
#3977 = CARTESIAN_POINT('',(52.5,-5.5,30.883600708618));
#3978 = DIRECTION('',(-0.958774564052,0.,0.284167794317));
#3979 = DIRECTION('',(0.284167794317,0.,0.958774564052));
#3980 = PCURVE('',#2672,#3981);
#3981 = DEFINITIONAL_REPRESENTATION('',(#3982),#3985);
#3982 = B_SPLINE_CURVE_WITH_KNOTS('',1,(#3983,#3984),.UNSPECIFIED.,.F.,
  .F.,(2,2),(4.712388980385,6.28318530718),.PIECEWISE_BEZIER_KNOTS.);
#3983 = CARTESIAN_POINT('',(-0.582295038259,1.570796326795));
#3984 = CARTESIAN_POINT('',(-0.582295038259,0.));
#3985 = ( GEOMETRIC_REPRESENTATION_CONTEXT(2) 
PARAMETRIC_REPRESENTATION_CONTEXT() REPRESENTATION_CONTEXT('2D SPACE',''
  ) );
#3986 = PCURVE('',#2939,#3987);
#3987 = DEFINITIONAL_REPRESENTATION('',(#3988),#3991);
#3988 = B_SPLINE_CURVE_WITH_KNOTS('',1,(#3989,#3990),.UNSPECIFIED.,.F.,
  .F.,(2,2),(4.712388980385,6.28318530718),.PIECEWISE_BEZIER_KNOTS.);
#3989 = CARTESIAN_POINT('',(0.,-1.570796326795));
#3990 = CARTESIAN_POINT('',(0.,0.));
#3991 = ( GEOMETRIC_REPRESENTATION_CONTEXT(2) 
PARAMETRIC_REPRESENTATION_CONTEXT() REPRESENTATION_CONTEXT('2D SPACE',''
  ) );
#3992 = ORIENTED_EDGE('',*,*,#2653,.F.);
#3993 = ADVANCED_FACE('',(#3994),#2746,.T.);
#3994 = FACE_BOUND('',#3995,.F.);
#3995 = EDGE_LOOP('',(#3996,#3997,#3998));
#3996 = ORIENTED_EDGE('',*,*,#3931,.F.);
#3997 = ORIENTED_EDGE('',*,*,#2732,.T.);
#3998 = ORIENTED_EDGE('',*,*,#2791,.F.);
#3999 = ADVANCED_FACE('',(#4000),#2778,.T.);
#4000 = FACE_BOUND('',#4001,.T.);
#4001 = EDGE_LOOP('',(#4002,#4003,#4004));
#4002 = ORIENTED_EDGE('',*,*,#3186,.F.);
#4003 = ORIENTED_EDGE('',*,*,#2846,.T.);
#4004 = ORIENTED_EDGE('',*,*,#2761,.F.);
#4005 = ADVANCED_FACE('',(#4006),#2829,.T.);
#4006 = FACE_BOUND('',#4007,.T.);
#4007 = EDGE_LOOP('',(#4008,#4009,#4010,#4011));
#4008 = ORIENTED_EDGE('',*,*,#2956,.F.);
#4009 = ORIENTED_EDGE('',*,*,#3206,.F.);
#4010 = ORIENTED_EDGE('',*,*,#2815,.F.);
#4011 = ORIENTED_EDGE('',*,*,#3951,.T.);
#4012 = ADVANCED_FACE('',(#4013),#2909,.F.);
#4013 = FACE_BOUND('',#4014,.T.);
#4014 = EDGE_LOOP('',(#4015));
#4015 = ORIENTED_EDGE('',*,*,#2894,.F.);
#4016 = ADVANCED_FACE('',(#4017),#2939,.T.);
#4017 = FACE_BOUND('',#4018,.T.);
#4018 = EDGE_LOOP('',(#4019,#4020,#4021));
#4019 = ORIENTED_EDGE('',*,*,#3973,.F.);
#4020 = ORIENTED_EDGE('',*,*,#2925,.T.);
#4021 = ORIENTED_EDGE('',*,*,#2981,.F.);
#4022 = ADVANCED_FACE('',(#4023),#3019,.T.);
#4023 = FACE_BOUND('',#4024,.T.);
#4024 = EDGE_LOOP('',(#4025,#4026,#4027));
#4025 = ORIENTED_EDGE('',*,*,#3034,.F.);
#4026 = ORIENTED_EDGE('',*,*,#3228,.T.);
#4027 = ORIENTED_EDGE('',*,*,#3004,.F.);
#4028 = ADVANCED_FACE('',(#4029),#3467,.T.);
#4029 = FACE_BOUND('',#4030,.T.);
#4030 = EDGE_LOOP('',(#4031,#4032,#4053,#4054));
#4031 = ORIENTED_EDGE('',*,*,#3582,.F.);
#4032 = ORIENTED_EDGE('',*,*,#4033,.F.);
#4033 = EDGE_CURVE('',#3880,#3532,#4034,.T.);
#4034 = SURFACE_CURVE('',#4035,(#4039,#4046),.PCURVE_S1.);
#4035 = LINE('',#4036,#4037);
#4036 = CARTESIAN_POINT('',(-7.,10.5,39.));
#4037 = VECTOR('',#4038,1.);
#4038 = DIRECTION('',(1.,-0.,-0.));
#4039 = PCURVE('',#3467,#4040);
#4040 = DEFINITIONAL_REPRESENTATION('',(#4041),#4045);
#4041 = LINE('',#4042,#4043);
#4042 = CARTESIAN_POINT('',(-7.,3.5));
#4043 = VECTOR('',#4044,1.);
#4044 = DIRECTION('',(1.,0.));
#4045 = ( GEOMETRIC_REPRESENTATION_CONTEXT(2) 
PARAMETRIC_REPRESENTATION_CONTEXT() REPRESENTATION_CONTEXT('2D SPACE',''
  ) );
#4046 = PCURVE('',#3547,#4047);
#4047 = DEFINITIONAL_REPRESENTATION('',(#4048),#4052);
#4048 = LINE('',#4049,#4050);
#4049 = CARTESIAN_POINT('',(1.570796326795,0.));
#4050 = VECTOR('',#4051,1.);
#4051 = DIRECTION('',(0.,1.));
#4052 = ( GEOMETRIC_REPRESENTATION_CONTEXT(2) 
PARAMETRIC_REPRESENTATION_CONTEXT() REPRESENTATION_CONTEXT('2D SPACE',''
  ) );
#4053 = ORIENTED_EDGE('',*,*,#3901,.F.);
#4054 = ORIENTED_EDGE('',*,*,#3359,.T.);
#4055 = ADVANCED_FACE('',(#4056),#3547,.T.);
#4056 = FACE_BOUND('',#4057,.T.);
#4057 = EDGE_LOOP('',(#4058,#4059,#4060,#4061));
#4058 = ORIENTED_EDGE('',*,*,#3879,.T.);
#4059 = ORIENTED_EDGE('',*,*,#4033,.T.);
#4060 = ORIENTED_EDGE('',*,*,#3529,.F.);
#4061 = ORIENTED_EDGE('',*,*,#4062,.F.);
#4062 = EDGE_CURVE('',#3830,#3530,#4063,.T.);
#4063 = SURFACE_CURVE('',#4064,(#4068,#4075),.PCURVE_S1.);
#4064 = LINE('',#4065,#4066);
#4065 = CARTESIAN_POINT('',(-7.,12.,37.5));
#4066 = VECTOR('',#4067,1.);
#4067 = DIRECTION('',(1.,-0.,-0.));
#4068 = PCURVE('',#3547,#4069);
#4069 = DEFINITIONAL_REPRESENTATION('',(#4070),#4074);
#4070 = LINE('',#4071,#4072);
#4071 = CARTESIAN_POINT('',(0.,0.));
#4072 = VECTOR('',#4073,1.);
#4073 = DIRECTION('',(0.,1.));
#4074 = ( GEOMETRIC_REPRESENTATION_CONTEXT(2) 
PARAMETRIC_REPRESENTATION_CONTEXT() REPRESENTATION_CONTEXT('2D SPACE',''
  ) );
#4075 = PCURVE('',#3649,#4076);
#4076 = DEFINITIONAL_REPRESENTATION('',(#4077),#4081);
#4077 = LINE('',#4078,#4079);
#4078 = CARTESIAN_POINT('',(14.,-2.5));
#4079 = VECTOR('',#4080,1.);
#4080 = DIRECTION('',(-1.,0.));
#4081 = ( GEOMETRIC_REPRESENTATION_CONTEXT(2) 
PARAMETRIC_REPRESENTATION_CONTEXT() REPRESENTATION_CONTEXT('2D SPACE',''
  ) );
#4082 = ADVANCED_FACE('',(#4083),#3649,.F.);
#4083 = FACE_BOUND('',#4084,.F.);
#4084 = EDGE_LOOP('',(#4085,#4086,#4087,#4088));
#4085 = ORIENTED_EDGE('',*,*,#3635,.T.);
#4086 = ORIENTED_EDGE('',*,*,#4062,.F.);
#4087 = ORIENTED_EDGE('',*,*,#3853,.F.);
#4088 = ORIENTED_EDGE('',*,*,#4089,.T.);
#4089 = EDGE_CURVE('',#3780,#3612,#4090,.T.);
#4090 = SURFACE_CURVE('',#4091,(#4095,#4102),.PCURVE_S1.);
#4091 = LINE('',#4092,#4093);
#4092 = CARTESIAN_POINT('',(-7.,12.,36.5));
#4093 = VECTOR('',#4094,1.);
#4094 = DIRECTION('',(1.,-0.,-0.));
#4095 = PCURVE('',#3649,#4096);
#4096 = DEFINITIONAL_REPRESENTATION('',(#4097),#4101);
#4097 = LINE('',#4098,#4099);
#4098 = CARTESIAN_POINT('',(14.,-1.5));
#4099 = VECTOR('',#4100,1.);
#4100 = DIRECTION('',(-1.,0.));
#4101 = ( GEOMETRIC_REPRESENTATION_CONTEXT(2) 
PARAMETRIC_REPRESENTATION_CONTEXT() REPRESENTATION_CONTEXT('2D SPACE',''
  ) );
#4102 = PCURVE('',#3682,#4103);
#4103 = DEFINITIONAL_REPRESENTATION('',(#4104),#4108);
#4104 = LINE('',#4105,#4106);
#4105 = CARTESIAN_POINT('',(-0.,0.));
#4106 = VECTOR('',#4107,1.);
#4107 = DIRECTION('',(-0.,1.));
#4108 = ( GEOMETRIC_REPRESENTATION_CONTEXT(2) 
PARAMETRIC_REPRESENTATION_CONTEXT() REPRESENTATION_CONTEXT('2D SPACE',''
  ) );
#4109 = ADVANCED_FACE('',(#4110),#3682,.T.);
#4110 = FACE_BOUND('',#4111,.F.);
#4111 = EDGE_LOOP('',(#4112,#4113,#4114,#4115));
#4112 = ORIENTED_EDGE('',*,*,#3803,.T.);
#4113 = ORIENTED_EDGE('',*,*,#3725,.T.);
#4114 = ORIENTED_EDGE('',*,*,#3666,.F.);
#4115 = ORIENTED_EDGE('',*,*,#4089,.F.);
#4116 = ( GEOMETRIC_REPRESENTATION_CONTEXT(3) 
GLOBAL_UNCERTAINTY_ASSIGNED_CONTEXT((#4120)) 
GLOBAL_UNIT_ASSIGNED_CONTEXT((#4117,#4118,#4119)) REPRESENTATION_CONTEXT
('Context #1','3D Context with UNIT and UNCERTAINTY') );
#4117 = ( LENGTH_UNIT() NAMED_UNIT(*) SI_UNIT(.MILLI.,.METRE.) );
#4118 = ( NAMED_UNIT(*) PLANE_ANGLE_UNIT() SI_UNIT($,.RADIAN.) );
#4119 = ( NAMED_UNIT(*) SI_UNIT($,.STERADIAN.) SOLID_ANGLE_UNIT() );
#4120 = UNCERTAINTY_MEASURE_WITH_UNIT(LENGTH_MEASURE(2.E-07),#4117,
  'distance_accuracy_value','confusion accuracy');
#4121 = PRODUCT_RELATED_PRODUCT_CATEGORY('part',$,(#7));
ENDSEC;
END-ISO-10303-21;
