ISO-10303-21;
HEADER;
FILE_DESCRIPTION(('Open CASCADE Model'),'2;1');
FILE_NAME('Open CASCADE Shape Model','2026-09-08T22:51:55',('Author'),(
    'Open CASCADE'),'Open CASCADE STEP processor 7.9','build123d',
  'Unknown');
FILE_SCHEMA(('AUTOMOTIVE_DESIGN { 1 0 10303 214 1 1 1 1 }'));
ENDSEC;
DATA;
#1 = APPLICATION_PROTOCOL_DEFINITION('international standard',
  'automotive_design',2000,#2);
#2 = APPLICATION_CONTEXT(
  'core data for automotive mechanical design processes');
#3 = SHAPE_DEFINITION_REPRESENTATION(#4,#10);
#4 = PRODUCT_DEFINITION_SHAPE('','',#5);
#5 = PRODUCT_DEFINITION('design','',#6,#9);
#6 = PRODUCT_DEFINITION_FORMATION('','',#7);
#7 = PRODUCT('COMPOUND','COMPOUND','',(#8));
#8 = PRODUCT_CONTEXT('',#2,'mechanical');
#9 = PRODUCT_DEFINITION_CONTEXT('part definition',#2,'design');
#10 = ADVANCED_BREP_SHAPE_REPRESENTATION('',(#11,#15),#3241);
#11 = AXIS2_PLACEMENT_3D('',#12,#13,#14);
#12 = CARTESIAN_POINT('',(0.,0.,0.));
#13 = DIRECTION('',(0.,0.,1.));
#14 = DIRECTION('',(1.,0.,-0.));
#15 = MANIFOLD_SOLID_BREP('',#16);
#16 = CLOSED_SHELL('',(#17,#105,#140,#144,#840,#988,#1104,#1185,#1211,
    #1318,#1345,#1403,#1514,#1984,#2100,#2125,#2155,#2231,#2342,#2477,
    #2504,#2530,#2577,#2583,#2618,#2703,#2729,#2796,#2827,#2898,#2971,
    #3038,#3044,#3076,#3082,#3137,#3143,#3170,#3197,#3203,#3230,#3237));
#17 = ADVANCED_FACE('',(#18),#31,.T.);
#18 = FACE_BOUND('',#19,.T.);
#19 = EDGE_LOOP('',(#20,#54,#77,#104));
#20 = ORIENTED_EDGE('',*,*,#21,.F.);
#21 = EDGE_CURVE('',#22,#22,#24,.T.);
#22 = VERTEX_POINT('',#23);
#23 = CARTESIAN_POINT('',(-41.,-1.714505518806E-15,2.));
#24 = SURFACE_CURVE('',#25,(#30,#42),.PCURVE_S1.);
#25 = CIRCLE('',#26,7.);
#26 = AXIS2_PLACEMENT_3D('',#27,#28,#29);
#27 = CARTESIAN_POINT('',(-48.,0.,2.));
#28 = DIRECTION('',(0.,0.,1.));
#29 = DIRECTION('',(1.,0.,0.));
#30 = PCURVE('',#31,#36);
#31 = CYLINDRICAL_SURFACE('',#32,7.);
#32 = AXIS2_PLACEMENT_3D('',#33,#34,#35);
#33 = CARTESIAN_POINT('',(-48.,0.,0.));
#34 = DIRECTION('',(0.,0.,1.));
#35 = DIRECTION('',(1.,0.,0.));
#36 = DEFINITIONAL_REPRESENTATION('',(#37),#41);
#37 = LINE('',#38,#39);
#38 = CARTESIAN_POINT('',(0.,2.));
#39 = VECTOR('',#40,1.);
#40 = DIRECTION('',(1.,0.));
#41 = ( GEOMETRIC_REPRESENTATION_CONTEXT(2) 
PARAMETRIC_REPRESENTATION_CONTEXT() REPRESENTATION_CONTEXT('2D SPACE',''
  ) );
#42 = PCURVE('',#43,#48);
#43 = PLANE('',#44);
#44 = AXIS2_PLACEMENT_3D('',#45,#46,#47);
#45 = CARTESIAN_POINT('',(-48.,0.,2.));
#46 = DIRECTION('',(0.,0.,1.));
#47 = DIRECTION('',(1.,0.,0.));
#48 = DEFINITIONAL_REPRESENTATION('',(#49),#53);
#49 = CIRCLE('',#50,7.);
#50 = AXIS2_PLACEMENT_2D('',#51,#52);
#51 = CARTESIAN_POINT('',(0.,0.));
#52 = DIRECTION('',(1.,0.));
#53 = ( GEOMETRIC_REPRESENTATION_CONTEXT(2) 
PARAMETRIC_REPRESENTATION_CONTEXT() REPRESENTATION_CONTEXT('2D SPACE',''
  ) );
#54 = ORIENTED_EDGE('',*,*,#55,.F.);
#55 = EDGE_CURVE('',#56,#22,#58,.T.);
#56 = VERTEX_POINT('',#57);
#57 = CARTESIAN_POINT('',(-41.,-1.714505518806E-15,0.));
#58 = SEAM_CURVE('',#59,(#63,#70),.PCURVE_S1.);
#59 = LINE('',#60,#61);
#60 = CARTESIAN_POINT('',(-41.,-1.714505518806E-15,0.));
#61 = VECTOR('',#62,1.);
#62 = DIRECTION('',(0.,0.,1.));
#63 = PCURVE('',#31,#64);
#64 = DEFINITIONAL_REPRESENTATION('',(#65),#69);
#65 = LINE('',#66,#67);
#66 = CARTESIAN_POINT('',(0.,-0.));
#67 = VECTOR('',#68,1.);
#68 = DIRECTION('',(0.,1.));
#69 = ( GEOMETRIC_REPRESENTATION_CONTEXT(2) 
PARAMETRIC_REPRESENTATION_CONTEXT() REPRESENTATION_CONTEXT('2D SPACE',''
  ) );
#70 = PCURVE('',#31,#71);
#71 = DEFINITIONAL_REPRESENTATION('',(#72),#76);
#72 = LINE('',#73,#74);
#73 = CARTESIAN_POINT('',(6.28318530718,-0.));
#74 = VECTOR('',#75,1.);
#75 = DIRECTION('',(0.,1.));
#76 = ( GEOMETRIC_REPRESENTATION_CONTEXT(2) 
PARAMETRIC_REPRESENTATION_CONTEXT() REPRESENTATION_CONTEXT('2D SPACE',''
  ) );
#77 = ORIENTED_EDGE('',*,*,#78,.T.);
#78 = EDGE_CURVE('',#56,#56,#79,.T.);
#79 = SURFACE_CURVE('',#80,(#85,#92),.PCURVE_S1.);
#80 = CIRCLE('',#81,7.);
#81 = AXIS2_PLACEMENT_3D('',#82,#83,#84);
#82 = CARTESIAN_POINT('',(-48.,0.,0.));
#83 = DIRECTION('',(0.,0.,1.));
#84 = DIRECTION('',(1.,0.,0.));
#85 = PCURVE('',#31,#86);
#86 = DEFINITIONAL_REPRESENTATION('',(#87),#91);
#87 = LINE('',#88,#89);
#88 = CARTESIAN_POINT('',(0.,0.));
#89 = VECTOR('',#90,1.);
#90 = DIRECTION('',(1.,0.));
#91 = ( GEOMETRIC_REPRESENTATION_CONTEXT(2) 
PARAMETRIC_REPRESENTATION_CONTEXT() REPRESENTATION_CONTEXT('2D SPACE',''
  ) );
#92 = PCURVE('',#93,#98);
#93 = PLANE('',#94);
#94 = AXIS2_PLACEMENT_3D('',#95,#96,#97);
#95 = CARTESIAN_POINT('',(-48.,0.,0.));
#96 = DIRECTION('',(0.,0.,1.));
#97 = DIRECTION('',(1.,0.,0.));
#98 = DEFINITIONAL_REPRESENTATION('',(#99),#103);
#99 = CIRCLE('',#100,7.);
#100 = AXIS2_PLACEMENT_2D('',#101,#102);
#101 = CARTESIAN_POINT('',(0.,0.));
#102 = DIRECTION('',(1.,0.));
#103 = ( GEOMETRIC_REPRESENTATION_CONTEXT(2) 
PARAMETRIC_REPRESENTATION_CONTEXT() REPRESENTATION_CONTEXT('2D SPACE',''
  ) );
#104 = ORIENTED_EDGE('',*,*,#55,.T.);
#105 = ADVANCED_FACE('',(#106,#109),#43,.T.);
#106 = FACE_BOUND('',#107,.T.);
#107 = EDGE_LOOP('',(#108));
#108 = ORIENTED_EDGE('',*,*,#21,.T.);
#109 = FACE_BOUND('',#110,.T.);
#110 = EDGE_LOOP('',(#111));
#111 = ORIENTED_EDGE('',*,*,#112,.F.);
#112 = EDGE_CURVE('',#113,#113,#115,.T.);
#113 = VERTEX_POINT('',#114);
#114 = CARTESIAN_POINT('',(-43.,-1.224646799147E-15,2.));
#115 = SURFACE_CURVE('',#116,(#121,#128),.PCURVE_S1.);
#116 = CIRCLE('',#117,5.);
#117 = AXIS2_PLACEMENT_3D('',#118,#119,#120);
#118 = CARTESIAN_POINT('',(-48.,0.,2.));
#119 = DIRECTION('',(0.,0.,1.));
#120 = DIRECTION('',(1.,0.,-0.));
#121 = PCURVE('',#43,#122);
#122 = DEFINITIONAL_REPRESENTATION('',(#123),#127);
#123 = CIRCLE('',#124,5.);
#124 = AXIS2_PLACEMENT_2D('',#125,#126);
#125 = CARTESIAN_POINT('',(0.,0.));
#126 = DIRECTION('',(1.,0.));
#127 = ( GEOMETRIC_REPRESENTATION_CONTEXT(2) 
PARAMETRIC_REPRESENTATION_CONTEXT() REPRESENTATION_CONTEXT('2D SPACE',''
  ) );
#128 = PCURVE('',#129,#134);
#129 = CYLINDRICAL_SURFACE('',#130,5.);
#130 = AXIS2_PLACEMENT_3D('',#131,#132,#133);
#131 = CARTESIAN_POINT('',(-48.,0.,2.));
#132 = DIRECTION('',(0.,0.,1.));
#133 = DIRECTION('',(1.,0.,-0.));
#134 = DEFINITIONAL_REPRESENTATION('',(#135),#139);
#135 = LINE('',#136,#137);
#136 = CARTESIAN_POINT('',(0.,0.));
#137 = VECTOR('',#138,1.);
#138 = DIRECTION('',(1.,0.));
#139 = ( GEOMETRIC_REPRESENTATION_CONTEXT(2) 
PARAMETRIC_REPRESENTATION_CONTEXT() REPRESENTATION_CONTEXT('2D SPACE',''
  ) );
#140 = ADVANCED_FACE('',(#141),#93,.F.);
#141 = FACE_BOUND('',#142,.T.);
#142 = EDGE_LOOP('',(#143));
#143 = ORIENTED_EDGE('',*,*,#78,.F.);
#144 = ADVANCED_FACE('',(#145),#129,.T.);
#145 = FACE_BOUND('',#146,.T.);
#146 = EDGE_LOOP('',(#147,#204,#225,#226,#227,#277,#362,#477,#511,#608,
    #642,#757));
#147 = ORIENTED_EDGE('',*,*,#148,.F.);
#148 = EDGE_CURVE('',#149,#151,#153,.T.);
#149 = VERTEX_POINT('',#150);
#150 = CARTESIAN_POINT('',(-43.,-1.224646799147E-15,26.968273085249));
#151 = VERTEX_POINT('',#152);
#152 = CARTESIAN_POINT('',(-44.42928578572,3.5,26.623162919683));
#153 = SURFACE_CURVE('',#154,(#167,#183),.PCURVE_S1.);
#154 = B_SPLINE_CURVE_WITH_KNOTS('',6,(#155,#156,#157,#158,#159,#160,
    #161,#162,#163,#164,#165,#166),.UNSPECIFIED.,.F.,.F.,(7,5,7),(0.,
    0.722965205237,1.),.UNSPECIFIED.);
#155 = CARTESIAN_POINT('',(-43.,-1.224646799147E-15,26.968273085249));
#156 = CARTESIAN_POINT('',(-43.,0.448571302857,26.968273085249));
#157 = CARTESIAN_POINT('',(-43.04829163768,0.897063775379,
    26.956814340526));
#158 = CARTESIAN_POINT('',(-43.1448453976,1.341959331396,26.933903609325
    ));
#159 = CARTESIAN_POINT('',(-43.29059082163,1.779534497643,
    26.899219222671));
#160 = CARTESIAN_POINT('',(-43.48720777656,2.205196673672,
    26.852156782923));
#161 = CARTESIAN_POINT('',(-43.83244071427,2.768565625535,26.7687540621)
  );
#162 = CARTESIAN_POINT('',(-43.93586197649,2.921943768917,
    26.743704978992));
#163 = CARTESIAN_POINT('',(-44.04716629688,3.072236998906,26.71666769986
    ));
#164 = CARTESIAN_POINT('',(-44.16644902561,3.219008397312,
    26.687596421825));
#165 = CARTESIAN_POINT('',(-44.29379702079,3.361773997614,26.65644408367
    ));
#166 = CARTESIAN_POINT('',(-44.4292881382,3.5000024,26.623162341827));
#167 = PCURVE('',#129,#168);
#168 = DEFINITIONAL_REPRESENTATION('',(#169),#182);
#169 = B_SPLINE_CURVE_WITH_KNOTS('',6,(#170,#171,#172,#173,#174,#175,
    #176,#177,#178,#179,#180,#181),.UNSPECIFIED.,.F.,.F.,(7,5,7),(0.,
    0.722965205237,1.),.UNSPECIFIED.);
#170 = CARTESIAN_POINT('',(0.,24.968273085249));
#171 = CARTESIAN_POINT('',(8.971426057145E-02,24.968273085249));
#172 = CARTESIAN_POINT('',(0.179413131156,24.956814340526));
#173 = CARTESIAN_POINT('',(0.269690181981,24.933903609325));
#174 = CARTESIAN_POINT('',(0.361106913411,24.899219222671));
#175 = CARTESIAN_POINT('',(0.454241073311,24.852156782923));
#176 = CARTESIAN_POINT('',(0.586388015342,24.7687540621));
#177 = CARTESIAN_POINT('',(0.623350761006,24.743704978992));
#178 = CARTESIAN_POINT('',(0.660699606096,24.71666769986));
#179 = CARTESIAN_POINT('',(0.698466706702,24.687596421825));
#180 = CARTESIAN_POINT('',(0.73668644746,24.65644408367));
#181 = CARTESIAN_POINT('',(0.775398168745,24.623162341827));
#182 = ( GEOMETRIC_REPRESENTATION_CONTEXT(2) 
PARAMETRIC_REPRESENTATION_CONTEXT() REPRESENTATION_CONTEXT('2D SPACE',''
  ) );
#183 = PCURVE('',#184,#189);
#184 = CYLINDRICAL_SURFACE('',#185,186.25);
#185 = AXIS2_PLACEMENT_3D('',#186,#187,#188);
#186 = CARTESIAN_POINT('',(-2.556831758308E-15,0.,-154.25));
#187 = DIRECTION('',(0.,-1.,0.));
#188 = DIRECTION('',(0.289932885906,0.,0.957046979866));
#189 = DEFINITIONAL_REPRESENTATION('',(#190),#203);
#190 = B_SPLINE_CURVE_WITH_KNOTS('',6,(#191,#192,#193,#194,#195,#196,
    #197,#198,#199,#200,#201,#202),.UNSPECIFIED.,.F.,.F.,(7,5,7),(0.,
    0.722965205237,1.),.UNSPECIFIED.);
#191 = CARTESIAN_POINT('',(0.52713100707,1.33226762955E-15));
#192 = CARTESIAN_POINT('',(0.52713100707,-0.448571302857));
#193 = CARTESIAN_POINT('',(0.527397490307,-0.897063775379));
#194 = CARTESIAN_POINT('',(0.527930294128,-1.341959331396));
#195 = CARTESIAN_POINT('',(0.528734673536,-1.779534497643));
#196 = CARTESIAN_POINT('',(0.529820152861,-2.205196673672));
#197 = CARTESIAN_POINT('',(0.531727076147,-2.768565625535));
#198 = CARTESIAN_POINT('',(0.53229841313,-2.921943768917));
#199 = CARTESIAN_POINT('',(0.532913398746,-3.072236998906));
#200 = CARTESIAN_POINT('',(0.53357258885,-3.219008397312));
#201 = CARTESIAN_POINT('',(0.534276496914,-3.361773997614));
#202 = CARTESIAN_POINT('',(0.53502559156,-3.5000024));
#203 = ( GEOMETRIC_REPRESENTATION_CONTEXT(2) 
PARAMETRIC_REPRESENTATION_CONTEXT() REPRESENTATION_CONTEXT('2D SPACE',''
  ) );
#204 = ORIENTED_EDGE('',*,*,#205,.F.);
#205 = EDGE_CURVE('',#113,#149,#206,.T.);
#206 = SEAM_CURVE('',#207,(#211,#218),.PCURVE_S1.);
#207 = LINE('',#208,#209);
#208 = CARTESIAN_POINT('',(-43.,-1.224646799147E-15,2.));
#209 = VECTOR('',#210,1.);
#210 = DIRECTION('',(0.,0.,1.));
#211 = PCURVE('',#129,#212);
#212 = DEFINITIONAL_REPRESENTATION('',(#213),#217);
#213 = LINE('',#214,#215);
#214 = CARTESIAN_POINT('',(6.28318530718,-0.));
#215 = VECTOR('',#216,1.);
#216 = DIRECTION('',(0.,1.));
#217 = ( GEOMETRIC_REPRESENTATION_CONTEXT(2) 
PARAMETRIC_REPRESENTATION_CONTEXT() REPRESENTATION_CONTEXT('2D SPACE',''
  ) );
#218 = PCURVE('',#129,#219);
#219 = DEFINITIONAL_REPRESENTATION('',(#220),#224);
#220 = LINE('',#221,#222);
#221 = CARTESIAN_POINT('',(0.,-0.));
#222 = VECTOR('',#223,1.);
#223 = DIRECTION('',(0.,1.));
#224 = ( GEOMETRIC_REPRESENTATION_CONTEXT(2) 
PARAMETRIC_REPRESENTATION_CONTEXT() REPRESENTATION_CONTEXT('2D SPACE',''
  ) );
#225 = ORIENTED_EDGE('',*,*,#112,.T.);
#226 = ORIENTED_EDGE('',*,*,#205,.T.);
#227 = ORIENTED_EDGE('',*,*,#228,.F.);
#228 = EDGE_CURVE('',#229,#149,#231,.T.);
#229 = VERTEX_POINT('',#230);
#230 = CARTESIAN_POINT('',(-44.42928578572,-3.5,26.623162919683));
#231 = SURFACE_CURVE('',#232,(#245,#261),.PCURVE_S1.);
#232 = B_SPLINE_CURVE_WITH_KNOTS('',6,(#233,#234,#235,#236,#237,#238,
    #239,#240,#241,#242,#243,#244),.UNSPECIFIED.,.F.,.F.,(7,5,7),(0.,
    0.271593118519,1.),.UNSPECIFIED.);
#233 = CARTESIAN_POINT('',(-44.4292881382,-3.5000024,26.623162341827));
#234 = CARTESIAN_POINT('',(-44.29645990001,-3.364490674154,
    26.655789979841));
#235 = CARTESIAN_POINT('',(-44.17145730929,-3.224617773208,
    26.686371224452));
#236 = CARTESIAN_POINT('',(-44.05420753696,-3.08088479557,
    26.714951493304));
#237 = CARTESIAN_POINT('',(-43.94462922378,-2.933748954807,
    26.741575076118));
#238 = CARTESIAN_POINT('',(-43.84263294727,-2.783623933583,
    26.766285152007));
#239 = CARTESIAN_POINT('',(-43.49464453267,-2.221224941972,
    26.85037658588));
#240 = CARTESIAN_POINT('',(-43.29499614982,-1.792714060933,
    26.898170845068));
#241 = CARTESIAN_POINT('',(-43.14703281204,-1.352003433072,
    26.933384558843));
#242 = CARTESIAN_POINT('',(-43.04902256315,-0.903815044824,
    26.95664090653));
#243 = CARTESIAN_POINT('',(-43.,-0.451953175307,26.968273085249));
#244 = CARTESIAN_POINT('',(-43.,-1.33226762955E-15,26.968273085249));
#245 = PCURVE('',#129,#246);
#246 = DEFINITIONAL_REPRESENTATION('',(#247),#260);
#247 = B_SPLINE_CURVE_WITH_KNOTS('',6,(#248,#249,#250,#251,#252,#253,
    #254,#255,#256,#257,#258,#259),.UNSPECIFIED.,.F.,.F.,(7,5,7),(0.,
    0.271593118519,1.),.UNSPECIFIED.);
#248 = CARTESIAN_POINT('',(5.507787138434,24.623162341827));
#249 = CARTESIAN_POINT('',(5.545738037608,24.655789979841));
#250 = CARTESIAN_POINT('',(5.58321625998,24.686371224452));
#251 = CARTESIAN_POINT('',(5.620258742389,24.714951493304));
#252 = CARTESIAN_POINT('',(5.656897879361,24.741575076118));
#253 = CARTESIAN_POINT('',(5.693163994316,24.766285152007));
#254 = CARTESIAN_POINT('',(5.825434711024,24.85037658588));
#255 = CARTESIAN_POINT('',(5.919324242826,24.898170845068));
#256 = CARTESIAN_POINT('',(6.011456727632,24.933384558843));
#257 = CARTESIAN_POINT('',(6.102421926639,24.95664090653));
#258 = CARTESIAN_POINT('',(6.192794672118,24.968273085249));
#259 = CARTESIAN_POINT('',(6.28318530718,24.968273085249));
#260 = ( GEOMETRIC_REPRESENTATION_CONTEXT(2) 
PARAMETRIC_REPRESENTATION_CONTEXT() REPRESENTATION_CONTEXT('2D SPACE',''
  ) );
#261 = PCURVE('',#184,#262);
#262 = DEFINITIONAL_REPRESENTATION('',(#263),#276);
#263 = B_SPLINE_CURVE_WITH_KNOTS('',6,(#264,#265,#266,#267,#268,#269,
    #270,#271,#272,#273,#274,#275),.UNSPECIFIED.,.F.,.F.,(7,5,7),(0.,
    0.271593118519,1.),.UNSPECIFIED.);
#264 = CARTESIAN_POINT('',(0.53502559156,3.5000024));
#265 = CARTESIAN_POINT('',(0.534291219271,3.364490674154));
#266 = CARTESIAN_POINT('',(0.533600271891,3.224617773208));
#267 = CARTESIAN_POINT('',(0.532952310801,3.08088479557));
#268 = CARTESIAN_POINT('',(0.532346854758,2.933748954807));
#269 = CARTESIAN_POINT('',(0.531783382168,2.783623933583));
#270 = CARTESIAN_POINT('',(0.529861209726,2.221224941972));
#271 = CARTESIAN_POINT('',(0.528758986859,1.792714060933));
#272 = CARTESIAN_POINT('',(0.527942364751,1.352003433072));
#273 = CARTESIAN_POINT('',(0.527401523702,0.903815044824));
#274 = CARTESIAN_POINT('',(0.52713100707,0.451953175307));
#275 = CARTESIAN_POINT('',(0.52713100707,1.224646799147E-15));
#276 = ( GEOMETRIC_REPRESENTATION_CONTEXT(2) 
PARAMETRIC_REPRESENTATION_CONTEXT() REPRESENTATION_CONTEXT('2D SPACE',''
  ) );
#277 = ORIENTED_EDGE('',*,*,#278,.T.);
#278 = EDGE_CURVE('',#229,#279,#281,.T.);
#279 = VERTEX_POINT('',#280);
#280 = CARTESIAN_POINT('',(-48.,-5.,27.26050245096));
#281 = SURFACE_CURVE('',#282,(#305,#331),.PCURVE_S1.);
#282 = B_SPLINE_CURVE_WITH_KNOTS('',6,(#283,#284,#285,#286,#287,#288,
    #289,#290,#291,#292,#293,#294,#295,#296,#297,#298,#299,#300,#301,
    #302,#303,#304),.UNSPECIFIED.,.F.,.F.,(7,5,5,5,7),(0.,0.289498621315
    ,0.620040649876,0.977777335222,1.),.UNSPECIFIED.);
#283 = CARTESIAN_POINT('',(-44.42928578572,-3.5,26.623162919683));
#284 = CARTESIAN_POINT('',(-44.56156981792,-3.634956706882,
    26.590668961063));
#285 = CARTESIAN_POINT('',(-44.70337654315,-3.767384754549,
    26.570717296585));
#286 = CARTESIAN_POINT('',(-44.85338393175,-3.894751010386,
    26.56255186364));
#287 = CARTESIAN_POINT('',(-45.01012256693,-4.015361800752,
    26.564733066912));
#288 = CARTESIAN_POINT('',(-45.17224689707,-4.128255151831,
    26.575825262916));
#289 = CARTESIAN_POINT('',(-45.52884425072,-4.35244897012,
    26.615864491793));
#290 = CARTESIAN_POINT('',(-45.72461310582,-4.461234784833,
    26.647117316284));
#291 = CARTESIAN_POINT('',(-45.9247405133,-4.558685795958,26.6863530181)
  );
#292 = CARTESIAN_POINT('',(-46.12812067196,-4.644665208434,
    26.731926782437));
#293 = CARTESIAN_POINT('',(-46.33394906092,-4.719267977531,
    26.782496820602));
#294 = CARTESIAN_POINT('',(-46.76674159457,-4.851224429963,
    26.895964947576));
#295 = CARTESIAN_POINT('',(-46.99393835918,-4.906619309403,
    26.959505125316));
#296 = CARTESIAN_POINT('',(-47.22276785633,-4.949010412223,
    27.026224203793));
#297 = CARTESIAN_POINT('',(-47.45267188253,-4.978533200765,
    27.094975259407));
#298 = CARTESIAN_POINT('',(-47.68318624512,-4.995288401499,27.1647273703
    ));
#299 = CARTESIAN_POINT('',(-47.92830691493,-4.999506545017,
    27.238835086013));
#300 = CARTESIAN_POINT('',(-47.94264416253,-4.99970391724,
    27.243169456392));
#301 = CARTESIAN_POINT('',(-47.95698219721,-4.99985195307,
    27.247503617974));
#302 = CARTESIAN_POINT('',(-47.97132091699,-4.999950648943,
    27.251837329434));
#303 = CARTESIAN_POINT('',(-47.98566021724,-4.999999999983,
    27.256170352793));
#304 = CARTESIAN_POINT('',(-47.99999999072,-5.,27.260502453412));
#305 = PCURVE('',#129,#306);
#306 = DEFINITIONAL_REPRESENTATION('',(#307),#330);
#307 = B_SPLINE_CURVE_WITH_KNOTS('',6,(#308,#309,#310,#311,#312,#313,
    #314,#315,#316,#317,#318,#319,#320,#321,#322,#323,#324,#325,#326,
    #327,#328,#329),.UNSPECIFIED.,.F.,.F.,(7,5,5,5,7),(0.,0.289498621315
    ,0.620040649876,0.977777335222,1.),.UNSPECIFIED.);
#308 = CARTESIAN_POINT('',(5.507787810569,24.623162919683));
#309 = CARTESIAN_POINT('',(5.469992372798,24.590668961063));
#310 = CARTESIAN_POINT('',(5.431224900676,24.570717296585));
#311 = CARTESIAN_POINT('',(5.391935264755,24.56255186364));
#312 = CARTESIAN_POINT('',(5.352448239297,24.564733066912));
#313 = CARTESIAN_POINT('',(5.312980234023,24.575825262916));
#314 = CARTESIAN_POINT('',(5.228736648917,24.615864491793));
#315 = CARTESIAN_POINT('',(5.184009332017,24.647117316284));
#316 = CARTESIAN_POINT('',(5.13958751167,24.6863530181));
#317 = CARTESIAN_POINT('',(5.09551691366,24.731926782437));
#318 = CARTESIAN_POINT('',(5.051789368451,24.782496820602));
#319 = CARTESIAN_POINT('',(4.961296963792,24.895964947576));
#320 = CARTESIAN_POINT('',(4.914601853134,24.959505125316));
#321 = CARTESIAN_POINT('',(4.868165712193,25.026224203793));
#322 = CARTESIAN_POINT('',(4.821913140359,25.094975259407));
#323 = CARTESIAN_POINT('',(4.775759414136,25.1647273703));
#324 = CARTESIAN_POINT('',(4.726728021945,25.238835086013));
#325 = CARTESIAN_POINT('',(4.723860317706,25.243169456392));
#326 = CARTESIAN_POINT('',(4.720992583403,25.247503617974));
#327 = CARTESIAN_POINT('',(4.718124796987,25.251837329434));
#328 = CARTESIAN_POINT('',(4.715256936934,25.256170352793));
#329 = CARTESIAN_POINT('',(4.712388982239,25.260502453412));
#330 = ( GEOMETRIC_REPRESENTATION_CONTEXT(2) 
PARAMETRIC_REPRESENTATION_CONTEXT() REPRESENTATION_CONTEXT('2D SPACE',''
  ) );
#331 = PCURVE('',#332,#337);
#332 = TOROIDAL_SURFACE('',#333,187.75,1.5);
#333 = AXIS2_PLACEMENT_3D('',#334,#335,#336);
#334 = CARTESIAN_POINT('',(-2.556831758308E-15,-3.5,-154.25));
#335 = DIRECTION('',(-0.,-1.,0.));
#336 = DIRECTION('',(0.289932885906,0.,0.957046979866));
#337 = DEFINITIONAL_REPRESENTATION('',(#338),#361);
#338 = B_SPLINE_CURVE_WITH_KNOTS('',6,(#339,#340,#341,#342,#343,#344,
    #345,#346,#347,#348,#349,#350,#351,#352,#353,#354,#355,#356,#357,
    #358,#359,#360),.UNSPECIFIED.,.F.,.F.,(7,5,5,5,7),(0.,0.289498621315
    ,0.620040649876,0.977777335222,1.),.UNSPECIFIED.);
#339 = CARTESIAN_POINT('',(0.535025578553,3.14159265359));
#340 = CARTESIAN_POINT('',(0.535756942068,3.051621515669));
#341 = CARTESIAN_POINT('',(0.536521894135,2.963336794851));
#342 = CARTESIAN_POINT('',(0.53731425293,2.877111664461));
#343 = CARTESIAN_POINT('',(0.538127937449,2.793027561562));
#344 = CARTESIAN_POINT('',(0.538957574685,2.711066417339));
#345 = CARTESIAN_POINT('',(0.540760587697,2.539761857955));
#346 = CARTESIAN_POINT('',(0.541737504869,2.451034850787));
#347 = CARTESIAN_POINT('',(0.542725573716,2.364591361716));
#348 = CARTESIAN_POINT('',(0.543720992707,2.280132595738));
#349 = CARTESIAN_POINT('',(0.544721212383,2.197347004799));
#350 = CARTESIAN_POINT('',(0.546812028677,2.027674414391));
#351 = CARTESIAN_POINT('',(0.547902744693,1.941054528504));
#352 = CARTESIAN_POINT('',(0.548995962524,1.85555623545));
#353 = CARTESIAN_POINT('',(0.550090246676,1.770821604554));
#354 = CARTESIAN_POINT('',(0.551184551584,1.686502564148));
#355 = CARTESIAN_POINT('',(0.552346403723,1.596976167349));
#356 = CARTESIAN_POINT('',(0.552414354612,1.591740207291));
#357 = CARTESIAN_POINT('',(0.552482303016,1.586504329538));
#358 = CARTESIAN_POINT('',(0.55255024874,1.581268448594));
#359 = CARTESIAN_POINT('',(0.552618191567,1.576032477291));
#360 = CARTESIAN_POINT('',(0.552686131267,1.570796326795));
#361 = ( GEOMETRIC_REPRESENTATION_CONTEXT(2) 
PARAMETRIC_REPRESENTATION_CONTEXT() REPRESENTATION_CONTEXT('2D SPACE',''
  ) );
#362 = ORIENTED_EDGE('',*,*,#363,.F.);
#363 = EDGE_CURVE('',#364,#279,#366,.T.);
#364 = VERTEX_POINT('',#365);
#365 = CARTESIAN_POINT('',(-51.57071421427,-3.5,24.717941082837));
#366 = SURFACE_CURVE('',#367,(#400,#436),.PCURVE_S1.);
#367 = B_SPLINE_CURVE_WITH_KNOTS('',7,(#368,#369,#370,#371,#372,#373,
    #374,#375,#376,#377,#378,#379,#380,#381,#382,#383,#384,#385,#386,
    #387,#388,#389,#390,#391,#392,#393,#394,#395,#396,#397,#398,#399),
  .UNSPECIFIED.,.F.,.F.,(8,6,6,6,6,8),(0.,0.146298087326,0.409554808288,
    0.724369142247,0.971101370776,1.),.UNSPECIFIED.);
#368 = CARTESIAN_POINT('',(-51.57071421427,-3.5,24.717941082837));
#369 = CARTESIAN_POINT('',(-51.49876018844,-3.573407789374,
    24.738675078436));
#370 = CARTESIAN_POINT('',(-51.42580260734,-3.644317352664,
    24.764023501278));
#371 = CARTESIAN_POINT('',(-51.35211949308,-3.712578624422,
    24.793367639631));
#372 = CARTESIAN_POINT('',(-51.27794194582,-3.778137876243,
    24.826154927774));
#373 = CARTESIAN_POINT('',(-51.20344406693,-3.841013551087,
    24.861913241291));
#374 = CARTESIAN_POINT('',(-51.12873435066,-3.901277473084,
    24.900259505798));
#375 = CARTESIAN_POINT('',(-50.91909495942,-4.062985038077,
    25.01403804375));
#376 = CARTESIAN_POINT('',(-50.78394192364,-4.158702043607,
    25.094517826474));
#377 = CARTESIAN_POINT('',(-50.64861364318,-4.246868336637,
    25.180609039333));
#378 = CARTESIAN_POINT('',(-50.5133416146,-4.327981323335,25.27113068395
    ));
#379 = CARTESIAN_POINT('',(-50.37825301117,-4.40252975647,
    25.365178823303));
#380 = CARTESIAN_POINT('',(-50.24335678205,-4.470958046121,
    25.462137244319));
#381 = CARTESIAN_POINT('',(-49.94726243358,-4.608665230135,
    25.680593843748));
#382 = CARTESIAN_POINT('',(-49.78625097662,-4.675410238316,
    25.803057988065));
#383 = CARTESIAN_POINT('',(-49.6254215285,-4.734538775022,25.92822406107
    ));
#384 = CARTESIAN_POINT('',(-49.46476039457,-4.786490873084,
    26.055508510391));
#385 = CARTESIAN_POINT('',(-49.30424908309,-4.831604739493,
    26.184458645508));
#386 = CARTESIAN_POINT('',(-49.14383704677,-4.870154066867,
    26.314714004858));
#387 = CARTESIAN_POINT('',(-48.85772376036,-4.927550054476,
    26.548905749563));
#388 = CARTESIAN_POINT('',(-48.73203872776,-4.948851157759,
    26.65242467919));
#389 = CARTESIAN_POINT('',(-48.60635535039,-4.966326380318,
    26.756419463028));
#390 = CARTESIAN_POINT('',(-48.4806528575,-4.980041207773,26.86075969627
    ));
#391 = CARTESIAN_POINT('',(-48.35491231641,-4.990037269223,
    26.96532523952));
#392 = CARTESIAN_POINT('',(-48.22911352436,-4.99633464991,
    27.070002940643));
#393 = CARTESIAN_POINT('',(-48.08848795547,-4.999238677874,
    27.186944099951));
#394 = CARTESIAN_POINT('',(-48.07374290744,-4.999492419265,27.1992048533
    ));
#395 = CARTESIAN_POINT('',(-48.05899672523,-4.999695428056,
    27.21146543689));
#396 = CARTESIAN_POINT('',(-48.04424937657,-4.999847700325,
    27.223725670244));
#397 = CARTESIAN_POINT('',(-48.02950082796,-4.999949228231,
    27.235985372169));
#398 = CARTESIAN_POINT('',(-48.01475104467,-5.000000000016,
    27.248244360764));
#399 = CARTESIAN_POINT('',(-47.99999999072,-5.,27.260502453412));
#400 = PCURVE('',#129,#401);
#401 = DEFINITIONAL_REPRESENTATION('',(#402),#435);
#402 = B_SPLINE_CURVE_WITH_KNOTS('',7,(#403,#404,#405,#406,#407,#408,
    #409,#410,#411,#412,#413,#414,#415,#416,#417,#418,#419,#420,#421,
    #422,#423,#424,#425,#426,#427,#428,#429,#430,#431,#432,#433,#434),
  .UNSPECIFIED.,.F.,.F.,(8,6,6,6,6,8),(0.,0.146298087326,0.409554808288,
    0.724369142247,0.971101370776,1.),.UNSPECIFIED.);
#403 = CARTESIAN_POINT('',(3.916990150201,22.717941082837));
#404 = CARTESIAN_POINT('',(3.937548443295,22.738675078436));
#405 = CARTESIAN_POINT('',(3.957890413005,22.764023501278));
#406 = CARTESIAN_POINT('',(3.977969911623,22.793367639631));
#407 = CARTESIAN_POINT('',(3.997759716567,22.826154927774));
#408 = CARTESIAN_POINT('',(4.017248901145,22.861913241291));
#409 = CARTESIAN_POINT('',(4.036441527753,22.900259505798));
#410 = CARTESIAN_POINT('',(4.089393585667,23.01403804375));
#411 = CARTESIAN_POINT('',(4.122488859609,23.094517826474));
#412 = CARTESIAN_POINT('',(4.154753902478,23.180609039333));
#413 = CARTESIAN_POINT('',(4.186261372603,23.27113068395));
#414 = CARTESIAN_POINT('',(4.217089738129,23.365178823303));
#415 = CARTESIAN_POINT('',(4.247324011809,23.462137244319));
#416 = CARTESIAN_POINT('',(4.312634082003,23.680593843748));
#417 = CARTESIAN_POINT('',(4.347462345937,23.803057988065));
#418 = CARTESIAN_POINT('',(4.38168854113,23.92822406107));
#419 = CARTESIAN_POINT('',(4.41541256876,24.055508510391));
#420 = CARTESIAN_POINT('',(4.448719474439,24.184458645508));
#421 = CARTESIAN_POINT('',(4.481691672734,24.314714004858));
#422 = CARTESIAN_POINT('',(4.540054370429,24.548905749563));
#423 = CARTESIAN_POINT('',(4.5655382968,24.65242467919));
#424 = CARTESIAN_POINT('',(4.590898913516,24.756419463028));
#425 = CARTESIAN_POINT('',(4.616168929845,24.86075969627));
#426 = CARTESIAN_POINT('',(4.641379054364,24.96532523952));
#427 = CARTESIAN_POINT('',(4.666559440688,25.070002940643));
#428 = CARTESIAN_POINT('',(4.694690550871,25.186944099951));
#429 = CARTESIAN_POINT('',(4.697639979642,25.1992048533));
#430 = CARTESIAN_POINT('',(4.70058946761,25.21146543689));
#431 = CARTESIAN_POINT('',(4.703539063124,25.223725670244));
#432 = CARTESIAN_POINT('',(4.706488814787,25.235985372169));
#433 = CARTESIAN_POINT('',(4.709438771456,25.248244360764));
#434 = CARTESIAN_POINT('',(4.712388982239,25.260502453412));
#435 = ( GEOMETRIC_REPRESENTATION_CONTEXT(2) 
PARAMETRIC_REPRESENTATION_CONTEXT() REPRESENTATION_CONTEXT('2D SPACE',''
  ) );
#436 = PCURVE('',#437,#442);
#437 = TOROIDAL_SURFACE('',#438,187.75,1.5);
#438 = AXIS2_PLACEMENT_3D('',#439,#440,#441);
#439 = CARTESIAN_POINT('',(-2.556831758308E-15,-3.5,-154.25));
#440 = DIRECTION('',(-0.,-1.,0.));
#441 = DIRECTION('',(0.289932885906,0.,0.957046979866));
#442 = DEFINITIONAL_REPRESENTATION('',(#443),#476);
#443 = B_SPLINE_CURVE_WITH_KNOTS('',7,(#444,#445,#446,#447,#448,#449,
    #450,#451,#452,#453,#454,#455,#456,#457,#458,#459,#460,#461,#462,
    #463,#464,#465,#466,#467,#468,#469,#470,#471,#472,#473,#474,#475),
  .UNSPECIFIED.,.F.,.F.,(8,6,6,6,6,8),(0.,0.146298087326,0.409554808288,
    0.724369142247,0.971101370776,1.),.UNSPECIFIED.);
#444 = CARTESIAN_POINT('',(0.574712490258,3.14159265359));
#445 = CARTESIAN_POINT('',(0.574310440453,3.09265412734));
#446 = CARTESIAN_POINT('',(0.573896353026,3.045381083276));
#447 = CARTESIAN_POINT('',(0.573472620101,2.999682134929));
#448 = CARTESIAN_POINT('',(0.573041288852,2.955460295794));
#449 = CARTESIAN_POINT('',(0.572603986876,2.912612004199));
#450 = CARTESIAN_POINT('',(0.572161865541,2.871024992728));
#451 = CARTESIAN_POINT('',(0.570912457196,2.757787093188));
#452 = CARTESIAN_POINT('',(0.570096826579,2.68877295937));
#453 = CARTESIAN_POINT('',(0.569272512098,2.622801101929));
#454 = CARTESIAN_POINT('',(0.568442535733,2.559431613074));
#455 = CARTESIAN_POINT('',(0.56760894455,2.498281341325));
#456 = CARTESIAN_POINT('',(0.566772734269,2.439021651435));
#457 = CARTESIAN_POINT('',(0.564930539626,2.3123337499));
#458 = CARTESIAN_POINT('',(0.563924398363,2.24564859726));
#459 = CARTESIAN_POINT('',(0.562916290231,2.180788972219));
#460 = CARTESIAN_POINT('',(0.561907038699,2.117418618052));
#461 = CARTESIAN_POINT('',(0.560897234699,2.055266993318));
#462 = CARTESIAN_POINT('',(0.559887159151,1.994086862279));
#463 = CARTESIAN_POINT('',(0.558084868685,1.886283927175));
#464 = CARTESIAN_POINT('',(0.557292909137,1.839381709217));
#465 = CARTESIAN_POINT('',(0.556500961101,1.792839561155));
#466 = CARTESIAN_POINT('',(0.555709107804,1.746564694704));
#467 = CARTESIAN_POINT('',(0.554917423692,1.700471358528));
#468 = CARTESIAN_POINT('',(0.554125963411,1.654476516916));
#469 = CARTESIAN_POINT('',(0.55324207964,1.603109983393));
#470 = CARTESIAN_POINT('',(0.553149412092,1.597724642126));
#471 = CARTESIAN_POINT('',(0.553056748237,1.592339370653));
#472 = CARTESIAN_POINT('',(0.552964088154,1.586954035657));
#473 = CARTESIAN_POINT('',(0.55287143192,1.581568504519));
#474 = CARTESIAN_POINT('',(0.552778779604,1.57618264531));
#475 = CARTESIAN_POINT('',(0.552686131267,1.570796326795));
#476 = ( GEOMETRIC_REPRESENTATION_CONTEXT(2) 
PARAMETRIC_REPRESENTATION_CONTEXT() REPRESENTATION_CONTEXT('2D SPACE',''
  ) );
#477 = ORIENTED_EDGE('',*,*,#478,.F.);
#478 = EDGE_CURVE('',#479,#364,#481,.T.);
#479 = VERTEX_POINT('',#480);
#480 = CARTESIAN_POINT('',(-52.08055925432,-2.889469877317,
    24.57023892098));
#481 = SURFACE_CURVE('',#482,(#488,#497),.PCURVE_S1.);
#482 = B_SPLINE_CURVE_WITH_KNOTS('',4,(#483,#484,#485,#486,#487),
  .UNSPECIFIED.,.F.,.F.,(5,5),(0.,1.),.PIECEWISE_BEZIER_KNOTS.);
#483 = CARTESIAN_POINT('',(-52.08055925432,-2.889469877317,
    24.57023892098));
#484 = CARTESIAN_POINT('',(-51.96766765816,-3.048897338754,
    24.603118071006));
#485 = CARTESIAN_POINT('',(-51.84514663815,-3.204314232751,
    24.638698657541));
#486 = CARTESIAN_POINT('',(-51.71285942729,-3.354983071372,
    24.676981066472));
#487 = CARTESIAN_POINT('',(-51.57071186179,-3.5000024,24.717941760717));
#488 = PCURVE('',#129,#489);
#489 = DEFINITIONAL_REPRESENTATION('',(#490),#496);
#490 = B_SPLINE_CURVE_WITH_KNOTS('',4,(#491,#492,#493,#494,#495),
  .UNSPECIFIED.,.F.,.F.,(5,5),(0.,1.),.PIECEWISE_BEZIER_KNOTS.);
#491 = CARTESIAN_POINT('',(3.757738420628,22.57023892098));
#492 = CARTESIAN_POINT('',(3.796808423415,22.603118071006));
#493 = CARTESIAN_POINT('',(3.836336997935,22.638698657541));
#494 = CARTESIAN_POINT('',(3.876377260043,22.676981066472));
#495 = CARTESIAN_POINT('',(3.916990822335,22.717941760717));
#496 = ( GEOMETRIC_REPRESENTATION_CONTEXT(2) 
PARAMETRIC_REPRESENTATION_CONTEXT() REPRESENTATION_CONTEXT('2D SPACE',''
  ) );
#497 = PCURVE('',#498,#503);
#498 = CYLINDRICAL_SURFACE('',#499,186.25);
#499 = AXIS2_PLACEMENT_3D('',#500,#501,#502);
#500 = CARTESIAN_POINT('',(-2.556831758308E-15,0.,-154.25));
#501 = DIRECTION('',(0.,-1.,0.));
#502 = DIRECTION('',(0.289932885906,0.,0.957046979866));
#503 = DEFINITIONAL_REPRESENTATION('',(#504),#510);
#504 = B_SPLINE_CURVE_WITH_KNOTS('',4,(#505,#506,#507,#508,#509),
  .UNSPECIFIED.,.F.,.F.,(5,5),(0.,1.),.PIECEWISE_BEZIER_KNOTS.);
#505 = CARTESIAN_POINT('',(0.577562470908,2.889469877317));
#506 = CARTESIAN_POINT('',(0.576931157603,3.048897338754));
#507 = CARTESIAN_POINT('',(0.576246149313,3.204314232751));
#508 = CARTESIAN_POINT('',(0.575506739841,3.354983071372));
#509 = CARTESIAN_POINT('',(0.574712477113,3.5000024));
#510 = ( GEOMETRIC_REPRESENTATION_CONTEXT(2) 
PARAMETRIC_REPRESENTATION_CONTEXT() REPRESENTATION_CONTEXT('2D SPACE',''
  ) );
#511 = ORIENTED_EDGE('',*,*,#512,.F.);
#512 = EDGE_CURVE('',#513,#479,#515,.T.);
#513 = VERTEX_POINT('',#514);
#514 = CARTESIAN_POINT('',(-52.08055925432,2.889469877317,24.57023892098
    ));
#515 = SURFACE_CURVE('',#516,(#543,#573),.PCURVE_S1.);
#516 = B_SPLINE_CURVE_WITH_KNOTS('',7,(#517,#518,#519,#520,#521,#522,
    #523,#524,#525,#526,#527,#528,#529,#530,#531,#532,#533,#534,#535,
    #536,#537,#538,#539,#540,#541,#542),.UNSPECIFIED.,.F.,.F.,(8,6,6,6,8
    ),(0.,0.298208986542,0.499998387644,0.701879405669,1.),
  .UNSPECIFIED.);
#517 = CARTESIAN_POINT('',(-52.08055925432,2.889469877317,24.57023892098
    ));
#518 = CARTESIAN_POINT('',(-52.23477542728,2.671683134962,
    24.525324181005));
#519 = CARTESIAN_POINT('',(-52.37653453678,2.442733966007,24.50493632346
    ));
#520 = CARTESIAN_POINT('',(-52.50295155933,2.205962041613,24.50111330029
    ));
#521 = CARTESIAN_POINT('',(-52.61345503652,1.963639975623,
    24.508034783854));
#522 = CARTESIAN_POINT('',(-52.70803213341,1.717192995115,
    24.521111936399));
#523 = CARTESIAN_POINT('',(-52.78686852996,1.467496534289,
    24.536653996477));
#524 = CARTESIAN_POINT('',(-52.892861098,1.044456338787,24.562094147826)
  );
#525 = CARTESIAN_POINT('',(-52.92856327382,0.872218797435,24.57221106913
    ));
#526 = CARTESIAN_POINT('',(-52.95712808511,0.698884232815,
    24.581287864894));
#527 = CARTESIAN_POINT('',(-52.97855117338,0.52477027581,24.588604644188
    ));
#528 = CARTESIAN_POINT('',(-52.99284256,0.350123729115,24.593657992425)
  );
#529 = CARTESIAN_POINT('',(-53.,0.175142783891,24.596188356629));
#530 = CARTESIAN_POINT('',(-53.,-0.175222302651,24.596188356629));
#531 = CARTESIAN_POINT('',(-52.99283605938,-0.350282429205,
    24.593655694803));
#532 = CARTESIAN_POINT('',(-52.978531731,-0.525007682532,24.588597768672
    ));
#533 = CARTESIAN_POINT('',(-52.95708925796,-0.699199671054,
    24.58127460508));
#534 = CARTESIAN_POINT('',(-52.92849858194,-0.87261129495,
    24.572190515277));
#535 = CARTESIAN_POINT('',(-52.89276404931,-1.044924498768,
    24.56206664552));
#536 = CARTESIAN_POINT('',(-52.7867229445,-1.467957937349,24.53662528513
    ));
#537 = CARTESIAN_POINT('',(-52.70788673701,-1.717571315639,
    24.521091853667));
#538 = CARTESIAN_POINT('',(-52.6133197905,-1.963936110625,
    24.508026437868));
#539 = CARTESIAN_POINT('',(-52.50283604717,-2.206178265684,
    24.501116868767));
#540 = CARTESIAN_POINT('',(-52.37644833531,-2.442873232156,
    24.504948693058));
#541 = CARTESIAN_POINT('',(-52.23472841671,-2.671749524103,
    24.525337872614));
#542 = CARTESIAN_POINT('',(-52.08055925432,-2.889469877317,
    24.57023892098));
#543 = PCURVE('',#129,#544);
#544 = DEFINITIONAL_REPRESENTATION('',(#545),#572);
#545 = B_SPLINE_CURVE_WITH_KNOTS('',7,(#546,#547,#548,#549,#550,#551,
    #552,#553,#554,#555,#556,#557,#558,#559,#560,#561,#562,#563,#564,
    #565,#566,#567,#568,#569,#570,#571),.UNSPECIFIED.,.F.,.F.,(8,6,6,6,8
    ),(0.,0.298208986542,0.499998387644,0.701879405669,1.),
  .UNSPECIFIED.);
#546 = CARTESIAN_POINT('',(2.525446886552,22.57023892098));
#547 = CARTESIAN_POINT('',(2.578818674285,22.525324181005));
#548 = CARTESIAN_POINT('',(2.632572570453,22.50493632346));
#549 = CARTESIAN_POINT('',(2.686078917847,22.50111330029));
#550 = CARTESIAN_POINT('',(2.739162854446,22.508034783854));
#551 = CARTESIAN_POINT('',(2.791800963364,22.521111936399));
#552 = CARTESIAN_POINT('',(2.844075062311,22.536653996477));
#553 = CARTESIAN_POINT('',(2.931298323312,22.562094147826));
#554 = CARTESIAN_POINT('',(2.966448369106,22.57221106913));
#555 = CARTESIAN_POINT('',(3.001535617474,22.581287864894));
#556 = CARTESIAN_POINT('',(3.036568363196,22.588604644188));
#557 = CARTESIAN_POINT('',(3.071567922048,22.593657992425));
#558 = CARTESIAN_POINT('',(3.106564096812,22.596188356629));
#559 = CARTESIAN_POINT('',(3.17663711412,22.596188356629));
#560 = CARTESIAN_POINT('',(3.211649125113,22.593655694803));
#561 = CARTESIAN_POINT('',(3.246664521072,22.588597768672));
#562 = CARTESIAN_POINT('',(3.281713158191,22.58127460508));
#563 = CARTESIAN_POINT('',(3.316816389679,22.572190515277));
#564 = CARTESIAN_POINT('',(3.351982525561,22.56206664552));
#565 = CARTESIAN_POINT('',(3.43920683549,22.53662528513));
#566 = CARTESIAN_POINT('',(3.491465159675,22.521091853667));
#567 = CARTESIAN_POINT('',(3.544087342663,22.508026437868));
#568 = CARTESIAN_POINT('',(3.597155260402,22.501116868767));
#569 = CARTESIAN_POINT('',(3.650645430979,22.504948693058));
#570 = CARTESIAN_POINT('',(3.704382902513,22.525337872614));
#571 = CARTESIAN_POINT('',(3.757738420628,22.57023892098));
#572 = ( GEOMETRIC_REPRESENTATION_CONTEXT(2) 
PARAMETRIC_REPRESENTATION_CONTEXT() REPRESENTATION_CONTEXT('2D SPACE',''
  ) );
#573 = PCURVE('',#574,#579);
#574 = CYLINDRICAL_SURFACE('',#575,1.5);
#575 = AXIS2_PLACEMENT_3D('',#576,#577,#578);
#576 = CARTESIAN_POINT('',(-52.5,5.,26.010401919002));
#577 = DIRECTION('',(0.,-1.,0.));
#578 = DIRECTION('',(0.279627163782,0.,-0.960108665348));
#579 = DEFINITIONAL_REPRESENTATION('',(#580),#607);
#580 = B_SPLINE_CURVE_WITH_KNOTS('',7,(#581,#582,#583,#584,#585,#586,
    #587,#588,#589,#590,#591,#592,#593,#594,#595,#596,#597,#598,#599,
    #600,#601,#602,#603,#604,#605,#606),.UNSPECIFIED.,.F.,.F.,(8,6,6,6,8
    ),(0.,0.298208986542,0.499998387644,0.701879405669,1.),
  .UNSPECIFIED.);
#581 = CARTESIAN_POINT('',(0.,2.110530122683));
#582 = CARTESIAN_POINT('',(-0.10708244356,2.328316865038));
#583 = CARTESIAN_POINT('',(-0.201620797367,2.557266033993));
#584 = CARTESIAN_POINT('',(-0.285245709954,2.794037958386));
#585 = CARTESIAN_POINT('',(-0.358619235354,3.036360024378));
#586 = CARTESIAN_POINT('',(-0.422103994809,3.282807004885));
#587 = CARTESIAN_POINT('',(-0.475627015506,3.532503465711));
#588 = CARTESIAN_POINT('',(-0.548295595853,3.955543661213));
#589 = CARTESIAN_POINT('',(-0.573013710733,4.127781202565));
#590 = CARTESIAN_POINT('',(-0.592984993906,4.301115767185));
#591 = CARTESIAN_POINT('',(-0.608075680815,4.47522972419));
#592 = CARTESIAN_POINT('',(-0.618181753163,4.649876270885));
#593 = CARTESIAN_POINT('',(-0.623242669586,4.824857216109));
#594 = CARTESIAN_POINT('',(-0.623242669586,5.175222302651));
#595 = CARTESIAN_POINT('',(-0.61817715707,5.350282429205));
#596 = CARTESIAN_POINT('',(-0.608061931717,5.525007682532));
#597 = CARTESIAN_POINT('',(-0.592957643626,5.699199671054));
#598 = CARTESIAN_POINT('',(-0.572968482093,5.87261129495));
#599 = CARTESIAN_POINT('',(-0.548228404455,6.044924498768));
#600 = CARTESIAN_POINT('',(-0.47552817145,6.467957937349));
#601 = CARTESIAN_POINT('',(-0.422006409206,6.717571315639));
#602 = CARTESIAN_POINT('',(-0.358529435558,6.963936110626));
#603 = CARTESIAN_POINT('',(-0.285169294758,7.206178265684));
#604 = CARTESIAN_POINT('',(-0.20156331191,7.442873232156));
#605 = CARTESIAN_POINT('',(-0.107049801025,7.671749524103));
#606 = CARTESIAN_POINT('',(0.,7.889469877317));
#607 = ( GEOMETRIC_REPRESENTATION_CONTEXT(2) 
PARAMETRIC_REPRESENTATION_CONTEXT() REPRESENTATION_CONTEXT('2D SPACE',''
  ) );
#608 = ORIENTED_EDGE('',*,*,#609,.F.);
#609 = EDGE_CURVE('',#610,#513,#612,.T.);
#610 = VERTEX_POINT('',#611);
#611 = CARTESIAN_POINT('',(-51.57071421427,3.5,24.717941082837));
#612 = SURFACE_CURVE('',#613,(#619,#628),.PCURVE_S1.);
#613 = B_SPLINE_CURVE_WITH_KNOTS('',4,(#614,#615,#616,#617,#618),
  .UNSPECIFIED.,.F.,.F.,(5,5),(0.,1.),.PIECEWISE_BEZIER_KNOTS.);
#614 = CARTESIAN_POINT('',(-51.57071186179,3.5000024,24.717941760717));
#615 = CARTESIAN_POINT('',(-51.71285967251,3.354982821194,
    24.676980995809));
#616 = CARTESIAN_POINT('',(-51.84514660319,3.204314225457,
    24.638698667384));
#617 = CARTESIAN_POINT('',(-51.96766752348,3.048897528962,
    24.603118110233));
#618 = CARTESIAN_POINT('',(-52.08055925432,2.889469877317,24.57023892098
    ));
#619 = PCURVE('',#129,#620);
#620 = DEFINITIONAL_REPRESENTATION('',(#621),#627);
#621 = B_SPLINE_CURVE_WITH_KNOTS('',4,(#622,#623,#624,#625,#626),
  .UNSPECIFIED.,.F.,.F.,(5,5),(0.,1.),.PIECEWISE_BEZIER_KNOTS.);
#622 = CARTESIAN_POINT('',(2.366194484844,22.717941760717));
#623 = CARTESIAN_POINT('',(2.406808117201,22.676980995809));
#624 = CARTESIAN_POINT('',(2.446848341948,22.638698667384));
#625 = CARTESIAN_POINT('',(2.486376837152,22.603118110233));
#626 = CARTESIAN_POINT('',(2.525446886552,22.57023892098));
#627 = ( GEOMETRIC_REPRESENTATION_CONTEXT(2) 
PARAMETRIC_REPRESENTATION_CONTEXT() REPRESENTATION_CONTEXT('2D SPACE',''
  ) );
#628 = PCURVE('',#629,#634);
#629 = CYLINDRICAL_SURFACE('',#630,186.25);
#630 = AXIS2_PLACEMENT_3D('',#631,#632,#633);
#631 = CARTESIAN_POINT('',(-2.556831758308E-15,0.,-154.25));
#632 = DIRECTION('',(0.,-1.,0.));
#633 = DIRECTION('',(0.289932885906,0.,0.957046979866));
#634 = DEFINITIONAL_REPRESENTATION('',(#635),#641);
#635 = B_SPLINE_CURVE_WITH_KNOTS('',4,(#636,#637,#638,#639,#640),
  .UNSPECIFIED.,.F.,.F.,(5,5),(0.,1.),.PIECEWISE_BEZIER_KNOTS.);
#636 = CARTESIAN_POINT('',(0.574712477113,-3.5000024));
#637 = CARTESIAN_POINT('',(0.575506741211,-3.354982821194));
#638 = CARTESIAN_POINT('',(0.57624614912,-3.204314225457));
#639 = CARTESIAN_POINT('',(0.57693115685,-3.048897528962));
#640 = CARTESIAN_POINT('',(0.577562470908,-2.889469877317));
#641 = ( GEOMETRIC_REPRESENTATION_CONTEXT(2) 
PARAMETRIC_REPRESENTATION_CONTEXT() REPRESENTATION_CONTEXT('2D SPACE',''
  ) );
#642 = ORIENTED_EDGE('',*,*,#643,.T.);
#643 = EDGE_CURVE('',#610,#644,#646,.T.);
#644 = VERTEX_POINT('',#645);
#645 = CARTESIAN_POINT('',(-48.,5.,27.26050245096));
#646 = SURFACE_CURVE('',#647,(#680,#716),.PCURVE_S1.);
#647 = B_SPLINE_CURVE_WITH_KNOTS('',7,(#648,#649,#650,#651,#652,#653,
    #654,#655,#656,#657,#658,#659,#660,#661,#662,#663,#664,#665,#666,
    #667,#668,#669,#670,#671,#672,#673,#674,#675,#676,#677,#678,#679),
  .UNSPECIFIED.,.F.,.F.,(8,6,6,6,6,8),(0.,0.146298087753,0.409554809485,
    0.724369144364,0.971101373614,1.),.UNSPECIFIED.);
#648 = CARTESIAN_POINT('',(-51.57071421427,3.5,24.717941082837));
#649 = CARTESIAN_POINT('',(-51.49876018844,3.573407789374,
    24.738675078436));
#650 = CARTESIAN_POINT('',(-51.42580260734,3.644317352664,
    24.764023501278));
#651 = CARTESIAN_POINT('',(-51.35211949308,3.712578624422,
    24.793367639631));
#652 = CARTESIAN_POINT('',(-51.27794194582,3.778137876243,
    24.826154927774));
#653 = CARTESIAN_POINT('',(-51.20344406693,3.841013551087,
    24.861913241291));
#654 = CARTESIAN_POINT('',(-51.12873435066,3.901277473084,
    24.900259505798));
#655 = CARTESIAN_POINT('',(-50.91909495942,4.062985038076,25.01403804375
    ));
#656 = CARTESIAN_POINT('',(-50.78394192364,4.158702043607,
    25.094517826474));
#657 = CARTESIAN_POINT('',(-50.64861364318,4.246868336636,
    25.180609039332));
#658 = CARTESIAN_POINT('',(-50.5133416146,4.327981323336,25.271130683951
    ));
#659 = CARTESIAN_POINT('',(-50.37825301117,4.40252975647,25.365178823302
    ));
#660 = CARTESIAN_POINT('',(-50.24335678205,4.470958046121,
    25.462137244319));
#661 = CARTESIAN_POINT('',(-49.94726243358,4.608665230135,
    25.680593843748));
#662 = CARTESIAN_POINT('',(-49.78625097662,4.675410238316,
    25.803057988065));
#663 = CARTESIAN_POINT('',(-49.6254215285,4.734538775022,25.92822406107)
  );
#664 = CARTESIAN_POINT('',(-49.46476039457,4.786490873084,
    26.055508510391));
#665 = CARTESIAN_POINT('',(-49.30424908309,4.831604739493,
    26.184458645509));
#666 = CARTESIAN_POINT('',(-49.14383704678,4.870154066867,
    26.314714004857));
#667 = CARTESIAN_POINT('',(-48.85772376036,4.927550054476,
    26.548905749563));
#668 = CARTESIAN_POINT('',(-48.73203872776,4.948851157759,26.65242467919
    ));
#669 = CARTESIAN_POINT('',(-48.60635535039,4.966326380318,
    26.756419463028));
#670 = CARTESIAN_POINT('',(-48.4806528575,4.980041207773,26.86075969627)
  );
#671 = CARTESIAN_POINT('',(-48.35491231641,4.990037269223,26.96532523952
    ));
#672 = CARTESIAN_POINT('',(-48.22911352436,4.99633464991,27.070002940643
    ));
#673 = CARTESIAN_POINT('',(-48.08848795697,4.999238677843,
    27.186944098711));
#674 = CARTESIAN_POINT('',(-48.07374291218,4.999492419214,27.19920485173
    ));
#675 = CARTESIAN_POINT('',(-48.05899673159,4.999695427995,
    27.211465434149));
#676 = CARTESIAN_POINT('',(-48.04424938208,4.999847700263,
    27.223725665057));
#677 = CARTESIAN_POINT('',(-48.02950083186,4.99994922818,27.235985364146
    ));
#678 = CARTESIAN_POINT('',(-48.01475105047,4.999999999985,27.24824435171
    ));
#679 = CARTESIAN_POINT('',(-48.00000000874,5.,27.260502448648));
#680 = PCURVE('',#129,#681);
#681 = DEFINITIONAL_REPRESENTATION('',(#682),#715);
#682 = B_SPLINE_CURVE_WITH_KNOTS('',7,(#683,#684,#685,#686,#687,#688,
    #689,#690,#691,#692,#693,#694,#695,#696,#697,#698,#699,#700,#701,
    #702,#703,#704,#705,#706,#707,#708,#709,#710,#711,#712,#713,#714),
  .UNSPECIFIED.,.F.,.F.,(8,6,6,6,6,8),(0.,0.146298087753,0.409554809485,
    0.724369144364,0.971101373614,1.),.UNSPECIFIED.);
#683 = CARTESIAN_POINT('',(2.366195156979,22.717941082837));
#684 = CARTESIAN_POINT('',(2.345636863884,22.738675078436));
#685 = CARTESIAN_POINT('',(2.325294894175,22.764023501278));
#686 = CARTESIAN_POINT('',(2.305215395557,22.793367639631));
#687 = CARTESIAN_POINT('',(2.285425590613,22.826154927774));
#688 = CARTESIAN_POINT('',(2.265936406035,22.861913241291));
#689 = CARTESIAN_POINT('',(2.246743779427,22.900259505798));
#690 = CARTESIAN_POINT('',(2.193791721512,23.01403804375));
#691 = CARTESIAN_POINT('',(2.16069644757,23.094517826474));
#692 = CARTESIAN_POINT('',(2.128431404702,23.180609039332));
#693 = CARTESIAN_POINT('',(2.096923934576,23.271130683951));
#694 = CARTESIAN_POINT('',(2.066095569051,23.365178823302));
#695 = CARTESIAN_POINT('',(2.03586129537,23.462137244319));
#696 = CARTESIAN_POINT('',(1.970551225176,23.680593843748));
#697 = CARTESIAN_POINT('',(1.935722961243,23.803057988065));
#698 = CARTESIAN_POINT('',(1.90149676605,23.92822406107));
#699 = CARTESIAN_POINT('',(1.867772738419,24.055508510391));
#700 = CARTESIAN_POINT('',(1.83446583274,24.184458645509));
#701 = CARTESIAN_POINT('',(1.801493634446,24.314714004857));
#702 = CARTESIAN_POINT('',(1.74313093675,24.548905749563));
#703 = CARTESIAN_POINT('',(1.717647010379,24.65242467919));
#704 = CARTESIAN_POINT('',(1.692286393663,24.756419463028));
#705 = CARTESIAN_POINT('',(1.667016377335,24.86075969627));
#706 = CARTESIAN_POINT('',(1.641806252816,24.96532523952));
#707 = CARTESIAN_POINT('',(1.616625866491,25.070002940643));
#708 = CARTESIAN_POINT('',(1.588494756607,25.186944098711));
#709 = CARTESIAN_POINT('',(1.585545328486,25.19920485173));
#710 = CARTESIAN_POINT('',(1.582595840842,25.211465434149));
#711 = CARTESIAN_POINT('',(1.579646245158,25.223725665057));
#712 = CARTESIAN_POINT('',(1.576696493173,25.235985364146));
#713 = CARTESIAN_POINT('',(1.573746536883,25.24824435171));
#714 = CARTESIAN_POINT('',(1.570796328543,25.260502448648));
#715 = ( GEOMETRIC_REPRESENTATION_CONTEXT(2) 
PARAMETRIC_REPRESENTATION_CONTEXT() REPRESENTATION_CONTEXT('2D SPACE',''
  ) );
#716 = PCURVE('',#717,#722);
#717 = TOROIDAL_SURFACE('',#718,187.75,1.5);
#718 = AXIS2_PLACEMENT_3D('',#719,#720,#721);
#719 = CARTESIAN_POINT('',(-2.556831758308E-15,3.5,-154.25));
#720 = DIRECTION('',(-0.,-1.,0.));
#721 = DIRECTION('',(0.289932885906,0.,0.957046979866));
#722 = DEFINITIONAL_REPRESENTATION('',(#723),#756);
#723 = B_SPLINE_CURVE_WITH_KNOTS('',7,(#724,#725,#726,#727,#728,#729,
    #730,#731,#732,#733,#734,#735,#736,#737,#738,#739,#740,#741,#742,
    #743,#744,#745,#746,#747,#748,#749,#750,#751,#752,#753,#754,#755),
  .UNSPECIFIED.,.F.,.F.,(8,6,6,6,6,8),(0.,0.146298087753,0.409554809485,
    0.724369144364,0.971101373614,1.),.UNSPECIFIED.);
#724 = CARTESIAN_POINT('',(0.574712490258,3.14159265359));
#725 = CARTESIAN_POINT('',(0.574310440453,3.190531179839));
#726 = CARTESIAN_POINT('',(0.573896353026,3.237804223903));
#727 = CARTESIAN_POINT('',(0.573472620101,3.28350317225));
#728 = CARTESIAN_POINT('',(0.573041288852,3.327725011385));
#729 = CARTESIAN_POINT('',(0.572603986876,3.370573302981));
#730 = CARTESIAN_POINT('',(0.572161865541,3.412160314452));
#731 = CARTESIAN_POINT('',(0.570912457196,3.525398213991));
#732 = CARTESIAN_POINT('',(0.570096826579,3.59441234781));
#733 = CARTESIAN_POINT('',(0.569272512098,3.660384205251));
#734 = CARTESIAN_POINT('',(0.568442535733,3.723753694106));
#735 = CARTESIAN_POINT('',(0.56760894455,3.784903965854));
#736 = CARTESIAN_POINT('',(0.566772734269,3.844163655744));
#737 = CARTESIAN_POINT('',(0.564930539626,3.97085155728));
#738 = CARTESIAN_POINT('',(0.563924398363,4.03753670992));
#739 = CARTESIAN_POINT('',(0.562916290231,4.102396334961));
#740 = CARTESIAN_POINT('',(0.561907038699,4.165766689127));
#741 = CARTESIAN_POINT('',(0.560897234699,4.227918313861));
#742 = CARTESIAN_POINT('',(0.559887159151,4.289098444901));
#743 = CARTESIAN_POINT('',(0.558084868685,4.396901380004));
#744 = CARTESIAN_POINT('',(0.557292909137,4.443803597962));
#745 = CARTESIAN_POINT('',(0.556500961101,4.490345746024));
#746 = CARTESIAN_POINT('',(0.555709107804,4.536620612475));
#747 = CARTESIAN_POINT('',(0.554917423692,4.582713948651));
#748 = CARTESIAN_POINT('',(0.554125963411,4.628708790263));
#749 = CARTESIAN_POINT('',(0.553242079649,4.680075323242));
#750 = CARTESIAN_POINT('',(0.553149412119,4.68546066485));
#751 = CARTESIAN_POINT('',(0.553056748273,4.690845935846));
#752 = CARTESIAN_POINT('',(0.55296408819,4.69623126912));
#753 = CARTESIAN_POINT('',(0.552871431952,4.701616798155));
#754 = CARTESIAN_POINT('',(0.552778779646,4.707002657023));
#755 = CARTESIAN_POINT('',(0.552686131366,4.712388980385));
#756 = ( GEOMETRIC_REPRESENTATION_CONTEXT(2) 
PARAMETRIC_REPRESENTATION_CONTEXT() REPRESENTATION_CONTEXT('2D SPACE',''
  ) );
#757 = ORIENTED_EDGE('',*,*,#758,.F.);
#758 = EDGE_CURVE('',#151,#644,#759,.T.);
#759 = SURFACE_CURVE('',#760,(#783,#809),.PCURVE_S1.);
#760 = B_SPLINE_CURVE_WITH_KNOTS('',6,(#761,#762,#763,#764,#765,#766,
    #767,#768,#769,#770,#771,#772,#773,#774,#775,#776,#777,#778,#779,
    #780,#781,#782),.UNSPECIFIED.,.F.,.F.,(7,5,5,5,7),(0.,0.28949862044,
    0.620040648001,0.977777332266,1.),.UNSPECIFIED.);
#761 = CARTESIAN_POINT('',(-44.42928578572,3.5,26.623162919683));
#762 = CARTESIAN_POINT('',(-44.56156981792,3.634956706882,
    26.590668961063));
#763 = CARTESIAN_POINT('',(-44.70337654315,3.767384754549,
    26.570717296585));
#764 = CARTESIAN_POINT('',(-44.85338393175,3.894751010386,26.56255186364
    ));
#765 = CARTESIAN_POINT('',(-45.01012256693,4.015361800752,
    26.564733066912));
#766 = CARTESIAN_POINT('',(-45.17224689707,4.128255151831,
    26.575825262916));
#767 = CARTESIAN_POINT('',(-45.52884425072,4.35244897012,26.615864491793
    ));
#768 = CARTESIAN_POINT('',(-45.72461310582,4.461234784833,
    26.647117316284));
#769 = CARTESIAN_POINT('',(-45.9247405133,4.558685795958,26.6863530181)
  );
#770 = CARTESIAN_POINT('',(-46.12812067196,4.644665208435,
    26.731926782437));
#771 = CARTESIAN_POINT('',(-46.33394906092,4.719267977531,
    26.782496820602));
#772 = CARTESIAN_POINT('',(-46.76674159457,4.851224429963,
    26.895964947576));
#773 = CARTESIAN_POINT('',(-46.99393835918,4.906619309403,
    26.959505125316));
#774 = CARTESIAN_POINT('',(-47.22276785633,4.949010412223,
    27.026224203793));
#775 = CARTESIAN_POINT('',(-47.45267188253,4.978533200765,
    27.094975259407));
#776 = CARTESIAN_POINT('',(-47.68318624512,4.995288401499,27.1647273703)
  );
#777 = CARTESIAN_POINT('',(-47.92830691688,4.999506545051,
    27.238835086603));
#778 = CARTESIAN_POINT('',(-47.94264416847,4.999703917293,
    27.243169454899));
#779 = CARTESIAN_POINT('',(-47.95698220426,4.99985195313,27.247503618167
    ));
#780 = CARTESIAN_POINT('',(-47.9713209223,4.999950648997,27.251837335052
    ));
#781 = CARTESIAN_POINT('',(-47.98566022292,5.000000000017,27.25617036108
    ));
#782 = CARTESIAN_POINT('',(-48.00000000874,5.,27.260502448648));
#783 = PCURVE('',#129,#784);
#784 = DEFINITIONAL_REPRESENTATION('',(#785),#808);
#785 = B_SPLINE_CURVE_WITH_KNOTS('',6,(#786,#787,#788,#789,#790,#791,
    #792,#793,#794,#795,#796,#797,#798,#799,#800,#801,#802,#803,#804,
    #805,#806,#807),.UNSPECIFIED.,.F.,.F.,(7,5,5,5,7),(0.,0.28949862044,
    0.620040648001,0.977777332266,1.),.UNSPECIFIED.);
#786 = CARTESIAN_POINT('',(0.775397496611,24.623162919683));
#787 = CARTESIAN_POINT('',(0.813192934381,24.590668961063));
#788 = CARTESIAN_POINT('',(0.851960406504,24.570717296585));
#789 = CARTESIAN_POINT('',(0.891250042424,24.56255186364));
#790 = CARTESIAN_POINT('',(0.930737067882,24.564733066912));
#791 = CARTESIAN_POINT('',(0.970205073156,24.575825262916));
#792 = CARTESIAN_POINT('',(1.054448658263,24.615864491793));
#793 = CARTESIAN_POINT('',(1.099175975163,24.647117316284));
#794 = CARTESIAN_POINT('',(1.143597795509,24.6863530181));
#795 = CARTESIAN_POINT('',(1.18766839352,24.731926782437));
#796 = CARTESIAN_POINT('',(1.231395938728,24.782496820602));
#797 = CARTESIAN_POINT('',(1.321888343387,24.895964947576));
#798 = CARTESIAN_POINT('',(1.368583454046,24.959505125316));
#799 = CARTESIAN_POINT('',(1.415019594986,25.026224203793));
#800 = CARTESIAN_POINT('',(1.461272166821,25.094975259407));
#801 = CARTESIAN_POINT('',(1.507425893044,25.1647273703));
#802 = CARTESIAN_POINT('',(1.556457285625,25.238835086603));
#803 = CARTESIAN_POINT('',(1.55932499066,25.243169454899));
#804 = CARTESIAN_POINT('',(1.562192725186,25.247503618167));
#805 = CARTESIAN_POINT('',(1.565060511255,25.251837335052));
#806 = CARTESIAN_POINT('',(1.567928371382,25.25617036108));
#807 = CARTESIAN_POINT('',(1.570796328543,25.260502448648));
#808 = ( GEOMETRIC_REPRESENTATION_CONTEXT(2) 
PARAMETRIC_REPRESENTATION_CONTEXT() REPRESENTATION_CONTEXT('2D SPACE',''
  ) );
#809 = PCURVE('',#810,#815);
#810 = TOROIDAL_SURFACE('',#811,187.75,1.5);
#811 = AXIS2_PLACEMENT_3D('',#812,#813,#814);
#812 = CARTESIAN_POINT('',(-2.556831758308E-15,3.5,-154.25));
#813 = DIRECTION('',(-0.,-1.,0.));
#814 = DIRECTION('',(0.289932885906,0.,0.957046979866));
#815 = DEFINITIONAL_REPRESENTATION('',(#816),#839);
#816 = B_SPLINE_CURVE_WITH_KNOTS('',6,(#817,#818,#819,#820,#821,#822,
    #823,#824,#825,#826,#827,#828,#829,#830,#831,#832,#833,#834,#835,
    #836,#837,#838),.UNSPECIFIED.,.F.,.F.,(7,5,5,5,7),(0.,0.28949862044,
    0.620040648001,0.977777332266,1.),.UNSPECIFIED.);
#817 = CARTESIAN_POINT('',(0.535025578553,3.14159265359));
#818 = CARTESIAN_POINT('',(0.535756942068,3.231563791511));
#819 = CARTESIAN_POINT('',(0.536521894135,3.319848512328));
#820 = CARTESIAN_POINT('',(0.53731425293,3.406073642718));
#821 = CARTESIAN_POINT('',(0.538127937449,3.490157745618));
#822 = CARTESIAN_POINT('',(0.538957574685,3.572118889841));
#823 = CARTESIAN_POINT('',(0.540760587697,3.743423449225));
#824 = CARTESIAN_POINT('',(0.541737504869,3.832150456393));
#825 = CARTESIAN_POINT('',(0.542725573716,3.918593945463));
#826 = CARTESIAN_POINT('',(0.543720992707,4.003052711442));
#827 = CARTESIAN_POINT('',(0.544721212383,4.08583830238));
#828 = CARTESIAN_POINT('',(0.546812028677,4.255510892788));
#829 = CARTESIAN_POINT('',(0.547902744693,4.342130778676));
#830 = CARTESIAN_POINT('',(0.548995962524,4.42762907173));
#831 = CARTESIAN_POINT('',(0.550090246676,4.512363702625));
#832 = CARTESIAN_POINT('',(0.551184551584,4.596682743032));
#833 = CARTESIAN_POINT('',(0.552346403733,4.686209140543));
#834 = CARTESIAN_POINT('',(0.552414354644,4.691445099937));
#835 = CARTESIAN_POINT('',(0.552482303052,4.696680978966));
#836 = CARTESIAN_POINT('',(0.552550248759,4.701916863112));
#837 = CARTESIAN_POINT('',(0.552618191585,4.707152836198));
#838 = CARTESIAN_POINT('',(0.552686131366,4.712388980385));
#839 = ( GEOMETRIC_REPRESENTATION_CONTEXT(2) 
PARAMETRIC_REPRESENTATION_CONTEXT() REPRESENTATION_CONTEXT('2D SPACE',''
  ) );
#840 = ADVANCED_FACE('',(#841),#184,.F.);
#841 = FACE_BOUND('',#842,.F.);
#842 = EDGE_LOOP('',(#843,#867,#964,#986,#987));
#843 = ORIENTED_EDGE('',*,*,#844,.F.);
#844 = EDGE_CURVE('',#845,#229,#847,.T.);
#845 = VERTEX_POINT('',#846);
#846 = CARTESIAN_POINT('',(44.429285785729,-3.5,26.623162919683));
#847 = SURFACE_CURVE('',#848,(#853,#860),.PCURVE_S1.);
#848 = CIRCLE('',#849,186.25);
#849 = AXIS2_PLACEMENT_3D('',#850,#851,#852);
#850 = CARTESIAN_POINT('',(-2.556831758308E-15,-3.5,-154.25));
#851 = DIRECTION('',(0.,-1.,0.));
#852 = DIRECTION('',(0.289932885906,0.,0.957046979866));
#853 = PCURVE('',#184,#854);
#854 = DEFINITIONAL_REPRESENTATION('',(#855),#859);
#855 = LINE('',#856,#857);
#856 = CARTESIAN_POINT('',(0.,3.5));
#857 = VECTOR('',#858,1.);
#858 = DIRECTION('',(1.,0.));
#859 = ( GEOMETRIC_REPRESENTATION_CONTEXT(2) 
PARAMETRIC_REPRESENTATION_CONTEXT() REPRESENTATION_CONTEXT('2D SPACE',''
  ) );
#860 = PCURVE('',#332,#861);
#861 = DEFINITIONAL_REPRESENTATION('',(#862),#866);
#862 = LINE('',#863,#864);
#863 = CARTESIAN_POINT('',(0.,3.14159265359));
#864 = VECTOR('',#865,1.);
#865 = DIRECTION('',(1.,0.));
#866 = ( GEOMETRIC_REPRESENTATION_CONTEXT(2) 
PARAMETRIC_REPRESENTATION_CONTEXT() REPRESENTATION_CONTEXT('2D SPACE',''
  ) );
#867 = ORIENTED_EDGE('',*,*,#868,.F.);
#868 = EDGE_CURVE('',#869,#845,#871,.T.);
#869 = VERTEX_POINT('',#870);
#870 = CARTESIAN_POINT('',(44.429285785729,3.5,26.623162919683));
#871 = SURFACE_CURVE('',#872,(#899,#929),.PCURVE_S1.);
#872 = B_SPLINE_CURVE_WITH_KNOTS('',5,(#873,#874,#875,#876,#877,#878,
    #879,#880,#881,#882,#883,#884,#885,#886,#887,#888,#889,#890,#891,
    #892,#893,#894,#895,#896,#897,#898),.UNSPECIFIED.,.F.,.F.,(6,4,4,4,4
    ,4,6),(0.,0.135800622607,0.236352894768,0.500000601873,0.76084262604
    ,0.861477995278,1.),.UNSPECIFIED.);
#873 = CARTESIAN_POINT('',(44.429288138201,3.5000024,26.623162341827));
#874 = CARTESIAN_POINT('',(44.269894252372,3.337388328985,
    26.662315507444));
#875 = CARTESIAN_POINT('',(44.122238837762,3.16823249532,26.698399082957
    ));
#876 = CARTESIAN_POINT('',(43.986176236161,2.99353709582,26.731503903651
    ));
#877 = CARTESIAN_POINT('',(43.861535199022,2.81417267278,26.761717421053
    ));
#878 = CARTESIAN_POINT('',(43.664145739444,2.495163107047,
    26.809416602954));
#879 = CARTESIAN_POINT('',(43.58631925746,2.357282201565,26.828171863621
    ));
#880 = CARTESIAN_POINT('',(43.514556876238,2.217523540802,
    26.845425269077));
#881 = CARTESIAN_POINT('',(43.448778444009,2.076139623423,
    26.861208768973));
#882 = CARTESIAN_POINT('',(43.231931611958,1.558954030115,26.91315476686
    ));
#883 = CARTESIAN_POINT('',(43.115584498614,1.174903501428,
    26.940846256234));
#884 = CARTESIAN_POINT('',(43.038532181878,0.785155517956,26.95913022396
    ));
#885 = CARTESIAN_POINT('',(43.,0.392591488373,26.968273085249));
#886 = CARTESIAN_POINT('',(43.,-0.388413613083,26.968273085249));
#887 = CARTESIAN_POINT('',(43.037716455062,-0.776802156487,
    26.959323781389));
#888 = CARTESIAN_POINT('',(43.113138328624,-1.162460487823,
    26.941426718716));
#889 = CARTESIAN_POINT('',(43.227005107539,-1.542600646247,
    26.91432726899));
#890 = CARTESIAN_POINT('',(43.439861630477,-2.056481750762,
    26.863347477827));
#891 = CARTESIAN_POINT('',(43.505033661535,-2.198156287216,
    26.847712933757));
#892 = CARTESIAN_POINT('',(43.57619296502,-2.338222709319,
    26.830608609325));
#893 = CARTESIAN_POINT('',(43.653419605604,-2.476429727319,26.8120026804
    ));
#894 = CARTESIAN_POINT('',(43.85156902148,-2.79978018592,26.764132970972
    ));
#895 = CARTESIAN_POINT('',(43.978008454007,-2.983025560417,
    26.733490983002));
#896 = CARTESIAN_POINT('',(44.116324139769,-3.161448437403,
    26.699844416717));
#897 = CARTESIAN_POINT('',(44.266698797306,-3.334128317132,
    26.66310043204));
#898 = CARTESIAN_POINT('',(44.429288138201,-3.5000024,26.623162341827));
#899 = PCURVE('',#184,#900);
#900 = DEFINITIONAL_REPRESENTATION('',(#901),#928);
#901 = B_SPLINE_CURVE_WITH_KNOTS('',5,(#902,#903,#904,#905,#906,#907,
    #908,#909,#910,#911,#912,#913,#914,#915,#916,#917,#918,#919,#920,
    #921,#922,#923,#924,#925,#926,#927),.UNSPECIFIED.,.F.,.F.,(6,4,4,4,4
    ,4,6),(0.,0.135800622607,0.236352894768,0.500000601873,0.76084262604
    ,0.861477995278,1.),.UNSPECIFIED.);
#902 = CARTESIAN_POINT('',(5.328782999395E-02,-3.5000024));
#903 = CARTESIAN_POINT('',(5.416907674038E-02,-3.337388328985));
#904 = CARTESIAN_POINT('',(5.498518612359E-02,-3.16823249532));
#905 = CARTESIAN_POINT('',(5.573703538105E-02,-2.99353709582));
#906 = CARTESIAN_POINT('',(5.642562962429E-02,-2.81417267278));
#907 = CARTESIAN_POINT('',(5.751594344943E-02,-2.495163107047));
#908 = CARTESIAN_POINT('',(5.794576612752E-02,-2.357282201565));
#909 = CARTESIAN_POINT('',(5.834204692849E-02,-2.217523540802));
#910 = CARTESIAN_POINT('',(5.870524451555E-02,-2.076139623423));
#911 = CARTESIAN_POINT('',(5.990246286136E-02,-1.558954030115));
#912 = CARTESIAN_POINT('',(6.054459437097E-02,-1.174903501428));
#913 = CARTESIAN_POINT('',(6.096978616295E-02,-0.785155517956));
#914 = CARTESIAN_POINT('',(6.118241448312E-02,-0.392591488373));
#915 = CARTESIAN_POINT('',(6.118241448312E-02,0.388413613083));
#916 = CARTESIAN_POINT('',(6.097428751145E-02,0.776802156487));
#917 = CARTESIAN_POINT('',(6.055809288633E-02,1.162460487824));
#918 = CARTESIAN_POINT('',(5.992965268366E-02,1.542600646247));
#919 = CARTESIAN_POINT('',(5.875447787241E-02,2.056481750762));
#920 = CARTESIAN_POINT('',(5.839463286883E-02,2.198156287216));
#921 = CARTESIAN_POINT('',(5.800168746564E-02,2.338222709319));
#922 = CARTESIAN_POINT('',(5.757518361874E-02,2.476429727319));
#923 = CARTESIAN_POINT('',(5.648068858647E-02,2.79978018592));
#924 = CARTESIAN_POINT('',(5.578216834252E-02,2.983025560417));
#925 = CARTESIAN_POINT('',(5.501787727189E-02,3.161448437403));
#926 = CARTESIAN_POINT('',(5.418674356847E-02,3.334128317132));
#927 = CARTESIAN_POINT('',(5.328782999395E-02,3.5000024));
#928 = ( GEOMETRIC_REPRESENTATION_CONTEXT(2) 
PARAMETRIC_REPRESENTATION_CONTEXT() REPRESENTATION_CONTEXT('2D SPACE',''
  ) );
#929 = PCURVE('',#930,#935);
#930 = CYLINDRICAL_SURFACE('',#931,5.);
#931 = AXIS2_PLACEMENT_3D('',#932,#933,#934);
#932 = CARTESIAN_POINT('',(48.,0.,2.));
#933 = DIRECTION('',(0.,0.,1.));
#934 = DIRECTION('',(1.,0.,-0.));
#935 = DEFINITIONAL_REPRESENTATION('',(#936),#963);
#936 = B_SPLINE_CURVE_WITH_KNOTS('',5,(#937,#938,#939,#940,#941,#942,
    #943,#944,#945,#946,#947,#948,#949,#950,#951,#952,#953,#954,#955,
    #956,#957,#958,#959,#960,#961,#962),.UNSPECIFIED.,.F.,.F.,(6,4,4,4,4
    ,4,6),(0.,0.135800622607,0.236352894768,0.500000601873,0.76084262604
    ,0.861477995278,1.),.UNSPECIFIED.);
#937 = CARTESIAN_POINT('',(2.366194484844,24.623162341827));
#938 = CARTESIAN_POINT('',(2.411735563853,24.662315507444));
#939 = CARTESIAN_POINT('',(2.45656762766,24.698399082957));
#940 = CARTESIAN_POINT('',(2.500764549938,24.731503903651));
#941 = CARTESIAN_POINT('',(2.544386577438,24.761717421053));
#942 = CARTESIAN_POINT('',(2.619414492718,24.809416602954));
#943 = CARTESIAN_POINT('',(2.651054845004,24.828171863621));
#944 = CARTESIAN_POINT('',(2.682443688391,24.845425269077));
#945 = CARTESIAN_POINT('',(2.713608106029,24.861208768973));
#946 = CARTESIAN_POINT('',(2.825769326867,24.91315476686));
#947 = CARTESIAN_POINT('',(2.905602927996,24.940846256234));
#948 = CARTESIAN_POINT('',(2.984561744946,24.95913022396));
#949 = CARTESIAN_POINT('',(3.063074355915,24.968273085249));
#950 = CARTESIAN_POINT('',(3.219275376206,24.968273085249));
#951 = CARTESIAN_POINT('',(3.29695288587,24.959323781389));
#952 = CARTESIAN_POINT('',(3.375061914205,24.941426718716));
#953 = CARTESIAN_POINT('',(3.454017954448,24.91432726899));
#954 = CARTESIAN_POINT('',(3.565262134329,24.863347477827));
#955 = CARTESIAN_POINT('',(3.596428372191,24.847712933757));
#956 = CARTESIAN_POINT('',(3.627817168964,24.830608609325));
#957 = CARTESIAN_POINT('',(3.659455654412,24.8120026804));
#958 = CARTESIAN_POINT('',(3.735302529124,24.764132970972));
#959 = CARTESIAN_POINT('',(3.779763857332,24.733490983002));
#960 = CARTESIAN_POINT('',(3.824820662042,24.699844416717));
#961 = CARTESIAN_POINT('',(3.870536756791,24.66310043204));
#962 = CARTESIAN_POINT('',(3.916990822335,24.623162341827));
#963 = ( GEOMETRIC_REPRESENTATION_CONTEXT(2) 
PARAMETRIC_REPRESENTATION_CONTEXT() REPRESENTATION_CONTEXT('2D SPACE',''
  ) );
#964 = ORIENTED_EDGE('',*,*,#965,.T.);
#965 = EDGE_CURVE('',#869,#151,#966,.T.);
#966 = SURFACE_CURVE('',#967,(#972,#979),.PCURVE_S1.);
#967 = CIRCLE('',#968,186.25);
#968 = AXIS2_PLACEMENT_3D('',#969,#970,#971);
#969 = CARTESIAN_POINT('',(-2.556831758308E-15,3.5,-154.25));
#970 = DIRECTION('',(0.,-1.,0.));
#971 = DIRECTION('',(0.289932885906,0.,0.957046979866));
#972 = PCURVE('',#184,#973);
#973 = DEFINITIONAL_REPRESENTATION('',(#974),#978);
#974 = LINE('',#975,#976);
#975 = CARTESIAN_POINT('',(0.,-3.5));
#976 = VECTOR('',#977,1.);
#977 = DIRECTION('',(1.,0.));
#978 = ( GEOMETRIC_REPRESENTATION_CONTEXT(2) 
PARAMETRIC_REPRESENTATION_CONTEXT() REPRESENTATION_CONTEXT('2D SPACE',''
  ) );
#979 = PCURVE('',#810,#980);
#980 = DEFINITIONAL_REPRESENTATION('',(#981),#985);
#981 = LINE('',#982,#983);
#982 = CARTESIAN_POINT('',(0.,3.14159265359));
#983 = VECTOR('',#984,1.);
#984 = DIRECTION('',(1.,0.));
#985 = ( GEOMETRIC_REPRESENTATION_CONTEXT(2) 
PARAMETRIC_REPRESENTATION_CONTEXT() REPRESENTATION_CONTEXT('2D SPACE',''
  ) );
#986 = ORIENTED_EDGE('',*,*,#148,.F.);
#987 = ORIENTED_EDGE('',*,*,#228,.F.);
#988 = ADVANCED_FACE('',(#989),#810,.T.);
#989 = FACE_BOUND('',#990,.T.);
#990 = EDGE_LOOP('',(#991,#1024,#1102,#1103));
#991 = ORIENTED_EDGE('',*,*,#992,.F.);
#992 = EDGE_CURVE('',#993,#644,#995,.T.);
#993 = VERTEX_POINT('',#994);
#994 = CARTESIAN_POINT('',(48.,5.,27.26050245096));
#995 = SURFACE_CURVE('',#996,(#1001,#1008),.PCURVE_S1.);
#996 = CIRCLE('',#997,187.75);
#997 = AXIS2_PLACEMENT_3D('',#998,#999,#1000);
#998 = CARTESIAN_POINT('',(-2.556831758308E-15,5.,-154.25));
#999 = DIRECTION('',(0.,-1.,0.));
#1000 = DIRECTION('',(0.289932885906,0.,0.957046979866));
#1001 = PCURVE('',#810,#1002);
#1002 = DEFINITIONAL_REPRESENTATION('',(#1003),#1007);
#1003 = LINE('',#1004,#1005);
#1004 = CARTESIAN_POINT('',(0.,4.712388980385));
#1005 = VECTOR('',#1006,1.);
#1006 = DIRECTION('',(1.,0.));
#1007 = ( GEOMETRIC_REPRESENTATION_CONTEXT(2) 
PARAMETRIC_REPRESENTATION_CONTEXT() REPRESENTATION_CONTEXT('2D SPACE',''
  ) );
#1008 = PCURVE('',#1009,#1014);
#1009 = PLANE('',#1010);
#1010 = AXIS2_PLACEMENT_3D('',#1011,#1012,#1013);
#1011 = CARTESIAN_POINT('',(4.841945872544E-16,5.,32.41413252214));
#1012 = DIRECTION('',(-0.,1.,-0.));
#1013 = DIRECTION('',(-1.,0.,0.));
#1014 = DEFINITIONAL_REPRESENTATION('',(#1015),#1023);
#1015 = ( BOUNDED_CURVE() B_SPLINE_CURVE(2,(#1016,#1017,#1018,#1019,
#1020,#1021,#1022),.UNSPECIFIED.,.T.,.F.) B_SPLINE_CURVE_WITH_KNOTS((1,2
    ,2,2,2,1),(-2.094395102393,0.,2.094395102393,4.188790204786,
6.28318530718,8.377580409573),.UNSPECIFIED.) CURVE() 
GEOMETRIC_REPRESENTATION_ITEM() RATIONAL_B_SPLINE_CURVE((1.,0.5,1.,0.5,
1.,0.5,1.)) REPRESENTATION_ITEM('') );
#1016 = CARTESIAN_POINT('',(-54.43489932885,-6.978562052342));
#1017 = CARTESIAN_POINT('',(256.78963811183,87.305449290139));
#1018 = CARTESIAN_POINT('',(182.82971838477,-229.3649120858));
#1019 = CARTESIAN_POINT('',(108.86979865771,-546.0352734617));
#1020 = CARTESIAN_POINT('',(-128.3948190559,-323.6489234282));
#1021 = CARTESIAN_POINT('',(-365.6594367695,-101.2625733948));
#1022 = CARTESIAN_POINT('',(-54.43489932885,-6.978562052342));
#1023 = ( GEOMETRIC_REPRESENTATION_CONTEXT(2) 
PARAMETRIC_REPRESENTATION_CONTEXT() REPRESENTATION_CONTEXT('2D SPACE',''
  ) );
#1024 = ORIENTED_EDGE('',*,*,#1025,.F.);
#1025 = EDGE_CURVE('',#869,#993,#1026,.T.);
#1026 = SURFACE_CURVE('',#1027,(#1050,#1076),.PCURVE_S1.);
#1027 = B_SPLINE_CURVE_WITH_KNOTS('',6,(#1028,#1029,#1030,#1031,#1032,
    #1033,#1034,#1035,#1036,#1037,#1038,#1039,#1040,#1041,#1042,#1043,
    #1044,#1045,#1046,#1047,#1048,#1049),.UNSPECIFIED.,.F.,.F.,(7,5,5,5,
    7),(0.,0.289498620578,0.620040648297,0.977777332732,1.),
  .UNSPECIFIED.);
#1028 = CARTESIAN_POINT('',(44.429285785729,3.5,26.623162919683));
#1029 = CARTESIAN_POINT('',(44.561569817925,3.634956706882,
    26.590668961063));
#1030 = CARTESIAN_POINT('',(44.703376543157,3.76738475455,
    26.570717296586));
#1031 = CARTESIAN_POINT('',(44.853383931757,3.894751010385,
    26.56255186364));
#1032 = CARTESIAN_POINT('',(45.010122566932,4.015361800753,
    26.564733066912));
#1033 = CARTESIAN_POINT('',(45.172246897075,4.128255151831,
    26.575825262917));
#1034 = CARTESIAN_POINT('',(45.528844250726,4.35244897012,
    26.615864491793));
#1035 = CARTESIAN_POINT('',(45.724613105825,4.461234784834,
    26.647117316284));
#1036 = CARTESIAN_POINT('',(45.924740513307,4.558685795958,26.6863530181
    ));
#1037 = CARTESIAN_POINT('',(46.128120671962,4.644665208435,
    26.731926782437));
#1038 = CARTESIAN_POINT('',(46.33394906092,4.719267977531,
    26.782496820602));
#1039 = CARTESIAN_POINT('',(46.766741594575,4.851224429963,
    26.895964947576));
#1040 = CARTESIAN_POINT('',(46.993938359185,4.906619309402,
    26.959505125316));
#1041 = CARTESIAN_POINT('',(47.222767856332,4.949010412223,
    27.026224203793));
#1042 = CARTESIAN_POINT('',(47.452671882531,4.978533200765,
    27.094975259407));
#1043 = CARTESIAN_POINT('',(47.683186245124,4.995288401499,27.1647273703
    ));
#1044 = CARTESIAN_POINT('',(47.928306916579,4.999506545045,
    27.238835086509));
#1045 = CARTESIAN_POINT('',(47.942644167533,4.999703917285,
    27.243169455135));
#1046 = CARTESIAN_POINT('',(47.956982203151,4.999851953121,
    27.247503618136));
#1047 = CARTESIAN_POINT('',(47.971320921468,4.999950648989,
    27.251837334166));
#1048 = CARTESIAN_POINT('',(47.985660222032,5.000000000011,
    27.256170359773));
#1049 = CARTESIAN_POINT('',(48.0000000059,5.,27.2605024494));
#1050 = PCURVE('',#810,#1051);
#1051 = DEFINITIONAL_REPRESENTATION('',(#1052),#1075);
#1052 = B_SPLINE_CURVE_WITH_KNOTS('',6,(#1053,#1054,#1055,#1056,#1057,
    #1058,#1059,#1060,#1061,#1062,#1063,#1064,#1065,#1066,#1067,#1068,
    #1069,#1070,#1071,#1072,#1073,#1074),.UNSPECIFIED.,.F.,.F.,(7,5,5,5,
    7),(0.,0.289498620578,0.620040648297,0.977777332732,1.),
  .UNSPECIFIED.);
#1053 = CARTESIAN_POINT('',(5.328784300015E-02,3.14159265359));
#1054 = CARTESIAN_POINT('',(5.255647948518E-02,3.231563791511));
#1055 = CARTESIAN_POINT('',(5.179152741836E-02,3.319848512329));
#1056 = CARTESIAN_POINT('',(5.099916862344E-02,3.406073642718));
#1057 = CARTESIAN_POINT('',(5.018548410418E-02,3.490157745618));
#1058 = CARTESIAN_POINT('',(4.935584686896E-02,3.572118889841));
#1059 = CARTESIAN_POINT('',(4.75528338562E-02,3.743423449225));
#1060 = CARTESIAN_POINT('',(4.657591668498E-02,3.832150456393));
#1061 = CARTESIAN_POINT('',(4.558784783744E-02,3.918593945463));
#1062 = CARTESIAN_POINT('',(4.459242884659E-02,4.003052711442));
#1063 = CARTESIAN_POINT('',(4.359220917027E-02,4.08583830238));
#1064 = CARTESIAN_POINT('',(4.150139287666E-02,4.255510892788));
#1065 = CARTESIAN_POINT('',(4.041067686023E-02,4.342130778675));
#1066 = CARTESIAN_POINT('',(3.931745902957E-02,4.42762907173));
#1067 = CARTESIAN_POINT('',(3.822317487713E-02,4.512363702625));
#1068 = CARTESIAN_POINT('',(3.712886996993E-02,4.596682743032));
#1069 = CARTESIAN_POINT('',(3.596701782247E-02,4.686209140431));
#1070 = CARTESIAN_POINT('',(3.589906691451E-02,4.69144509993));
#1071 = CARTESIAN_POINT('',(3.583111850701E-02,4.696680978757));
#1072 = CARTESIAN_POINT('',(3.576317279728E-02,4.701916862398));
#1073 = CARTESIAN_POINT('',(3.569522997115E-02,4.707152835202));
#1074 = CARTESIAN_POINT('',(3.562729020302E-02,4.712388980385));
#1075 = ( GEOMETRIC_REPRESENTATION_CONTEXT(2) 
PARAMETRIC_REPRESENTATION_CONTEXT() REPRESENTATION_CONTEXT('2D SPACE',''
  ) );
#1076 = PCURVE('',#930,#1077);
#1077 = DEFINITIONAL_REPRESENTATION('',(#1078),#1101);
#1078 = B_SPLINE_CURVE_WITH_KNOTS('',6,(#1079,#1080,#1081,#1082,#1083,
    #1084,#1085,#1086,#1087,#1088,#1089,#1090,#1091,#1092,#1093,#1094,
    #1095,#1096,#1097,#1098,#1099,#1100),.UNSPECIFIED.,.F.,.F.,(7,5,5,5,
    7),(0.,0.289498620578,0.620040648297,0.977777332732,1.),
  .UNSPECIFIED.);
#1079 = CARTESIAN_POINT('',(2.366195156979,24.623162919683));
#1080 = CARTESIAN_POINT('',(2.328399719209,24.590668961063));
#1081 = CARTESIAN_POINT('',(2.289632247086,24.570717296586));
#1082 = CARTESIAN_POINT('',(2.250342611165,24.56255186364));
#1083 = CARTESIAN_POINT('',(2.210855585708,24.564733066912));
#1084 = CARTESIAN_POINT('',(2.171387580433,24.575825262917));
#1085 = CARTESIAN_POINT('',(2.087143995327,24.615864491793));
#1086 = CARTESIAN_POINT('',(2.042416678427,24.647117316284));
#1087 = CARTESIAN_POINT('',(1.997994858081,24.6863530181));
#1088 = CARTESIAN_POINT('',(1.95392426007,24.731926782437));
#1089 = CARTESIAN_POINT('',(1.910196714862,24.782496820602));
#1090 = CARTESIAN_POINT('',(1.819704310202,24.895964947576));
#1091 = CARTESIAN_POINT('',(1.773009199544,24.959505125316));
#1092 = CARTESIAN_POINT('',(1.726573058604,25.026224203793));
#1093 = CARTESIAN_POINT('',(1.680320486769,25.094975259407));
#1094 = CARTESIAN_POINT('',(1.634166760546,25.1647273703));
#1095 = CARTESIAN_POINT('',(1.585135368027,25.238835086509));
#1096 = CARTESIAN_POINT('',(1.582267663117,25.243169455135));
#1097 = CARTESIAN_POINT('',(1.579399928626,25.247503618136));
#1098 = CARTESIAN_POINT('',(1.576532142503,25.251837334166));
#1099 = CARTESIAN_POINT('',(1.573664282387,25.256170359773));
#1100 = CARTESIAN_POINT('',(1.570796325615,25.2605024494));
#1101 = ( GEOMETRIC_REPRESENTATION_CONTEXT(2) 
PARAMETRIC_REPRESENTATION_CONTEXT() REPRESENTATION_CONTEXT('2D SPACE',''
  ) );
#1102 = ORIENTED_EDGE('',*,*,#965,.T.);
#1103 = ORIENTED_EDGE('',*,*,#758,.T.);
#1104 = ADVANCED_FACE('',(#1105),#717,.T.);
#1105 = FACE_BOUND('',#1106,.T.);
#1106 = EDGE_LOOP('',(#1107,#1135,#1136,#1160));
#1107 = ORIENTED_EDGE('',*,*,#1108,.F.);
#1108 = EDGE_CURVE('',#644,#1109,#1111,.T.);
#1109 = VERTEX_POINT('',#1110);
#1110 = CARTESIAN_POINT('',(-52.5,5.,26.010401919002));
#1111 = SURFACE_CURVE('',#1112,(#1117,#1124),.PCURVE_S1.);
#1112 = CIRCLE('',#1113,187.75);
#1113 = AXIS2_PLACEMENT_3D('',#1114,#1115,#1116);
#1114 = CARTESIAN_POINT('',(-2.556831758308E-15,5.,-154.25));
#1115 = DIRECTION('',(0.,-1.,0.));
#1116 = DIRECTION('',(0.289932885906,0.,0.957046979866));
#1117 = PCURVE('',#717,#1118);
#1118 = DEFINITIONAL_REPRESENTATION('',(#1119),#1123);
#1119 = LINE('',#1120,#1121);
#1120 = CARTESIAN_POINT('',(0.,4.712388980385));
#1121 = VECTOR('',#1122,1.);
#1122 = DIRECTION('',(1.,0.));
#1123 = ( GEOMETRIC_REPRESENTATION_CONTEXT(2) 
PARAMETRIC_REPRESENTATION_CONTEXT() REPRESENTATION_CONTEXT('2D SPACE',''
  ) );
#1124 = PCURVE('',#1009,#1125);
#1125 = DEFINITIONAL_REPRESENTATION('',(#1126),#1134);
#1126 = ( BOUNDED_CURVE() B_SPLINE_CURVE(2,(#1127,#1128,#1129,#1130,
#1131,#1132,#1133),.UNSPECIFIED.,.T.,.F.) B_SPLINE_CURVE_WITH_KNOTS((1,2
    ,2,2,2,1),(-2.094395102393,0.,2.094395102393,4.188790204786,
6.28318530718,8.377580409573),.UNSPECIFIED.) CURVE() 
GEOMETRIC_REPRESENTATION_ITEM() RATIONAL_B_SPLINE_CURVE((1.,0.5,1.,0.5,
1.,0.5,1.)) REPRESENTATION_ITEM('') );
#1127 = CARTESIAN_POINT('',(-54.43489932885,-6.978562052342));
#1128 = CARTESIAN_POINT('',(256.78963811183,87.305449290139));
#1129 = CARTESIAN_POINT('',(182.82971838477,-229.3649120858));
#1130 = CARTESIAN_POINT('',(108.86979865771,-546.0352734617));
#1131 = CARTESIAN_POINT('',(-128.3948190559,-323.6489234282));
#1132 = CARTESIAN_POINT('',(-365.6594367695,-101.2625733948));
#1133 = CARTESIAN_POINT('',(-54.43489932885,-6.978562052342));
#1134 = ( GEOMETRIC_REPRESENTATION_CONTEXT(2) 
PARAMETRIC_REPRESENTATION_CONTEXT() REPRESENTATION_CONTEXT('2D SPACE',''
  ) );
#1135 = ORIENTED_EDGE('',*,*,#643,.F.);
#1136 = ORIENTED_EDGE('',*,*,#1137,.T.);
#1137 = EDGE_CURVE('',#610,#1138,#1140,.T.);
#1138 = VERTEX_POINT('',#1139);
#1139 = CARTESIAN_POINT('',(-52.08055925432,3.5,24.57023892098));
#1140 = SURFACE_CURVE('',#1141,(#1146,#1153),.PCURVE_S1.);
#1141 = CIRCLE('',#1142,186.25);
#1142 = AXIS2_PLACEMENT_3D('',#1143,#1144,#1145);
#1143 = CARTESIAN_POINT('',(-2.556831758308E-15,3.5,-154.25));
#1144 = DIRECTION('',(0.,-1.,0.));
#1145 = DIRECTION('',(0.289932885906,0.,0.957046979866));
#1146 = PCURVE('',#717,#1147);
#1147 = DEFINITIONAL_REPRESENTATION('',(#1148),#1152);
#1148 = LINE('',#1149,#1150);
#1149 = CARTESIAN_POINT('',(0.,3.14159265359));
#1150 = VECTOR('',#1151,1.);
#1151 = DIRECTION('',(1.,0.));
#1152 = ( GEOMETRIC_REPRESENTATION_CONTEXT(2) 
PARAMETRIC_REPRESENTATION_CONTEXT() REPRESENTATION_CONTEXT('2D SPACE',''
  ) );
#1153 = PCURVE('',#629,#1154);
#1154 = DEFINITIONAL_REPRESENTATION('',(#1155),#1159);
#1155 = LINE('',#1156,#1157);
#1156 = CARTESIAN_POINT('',(0.,-3.5));
#1157 = VECTOR('',#1158,1.);
#1158 = DIRECTION('',(1.,0.));
#1159 = ( GEOMETRIC_REPRESENTATION_CONTEXT(2) 
PARAMETRIC_REPRESENTATION_CONTEXT() REPRESENTATION_CONTEXT('2D SPACE',''
  ) );
#1160 = ORIENTED_EDGE('',*,*,#1161,.F.);
#1161 = EDGE_CURVE('',#1109,#1138,#1162,.T.);
#1162 = SURFACE_CURVE('',#1163,(#1168,#1174),.PCURVE_S1.);
#1163 = CIRCLE('',#1164,1.5);
#1164 = AXIS2_PLACEMENT_3D('',#1165,#1166,#1167);
#1165 = CARTESIAN_POINT('',(-52.5,3.5,26.010401919002));
#1166 = DIRECTION('',(-0.960108665348,0.,-0.279627163782));
#1167 = DIRECTION('',(0.279627163782,0.,-0.960108665348));
#1168 = PCURVE('',#717,#1169);
#1169 = DEFINITIONAL_REPRESENTATION('',(#1170),#1173);
#1170 = B_SPLINE_CURVE_WITH_KNOTS('',1,(#1171,#1172),.UNSPECIFIED.,.F.,
  .F.,(2,2),(4.712388980385,6.28318530718),.PIECEWISE_BEZIER_KNOTS.);
#1171 = CARTESIAN_POINT('',(0.577562470908,4.712388980385));
#1172 = CARTESIAN_POINT('',(0.577562470908,3.14159265359));
#1173 = ( GEOMETRIC_REPRESENTATION_CONTEXT(2) 
PARAMETRIC_REPRESENTATION_CONTEXT() REPRESENTATION_CONTEXT('2D SPACE',''
  ) );
#1174 = PCURVE('',#1175,#1180);
#1175 = SPHERICAL_SURFACE('',#1176,1.5);
#1176 = AXIS2_PLACEMENT_3D('',#1177,#1178,#1179);
#1177 = CARTESIAN_POINT('',(-52.5,3.5,26.010401919002));
#1178 = DIRECTION('',(-0.,-1.,0.));
#1179 = DIRECTION('',(-1.,0.,0.));
#1180 = DEFINITIONAL_REPRESENTATION('',(#1181),#1184);
#1181 = B_SPLINE_CURVE_WITH_KNOTS('',1,(#1182,#1183),.UNSPECIFIED.,.F.,
  .F.,(2,2),(4.712388980385,6.28318530718),.PIECEWISE_BEZIER_KNOTS.);
#1182 = CARTESIAN_POINT('',(1.854202086927,-1.570796326795));
#1183 = CARTESIAN_POINT('',(1.854202086927,0.));
#1184 = ( GEOMETRIC_REPRESENTATION_CONTEXT(2) 
PARAMETRIC_REPRESENTATION_CONTEXT() REPRESENTATION_CONTEXT('2D SPACE',''
  ) );
#1185 = ADVANCED_FACE('',(#1186),#629,.F.);
#1186 = FACE_BOUND('',#1187,.F.);
#1187 = EDGE_LOOP('',(#1188,#1189,#1190));
#1188 = ORIENTED_EDGE('',*,*,#609,.F.);
#1189 = ORIENTED_EDGE('',*,*,#1137,.T.);
#1190 = ORIENTED_EDGE('',*,*,#1191,.T.);
#1191 = EDGE_CURVE('',#1138,#513,#1192,.T.);
#1192 = SURFACE_CURVE('',#1193,(#1197,#1204),.PCURVE_S1.);
#1193 = LINE('',#1194,#1195);
#1194 = CARTESIAN_POINT('',(-52.08055925432,5.,24.57023892098));
#1195 = VECTOR('',#1196,1.);
#1196 = DIRECTION('',(0.,-1.,0.));
#1197 = PCURVE('',#629,#1198);
#1198 = DEFINITIONAL_REPRESENTATION('',(#1199),#1203);
#1199 = LINE('',#1200,#1201);
#1200 = CARTESIAN_POINT('',(0.577562470908,-5.));
#1201 = VECTOR('',#1202,1.);
#1202 = DIRECTION('',(0.,1.));
#1203 = ( GEOMETRIC_REPRESENTATION_CONTEXT(2) 
PARAMETRIC_REPRESENTATION_CONTEXT() REPRESENTATION_CONTEXT('2D SPACE',''
  ) );
#1204 = PCURVE('',#574,#1205);
#1205 = DEFINITIONAL_REPRESENTATION('',(#1206),#1210);
#1206 = LINE('',#1207,#1208);
#1207 = CARTESIAN_POINT('',(-0.,0.));
#1208 = VECTOR('',#1209,1.);
#1209 = DIRECTION('',(-0.,1.));
#1210 = ( GEOMETRIC_REPRESENTATION_CONTEXT(2) 
PARAMETRIC_REPRESENTATION_CONTEXT() REPRESENTATION_CONTEXT('2D SPACE',''
  ) );
#1211 = ADVANCED_FACE('',(#1212),#574,.T.);
#1212 = FACE_BOUND('',#1213,.F.);
#1213 = EDGE_LOOP('',(#1214,#1215,#1239,#1267,#1296,#1317));
#1214 = ORIENTED_EDGE('',*,*,#1191,.F.);
#1215 = ORIENTED_EDGE('',*,*,#1216,.F.);
#1216 = EDGE_CURVE('',#1217,#1138,#1219,.T.);
#1217 = VERTEX_POINT('',#1218);
#1218 = CARTESIAN_POINT('',(-54.,3.5,26.010401919002));
#1219 = SURFACE_CURVE('',#1220,(#1225,#1232),.PCURVE_S1.);
#1220 = CIRCLE('',#1221,1.5);
#1221 = AXIS2_PLACEMENT_3D('',#1222,#1223,#1224);
#1222 = CARTESIAN_POINT('',(-52.5,3.5,26.010401919002));
#1223 = DIRECTION('',(-0.,-1.,0.));
#1224 = DIRECTION('',(-1.,0.,0.));
#1225 = PCURVE('',#574,#1226);
#1226 = DEFINITIONAL_REPRESENTATION('',(#1227),#1231);
#1227 = LINE('',#1228,#1229);
#1228 = CARTESIAN_POINT('',(-1.854202086927,1.5));
#1229 = VECTOR('',#1230,1.);
#1230 = DIRECTION('',(1.,-0.));
#1231 = ( GEOMETRIC_REPRESENTATION_CONTEXT(2) 
PARAMETRIC_REPRESENTATION_CONTEXT() REPRESENTATION_CONTEXT('2D SPACE',''
  ) );
#1232 = PCURVE('',#1175,#1233);
#1233 = DEFINITIONAL_REPRESENTATION('',(#1234),#1238);
#1234 = LINE('',#1235,#1236);
#1235 = CARTESIAN_POINT('',(0.,0.));
#1236 = VECTOR('',#1237,1.);
#1237 = DIRECTION('',(1.,0.));
#1238 = ( GEOMETRIC_REPRESENTATION_CONTEXT(2) 
PARAMETRIC_REPRESENTATION_CONTEXT() REPRESENTATION_CONTEXT('2D SPACE',''
  ) );
#1239 = ORIENTED_EDGE('',*,*,#1240,.T.);
#1240 = EDGE_CURVE('',#1217,#1241,#1243,.T.);
#1241 = VERTEX_POINT('',#1242);
#1242 = CARTESIAN_POINT('',(-54.,-3.5,26.010401919002));
#1243 = SURFACE_CURVE('',#1244,(#1248,#1255),.PCURVE_S1.);
#1244 = LINE('',#1245,#1246);
#1245 = CARTESIAN_POINT('',(-54.,5.,26.010401919002));
#1246 = VECTOR('',#1247,1.);
#1247 = DIRECTION('',(0.,-1.,0.));
#1248 = PCURVE('',#574,#1249);
#1249 = DEFINITIONAL_REPRESENTATION('',(#1250),#1254);
#1250 = LINE('',#1251,#1252);
#1251 = CARTESIAN_POINT('',(-1.854202086927,0.));
#1252 = VECTOR('',#1253,1.);
#1253 = DIRECTION('',(-0.,1.));
#1254 = ( GEOMETRIC_REPRESENTATION_CONTEXT(2) 
PARAMETRIC_REPRESENTATION_CONTEXT() REPRESENTATION_CONTEXT('2D SPACE',''
  ) );
#1255 = PCURVE('',#1256,#1261);
#1256 = PLANE('',#1257);
#1257 = AXIS2_PLACEMENT_3D('',#1258,#1259,#1260);
#1258 = CARTESIAN_POINT('',(-54.,0.,24.));
#1259 = DIRECTION('',(1.,-0.,0.));
#1260 = DIRECTION('',(0.,0.,1.));
#1261 = DEFINITIONAL_REPRESENTATION('',(#1262),#1266);
#1262 = LINE('',#1263,#1264);
#1263 = CARTESIAN_POINT('',(2.010401919002,-5.));
#1264 = VECTOR('',#1265,1.);
#1265 = DIRECTION('',(0.,1.));
#1266 = ( GEOMETRIC_REPRESENTATION_CONTEXT(2) 
PARAMETRIC_REPRESENTATION_CONTEXT() REPRESENTATION_CONTEXT('2D SPACE',''
  ) );
#1267 = ORIENTED_EDGE('',*,*,#1268,.F.);
#1268 = EDGE_CURVE('',#1269,#1241,#1271,.T.);
#1269 = VERTEX_POINT('',#1270);
#1270 = CARTESIAN_POINT('',(-52.08055925432,-3.5,24.57023892098));
#1271 = SURFACE_CURVE('',#1272,(#1277,#1284),.PCURVE_S1.);
#1272 = CIRCLE('',#1273,1.5);
#1273 = AXIS2_PLACEMENT_3D('',#1274,#1275,#1276);
#1274 = CARTESIAN_POINT('',(-52.5,-3.5,26.010401919002));
#1275 = DIRECTION('',(0.,1.,0.));
#1276 = DIRECTION('',(0.279627163782,-0.,-0.960108665348));
#1277 = PCURVE('',#574,#1278);
#1278 = DEFINITIONAL_REPRESENTATION('',(#1279),#1283);
#1279 = LINE('',#1280,#1281);
#1280 = CARTESIAN_POINT('',(-0.,8.5));
#1281 = VECTOR('',#1282,1.);
#1282 = DIRECTION('',(-1.,0.));
#1283 = ( GEOMETRIC_REPRESENTATION_CONTEXT(2) 
PARAMETRIC_REPRESENTATION_CONTEXT() REPRESENTATION_CONTEXT('2D SPACE',''
  ) );
#1284 = PCURVE('',#1285,#1290);
#1285 = SPHERICAL_SURFACE('',#1286,1.5);
#1286 = AXIS2_PLACEMENT_3D('',#1287,#1288,#1289);
#1287 = CARTESIAN_POINT('',(-52.5,-3.5,26.010401919002));
#1288 = DIRECTION('',(0.,1.,-0.));
#1289 = DIRECTION('',(0.279627163782,-0.,-0.960108665348));
#1290 = DEFINITIONAL_REPRESENTATION('',(#1291),#1295);
#1291 = LINE('',#1292,#1293);
#1292 = CARTESIAN_POINT('',(0.,0.));
#1293 = VECTOR('',#1294,1.);
#1294 = DIRECTION('',(1.,0.));
#1295 = ( GEOMETRIC_REPRESENTATION_CONTEXT(2) 
PARAMETRIC_REPRESENTATION_CONTEXT() REPRESENTATION_CONTEXT('2D SPACE',''
  ) );
#1296 = ORIENTED_EDGE('',*,*,#1297,.F.);
#1297 = EDGE_CURVE('',#479,#1269,#1298,.T.);
#1298 = SURFACE_CURVE('',#1299,(#1303,#1310),.PCURVE_S1.);
#1299 = LINE('',#1300,#1301);
#1300 = CARTESIAN_POINT('',(-52.08055925432,5.,24.57023892098));
#1301 = VECTOR('',#1302,1.);
#1302 = DIRECTION('',(0.,-1.,0.));
#1303 = PCURVE('',#574,#1304);
#1304 = DEFINITIONAL_REPRESENTATION('',(#1305),#1309);
#1305 = LINE('',#1306,#1307);
#1306 = CARTESIAN_POINT('',(-0.,0.));
#1307 = VECTOR('',#1308,1.);
#1308 = DIRECTION('',(-0.,1.));
#1309 = ( GEOMETRIC_REPRESENTATION_CONTEXT(2) 
PARAMETRIC_REPRESENTATION_CONTEXT() REPRESENTATION_CONTEXT('2D SPACE',''
  ) );
#1310 = PCURVE('',#498,#1311);
#1311 = DEFINITIONAL_REPRESENTATION('',(#1312),#1316);
#1312 = LINE('',#1313,#1314);
#1313 = CARTESIAN_POINT('',(0.577562470908,-5.));
#1314 = VECTOR('',#1315,1.);
#1315 = DIRECTION('',(0.,1.));
#1316 = ( GEOMETRIC_REPRESENTATION_CONTEXT(2) 
PARAMETRIC_REPRESENTATION_CONTEXT() REPRESENTATION_CONTEXT('2D SPACE',''
  ) );
#1317 = ORIENTED_EDGE('',*,*,#512,.F.);
#1318 = ADVANCED_FACE('',(#1319),#498,.F.);
#1319 = FACE_BOUND('',#1320,.F.);
#1320 = EDGE_LOOP('',(#1321,#1343,#1344));
#1321 = ORIENTED_EDGE('',*,*,#1322,.F.);
#1322 = EDGE_CURVE('',#364,#1269,#1323,.T.);
#1323 = SURFACE_CURVE('',#1324,(#1329,#1336),.PCURVE_S1.);
#1324 = CIRCLE('',#1325,186.25);
#1325 = AXIS2_PLACEMENT_3D('',#1326,#1327,#1328);
#1326 = CARTESIAN_POINT('',(-2.556831758308E-15,-3.5,-154.25));
#1327 = DIRECTION('',(0.,-1.,0.));
#1328 = DIRECTION('',(0.289932885906,0.,0.957046979866));
#1329 = PCURVE('',#498,#1330);
#1330 = DEFINITIONAL_REPRESENTATION('',(#1331),#1335);
#1331 = LINE('',#1332,#1333);
#1332 = CARTESIAN_POINT('',(0.,3.5));
#1333 = VECTOR('',#1334,1.);
#1334 = DIRECTION('',(1.,0.));
#1335 = ( GEOMETRIC_REPRESENTATION_CONTEXT(2) 
PARAMETRIC_REPRESENTATION_CONTEXT() REPRESENTATION_CONTEXT('2D SPACE',''
  ) );
#1336 = PCURVE('',#437,#1337);
#1337 = DEFINITIONAL_REPRESENTATION('',(#1338),#1342);
#1338 = LINE('',#1339,#1340);
#1339 = CARTESIAN_POINT('',(0.,3.14159265359));
#1340 = VECTOR('',#1341,1.);
#1341 = DIRECTION('',(1.,0.));
#1342 = ( GEOMETRIC_REPRESENTATION_CONTEXT(2) 
PARAMETRIC_REPRESENTATION_CONTEXT() REPRESENTATION_CONTEXT('2D SPACE',''
  ) );
#1343 = ORIENTED_EDGE('',*,*,#478,.F.);
#1344 = ORIENTED_EDGE('',*,*,#1297,.T.);
#1345 = ADVANCED_FACE('',(#1346),#437,.T.);
#1346 = FACE_BOUND('',#1347,.T.);
#1347 = EDGE_LOOP('',(#1348,#1349,#1382,#1402));
#1348 = ORIENTED_EDGE('',*,*,#363,.T.);
#1349 = ORIENTED_EDGE('',*,*,#1350,.T.);
#1350 = EDGE_CURVE('',#279,#1351,#1353,.T.);
#1351 = VERTEX_POINT('',#1352);
#1352 = CARTESIAN_POINT('',(-52.5,-5.,26.010401919002));
#1353 = SURFACE_CURVE('',#1354,(#1359,#1366),.PCURVE_S1.);
#1354 = CIRCLE('',#1355,187.75);
#1355 = AXIS2_PLACEMENT_3D('',#1356,#1357,#1358);
#1356 = CARTESIAN_POINT('',(-2.556831758308E-15,-5.,-154.25));
#1357 = DIRECTION('',(0.,-1.,0.));
#1358 = DIRECTION('',(0.289932885906,0.,0.957046979866));
#1359 = PCURVE('',#437,#1360);
#1360 = DEFINITIONAL_REPRESENTATION('',(#1361),#1365);
#1361 = LINE('',#1362,#1363);
#1362 = CARTESIAN_POINT('',(0.,1.570796326795));
#1363 = VECTOR('',#1364,1.);
#1364 = DIRECTION('',(1.,0.));
#1365 = ( GEOMETRIC_REPRESENTATION_CONTEXT(2) 
PARAMETRIC_REPRESENTATION_CONTEXT() REPRESENTATION_CONTEXT('2D SPACE',''
  ) );
#1366 = PCURVE('',#1367,#1372);
#1367 = PLANE('',#1368);
#1368 = AXIS2_PLACEMENT_3D('',#1369,#1370,#1371);
#1369 = CARTESIAN_POINT('',(4.841945872544E-16,-5.,32.41413252214));
#1370 = DIRECTION('',(-0.,1.,-0.));
#1371 = DIRECTION('',(-1.,0.,0.));
#1372 = DEFINITIONAL_REPRESENTATION('',(#1373),#1381);
#1373 = ( BOUNDED_CURVE() B_SPLINE_CURVE(2,(#1374,#1375,#1376,#1377,
#1378,#1379,#1380),.UNSPECIFIED.,.T.,.F.) B_SPLINE_CURVE_WITH_KNOTS((1,2
    ,2,2,2,1),(-2.094395102393,0.,2.094395102393,4.188790204786,
6.28318530718,8.377580409573),.UNSPECIFIED.) CURVE() 
GEOMETRIC_REPRESENTATION_ITEM() RATIONAL_B_SPLINE_CURVE((1.,0.5,1.,0.5,
1.,0.5,1.)) REPRESENTATION_ITEM('') );
#1374 = CARTESIAN_POINT('',(-54.43489932885,-6.978562052342));
#1375 = CARTESIAN_POINT('',(256.78963811183,87.305449290139));
#1376 = CARTESIAN_POINT('',(182.82971838477,-229.3649120858));
#1377 = CARTESIAN_POINT('',(108.86979865771,-546.0352734617));
#1378 = CARTESIAN_POINT('',(-128.3948190559,-323.6489234282));
#1379 = CARTESIAN_POINT('',(-365.6594367695,-101.2625733948));
#1380 = CARTESIAN_POINT('',(-54.43489932885,-6.978562052342));
#1381 = ( GEOMETRIC_REPRESENTATION_CONTEXT(2) 
PARAMETRIC_REPRESENTATION_CONTEXT() REPRESENTATION_CONTEXT('2D SPACE',''
  ) );
#1382 = ORIENTED_EDGE('',*,*,#1383,.T.);
#1383 = EDGE_CURVE('',#1351,#1269,#1384,.T.);
#1384 = SURFACE_CURVE('',#1385,(#1390,#1396),.PCURVE_S1.);
#1385 = CIRCLE('',#1386,1.5);
#1386 = AXIS2_PLACEMENT_3D('',#1387,#1388,#1389);
#1387 = CARTESIAN_POINT('',(-52.5,-3.5,26.010401919002));
#1388 = DIRECTION('',(0.960108665348,0.,0.279627163782));
#1389 = DIRECTION('',(0.279627163782,0.,-0.960108665348));
#1390 = PCURVE('',#437,#1391);
#1391 = DEFINITIONAL_REPRESENTATION('',(#1392),#1395);
#1392 = B_SPLINE_CURVE_WITH_KNOTS('',1,(#1393,#1394),.UNSPECIFIED.,.F.,
  .F.,(2,2),(4.712388980385,6.28318530718),.PIECEWISE_BEZIER_KNOTS.);
#1393 = CARTESIAN_POINT('',(0.577562470908,1.570796326795));
#1394 = CARTESIAN_POINT('',(0.577562470908,3.14159265359));
#1395 = ( GEOMETRIC_REPRESENTATION_CONTEXT(2) 
PARAMETRIC_REPRESENTATION_CONTEXT() REPRESENTATION_CONTEXT('2D SPACE',''
  ) );
#1396 = PCURVE('',#1285,#1397);
#1397 = DEFINITIONAL_REPRESENTATION('',(#1398),#1401);
#1398 = B_SPLINE_CURVE_WITH_KNOTS('',1,(#1399,#1400),.UNSPECIFIED.,.F.,
  .F.,(2,2),(4.712388980385,6.28318530718),.PIECEWISE_BEZIER_KNOTS.);
#1399 = CARTESIAN_POINT('',(0.,-1.570796326795));
#1400 = CARTESIAN_POINT('',(0.,0.));
#1401 = ( GEOMETRIC_REPRESENTATION_CONTEXT(2) 
PARAMETRIC_REPRESENTATION_CONTEXT() REPRESENTATION_CONTEXT('2D SPACE',''
  ) );
#1402 = ORIENTED_EDGE('',*,*,#1322,.F.);
#1403 = ADVANCED_FACE('',(#1404),#332,.T.);
#1404 = FACE_BOUND('',#1405,.T.);
#1405 = EDGE_LOOP('',(#1406,#1486,#1512,#1513));
#1406 = ORIENTED_EDGE('',*,*,#1407,.T.);
#1407 = EDGE_CURVE('',#845,#1408,#1410,.T.);
#1408 = VERTEX_POINT('',#1409);
#1409 = CARTESIAN_POINT('',(48.,-5.,27.26050245096));
#1410 = SURFACE_CURVE('',#1411,(#1434,#1460),.PCURVE_S1.);
#1411 = B_SPLINE_CURVE_WITH_KNOTS('',6,(#1412,#1413,#1414,#1415,#1416,
    #1417,#1418,#1419,#1420,#1421,#1422,#1423,#1424,#1425,#1426,#1427,
    #1428,#1429,#1430,#1431,#1432,#1433),.UNSPECIFIED.,.F.,.F.,(7,5,5,5,
    7),(0.,0.289498621306,0.620040649856,0.97777733519,1.),
  .UNSPECIFIED.);
#1412 = CARTESIAN_POINT('',(44.429285785729,-3.5,26.623162919683));
#1413 = CARTESIAN_POINT('',(44.561569817925,-3.634956706882,
    26.590668961063));
#1414 = CARTESIAN_POINT('',(44.703376543157,-3.76738475455,
    26.570717296586));
#1415 = CARTESIAN_POINT('',(44.853383931757,-3.894751010385,
    26.56255186364));
#1416 = CARTESIAN_POINT('',(45.010122566932,-4.015361800752,
    26.564733066912));
#1417 = CARTESIAN_POINT('',(45.172246897075,-4.128255151831,
    26.575825262917));
#1418 = CARTESIAN_POINT('',(45.528844250726,-4.35244897012,
    26.615864491793));
#1419 = CARTESIAN_POINT('',(45.724613105825,-4.461234784834,
    26.647117316284));
#1420 = CARTESIAN_POINT('',(45.924740513308,-4.558685795958,
    26.6863530181));
#1421 = CARTESIAN_POINT('',(46.128120671961,-4.644665208435,
    26.731926782437));
#1422 = CARTESIAN_POINT('',(46.33394906092,-4.719267977531,
    26.782496820602));
#1423 = CARTESIAN_POINT('',(46.766741594574,-4.851224429963,
    26.895964947576));
#1424 = CARTESIAN_POINT('',(46.993938359186,-4.906619309402,
    26.959505125316));
#1425 = CARTESIAN_POINT('',(47.222767856332,-4.949010412223,
    27.026224203793));
#1426 = CARTESIAN_POINT('',(47.452671882531,-4.978533200765,
    27.094975259407));
#1427 = CARTESIAN_POINT('',(47.683186245124,-4.995288401499,
    27.1647273703));
#1428 = CARTESIAN_POINT('',(47.928306914957,-4.999506545018,
    27.238835086019));
#1429 = CARTESIAN_POINT('',(47.942644162601,-4.99970391724,
    27.243169456376));
#1430 = CARTESIAN_POINT('',(47.956982197294,-4.999851953071,
    27.247503617976));
#1431 = CARTESIAN_POINT('',(47.971320917052,-4.999950648944,
    27.251837329495));
#1432 = CARTESIAN_POINT('',(47.98566021731,-4.999999999984,
    27.256170352882));
#1433 = CARTESIAN_POINT('',(47.999999990921,-5.,27.260502453361));
#1434 = PCURVE('',#332,#1435);
#1435 = DEFINITIONAL_REPRESENTATION('',(#1436),#1459);
#1436 = B_SPLINE_CURVE_WITH_KNOTS('',6,(#1437,#1438,#1439,#1440,#1441,
    #1442,#1443,#1444,#1445,#1446,#1447,#1448,#1449,#1450,#1451,#1452,
    #1453,#1454,#1455,#1456,#1457,#1458),.UNSPECIFIED.,.F.,.F.,(7,5,5,5,
    7),(0.,0.289498621306,0.620040649856,0.97777733519,1.),
  .UNSPECIFIED.);
#1437 = CARTESIAN_POINT('',(5.328784300015E-02,3.14159265359));
#1438 = CARTESIAN_POINT('',(5.255647948518E-02,3.051621515669));
#1439 = CARTESIAN_POINT('',(5.179152741836E-02,2.963336794851));
#1440 = CARTESIAN_POINT('',(5.099916862344E-02,2.877111664461));
#1441 = CARTESIAN_POINT('',(5.018548410418E-02,2.793027561562));
#1442 = CARTESIAN_POINT('',(4.935584686896E-02,2.711066417339));
#1443 = CARTESIAN_POINT('',(4.75528338562E-02,2.539761857955));
#1444 = CARTESIAN_POINT('',(4.657591668498E-02,2.451034850787));
#1445 = CARTESIAN_POINT('',(4.558784783744E-02,2.364591361717));
#1446 = CARTESIAN_POINT('',(4.459242884659E-02,2.280132595738));
#1447 = CARTESIAN_POINT('',(4.359220917027E-02,2.197347004799));
#1448 = CARTESIAN_POINT('',(4.150139287666E-02,2.027674414391));
#1449 = CARTESIAN_POINT('',(4.041067686023E-02,1.941054528504));
#1450 = CARTESIAN_POINT('',(3.931745902957E-02,1.855556235449));
#1451 = CARTESIAN_POINT('',(3.822317487713E-02,1.770821604555));
#1452 = CARTESIAN_POINT('',(3.712886996993E-02,1.686502564148));
#1453 = CARTESIAN_POINT('',(3.596701783016E-02,1.596976167341));
#1454 = CARTESIAN_POINT('',(3.589906694161E-02,1.59174020729));
#1455 = CARTESIAN_POINT('',(3.583111853696E-02,1.586504329524));
#1456 = CARTESIAN_POINT('',(3.576317281366E-02,1.581268448545));
#1457 = CARTESIAN_POINT('',(3.569522998608E-02,1.576032477223));
#1458 = CARTESIAN_POINT('',(3.562729028555E-02,1.570796326795));
#1459 = ( GEOMETRIC_REPRESENTATION_CONTEXT(2) 
PARAMETRIC_REPRESENTATION_CONTEXT() REPRESENTATION_CONTEXT('2D SPACE',''
  ) );
#1460 = PCURVE('',#930,#1461);
#1461 = DEFINITIONAL_REPRESENTATION('',(#1462),#1485);
#1462 = B_SPLINE_CURVE_WITH_KNOTS('',6,(#1463,#1464,#1465,#1466,#1467,
    #1468,#1469,#1470,#1471,#1472,#1473,#1474,#1475,#1476,#1477,#1478,
    #1479,#1480,#1481,#1482,#1483,#1484),.UNSPECIFIED.,.F.,.F.,(7,5,5,5,
    7),(0.,0.289498621306,0.620040649856,0.97777733519,1.),
  .UNSPECIFIED.);
#1463 = CARTESIAN_POINT('',(3.916990150201,24.623162919683));
#1464 = CARTESIAN_POINT('',(3.954785587971,24.590668961063));
#1465 = CARTESIAN_POINT('',(3.993553060094,24.570717296586));
#1466 = CARTESIAN_POINT('',(4.032842696014,24.56255186364));
#1467 = CARTESIAN_POINT('',(4.072329721472,24.564733066912));
#1468 = CARTESIAN_POINT('',(4.111797726746,24.575825262917));
#1469 = CARTESIAN_POINT('',(4.196041311853,24.615864491793));
#1470 = CARTESIAN_POINT('',(4.240768628753,24.647117316284));
#1471 = CARTESIAN_POINT('',(4.285190449099,24.6863530181));
#1472 = CARTESIAN_POINT('',(4.329261047109,24.731926782437));
#1473 = CARTESIAN_POINT('',(4.372988592318,24.782496820602));
#1474 = CARTESIAN_POINT('',(4.463480996977,24.895964947576));
#1475 = CARTESIAN_POINT('',(4.510176107636,24.959505125316));
#1476 = CARTESIAN_POINT('',(4.556612248576,25.026224203793));
#1477 = CARTESIAN_POINT('',(4.60286482041,25.094975259407));
#1478 = CARTESIAN_POINT('',(4.649018546634,25.1647273703));
#1479 = CARTESIAN_POINT('',(4.698049938829,25.238835086019));
#1480 = CARTESIAN_POINT('',(4.700917643076,25.243169456376));
#1481 = CARTESIAN_POINT('',(4.703785377382,25.247503617976));
#1482 = CARTESIAN_POINT('',(4.706653163794,25.251837329495));
#1483 = CARTESIAN_POINT('',(4.709521023848,25.256170352882));
#1484 = CARTESIAN_POINT('',(4.712388978569,25.260502453361));
#1485 = ( GEOMETRIC_REPRESENTATION_CONTEXT(2) 
PARAMETRIC_REPRESENTATION_CONTEXT() REPRESENTATION_CONTEXT('2D SPACE',''
  ) );
#1486 = ORIENTED_EDGE('',*,*,#1487,.T.);
#1487 = EDGE_CURVE('',#1408,#279,#1488,.T.);
#1488 = SURFACE_CURVE('',#1489,(#1494,#1501),.PCURVE_S1.);
#1489 = CIRCLE('',#1490,187.75);
#1490 = AXIS2_PLACEMENT_3D('',#1491,#1492,#1493);
#1491 = CARTESIAN_POINT('',(-2.556831758308E-15,-5.,-154.25));
#1492 = DIRECTION('',(0.,-1.,0.));
#1493 = DIRECTION('',(0.289932885906,0.,0.957046979866));
#1494 = PCURVE('',#332,#1495);
#1495 = DEFINITIONAL_REPRESENTATION('',(#1496),#1500);
#1496 = LINE('',#1497,#1498);
#1497 = CARTESIAN_POINT('',(0.,1.570796326795));
#1498 = VECTOR('',#1499,1.);
#1499 = DIRECTION('',(1.,0.));
#1500 = ( GEOMETRIC_REPRESENTATION_CONTEXT(2) 
PARAMETRIC_REPRESENTATION_CONTEXT() REPRESENTATION_CONTEXT('2D SPACE',''
  ) );
#1501 = PCURVE('',#1367,#1502);
#1502 = DEFINITIONAL_REPRESENTATION('',(#1503),#1511);
#1503 = ( BOUNDED_CURVE() B_SPLINE_CURVE(2,(#1504,#1505,#1506,#1507,
#1508,#1509,#1510),.UNSPECIFIED.,.T.,.F.) B_SPLINE_CURVE_WITH_KNOTS((1,2
    ,2,2,2,1),(-2.094395102393,0.,2.094395102393,4.188790204786,
6.28318530718,8.377580409573),.UNSPECIFIED.) CURVE() 
GEOMETRIC_REPRESENTATION_ITEM() RATIONAL_B_SPLINE_CURVE((1.,0.5,1.,0.5,
1.,0.5,1.)) REPRESENTATION_ITEM('') );
#1504 = CARTESIAN_POINT('',(-54.43489932885,-6.978562052342));
#1505 = CARTESIAN_POINT('',(256.78963811183,87.305449290139));
#1506 = CARTESIAN_POINT('',(182.82971838477,-229.3649120858));
#1507 = CARTESIAN_POINT('',(108.86979865771,-546.0352734617));
#1508 = CARTESIAN_POINT('',(-128.3948190559,-323.6489234282));
#1509 = CARTESIAN_POINT('',(-365.6594367695,-101.2625733948));
#1510 = CARTESIAN_POINT('',(-54.43489932885,-6.978562052342));
#1511 = ( GEOMETRIC_REPRESENTATION_CONTEXT(2) 
PARAMETRIC_REPRESENTATION_CONTEXT() REPRESENTATION_CONTEXT('2D SPACE',''
  ) );
#1512 = ORIENTED_EDGE('',*,*,#278,.F.);
#1513 = ORIENTED_EDGE('',*,*,#844,.F.);
#1514 = ADVANCED_FACE('',(#1515),#930,.T.);
#1515 = FACE_BOUND('',#1516,.T.);
#1516 = EDGE_LOOP('',(#1517,#1580,#1603,#1630,#1631,#1687,#1721,#1834,
    #1835,#1836,#1837,#1952));
#1517 = ORIENTED_EDGE('',*,*,#1518,.F.);
#1518 = EDGE_CURVE('',#1519,#1521,#1523,.T.);
#1519 = VERTEX_POINT('',#1520);
#1520 = CARTESIAN_POINT('',(53.,-1.224646799147E-15,24.596188356628));
#1521 = VERTEX_POINT('',#1522);
#1522 = CARTESIAN_POINT('',(52.080559254328,2.889469877317,
    24.57023892098));
#1523 = SURFACE_CURVE('',#1524,(#1539,#1557),.PCURVE_S1.);
#1524 = B_SPLINE_CURVE_WITH_KNOTS('',7,(#1525,#1526,#1527,#1528,#1529,
    #1530,#1531,#1532,#1533,#1534,#1535,#1536,#1537,#1538),
  .UNSPECIFIED.,.F.,.F.,(8,6,8),(0.,0.403760734037,1.),.UNSPECIFIED.);
#1525 = CARTESIAN_POINT('',(53.,-1.056412609424E-15,24.596188356629));
#1526 = CARTESIAN_POINT('',(53.,0.175222302651,24.596188356629));
#1527 = CARTESIAN_POINT('',(52.992836059386,0.350282429205,
    24.593655694803));
#1528 = CARTESIAN_POINT('',(52.978531731002,0.525007682532,
    24.588597768672));
#1529 = CARTESIAN_POINT('',(52.957089257963,0.699199671054,
    24.58127460508));
#1530 = CARTESIAN_POINT('',(52.928498581948,0.872611294951,
    24.572190515277));
#1531 = CARTESIAN_POINT('',(52.89276404931,1.044924498768,24.56206664552
    ));
#1532 = CARTESIAN_POINT('',(52.786722944501,1.46795793735,24.53662528513
    ));
#1533 = CARTESIAN_POINT('',(52.707886737013,1.71757131564,
    24.521091853667));
#1534 = CARTESIAN_POINT('',(52.613319790507,1.96393611062,
    24.508026437868));
#1535 = CARTESIAN_POINT('',(52.502836047175,2.206178265688,
    24.501116868767));
#1536 = CARTESIAN_POINT('',(52.376448335319,2.442873232155,
    24.504948693058));
#1537 = CARTESIAN_POINT('',(52.23472841671,2.671749524102,
    24.525337872614));
#1538 = CARTESIAN_POINT('',(52.080559254328,2.889469877317,
    24.57023892098));
#1539 = PCURVE('',#930,#1540);
#1540 = DEFINITIONAL_REPRESENTATION('',(#1541),#1556);
#1541 = B_SPLINE_CURVE_WITH_KNOTS('',7,(#1542,#1543,#1544,#1545,#1546,
    #1547,#1548,#1549,#1550,#1551,#1552,#1553,#1554,#1555),
  .UNSPECIFIED.,.F.,.F.,(8,6,8),(0.,0.403760734037,1.),.UNSPECIFIED.);
#1542 = CARTESIAN_POINT('',(0.,22.596188356629));
#1543 = CARTESIAN_POINT('',(3.504446053023E-02,22.596188356629));
#1544 = CARTESIAN_POINT('',(7.005647152301E-02,22.593655694803));
#1545 = CARTESIAN_POINT('',(0.105071867482,22.588597768672));
#1546 = CARTESIAN_POINT('',(0.140120504601,22.58127460508));
#1547 = CARTESIAN_POINT('',(0.175223736089,22.572190515277));
#1548 = CARTESIAN_POINT('',(0.210389871971,22.56206664552));
#1549 = CARTESIAN_POINT('',(0.297614181901,22.53662528513));
#1550 = CARTESIAN_POINT('',(0.349872506086,22.521091853667));
#1551 = CARTESIAN_POINT('',(0.402494689072,22.508026437868));
#1552 = CARTESIAN_POINT('',(0.455562606813,22.501116868767));
#1553 = CARTESIAN_POINT('',(0.509052777389,22.504948693058));
#1554 = CARTESIAN_POINT('',(0.562790248923,22.525337872614));
#1555 = CARTESIAN_POINT('',(0.616145767038,22.57023892098));
#1556 = ( GEOMETRIC_REPRESENTATION_CONTEXT(2) 
PARAMETRIC_REPRESENTATION_CONTEXT() REPRESENTATION_CONTEXT('2D SPACE',''
  ) );
#1557 = PCURVE('',#1558,#1563);
#1558 = CYLINDRICAL_SURFACE('',#1559,1.5);
#1559 = AXIS2_PLACEMENT_3D('',#1560,#1561,#1562);
#1560 = CARTESIAN_POINT('',(52.5,-5.,26.010401919002));
#1561 = DIRECTION('',(-0.,1.,-0.));
#1562 = DIRECTION('',(-0.279627163782,-0.,-0.960108665348));
#1563 = DEFINITIONAL_REPRESENTATION('',(#1564),#1579);
#1564 = B_SPLINE_CURVE_WITH_KNOTS('',7,(#1565,#1566,#1567,#1568,#1569,
    #1570,#1571,#1572,#1573,#1574,#1575,#1576,#1577,#1578),
  .UNSPECIFIED.,.F.,.F.,(8,6,8),(0.,0.403760734037,1.),.UNSPECIFIED.);
#1565 = CARTESIAN_POINT('',(-0.623242669586,5.));
#1566 = CARTESIAN_POINT('',(-0.623242669586,5.175222302651));
#1567 = CARTESIAN_POINT('',(-0.61817715707,5.350282429205));
#1568 = CARTESIAN_POINT('',(-0.608061931717,5.525007682532));
#1569 = CARTESIAN_POINT('',(-0.592957643626,5.699199671054));
#1570 = CARTESIAN_POINT('',(-0.572968482093,5.872611294951));
#1571 = CARTESIAN_POINT('',(-0.548228404455,6.044924498768));
#1572 = CARTESIAN_POINT('',(-0.47552817145,6.46795793735));
#1573 = CARTESIAN_POINT('',(-0.422006409205,6.71757131564));
#1574 = CARTESIAN_POINT('',(-0.358529435559,6.96393611062));
#1575 = CARTESIAN_POINT('',(-0.285169294757,7.206178265688));
#1576 = CARTESIAN_POINT('',(-0.20156331191,7.442873232155));
#1577 = CARTESIAN_POINT('',(-0.107049801026,7.671749524102));
#1578 = CARTESIAN_POINT('',(0.,7.889469877317));
#1579 = ( GEOMETRIC_REPRESENTATION_CONTEXT(2) 
PARAMETRIC_REPRESENTATION_CONTEXT() REPRESENTATION_CONTEXT('2D SPACE',''
  ) );
#1580 = ORIENTED_EDGE('',*,*,#1581,.F.);
#1581 = EDGE_CURVE('',#1582,#1519,#1584,.T.);
#1582 = VERTEX_POINT('',#1583);
#1583 = CARTESIAN_POINT('',(53.,-1.224646799147E-15,2.));
#1584 = SEAM_CURVE('',#1585,(#1589,#1596),.PCURVE_S1.);
#1585 = LINE('',#1586,#1587);
#1586 = CARTESIAN_POINT('',(53.,-1.224646799147E-15,2.));
#1587 = VECTOR('',#1588,1.);
#1588 = DIRECTION('',(0.,0.,1.));
#1589 = PCURVE('',#930,#1590);
#1590 = DEFINITIONAL_REPRESENTATION('',(#1591),#1595);
#1591 = LINE('',#1592,#1593);
#1592 = CARTESIAN_POINT('',(6.28318530718,-0.));
#1593 = VECTOR('',#1594,1.);
#1594 = DIRECTION('',(0.,1.));
#1595 = ( GEOMETRIC_REPRESENTATION_CONTEXT(2) 
PARAMETRIC_REPRESENTATION_CONTEXT() REPRESENTATION_CONTEXT('2D SPACE',''
  ) );
#1596 = PCURVE('',#930,#1597);
#1597 = DEFINITIONAL_REPRESENTATION('',(#1598),#1602);
#1598 = LINE('',#1599,#1600);
#1599 = CARTESIAN_POINT('',(0.,-0.));
#1600 = VECTOR('',#1601,1.);
#1601 = DIRECTION('',(0.,1.));
#1602 = ( GEOMETRIC_REPRESENTATION_CONTEXT(2) 
PARAMETRIC_REPRESENTATION_CONTEXT() REPRESENTATION_CONTEXT('2D SPACE',''
  ) );
#1603 = ORIENTED_EDGE('',*,*,#1604,.T.);
#1604 = EDGE_CURVE('',#1582,#1582,#1605,.T.);
#1605 = SURFACE_CURVE('',#1606,(#1611,#1618),.PCURVE_S1.);
#1606 = CIRCLE('',#1607,5.);
#1607 = AXIS2_PLACEMENT_3D('',#1608,#1609,#1610);
#1608 = CARTESIAN_POINT('',(48.,0.,2.));
#1609 = DIRECTION('',(0.,0.,1.));
#1610 = DIRECTION('',(1.,0.,-0.));
#1611 = PCURVE('',#930,#1612);
#1612 = DEFINITIONAL_REPRESENTATION('',(#1613),#1617);
#1613 = LINE('',#1614,#1615);
#1614 = CARTESIAN_POINT('',(0.,0.));
#1615 = VECTOR('',#1616,1.);
#1616 = DIRECTION('',(1.,0.));
#1617 = ( GEOMETRIC_REPRESENTATION_CONTEXT(2) 
PARAMETRIC_REPRESENTATION_CONTEXT() REPRESENTATION_CONTEXT('2D SPACE',''
  ) );
#1618 = PCURVE('',#1619,#1624);
#1619 = PLANE('',#1620);
#1620 = AXIS2_PLACEMENT_3D('',#1621,#1622,#1623);
#1621 = CARTESIAN_POINT('',(48.,0.,2.));
#1622 = DIRECTION('',(0.,0.,1.));
#1623 = DIRECTION('',(1.,0.,0.));
#1624 = DEFINITIONAL_REPRESENTATION('',(#1625),#1629);
#1625 = CIRCLE('',#1626,5.);
#1626 = AXIS2_PLACEMENT_2D('',#1627,#1628);
#1627 = CARTESIAN_POINT('',(0.,0.));
#1628 = DIRECTION('',(1.,0.));
#1629 = ( GEOMETRIC_REPRESENTATION_CONTEXT(2) 
PARAMETRIC_REPRESENTATION_CONTEXT() REPRESENTATION_CONTEXT('2D SPACE',''
  ) );
#1630 = ORIENTED_EDGE('',*,*,#1581,.T.);
#1631 = ORIENTED_EDGE('',*,*,#1632,.F.);
#1632 = EDGE_CURVE('',#1633,#1519,#1635,.T.);
#1633 = VERTEX_POINT('',#1634);
#1634 = CARTESIAN_POINT('',(52.080559254328,-2.889469877317,
    24.57023892098));
#1635 = SURFACE_CURVE('',#1636,(#1651,#1669),.PCURVE_S1.);
#1636 = B_SPLINE_CURVE_WITH_KNOTS('',7,(#1637,#1638,#1639,#1640,#1641,
    #1642,#1643,#1644,#1645,#1646,#1647,#1648,#1649,#1650),
  .UNSPECIFIED.,.F.,.F.,(8,6,8),(0.,0.596419896364,1.),.UNSPECIFIED.);
#1637 = CARTESIAN_POINT('',(52.080559254328,-2.889469877317,
    24.57023892098));
#1638 = CARTESIAN_POINT('',(52.23477542728,-2.671683134963,
    24.525324181005));
#1639 = CARTESIAN_POINT('',(52.376534536781,-2.442733966006,
    24.50493632346));
#1640 = CARTESIAN_POINT('',(52.502951559338,-2.205962041614,
    24.50111330029));
#1641 = CARTESIAN_POINT('',(52.613455036522,-1.963639975622,
    24.508034783854));
#1642 = CARTESIAN_POINT('',(52.708032133416,-1.717192995116,
    24.521111936399));
#1643 = CARTESIAN_POINT('',(52.786868529964,-1.467496534288,
    24.536653996477));
#1644 = CARTESIAN_POINT('',(52.892861098009,-1.044456338787,
    24.562094147826));
#1645 = CARTESIAN_POINT('',(52.928563273825,-0.872218797435,
    24.57221106913));
#1646 = CARTESIAN_POINT('',(52.957128085119,-0.698884232815,
    24.581287864894));
#1647 = CARTESIAN_POINT('',(52.978551173386,-0.52477027581,
    24.588604644188));
#1648 = CARTESIAN_POINT('',(52.992842560001,-0.350123729116,
    24.593657992425));
#1649 = CARTESIAN_POINT('',(53.,-0.175142783891,24.596188356629));
#1650 = CARTESIAN_POINT('',(53.,-8.881784197001E-16,24.596188356629));
#1651 = PCURVE('',#930,#1652);
#1652 = DEFINITIONAL_REPRESENTATION('',(#1653),#1668);
#1653 = B_SPLINE_CURVE_WITH_KNOTS('',7,(#1654,#1655,#1656,#1657,#1658,
    #1659,#1660,#1661,#1662,#1663,#1664,#1665,#1666,#1667),
  .UNSPECIFIED.,.F.,.F.,(8,6,8),(0.,0.596419896364,1.),.UNSPECIFIED.);
#1654 = CARTESIAN_POINT('',(5.667039540141,22.57023892098));
#1655 = CARTESIAN_POINT('',(5.720411327874,22.525324181005));
#1656 = CARTESIAN_POINT('',(5.774165224043,22.50493632346));
#1657 = CARTESIAN_POINT('',(5.827671571437,22.50111330029));
#1658 = CARTESIAN_POINT('',(5.880755508035,22.508034783854));
#1659 = CARTESIAN_POINT('',(5.933393616953,22.521111936399));
#1660 = CARTESIAN_POINT('',(5.985667715901,22.536653996477));
#1661 = CARTESIAN_POINT('',(6.072890976902,22.562094147826));
#1662 = CARTESIAN_POINT('',(6.108041022695,22.57221106913));
#1663 = CARTESIAN_POINT('',(6.143128271064,22.581287864894));
#1664 = CARTESIAN_POINT('',(6.178161016786,22.588604644188));
#1665 = CARTESIAN_POINT('',(6.213160575638,22.593657992425));
#1666 = CARTESIAN_POINT('',(6.248156750401,22.596188356629));
#1667 = CARTESIAN_POINT('',(6.28318530718,22.596188356629));
#1668 = ( GEOMETRIC_REPRESENTATION_CONTEXT(2) 
PARAMETRIC_REPRESENTATION_CONTEXT() REPRESENTATION_CONTEXT('2D SPACE',''
  ) );
#1669 = PCURVE('',#1558,#1670);
#1670 = DEFINITIONAL_REPRESENTATION('',(#1671),#1686);
#1671 = B_SPLINE_CURVE_WITH_KNOTS('',7,(#1672,#1673,#1674,#1675,#1676,
    #1677,#1678,#1679,#1680,#1681,#1682,#1683,#1684,#1685),
  .UNSPECIFIED.,.F.,.F.,(8,6,8),(0.,0.596419896364,1.),.UNSPECIFIED.);
#1672 = CARTESIAN_POINT('',(0.,2.110530122683));
#1673 = CARTESIAN_POINT('',(-0.10708244356,2.328316865037));
#1674 = CARTESIAN_POINT('',(-0.201620797367,2.557266033994));
#1675 = CARTESIAN_POINT('',(-0.285245709954,2.794037958386));
#1676 = CARTESIAN_POINT('',(-0.358619235354,3.036360024378));
#1677 = CARTESIAN_POINT('',(-0.422103994809,3.282807004884));
#1678 = CARTESIAN_POINT('',(-0.475627015507,3.532503465712));
#1679 = CARTESIAN_POINT('',(-0.548295595853,3.955543661213));
#1680 = CARTESIAN_POINT('',(-0.573013710733,4.127781202565));
#1681 = CARTESIAN_POINT('',(-0.592984993906,4.301115767185));
#1682 = CARTESIAN_POINT('',(-0.608075680815,4.47522972419));
#1683 = CARTESIAN_POINT('',(-0.618181753163,4.649876270884));
#1684 = CARTESIAN_POINT('',(-0.623242669586,4.824857216109));
#1685 = CARTESIAN_POINT('',(-0.623242669586,5.));
#1686 = ( GEOMETRIC_REPRESENTATION_CONTEXT(2) 
PARAMETRIC_REPRESENTATION_CONTEXT() REPRESENTATION_CONTEXT('2D SPACE',''
  ) );
#1687 = ORIENTED_EDGE('',*,*,#1688,.F.);
#1688 = EDGE_CURVE('',#1689,#1633,#1691,.T.);
#1689 = VERTEX_POINT('',#1690);
#1690 = CARTESIAN_POINT('',(51.570714214271,-3.5,24.717941082837));
#1691 = SURFACE_CURVE('',#1692,(#1698,#1707),.PCURVE_S1.);
#1692 = B_SPLINE_CURVE_WITH_KNOTS('',4,(#1693,#1694,#1695,#1696,#1697),
  .UNSPECIFIED.,.F.,.F.,(5,5),(0.,1.),.PIECEWISE_BEZIER_KNOTS.);
#1693 = CARTESIAN_POINT('',(51.570711861799,-3.5000024,24.717941760717)
  );
#1694 = CARTESIAN_POINT('',(51.712859666602,-3.354982827231,
    24.676980997514));
#1695 = CARTESIAN_POINT('',(51.845146611525,-3.204314215194,
    24.638698664969));
#1696 = CARTESIAN_POINT('',(51.96766751967,-3.048897534344,
    24.603118111343));
#1697 = CARTESIAN_POINT('',(52.080559254328,-2.889469877317,
    24.57023892098));
#1698 = PCURVE('',#930,#1699);
#1699 = DEFINITIONAL_REPRESENTATION('',(#1700),#1706);
#1700 = B_SPLINE_CURVE_WITH_KNOTS('',4,(#1701,#1702,#1703,#1704,#1705),
  .UNSPECIFIED.,.F.,.F.,(5,5),(0.,1.),.PIECEWISE_BEZIER_KNOTS.);
#1701 = CARTESIAN_POINT('',(5.507787138434,22.717941760717));
#1702 = CARTESIAN_POINT('',(5.5484007691,22.676980997514));
#1703 = CARTESIAN_POINT('',(5.588440998189,22.638698664969));
#1704 = CARTESIAN_POINT('',(5.627969489423,22.603118111343));
#1705 = CARTESIAN_POINT('',(5.667039540141,22.57023892098));
#1706 = ( GEOMETRIC_REPRESENTATION_CONTEXT(2) 
PARAMETRIC_REPRESENTATION_CONTEXT() REPRESENTATION_CONTEXT('2D SPACE',''
  ) );
#1707 = PCURVE('',#1708,#1713);
#1708 = CYLINDRICAL_SURFACE('',#1709,186.25);
#1709 = AXIS2_PLACEMENT_3D('',#1710,#1711,#1712);
#1710 = CARTESIAN_POINT('',(-2.556831758308E-15,0.,-154.25));
#1711 = DIRECTION('',(0.,-1.,0.));
#1712 = DIRECTION('',(0.289932885906,0.,0.957046979866));
#1713 = DEFINITIONAL_REPRESENTATION('',(#1714),#1720);
#1714 = B_SPLINE_CURVE_WITH_KNOTS('',4,(#1715,#1716,#1717,#1718,#1719),
  .UNSPECIFIED.,.F.,.F.,(5,5),(0.,1.),.PIECEWISE_BEZIER_KNOTS.);
#1715 = CARTESIAN_POINT('',(1.360094444015E-02,3.5000024));
#1716 = CARTESIAN_POINT('',(1.280668037585E-02,3.354982827231));
#1717 = CARTESIAN_POINT('',(1.206727238693E-02,3.204314215194));
#1718 = CARTESIAN_POINT('',(1.13822647254E-02,3.048897534344));
#1719 = CARTESIAN_POINT('',(1.075095064519E-02,2.889469877317));
#1720 = ( GEOMETRIC_REPRESENTATION_CONTEXT(2) 
PARAMETRIC_REPRESENTATION_CONTEXT() REPRESENTATION_CONTEXT('2D SPACE',''
  ) );
#1721 = ORIENTED_EDGE('',*,*,#1722,.T.);
#1722 = EDGE_CURVE('',#1689,#1408,#1723,.T.);
#1723 = SURFACE_CURVE('',#1724,(#1757,#1793),.PCURVE_S1.);
#1724 = B_SPLINE_CURVE_WITH_KNOTS('',7,(#1725,#1726,#1727,#1728,#1729,
    #1730,#1731,#1732,#1733,#1734,#1735,#1736,#1737,#1738,#1739,#1740,
    #1741,#1742,#1743,#1744,#1745,#1746,#1747,#1748,#1749,#1750,#1751,
    #1752,#1753,#1754,#1755,#1756),.UNSPECIFIED.,.F.,.F.,(8,6,6,6,6,8),(
    0.,0.14629808733,0.409554808301,0.72436914227,0.971101370806,1.),
  .UNSPECIFIED.);
#1725 = CARTESIAN_POINT('',(51.570714214271,-3.5,24.717941082837));
#1726 = CARTESIAN_POINT('',(51.49876018844,-3.573407789374,
    24.738675078436));
#1727 = CARTESIAN_POINT('',(51.425802607347,-3.644317352665,
    24.764023501278));
#1728 = CARTESIAN_POINT('',(51.352119493081,-3.712578624422,
    24.793367639631));
#1729 = CARTESIAN_POINT('',(51.277941945826,-3.778137876243,
    24.826154927774));
#1730 = CARTESIAN_POINT('',(51.203444066935,-3.841013551087,
    24.861913241291));
#1731 = CARTESIAN_POINT('',(51.128734350661,-3.901277473084,
    24.900259505798));
#1732 = CARTESIAN_POINT('',(50.919094959425,-4.062985038077,
    25.01403804375));
#1733 = CARTESIAN_POINT('',(50.78394192364,-4.158702043607,
    25.094517826474));
#1734 = CARTESIAN_POINT('',(50.648613643186,-4.246868336637,
    25.180609039333));
#1735 = CARTESIAN_POINT('',(50.513341614608,-4.327981323335,
    25.27113068395));
#1736 = CARTESIAN_POINT('',(50.378253011175,-4.40252975647,
    25.365178823303));
#1737 = CARTESIAN_POINT('',(50.24335678205,-4.470958046121,
    25.462137244319));
#1738 = CARTESIAN_POINT('',(49.947262433589,-4.608665230135,
    25.680593843748));
#1739 = CARTESIAN_POINT('',(49.786250976626,-4.675410238316,
    25.803057988065));
#1740 = CARTESIAN_POINT('',(49.6254215285,-4.734538775022,25.92822406107
    ));
#1741 = CARTESIAN_POINT('',(49.464760394579,-4.786490873084,
    26.055508510391));
#1742 = CARTESIAN_POINT('',(49.304249083094,-4.831604739493,
    26.184458645508));
#1743 = CARTESIAN_POINT('',(49.143837046779,-4.870154066867,
    26.314714004858));
#1744 = CARTESIAN_POINT('',(48.857723760365,-4.927550054476,
    26.548905749563));
#1745 = CARTESIAN_POINT('',(48.732038727767,-4.948851157759,
    26.65242467919));
#1746 = CARTESIAN_POINT('',(48.606355350397,-4.966326380318,
    26.756419463028));
#1747 = CARTESIAN_POINT('',(48.480652857506,-4.980041207773,
    26.86075969627));
#1748 = CARTESIAN_POINT('',(48.354912316415,-4.990037269223,
    26.96532523952));
#1749 = CARTESIAN_POINT('',(48.229113524364,-4.99633464991,
    27.070002940643));
#1750 = CARTESIAN_POINT('',(48.088487955495,-4.999238677874,
    27.186944099938));
#1751 = CARTESIAN_POINT('',(48.073742907496,-4.999492419265,
    27.199204853283));
#1752 = CARTESIAN_POINT('',(48.058996725298,-4.999695428055,
    27.211465436861));
#1753 = CARTESIAN_POINT('',(48.04424937663,-4.999847700324,
    27.223725670188));
#1754 = CARTESIAN_POINT('',(48.029500828007,-4.999949228231,
    27.235985372083));
#1755 = CARTESIAN_POINT('',(48.014751044738,-5.000000000016,
    27.248244360667));
#1756 = CARTESIAN_POINT('',(47.999999990921,-5.,27.260502453361));
#1757 = PCURVE('',#930,#1758);
#1758 = DEFINITIONAL_REPRESENTATION('',(#1759),#1792);
#1759 = B_SPLINE_CURVE_WITH_KNOTS('',7,(#1760,#1761,#1762,#1763,#1764,
    #1765,#1766,#1767,#1768,#1769,#1770,#1771,#1772,#1773,#1774,#1775,
    #1776,#1777,#1778,#1779,#1780,#1781,#1782,#1783,#1784,#1785,#1786,
    #1787,#1788,#1789,#1790,#1791),.UNSPECIFIED.,.F.,.F.,(8,6,6,6,6,8),(
    0.,0.14629808733,0.409554808301,0.72436914227,0.971101370806,1.),
  .UNSPECIFIED.);
#1760 = CARTESIAN_POINT('',(5.507787810569,22.717941082837));
#1761 = CARTESIAN_POINT('',(5.487229517474,22.738675078436));
#1762 = CARTESIAN_POINT('',(5.466887547764,22.764023501278));
#1763 = CARTESIAN_POINT('',(5.446808049146,22.793367639631));
#1764 = CARTESIAN_POINT('',(5.427018244203,22.826154927774));
#1765 = CARTESIAN_POINT('',(5.407529059624,22.861913241291));
#1766 = CARTESIAN_POINT('',(5.388336433016,22.900259505798));
#1767 = CARTESIAN_POINT('',(5.335384375102,23.01403804375));
#1768 = CARTESIAN_POINT('',(5.30228910116,23.094517826474));
#1769 = CARTESIAN_POINT('',(5.270024058292,23.180609039333));
#1770 = CARTESIAN_POINT('',(5.238516588166,23.27113068395));
#1771 = CARTESIAN_POINT('',(5.207688222641,23.365178823303));
#1772 = CARTESIAN_POINT('',(5.17745394896,23.462137244319));
#1773 = CARTESIAN_POINT('',(5.112143878766,23.680593843748));
#1774 = CARTESIAN_POINT('',(5.077315614833,23.803057988065));
#1775 = CARTESIAN_POINT('',(5.04308941964,23.92822406107));
#1776 = CARTESIAN_POINT('',(5.009365392009,24.055508510391));
#1777 = CARTESIAN_POINT('',(4.97605848633,24.184458645508));
#1778 = CARTESIAN_POINT('',(4.943086288035,24.314714004858));
#1779 = CARTESIAN_POINT('',(4.88472359034,24.548905749563));
#1780 = CARTESIAN_POINT('',(4.859239663969,24.65242467919));
#1781 = CARTESIAN_POINT('',(4.833879047253,24.756419463028));
#1782 = CARTESIAN_POINT('',(4.808609030924,24.86075969627));
#1783 = CARTESIAN_POINT('',(4.783398906406,24.96532523952));
#1784 = CARTESIAN_POINT('',(4.758218520081,25.070002940643));
#1785 = CARTESIAN_POINT('',(4.730087409902,25.186944099938));
#1786 = CARTESIAN_POINT('',(4.727137981137,25.199204853283));
#1787 = CARTESIAN_POINT('',(4.724188493173,25.211465436861));
#1788 = CARTESIAN_POINT('',(4.721238897657,25.223725670188));
#1789 = CARTESIAN_POINT('',(4.71828914599,25.235985372083));
#1790 = CARTESIAN_POINT('',(4.715339189326,25.248244360667));
#1791 = CARTESIAN_POINT('',(4.712388978569,25.260502453361));
#1792 = ( GEOMETRIC_REPRESENTATION_CONTEXT(2) 
PARAMETRIC_REPRESENTATION_CONTEXT() REPRESENTATION_CONTEXT('2D SPACE',''
  ) );
#1793 = PCURVE('',#1794,#1799);
#1794 = TOROIDAL_SURFACE('',#1795,187.75,1.5);
#1795 = AXIS2_PLACEMENT_3D('',#1796,#1797,#1798);
#1796 = CARTESIAN_POINT('',(-2.556831758308E-15,-3.5,-154.25));
#1797 = DIRECTION('',(-0.,-1.,0.));
#1798 = DIRECTION('',(0.289932885906,0.,0.957046979866));
#1799 = DEFINITIONAL_REPRESENTATION('',(#1800),#1833);
#1800 = B_SPLINE_CURVE_WITH_KNOTS('',7,(#1801,#1802,#1803,#1804,#1805,
    #1806,#1807,#1808,#1809,#1810,#1811,#1812,#1813,#1814,#1815,#1816,
    #1817,#1818,#1819,#1820,#1821,#1822,#1823,#1824,#1825,#1826,#1827,
    #1828,#1829,#1830,#1831,#1832),.UNSPECIFIED.,.F.,.F.,(8,6,6,6,6,8),(
    0.,0.14629808733,0.409554808301,0.72436914227,0.971101370806,1.),
  .UNSPECIFIED.);
#1801 = CARTESIAN_POINT('',(1.36009312955E-02,3.14159265359));
#1802 = CARTESIAN_POINT('',(1.40029811006E-02,3.09265412734));
#1803 = CARTESIAN_POINT('',(1.441706852762E-02,3.045381083276));
#1804 = CARTESIAN_POINT('',(1.484080145233E-02,2.999682134929));
#1805 = CARTESIAN_POINT('',(1.527213270191E-02,2.955460295795));
#1806 = CARTESIAN_POINT('',(1.570943467767E-02,2.912612004199));
#1807 = CARTESIAN_POINT('',(1.615155601228E-02,2.871024992728));
#1808 = CARTESIAN_POINT('',(1.74009643577E-02,2.757787093188));
#1809 = CARTESIAN_POINT('',(1.821659497488E-02,2.68877295937));
#1810 = CARTESIAN_POINT('',(1.904090945562E-02,2.622801101928));
#1811 = CARTESIAN_POINT('',(1.987088582079E-02,2.559431613074));
#1812 = CARTESIAN_POINT('',(2.070447700385E-02,2.498281341325));
#1813 = CARTESIAN_POINT('',(2.154068728495E-02,2.439021651435));
#1814 = CARTESIAN_POINT('',(2.338288192713E-02,2.3123337499));
#1815 = CARTESIAN_POINT('',(2.43890231903E-02,2.24564859726));
#1816 = CARTESIAN_POINT('',(2.539713132255E-02,2.180788972219));
#1817 = CARTESIAN_POINT('',(2.640638285453E-02,2.117418618052));
#1818 = CARTESIAN_POINT('',(2.741618685445E-02,2.055266993318));
#1819 = CARTESIAN_POINT('',(2.842626240269E-02,1.994086862279));
#1820 = CARTESIAN_POINT('',(3.022855286811E-02,1.886283927175));
#1821 = CARTESIAN_POINT('',(3.102051241644E-02,1.839381709217));
#1822 = CARTESIAN_POINT('',(3.181246045305E-02,1.792839561155));
#1823 = CARTESIAN_POINT('',(3.260431374957E-02,1.746564694704));
#1824 = CARTESIAN_POINT('',(3.339599786121E-02,1.700471358528));
#1825 = CARTESIAN_POINT('',(3.418745814214E-02,1.654476516916));
#1826 = CARTESIAN_POINT('',(3.507134191376E-02,1.603109983399));
#1827 = CARTESIAN_POINT('',(3.516400946134E-02,1.597724642128));
#1828 = CARTESIAN_POINT('',(3.525667331669E-02,1.59233937066));
#1829 = CARTESIAN_POINT('',(3.534933339885E-02,1.586954035683));
#1830 = CARTESIAN_POINT('',(3.544198963279E-02,1.581568504568));
#1831 = CARTESIAN_POINT('',(3.553464194941E-02,1.576182645362));
#1832 = CARTESIAN_POINT('',(3.562729028555E-02,1.570796326795));
#1833 = ( GEOMETRIC_REPRESENTATION_CONTEXT(2) 
PARAMETRIC_REPRESENTATION_CONTEXT() REPRESENTATION_CONTEXT('2D SPACE',''
  ) );
#1834 = ORIENTED_EDGE('',*,*,#1407,.F.);
#1835 = ORIENTED_EDGE('',*,*,#868,.F.);
#1836 = ORIENTED_EDGE('',*,*,#1025,.T.);
#1837 = ORIENTED_EDGE('',*,*,#1838,.F.);
#1838 = EDGE_CURVE('',#1839,#993,#1841,.T.);
#1839 = VERTEX_POINT('',#1840);
#1840 = CARTESIAN_POINT('',(51.570714214271,3.5,24.717941082837));
#1841 = SURFACE_CURVE('',#1842,(#1875,#1911),.PCURVE_S1.);
#1842 = B_SPLINE_CURVE_WITH_KNOTS('',7,(#1843,#1844,#1845,#1846,#1847,
    #1848,#1849,#1850,#1851,#1852,#1853,#1854,#1855,#1856,#1857,#1858,
    #1859,#1860,#1861,#1862,#1863,#1864,#1865,#1866,#1867,#1868,#1869,
    #1870,#1871,#1872,#1873,#1874),.UNSPECIFIED.,.F.,.F.,(8,6,6,6,6,8),(
    0.,0.146298087686,0.409554809296,0.72436914403,0.971101373166,1.),
  .UNSPECIFIED.);
#1843 = CARTESIAN_POINT('',(51.570714214271,3.5,24.717941082837));
#1844 = CARTESIAN_POINT('',(51.49876018844,3.573407789374,
    24.738675078436));
#1845 = CARTESIAN_POINT('',(51.425802607347,3.644317352665,
    24.764023501278));
#1846 = CARTESIAN_POINT('',(51.352119493081,3.712578624422,
    24.793367639631));
#1847 = CARTESIAN_POINT('',(51.277941945826,3.778137876243,
    24.826154927774));
#1848 = CARTESIAN_POINT('',(51.203444066935,3.841013551087,
    24.861913241291));
#1849 = CARTESIAN_POINT('',(51.128734350661,3.901277473084,
    24.900259505798));
#1850 = CARTESIAN_POINT('',(50.919094959425,4.062985038076,
    25.01403804375));
#1851 = CARTESIAN_POINT('',(50.783941923639,4.158702043608,
    25.094517826475));
#1852 = CARTESIAN_POINT('',(50.648613643188,4.246868336635,
    25.180609039332));
#1853 = CARTESIAN_POINT('',(50.513341614606,4.327981323337,
    25.271130683952));
#1854 = CARTESIAN_POINT('',(50.378253011176,4.40252975647,
    25.365178823302));
#1855 = CARTESIAN_POINT('',(50.24335678205,4.470958046121,
    25.462137244319));
#1856 = CARTESIAN_POINT('',(49.947262433589,4.608665230135,
    25.680593843748));
#1857 = CARTESIAN_POINT('',(49.786250976626,4.675410238316,
    25.803057988065));
#1858 = CARTESIAN_POINT('',(49.6254215285,4.734538775022,25.92822406107)
  );
#1859 = CARTESIAN_POINT('',(49.464760394579,4.786490873084,
    26.055508510391));
#1860 = CARTESIAN_POINT('',(49.304249083094,4.831604739493,
    26.184458645509));
#1861 = CARTESIAN_POINT('',(49.14383704678,4.870154066867,
    26.314714004857));
#1862 = CARTESIAN_POINT('',(48.857723760365,4.927550054476,
    26.548905749563));
#1863 = CARTESIAN_POINT('',(48.732038727767,4.948851157759,
    26.65242467919));
#1864 = CARTESIAN_POINT('',(48.606355350397,4.966326380318,
    26.756419463028));
#1865 = CARTESIAN_POINT('',(48.480652857506,4.980041207773,
    26.86075969627));
#1866 = CARTESIAN_POINT('',(48.354912316415,4.990037269223,
    26.96532523952));
#1867 = CARTESIAN_POINT('',(48.229113524364,4.99633464991,
    27.070002940643));
#1868 = CARTESIAN_POINT('',(48.088487956735,4.999238677848,
    27.186944098907));
#1869 = CARTESIAN_POINT('',(48.073742911439,4.999492419222,
    27.199204851977));
#1870 = CARTESIAN_POINT('',(48.058996730588,4.999695428004,
    27.211465434582));
#1871 = CARTESIAN_POINT('',(48.044249381213,4.999847700273,
    27.223725665876));
#1872 = CARTESIAN_POINT('',(48.029500831252,4.999949228188,
    27.235985365412));
#1873 = CARTESIAN_POINT('',(48.014751049559,4.99999999999,
    27.248244353138));
#1874 = CARTESIAN_POINT('',(48.0000000059,5.,27.2605024494));
#1875 = PCURVE('',#930,#1876);
#1876 = DEFINITIONAL_REPRESENTATION('',(#1877),#1910);
#1877 = B_SPLINE_CURVE_WITH_KNOTS('',7,(#1878,#1879,#1880,#1881,#1882,
    #1883,#1884,#1885,#1886,#1887,#1888,#1889,#1890,#1891,#1892,#1893,
    #1894,#1895,#1896,#1897,#1898,#1899,#1900,#1901,#1902,#1903,#1904,
    #1905,#1906,#1907,#1908,#1909),.UNSPECIFIED.,.F.,.F.,(8,6,6,6,6,8),(
    0.,0.146298087686,0.409554809296,0.72436914403,0.971101373166,1.),
  .UNSPECIFIED.);
#1878 = CARTESIAN_POINT('',(0.775397496611,22.717941082837));
#1879 = CARTESIAN_POINT('',(0.795955789705,22.738675078436));
#1880 = CARTESIAN_POINT('',(0.816297759415,22.764023501278));
#1881 = CARTESIAN_POINT('',(0.836377258033,22.793367639631));
#1882 = CARTESIAN_POINT('',(0.856167062977,22.826154927774));
#1883 = CARTESIAN_POINT('',(0.875656247555,22.861913241291));
#1884 = CARTESIAN_POINT('',(0.894848874163,22.900259505798));
#1885 = CARTESIAN_POINT('',(0.947800932077,23.01403804375));
#1886 = CARTESIAN_POINT('',(0.98089620602,23.094517826475));
#1887 = CARTESIAN_POINT('',(1.013161248887,23.180609039332));
#1888 = CARTESIAN_POINT('',(1.044668719014,23.271130683952));
#1889 = CARTESIAN_POINT('',(1.075497084538,23.365178823302));
#1890 = CARTESIAN_POINT('',(1.105731358219,23.462137244319));
#1891 = CARTESIAN_POINT('',(1.171041428414,23.680593843748));
#1892 = CARTESIAN_POINT('',(1.205869692347,23.803057988065));
#1893 = CARTESIAN_POINT('',(1.24009588754,23.92822406107));
#1894 = CARTESIAN_POINT('',(1.273819915171,24.055508510391));
#1895 = CARTESIAN_POINT('',(1.307126820849,24.184458645509));
#1896 = CARTESIAN_POINT('',(1.340099019144,24.314714004857));
#1897 = CARTESIAN_POINT('',(1.39846171684,24.548905749563));
#1898 = CARTESIAN_POINT('',(1.423945643211,24.65242467919));
#1899 = CARTESIAN_POINT('',(1.449306259927,24.756419463028));
#1900 = CARTESIAN_POINT('',(1.474576276255,24.86075969627));
#1901 = CARTESIAN_POINT('',(1.499786400774,24.96532523952));
#1902 = CARTESIAN_POINT('',(1.524966787098,25.070002940643));
#1903 = CARTESIAN_POINT('',(1.55309789703,25.186944098907));
#1904 = CARTESIAN_POINT('',(1.556047325254,25.199204851977));
#1905 = CARTESIAN_POINT('',(1.558996812949,25.211465434582));
#1906 = CARTESIAN_POINT('',(1.561946408606,25.223725665876));
#1907 = CARTESIAN_POINT('',(1.56489616054,25.235985365412));
#1908 = CARTESIAN_POINT('',(1.567846116889,25.248244353138));
#1909 = CARTESIAN_POINT('',(1.570796325615,25.2605024494));
#1910 = ( GEOMETRIC_REPRESENTATION_CONTEXT(2) 
PARAMETRIC_REPRESENTATION_CONTEXT() REPRESENTATION_CONTEXT('2D SPACE',''
  ) );
#1911 = PCURVE('',#1912,#1917);
#1912 = TOROIDAL_SURFACE('',#1913,187.75,1.5);
#1913 = AXIS2_PLACEMENT_3D('',#1914,#1915,#1916);
#1914 = CARTESIAN_POINT('',(-2.556831758308E-15,3.5,-154.25));
#1915 = DIRECTION('',(-0.,-1.,0.));
#1916 = DIRECTION('',(0.289932885906,0.,0.957046979866));
#1917 = DEFINITIONAL_REPRESENTATION('',(#1918),#1951);
#1918 = B_SPLINE_CURVE_WITH_KNOTS('',7,(#1919,#1920,#1921,#1922,#1923,
    #1924,#1925,#1926,#1927,#1928,#1929,#1930,#1931,#1932,#1933,#1934,
    #1935,#1936,#1937,#1938,#1939,#1940,#1941,#1942,#1943,#1944,#1945,
    #1946,#1947,#1948,#1949,#1950),.UNSPECIFIED.,.F.,.F.,(8,6,6,6,6,8),(
    0.,0.146298087686,0.409554809296,0.72436914403,0.971101373166,1.),
  .UNSPECIFIED.);
#1919 = CARTESIAN_POINT('',(1.36009312955E-02,3.14159265359));
#1920 = CARTESIAN_POINT('',(1.40029811006E-02,3.190531179839));
#1921 = CARTESIAN_POINT('',(1.441706852762E-02,3.237804223904));
#1922 = CARTESIAN_POINT('',(1.484080145233E-02,3.28350317225));
#1923 = CARTESIAN_POINT('',(1.527213270191E-02,3.327725011385));
#1924 = CARTESIAN_POINT('',(1.570943467767E-02,3.370573302981));
#1925 = CARTESIAN_POINT('',(1.615155601228E-02,3.412160314452));
#1926 = CARTESIAN_POINT('',(1.74009643577E-02,3.525398213991));
#1927 = CARTESIAN_POINT('',(1.821659497489E-02,3.59441234781));
#1928 = CARTESIAN_POINT('',(1.904090945561E-02,3.66038420525));
#1929 = CARTESIAN_POINT('',(1.98708858208E-02,3.723753694107));
#1930 = CARTESIAN_POINT('',(2.070447700384E-02,3.784903965854));
#1931 = CARTESIAN_POINT('',(2.154068728495E-02,3.844163655744));
#1932 = CARTESIAN_POINT('',(2.338288192713E-02,3.97085155728));
#1933 = CARTESIAN_POINT('',(2.43890231903E-02,4.03753670992));
#1934 = CARTESIAN_POINT('',(2.539713132254E-02,4.102396334961));
#1935 = CARTESIAN_POINT('',(2.640638285453E-02,4.165766689127));
#1936 = CARTESIAN_POINT('',(2.741618685445E-02,4.227918313861));
#1937 = CARTESIAN_POINT('',(2.842626240269E-02,4.289098444901));
#1938 = CARTESIAN_POINT('',(3.022855286811E-02,4.396901380004));
#1939 = CARTESIAN_POINT('',(3.102051241644E-02,4.443803597962));
#1940 = CARTESIAN_POINT('',(3.181246045305E-02,4.490345746024));
#1941 = CARTESIAN_POINT('',(3.260431374957E-02,4.536620612475));
#1942 = CARTESIAN_POINT('',(3.339599786121E-02,4.582713948652));
#1943 = CARTESIAN_POINT('',(3.418745814214E-02,4.628708790263));
#1944 = CARTESIAN_POINT('',(3.507134190597E-02,4.680075323327));
#1945 = CARTESIAN_POINT('',(3.516400943925E-02,4.685460664882));
#1946 = CARTESIAN_POINT('',(3.525667328634E-02,4.690845935953));
#1947 = CARTESIAN_POINT('',(3.534933336937E-02,4.696231269499));
#1948 = CARTESIAN_POINT('',(3.544198960699E-02,4.701616798866));
#1949 = CARTESIAN_POINT('',(3.553464191433E-02,4.707002657787));
#1950 = CARTESIAN_POINT('',(3.562729020302E-02,4.712388980385));
#1951 = ( GEOMETRIC_REPRESENTATION_CONTEXT(2) 
PARAMETRIC_REPRESENTATION_CONTEXT() REPRESENTATION_CONTEXT('2D SPACE',''
  ) );
#1952 = ORIENTED_EDGE('',*,*,#1953,.F.);
#1953 = EDGE_CURVE('',#1521,#1839,#1954,.T.);
#1954 = SURFACE_CURVE('',#1955,(#1961,#1970),.PCURVE_S1.);
#1955 = B_SPLINE_CURVE_WITH_KNOTS('',4,(#1956,#1957,#1958,#1959,#1960),
  .UNSPECIFIED.,.F.,.F.,(5,5),(0.,1.),.PIECEWISE_BEZIER_KNOTS.);
#1956 = CARTESIAN_POINT('',(52.080559254328,2.889469877317,
    24.57023892098));
#1957 = CARTESIAN_POINT('',(51.967667654069,3.048897344545,24.6031180722
    ));
#1958 = CARTESIAN_POINT('',(51.845146646466,3.204314222839,
    24.638698655134));
#1959 = CARTESIAN_POINT('',(51.712859422023,3.354983076751,
    24.676981067991));
#1960 = CARTESIAN_POINT('',(51.570711861799,3.5000024,24.717941760717));
#1961 = PCURVE('',#930,#1962);
#1962 = DEFINITIONAL_REPRESENTATION('',(#1963),#1969);
#1963 = B_SPLINE_CURVE_WITH_KNOTS('',4,(#1964,#1965,#1966,#1967,#1968),
  .UNSPECIFIED.,.F.,.F.,(5,5),(0.,1.),.PIECEWISE_BEZIER_KNOTS.);
#1964 = CARTESIAN_POINT('',(0.616145767038,22.57023892098));
#1965 = CARTESIAN_POINT('',(0.655215771244,22.6031180722));
#1966 = CARTESIAN_POINT('',(0.694744341751,22.638698655134));
#1967 = CARTESIAN_POINT('',(0.734784607959,22.676981067991));
#1968 = CARTESIAN_POINT('',(0.775398168745,22.717941760717));
#1969 = ( GEOMETRIC_REPRESENTATION_CONTEXT(2) 
PARAMETRIC_REPRESENTATION_CONTEXT() REPRESENTATION_CONTEXT('2D SPACE',''
  ) );
#1970 = PCURVE('',#1971,#1976);
#1971 = CYLINDRICAL_SURFACE('',#1972,186.25);
#1972 = AXIS2_PLACEMENT_3D('',#1973,#1974,#1975);
#1973 = CARTESIAN_POINT('',(-2.556831758308E-15,0.,-154.25));
#1974 = DIRECTION('',(0.,-1.,0.));
#1975 = DIRECTION('',(0.289932885906,0.,0.957046979866));
#1976 = DEFINITIONAL_REPRESENTATION('',(#1977),#1983);
#1977 = B_SPLINE_CURVE_WITH_KNOTS('',4,(#1978,#1979,#1980,#1981,#1982),
  .UNSPECIFIED.,.F.,.F.,(5,5),(0.,1.),.PIECEWISE_BEZIER_KNOTS.);
#1978 = CARTESIAN_POINT('',(1.075095064519E-02,-2.889469877317));
#1979 = CARTESIAN_POINT('',(1.138226397382E-02,-3.048897344545));
#1980 = CARTESIAN_POINT('',(1.20672721941E-02,-3.204314222839));
#1981 = CARTESIAN_POINT('',(1.280668174246E-02,-3.354983076751));
#1982 = CARTESIAN_POINT('',(1.360094444015E-02,-3.5000024));
#1983 = ( GEOMETRIC_REPRESENTATION_CONTEXT(2) 
PARAMETRIC_REPRESENTATION_CONTEXT() REPRESENTATION_CONTEXT('2D SPACE',''
  ) );
#1984 = ADVANCED_FACE('',(#1985),#1009,.T.);
#1985 = FACE_BOUND('',#1986,.T.);
#1986 = EDGE_LOOP('',(#1987,#2018,#2046,#2072,#2073,#2074));
#1987 = ORIENTED_EDGE('',*,*,#1988,.T.);
#1988 = EDGE_CURVE('',#1989,#1991,#1993,.T.);
#1989 = VERTEX_POINT('',#1990);
#1990 = CARTESIAN_POINT('',(-52.5,5.,30.883600708618));
#1991 = VERTEX_POINT('',#1992);
#1992 = CARTESIAN_POINT('',(52.5,5.,30.883600708618));
#1993 = SURFACE_CURVE('',#1994,(#1999,#2006),.PCURVE_S1.);
#1994 = CIRCLE('',#1995,184.75);
#1995 = AXIS2_PLACEMENT_3D('',#1996,#1997,#1998);
#1996 = CARTESIAN_POINT('',(2.556831758308E-15,5.,-146.25));
#1997 = DIRECTION('',(0.,1.,-0.));
#1998 = DIRECTION('',(-0.289932885906,0.,0.957046979866));
#1999 = PCURVE('',#1009,#2000);
#2000 = DEFINITIONAL_REPRESENTATION('',(#2001),#2005);
#2001 = CIRCLE('',#2002,184.75);
#2002 = AXIS2_PLACEMENT_2D('',#2003,#2004);
#2003 = CARTESIAN_POINT('',(-2.072637171053E-15,-178.6641325221));
#2004 = DIRECTION('',(0.289932885906,0.957046979866));
#2005 = ( GEOMETRIC_REPRESENTATION_CONTEXT(2) 
PARAMETRIC_REPRESENTATION_CONTEXT() REPRESENTATION_CONTEXT('2D SPACE',''
  ) );
#2006 = PCURVE('',#2007,#2012);
#2007 = TOROIDAL_SURFACE('',#2008,184.75,1.5);
#2008 = AXIS2_PLACEMENT_3D('',#2009,#2010,#2011);
#2009 = CARTESIAN_POINT('',(2.556831758308E-15,3.5,-146.25));
#2010 = DIRECTION('',(0.,1.,-0.));
#2011 = DIRECTION('',(-0.289932885906,0.,0.957046979866));
#2012 = DEFINITIONAL_REPRESENTATION('',(#2013),#2017);
#2013 = LINE('',#2014,#2015);
#2014 = CARTESIAN_POINT('',(0.,1.570796326795));
#2015 = VECTOR('',#2016,1.);
#2016 = DIRECTION('',(1.,0.));
#2017 = ( GEOMETRIC_REPRESENTATION_CONTEXT(2) 
PARAMETRIC_REPRESENTATION_CONTEXT() REPRESENTATION_CONTEXT('2D SPACE',''
  ) );
#2018 = ORIENTED_EDGE('',*,*,#2019,.T.);
#2019 = EDGE_CURVE('',#1991,#2020,#2022,.T.);
#2020 = VERTEX_POINT('',#2021);
#2021 = CARTESIAN_POINT('',(52.5,5.,26.010401919002));
#2022 = SURFACE_CURVE('',#2023,(#2027,#2034),.PCURVE_S1.);
#2023 = LINE('',#2024,#2025);
#2024 = CARTESIAN_POINT('',(52.5,5.,32.));
#2025 = VECTOR('',#2026,1.);
#2026 = DIRECTION('',(0.,0.,-1.));
#2027 = PCURVE('',#1009,#2028);
#2028 = DEFINITIONAL_REPRESENTATION('',(#2029),#2033);
#2029 = LINE('',#2030,#2031);
#2030 = CARTESIAN_POINT('',(-52.5,-0.41413252214));
#2031 = VECTOR('',#2032,1.);
#2032 = DIRECTION('',(0.,-1.));
#2033 = ( GEOMETRIC_REPRESENTATION_CONTEXT(2) 
PARAMETRIC_REPRESENTATION_CONTEXT() REPRESENTATION_CONTEXT('2D SPACE',''
  ) );
#2034 = PCURVE('',#2035,#2040);
#2035 = CYLINDRICAL_SURFACE('',#2036,1.5);
#2036 = AXIS2_PLACEMENT_3D('',#2037,#2038,#2039);
#2037 = CARTESIAN_POINT('',(52.5,3.5,32.));
#2038 = DIRECTION('',(0.,0.,-1.));
#2039 = DIRECTION('',(1.,-0.,0.));
#2040 = DEFINITIONAL_REPRESENTATION('',(#2041),#2045);
#2041 = LINE('',#2042,#2043);
#2042 = CARTESIAN_POINT('',(-1.570796326795,0.));
#2043 = VECTOR('',#2044,1.);
#2044 = DIRECTION('',(-0.,1.));
#2045 = ( GEOMETRIC_REPRESENTATION_CONTEXT(2) 
PARAMETRIC_REPRESENTATION_CONTEXT() REPRESENTATION_CONTEXT('2D SPACE',''
  ) );
#2046 = ORIENTED_EDGE('',*,*,#2047,.T.);
#2047 = EDGE_CURVE('',#2020,#993,#2048,.T.);
#2048 = SURFACE_CURVE('',#2049,(#2054,#2065),.PCURVE_S1.);
#2049 = CIRCLE('',#2050,187.75);
#2050 = AXIS2_PLACEMENT_3D('',#2051,#2052,#2053);
#2051 = CARTESIAN_POINT('',(-2.556831758308E-15,5.,-154.25));
#2052 = DIRECTION('',(0.,-1.,0.));
#2053 = DIRECTION('',(0.289932885906,0.,0.957046979866));
#2054 = PCURVE('',#1009,#2055);
#2055 = DEFINITIONAL_REPRESENTATION('',(#2056),#2064);
#2056 = ( BOUNDED_CURVE() B_SPLINE_CURVE(2,(#2057,#2058,#2059,#2060,
#2061,#2062,#2063),.UNSPECIFIED.,.T.,.F.) B_SPLINE_CURVE_WITH_KNOTS((1,2
    ,2,2,2,1),(-2.094395102393,0.,2.094395102393,4.188790204786,
6.28318530718,8.377580409573),.UNSPECIFIED.) CURVE() 
GEOMETRIC_REPRESENTATION_ITEM() RATIONAL_B_SPLINE_CURVE((1.,0.5,1.,0.5,
1.,0.5,1.)) REPRESENTATION_ITEM('') );
#2057 = CARTESIAN_POINT('',(-54.43489932885,-6.978562052342));
#2058 = CARTESIAN_POINT('',(256.78963811183,87.305449290139));
#2059 = CARTESIAN_POINT('',(182.82971838477,-229.3649120858));
#2060 = CARTESIAN_POINT('',(108.86979865771,-546.0352734617));
#2061 = CARTESIAN_POINT('',(-128.3948190559,-323.6489234282));
#2062 = CARTESIAN_POINT('',(-365.6594367695,-101.2625733948));
#2063 = CARTESIAN_POINT('',(-54.43489932885,-6.978562052342));
#2064 = ( GEOMETRIC_REPRESENTATION_CONTEXT(2) 
PARAMETRIC_REPRESENTATION_CONTEXT() REPRESENTATION_CONTEXT('2D SPACE',''
  ) );
#2065 = PCURVE('',#1912,#2066);
#2066 = DEFINITIONAL_REPRESENTATION('',(#2067),#2071);
#2067 = LINE('',#2068,#2069);
#2068 = CARTESIAN_POINT('',(0.,4.712388980385));
#2069 = VECTOR('',#2070,1.);
#2070 = DIRECTION('',(1.,0.));
#2071 = ( GEOMETRIC_REPRESENTATION_CONTEXT(2) 
PARAMETRIC_REPRESENTATION_CONTEXT() REPRESENTATION_CONTEXT('2D SPACE',''
  ) );
#2072 = ORIENTED_EDGE('',*,*,#992,.T.);
#2073 = ORIENTED_EDGE('',*,*,#1108,.T.);
#2074 = ORIENTED_EDGE('',*,*,#2075,.T.);
#2075 = EDGE_CURVE('',#1109,#1989,#2076,.T.);
#2076 = SURFACE_CURVE('',#2077,(#2081,#2088),.PCURVE_S1.);
#2077 = LINE('',#2078,#2079);
#2078 = CARTESIAN_POINT('',(-52.5,5.,24.));
#2079 = VECTOR('',#2080,1.);
#2080 = DIRECTION('',(0.,0.,1.));
#2081 = PCURVE('',#1009,#2082);
#2082 = DEFINITIONAL_REPRESENTATION('',(#2083),#2087);
#2083 = LINE('',#2084,#2085);
#2084 = CARTESIAN_POINT('',(52.5,-8.41413252214));
#2085 = VECTOR('',#2086,1.);
#2086 = DIRECTION('',(0.,1.));
#2087 = ( GEOMETRIC_REPRESENTATION_CONTEXT(2) 
PARAMETRIC_REPRESENTATION_CONTEXT() REPRESENTATION_CONTEXT('2D SPACE',''
  ) );
#2088 = PCURVE('',#2089,#2094);
#2089 = CYLINDRICAL_SURFACE('',#2090,1.5);
#2090 = AXIS2_PLACEMENT_3D('',#2091,#2092,#2093);
#2091 = CARTESIAN_POINT('',(-52.5,3.5,24.));
#2092 = DIRECTION('',(0.,0.,1.));
#2093 = DIRECTION('',(0.,1.,-0.));
#2094 = DEFINITIONAL_REPRESENTATION('',(#2095),#2099);
#2095 = LINE('',#2096,#2097);
#2096 = CARTESIAN_POINT('',(0.,0.));
#2097 = VECTOR('',#2098,1.);
#2098 = DIRECTION('',(0.,1.));
#2099 = ( GEOMETRIC_REPRESENTATION_CONTEXT(2) 
PARAMETRIC_REPRESENTATION_CONTEXT() REPRESENTATION_CONTEXT('2D SPACE',''
  ) );
#2100 = ADVANCED_FACE('',(#2101),#1175,.T.);
#2101 = FACE_BOUND('',#2102,.T.);
#2102 = EDGE_LOOP('',(#2103,#2123,#2124));
#2103 = ORIENTED_EDGE('',*,*,#2104,.F.);
#2104 = EDGE_CURVE('',#1109,#1217,#2105,.T.);
#2105 = SURFACE_CURVE('',#2106,(#2111,#2117),.PCURVE_S1.);
#2106 = CIRCLE('',#2107,1.5);
#2107 = AXIS2_PLACEMENT_3D('',#2108,#2109,#2110);
#2108 = CARTESIAN_POINT('',(-52.5,3.5,26.010401919002));
#2109 = DIRECTION('',(0.,0.,1.));
#2110 = DIRECTION('',(-1.,0.,0.));
#2111 = PCURVE('',#1175,#2112);
#2112 = DEFINITIONAL_REPRESENTATION('',(#2113),#2116);
#2113 = B_SPLINE_CURVE_WITH_KNOTS('',1,(#2114,#2115),.UNSPECIFIED.,.F.,
  .F.,(2,2),(4.712388980385,6.28318530718),.PIECEWISE_BEZIER_KNOTS.);
#2114 = CARTESIAN_POINT('',(0.,-1.570796326795));
#2115 = CARTESIAN_POINT('',(0.,0.));
#2116 = ( GEOMETRIC_REPRESENTATION_CONTEXT(2) 
PARAMETRIC_REPRESENTATION_CONTEXT() REPRESENTATION_CONTEXT('2D SPACE',''
  ) );
#2117 = PCURVE('',#2089,#2118);
#2118 = DEFINITIONAL_REPRESENTATION('',(#2119),#2122);
#2119 = B_SPLINE_CURVE_WITH_KNOTS('',1,(#2120,#2121),.UNSPECIFIED.,.F.,
  .F.,(2,2),(4.712388980385,6.28318530718),.PIECEWISE_BEZIER_KNOTS.);
#2120 = CARTESIAN_POINT('',(0.,2.010401919002));
#2121 = CARTESIAN_POINT('',(1.570796326795,2.010401919002));
#2122 = ( GEOMETRIC_REPRESENTATION_CONTEXT(2) 
PARAMETRIC_REPRESENTATION_CONTEXT() REPRESENTATION_CONTEXT('2D SPACE',''
  ) );
#2123 = ORIENTED_EDGE('',*,*,#1161,.T.);
#2124 = ORIENTED_EDGE('',*,*,#1216,.F.);
#2125 = ADVANCED_FACE('',(#2126),#1285,.T.);
#2126 = FACE_BOUND('',#2127,.T.);
#2127 = EDGE_LOOP('',(#2128,#2129,#2154));
#2128 = ORIENTED_EDGE('',*,*,#1383,.F.);
#2129 = ORIENTED_EDGE('',*,*,#2130,.T.);
#2130 = EDGE_CURVE('',#1351,#1241,#2131,.T.);
#2131 = SURFACE_CURVE('',#2132,(#2137,#2143),.PCURVE_S1.);
#2132 = CIRCLE('',#2133,1.5);
#2133 = AXIS2_PLACEMENT_3D('',#2134,#2135,#2136);
#2134 = CARTESIAN_POINT('',(-52.5,-3.5,26.010401919002));
#2135 = DIRECTION('',(1.220730427991E-15,0.,-1.));
#2136 = DIRECTION('',(-1.,0.,-1.220730427991E-15));
#2137 = PCURVE('',#1285,#2138);
#2138 = DEFINITIONAL_REPRESENTATION('',(#2139),#2142);
#2139 = B_SPLINE_CURVE_WITH_KNOTS('',1,(#2140,#2141),.UNSPECIFIED.,.F.,
  .F.,(2,2),(4.712388980385,6.28318530718),.PIECEWISE_BEZIER_KNOTS.);
#2140 = CARTESIAN_POINT('',(1.854202086927,-1.570796326795));
#2141 = CARTESIAN_POINT('',(1.854202086927,0.));
#2142 = ( GEOMETRIC_REPRESENTATION_CONTEXT(2) 
PARAMETRIC_REPRESENTATION_CONTEXT() REPRESENTATION_CONTEXT('2D SPACE',''
  ) );
#2143 = PCURVE('',#2144,#2149);
#2144 = CYLINDRICAL_SURFACE('',#2145,1.5);
#2145 = AXIS2_PLACEMENT_3D('',#2146,#2147,#2148);
#2146 = CARTESIAN_POINT('',(-52.5,-3.5,24.));
#2147 = DIRECTION('',(0.,0.,1.));
#2148 = DIRECTION('',(0.,-1.,0.));
#2149 = DEFINITIONAL_REPRESENTATION('',(#2150),#2153);
#2150 = B_SPLINE_CURVE_WITH_KNOTS('',1,(#2151,#2152),.UNSPECIFIED.,.F.,
  .F.,(2,2),(4.712388980385,6.28318530718),.PIECEWISE_BEZIER_KNOTS.);
#2151 = CARTESIAN_POINT('',(0.,2.010401919002));
#2152 = CARTESIAN_POINT('',(-1.570796326795,2.010401919002));
#2153 = ( GEOMETRIC_REPRESENTATION_CONTEXT(2) 
PARAMETRIC_REPRESENTATION_CONTEXT() REPRESENTATION_CONTEXT('2D SPACE',''
  ) );
#2154 = ORIENTED_EDGE('',*,*,#1268,.F.);
#2155 = ADVANCED_FACE('',(#2156),#1256,.F.);
#2156 = FACE_BOUND('',#2157,.F.);
#2157 = EDGE_LOOP('',(#2158,#2188,#2209,#2210));
#2158 = ORIENTED_EDGE('',*,*,#2159,.T.);
#2159 = EDGE_CURVE('',#2160,#2162,#2164,.T.);
#2160 = VERTEX_POINT('',#2161);
#2161 = CARTESIAN_POINT('',(-54.,3.5,30.883600708618));
#2162 = VERTEX_POINT('',#2163);
#2163 = CARTESIAN_POINT('',(-54.,-3.5,30.883600708618));
#2164 = SURFACE_CURVE('',#2165,(#2169,#2176),.PCURVE_S1.);
#2165 = LINE('',#2166,#2167);
#2166 = CARTESIAN_POINT('',(-54.,5.,30.883600708618));
#2167 = VECTOR('',#2168,1.);
#2168 = DIRECTION('',(-0.,-1.,0.));
#2169 = PCURVE('',#1256,#2170);
#2170 = DEFINITIONAL_REPRESENTATION('',(#2171),#2175);
#2171 = LINE('',#2172,#2173);
#2172 = CARTESIAN_POINT('',(6.883600708618,-5.));
#2173 = VECTOR('',#2174,1.);
#2174 = DIRECTION('',(0.,1.));
#2175 = ( GEOMETRIC_REPRESENTATION_CONTEXT(2) 
PARAMETRIC_REPRESENTATION_CONTEXT() REPRESENTATION_CONTEXT('2D SPACE',''
  ) );
#2176 = PCURVE('',#2177,#2182);
#2177 = CYLINDRICAL_SURFACE('',#2178,1.5);
#2178 = AXIS2_PLACEMENT_3D('',#2179,#2180,#2181);
#2179 = CARTESIAN_POINT('',(-52.5,5.,30.883600708618));
#2180 = DIRECTION('',(-0.,-1.,0.));
#2181 = DIRECTION('',(-0.284167794317,0.,0.958774564052));
#2182 = DEFINITIONAL_REPRESENTATION('',(#2183),#2187);
#2183 = LINE('',#2184,#2185);
#2184 = CARTESIAN_POINT('',(1.282657999313,0.));
#2185 = VECTOR('',#2186,1.);
#2186 = DIRECTION('',(0.,1.));
#2187 = ( GEOMETRIC_REPRESENTATION_CONTEXT(2) 
PARAMETRIC_REPRESENTATION_CONTEXT() REPRESENTATION_CONTEXT('2D SPACE',''
  ) );
#2188 = ORIENTED_EDGE('',*,*,#2189,.F.);
#2189 = EDGE_CURVE('',#1241,#2162,#2190,.T.);
#2190 = SURFACE_CURVE('',#2191,(#2195,#2202),.PCURVE_S1.);
#2191 = LINE('',#2192,#2193);
#2192 = CARTESIAN_POINT('',(-54.,-3.5,24.));
#2193 = VECTOR('',#2194,1.);
#2194 = DIRECTION('',(0.,0.,1.));
#2195 = PCURVE('',#1256,#2196);
#2196 = DEFINITIONAL_REPRESENTATION('',(#2197),#2201);
#2197 = LINE('',#2198,#2199);
#2198 = CARTESIAN_POINT('',(0.,3.5));
#2199 = VECTOR('',#2200,1.);
#2200 = DIRECTION('',(1.,0.));
#2201 = ( GEOMETRIC_REPRESENTATION_CONTEXT(2) 
PARAMETRIC_REPRESENTATION_CONTEXT() REPRESENTATION_CONTEXT('2D SPACE',''
  ) );
#2202 = PCURVE('',#2144,#2203);
#2203 = DEFINITIONAL_REPRESENTATION('',(#2204),#2208);
#2204 = LINE('',#2205,#2206);
#2205 = CARTESIAN_POINT('',(-1.570796326795,0.));
#2206 = VECTOR('',#2207,1.);
#2207 = DIRECTION('',(-0.,1.));
#2208 = ( GEOMETRIC_REPRESENTATION_CONTEXT(2) 
PARAMETRIC_REPRESENTATION_CONTEXT() REPRESENTATION_CONTEXT('2D SPACE',''
  ) );
#2209 = ORIENTED_EDGE('',*,*,#1240,.F.);
#2210 = ORIENTED_EDGE('',*,*,#2211,.T.);
#2211 = EDGE_CURVE('',#1217,#2160,#2212,.T.);
#2212 = SURFACE_CURVE('',#2213,(#2217,#2224),.PCURVE_S1.);
#2213 = LINE('',#2214,#2215);
#2214 = CARTESIAN_POINT('',(-54.,3.5,24.));
#2215 = VECTOR('',#2216,1.);
#2216 = DIRECTION('',(0.,0.,1.));
#2217 = PCURVE('',#1256,#2218);
#2218 = DEFINITIONAL_REPRESENTATION('',(#2219),#2223);
#2219 = LINE('',#2220,#2221);
#2220 = CARTESIAN_POINT('',(0.,-3.5));
#2221 = VECTOR('',#2222,1.);
#2222 = DIRECTION('',(1.,0.));
#2223 = ( GEOMETRIC_REPRESENTATION_CONTEXT(2) 
PARAMETRIC_REPRESENTATION_CONTEXT() REPRESENTATION_CONTEXT('2D SPACE',''
  ) );
#2224 = PCURVE('',#2089,#2225);
#2225 = DEFINITIONAL_REPRESENTATION('',(#2226),#2230);
#2226 = LINE('',#2227,#2228);
#2227 = CARTESIAN_POINT('',(1.570796326795,0.));
#2228 = VECTOR('',#2229,1.);
#2229 = DIRECTION('',(0.,1.));
#2230 = ( GEOMETRIC_REPRESENTATION_CONTEXT(2) 
PARAMETRIC_REPRESENTATION_CONTEXT() REPRESENTATION_CONTEXT('2D SPACE',''
  ) );
#2231 = ADVANCED_FACE('',(#2232),#1367,.F.);
#2232 = FACE_BOUND('',#2233,.F.);
#2233 = EDGE_LOOP('',(#2234,#2265,#2293,#2319,#2320,#2321));
#2234 = ORIENTED_EDGE('',*,*,#2235,.T.);
#2235 = EDGE_CURVE('',#2236,#2238,#2240,.T.);
#2236 = VERTEX_POINT('',#2237);
#2237 = CARTESIAN_POINT('',(-52.5,-5.,30.883600708618));
#2238 = VERTEX_POINT('',#2239);
#2239 = CARTESIAN_POINT('',(52.5,-5.,30.883600708618));
#2240 = SURFACE_CURVE('',#2241,(#2246,#2253),.PCURVE_S1.);
#2241 = CIRCLE('',#2242,184.75);
#2242 = AXIS2_PLACEMENT_3D('',#2243,#2244,#2245);
#2243 = CARTESIAN_POINT('',(2.556831758308E-15,-5.,-146.25));
#2244 = DIRECTION('',(0.,1.,-0.));
#2245 = DIRECTION('',(-0.289932885906,0.,0.957046979866));
#2246 = PCURVE('',#1367,#2247);
#2247 = DEFINITIONAL_REPRESENTATION('',(#2248),#2252);
#2248 = CIRCLE('',#2249,184.75);
#2249 = AXIS2_PLACEMENT_2D('',#2250,#2251);
#2250 = CARTESIAN_POINT('',(-2.072637171053E-15,-178.6641325221));
#2251 = DIRECTION('',(0.289932885906,0.957046979866));
#2252 = ( GEOMETRIC_REPRESENTATION_CONTEXT(2) 
PARAMETRIC_REPRESENTATION_CONTEXT() REPRESENTATION_CONTEXT('2D SPACE',''
  ) );
#2253 = PCURVE('',#2254,#2259);
#2254 = TOROIDAL_SURFACE('',#2255,184.75,1.5);
#2255 = AXIS2_PLACEMENT_3D('',#2256,#2257,#2258);
#2256 = CARTESIAN_POINT('',(2.556831758308E-15,-3.5,-146.25));
#2257 = DIRECTION('',(-0.,-1.,0.));
#2258 = DIRECTION('',(-0.289932885906,0.,0.957046979866));
#2259 = DEFINITIONAL_REPRESENTATION('',(#2260),#2264);
#2260 = LINE('',#2261,#2262);
#2261 = CARTESIAN_POINT('',(-0.,1.570796326795));
#2262 = VECTOR('',#2263,1.);
#2263 = DIRECTION('',(-1.,0.));
#2264 = ( GEOMETRIC_REPRESENTATION_CONTEXT(2) 
PARAMETRIC_REPRESENTATION_CONTEXT() REPRESENTATION_CONTEXT('2D SPACE',''
  ) );
#2265 = ORIENTED_EDGE('',*,*,#2266,.T.);
#2266 = EDGE_CURVE('',#2238,#2267,#2269,.T.);
#2267 = VERTEX_POINT('',#2268);
#2268 = CARTESIAN_POINT('',(52.5,-5.,26.010401919002));
#2269 = SURFACE_CURVE('',#2270,(#2274,#2281),.PCURVE_S1.);
#2270 = LINE('',#2271,#2272);
#2271 = CARTESIAN_POINT('',(52.5,-5.,32.));
#2272 = VECTOR('',#2273,1.);
#2273 = DIRECTION('',(0.,0.,-1.));
#2274 = PCURVE('',#1367,#2275);
#2275 = DEFINITIONAL_REPRESENTATION('',(#2276),#2280);
#2276 = LINE('',#2277,#2278);
#2277 = CARTESIAN_POINT('',(-52.5,-0.41413252214));
#2278 = VECTOR('',#2279,1.);
#2279 = DIRECTION('',(0.,-1.));
#2280 = ( GEOMETRIC_REPRESENTATION_CONTEXT(2) 
PARAMETRIC_REPRESENTATION_CONTEXT() REPRESENTATION_CONTEXT('2D SPACE',''
  ) );
#2281 = PCURVE('',#2282,#2287);
#2282 = CYLINDRICAL_SURFACE('',#2283,1.5);
#2283 = AXIS2_PLACEMENT_3D('',#2284,#2285,#2286);
#2284 = CARTESIAN_POINT('',(52.5,-3.5,32.));
#2285 = DIRECTION('',(0.,0.,-1.));
#2286 = DIRECTION('',(0.,-1.,0.));
#2287 = DEFINITIONAL_REPRESENTATION('',(#2288),#2292);
#2288 = LINE('',#2289,#2290);
#2289 = CARTESIAN_POINT('',(-0.,0.));
#2290 = VECTOR('',#2291,1.);
#2291 = DIRECTION('',(-0.,1.));
#2292 = ( GEOMETRIC_REPRESENTATION_CONTEXT(2) 
PARAMETRIC_REPRESENTATION_CONTEXT() REPRESENTATION_CONTEXT('2D SPACE',''
  ) );
#2293 = ORIENTED_EDGE('',*,*,#2294,.T.);
#2294 = EDGE_CURVE('',#2267,#1408,#2295,.T.);
#2295 = SURFACE_CURVE('',#2296,(#2301,#2312),.PCURVE_S1.);
#2296 = CIRCLE('',#2297,187.75);
#2297 = AXIS2_PLACEMENT_3D('',#2298,#2299,#2300);
#2298 = CARTESIAN_POINT('',(-2.556831758308E-15,-5.,-154.25));
#2299 = DIRECTION('',(0.,-1.,0.));
#2300 = DIRECTION('',(0.289932885906,0.,0.957046979866));
#2301 = PCURVE('',#1367,#2302);
#2302 = DEFINITIONAL_REPRESENTATION('',(#2303),#2311);
#2303 = ( BOUNDED_CURVE() B_SPLINE_CURVE(2,(#2304,#2305,#2306,#2307,
#2308,#2309,#2310),.UNSPECIFIED.,.T.,.F.) B_SPLINE_CURVE_WITH_KNOTS((1,2
    ,2,2,2,1),(-2.094395102393,0.,2.094395102393,4.188790204786,
6.28318530718,8.377580409573),.UNSPECIFIED.) CURVE() 
GEOMETRIC_REPRESENTATION_ITEM() RATIONAL_B_SPLINE_CURVE((1.,0.5,1.,0.5,
1.,0.5,1.)) REPRESENTATION_ITEM('') );
#2304 = CARTESIAN_POINT('',(-54.43489932885,-6.978562052342));
#2305 = CARTESIAN_POINT('',(256.78963811183,87.305449290139));
#2306 = CARTESIAN_POINT('',(182.82971838477,-229.3649120858));
#2307 = CARTESIAN_POINT('',(108.86979865771,-546.0352734617));
#2308 = CARTESIAN_POINT('',(-128.3948190559,-323.6489234282));
#2309 = CARTESIAN_POINT('',(-365.6594367695,-101.2625733948));
#2310 = CARTESIAN_POINT('',(-54.43489932885,-6.978562052342));
#2311 = ( GEOMETRIC_REPRESENTATION_CONTEXT(2) 
PARAMETRIC_REPRESENTATION_CONTEXT() REPRESENTATION_CONTEXT('2D SPACE',''
  ) );
#2312 = PCURVE('',#1794,#2313);
#2313 = DEFINITIONAL_REPRESENTATION('',(#2314),#2318);
#2314 = LINE('',#2315,#2316);
#2315 = CARTESIAN_POINT('',(0.,1.570796326795));
#2316 = VECTOR('',#2317,1.);
#2317 = DIRECTION('',(1.,0.));
#2318 = ( GEOMETRIC_REPRESENTATION_CONTEXT(2) 
PARAMETRIC_REPRESENTATION_CONTEXT() REPRESENTATION_CONTEXT('2D SPACE',''
  ) );
#2319 = ORIENTED_EDGE('',*,*,#1487,.T.);
#2320 = ORIENTED_EDGE('',*,*,#1350,.T.);
#2321 = ORIENTED_EDGE('',*,*,#2322,.T.);
#2322 = EDGE_CURVE('',#1351,#2236,#2323,.T.);
#2323 = SURFACE_CURVE('',#2324,(#2328,#2335),.PCURVE_S1.);
#2324 = LINE('',#2325,#2326);
#2325 = CARTESIAN_POINT('',(-52.5,-5.,24.));
#2326 = VECTOR('',#2327,1.);
#2327 = DIRECTION('',(0.,0.,1.));
#2328 = PCURVE('',#1367,#2329);
#2329 = DEFINITIONAL_REPRESENTATION('',(#2330),#2334);
#2330 = LINE('',#2331,#2332);
#2331 = CARTESIAN_POINT('',(52.5,-8.41413252214));
#2332 = VECTOR('',#2333,1.);
#2333 = DIRECTION('',(0.,1.));
#2334 = ( GEOMETRIC_REPRESENTATION_CONTEXT(2) 
PARAMETRIC_REPRESENTATION_CONTEXT() REPRESENTATION_CONTEXT('2D SPACE',''
  ) );
#2335 = PCURVE('',#2144,#2336);
#2336 = DEFINITIONAL_REPRESENTATION('',(#2337),#2341);
#2337 = LINE('',#2338,#2339);
#2338 = CARTESIAN_POINT('',(-0.,0.));
#2339 = VECTOR('',#2340,1.);
#2340 = DIRECTION('',(-0.,1.));
#2341 = ( GEOMETRIC_REPRESENTATION_CONTEXT(2) 
PARAMETRIC_REPRESENTATION_CONTEXT() REPRESENTATION_CONTEXT('2D SPACE',''
  ) );
#2342 = ADVANCED_FACE('',(#2343),#1558,.T.);
#2343 = FACE_BOUND('',#2344,.F.);
#2344 = EDGE_LOOP('',(#2345,#2368,#2397,#2425,#2454,#2475,#2476));
#2345 = ORIENTED_EDGE('',*,*,#2346,.F.);
#2346 = EDGE_CURVE('',#2347,#1633,#2349,.T.);
#2347 = VERTEX_POINT('',#2348);
#2348 = CARTESIAN_POINT('',(52.080559254328,-3.5,24.57023892098));
#2349 = SURFACE_CURVE('',#2350,(#2354,#2361),.PCURVE_S1.);
#2350 = LINE('',#2351,#2352);
#2351 = CARTESIAN_POINT('',(52.080559254328,-5.,24.57023892098));
#2352 = VECTOR('',#2353,1.);
#2353 = DIRECTION('',(-0.,1.,-0.));
#2354 = PCURVE('',#1558,#2355);
#2355 = DEFINITIONAL_REPRESENTATION('',(#2356),#2360);
#2356 = LINE('',#2357,#2358);
#2357 = CARTESIAN_POINT('',(-4.736951571734E-15,0.));
#2358 = VECTOR('',#2359,1.);
#2359 = DIRECTION('',(-0.,1.));
#2360 = ( GEOMETRIC_REPRESENTATION_CONTEXT(2) 
PARAMETRIC_REPRESENTATION_CONTEXT() REPRESENTATION_CONTEXT('2D SPACE',''
  ) );
#2361 = PCURVE('',#1708,#2362);
#2362 = DEFINITIONAL_REPRESENTATION('',(#2363),#2367);
#2363 = LINE('',#2364,#2365);
#2364 = CARTESIAN_POINT('',(1.075095064519E-02,5.));
#2365 = VECTOR('',#2366,1.);
#2366 = DIRECTION('',(-0.,-1.));
#2367 = ( GEOMETRIC_REPRESENTATION_CONTEXT(2) 
PARAMETRIC_REPRESENTATION_CONTEXT() REPRESENTATION_CONTEXT('2D SPACE',''
  ) );
#2368 = ORIENTED_EDGE('',*,*,#2369,.F.);
#2369 = EDGE_CURVE('',#2370,#2347,#2372,.T.);
#2370 = VERTEX_POINT('',#2371);
#2371 = CARTESIAN_POINT('',(54.,-3.5,26.010401919002));
#2372 = SURFACE_CURVE('',#2373,(#2378,#2385),.PCURVE_S1.);
#2373 = CIRCLE('',#2374,1.5);
#2374 = AXIS2_PLACEMENT_3D('',#2375,#2376,#2377);
#2375 = CARTESIAN_POINT('',(52.5,-3.5,26.010401919002));
#2376 = DIRECTION('',(0.,1.,0.));
#2377 = DIRECTION('',(1.,-0.,0.));
#2378 = PCURVE('',#1558,#2379);
#2379 = DEFINITIONAL_REPRESENTATION('',(#2380),#2384);
#2380 = LINE('',#2381,#2382);
#2381 = CARTESIAN_POINT('',(-1.854202086927,1.5));
#2382 = VECTOR('',#2383,1.);
#2383 = DIRECTION('',(1.,-0.));
#2384 = ( GEOMETRIC_REPRESENTATION_CONTEXT(2) 
PARAMETRIC_REPRESENTATION_CONTEXT() REPRESENTATION_CONTEXT('2D SPACE',''
  ) );
#2385 = PCURVE('',#2386,#2391);
#2386 = SPHERICAL_SURFACE('',#2387,1.5);
#2387 = AXIS2_PLACEMENT_3D('',#2388,#2389,#2390);
#2388 = CARTESIAN_POINT('',(52.5,-3.5,26.010401919002));
#2389 = DIRECTION('',(0.,1.,-0.));
#2390 = DIRECTION('',(1.,-0.,0.));
#2391 = DEFINITIONAL_REPRESENTATION('',(#2392),#2396);
#2392 = LINE('',#2393,#2394);
#2393 = CARTESIAN_POINT('',(0.,0.));
#2394 = VECTOR('',#2395,1.);
#2395 = DIRECTION('',(1.,0.));
#2396 = ( GEOMETRIC_REPRESENTATION_CONTEXT(2) 
PARAMETRIC_REPRESENTATION_CONTEXT() REPRESENTATION_CONTEXT('2D SPACE',''
  ) );
#2397 = ORIENTED_EDGE('',*,*,#2398,.T.);
#2398 = EDGE_CURVE('',#2370,#2399,#2401,.T.);
#2399 = VERTEX_POINT('',#2400);
#2400 = CARTESIAN_POINT('',(54.,3.5,26.010401919002));
#2401 = SURFACE_CURVE('',#2402,(#2406,#2413),.PCURVE_S1.);
#2402 = LINE('',#2403,#2404);
#2403 = CARTESIAN_POINT('',(54.,-5.,26.010401919002));
#2404 = VECTOR('',#2405,1.);
#2405 = DIRECTION('',(-0.,1.,-0.));
#2406 = PCURVE('',#1558,#2407);
#2407 = DEFINITIONAL_REPRESENTATION('',(#2408),#2412);
#2408 = LINE('',#2409,#2410);
#2409 = CARTESIAN_POINT('',(-1.854202086927,0.));
#2410 = VECTOR('',#2411,1.);
#2411 = DIRECTION('',(-0.,1.));
#2412 = ( GEOMETRIC_REPRESENTATION_CONTEXT(2) 
PARAMETRIC_REPRESENTATION_CONTEXT() REPRESENTATION_CONTEXT('2D SPACE',''
  ) );
#2413 = PCURVE('',#2414,#2419);
#2414 = PLANE('',#2415);
#2415 = AXIS2_PLACEMENT_3D('',#2416,#2417,#2418);
#2416 = CARTESIAN_POINT('',(54.,0.,32.));
#2417 = DIRECTION('',(-1.,0.,0.));
#2418 = DIRECTION('',(0.,0.,-1.));
#2419 = DEFINITIONAL_REPRESENTATION('',(#2420),#2424);
#2420 = LINE('',#2421,#2422);
#2421 = CARTESIAN_POINT('',(5.989598080998,5.));
#2422 = VECTOR('',#2423,1.);
#2423 = DIRECTION('',(0.,-1.));
#2424 = ( GEOMETRIC_REPRESENTATION_CONTEXT(2) 
PARAMETRIC_REPRESENTATION_CONTEXT() REPRESENTATION_CONTEXT('2D SPACE',''
  ) );
#2425 = ORIENTED_EDGE('',*,*,#2426,.T.);
#2426 = EDGE_CURVE('',#2399,#2427,#2429,.T.);
#2427 = VERTEX_POINT('',#2428);
#2428 = CARTESIAN_POINT('',(52.080559254328,3.5,24.57023892098));
#2429 = SURFACE_CURVE('',#2430,(#2435,#2442),.PCURVE_S1.);
#2430 = CIRCLE('',#2431,1.5);
#2431 = AXIS2_PLACEMENT_3D('',#2432,#2433,#2434);
#2432 = CARTESIAN_POINT('',(52.5,3.5,26.010401919002));
#2433 = DIRECTION('',(0.,1.,-0.));
#2434 = DIRECTION('',(1.,0.,0.));
#2435 = PCURVE('',#1558,#2436);
#2436 = DEFINITIONAL_REPRESENTATION('',(#2437),#2441);
#2437 = LINE('',#2438,#2439);
#2438 = CARTESIAN_POINT('',(-1.854202086927,8.5));
#2439 = VECTOR('',#2440,1.);
#2440 = DIRECTION('',(1.,-0.));
#2441 = ( GEOMETRIC_REPRESENTATION_CONTEXT(2) 
PARAMETRIC_REPRESENTATION_CONTEXT() REPRESENTATION_CONTEXT('2D SPACE',''
  ) );
#2442 = PCURVE('',#2443,#2448);
#2443 = SPHERICAL_SURFACE('',#2444,1.5);
#2444 = AXIS2_PLACEMENT_3D('',#2445,#2446,#2447);
#2445 = CARTESIAN_POINT('',(52.5,3.5,26.010401919002));
#2446 = DIRECTION('',(-0.,-1.,0.));
#2447 = DIRECTION('',(1.,0.,0.));
#2448 = DEFINITIONAL_REPRESENTATION('',(#2449),#2453);
#2449 = LINE('',#2450,#2451);
#2450 = CARTESIAN_POINT('',(-0.,0.));
#2451 = VECTOR('',#2452,1.);
#2452 = DIRECTION('',(-1.,0.));
#2453 = ( GEOMETRIC_REPRESENTATION_CONTEXT(2) 
PARAMETRIC_REPRESENTATION_CONTEXT() REPRESENTATION_CONTEXT('2D SPACE',''
  ) );
#2454 = ORIENTED_EDGE('',*,*,#2455,.F.);
#2455 = EDGE_CURVE('',#1521,#2427,#2456,.T.);
#2456 = SURFACE_CURVE('',#2457,(#2461,#2468),.PCURVE_S1.);
#2457 = LINE('',#2458,#2459);
#2458 = CARTESIAN_POINT('',(52.080559254328,-5.,24.57023892098));
#2459 = VECTOR('',#2460,1.);
#2460 = DIRECTION('',(-0.,1.,-0.));
#2461 = PCURVE('',#1558,#2462);
#2462 = DEFINITIONAL_REPRESENTATION('',(#2463),#2467);
#2463 = LINE('',#2464,#2465);
#2464 = CARTESIAN_POINT('',(-4.736951571734E-15,0.));
#2465 = VECTOR('',#2466,1.);
#2466 = DIRECTION('',(-0.,1.));
#2467 = ( GEOMETRIC_REPRESENTATION_CONTEXT(2) 
PARAMETRIC_REPRESENTATION_CONTEXT() REPRESENTATION_CONTEXT('2D SPACE',''
  ) );
#2468 = PCURVE('',#1971,#2469);
#2469 = DEFINITIONAL_REPRESENTATION('',(#2470),#2474);
#2470 = LINE('',#2471,#2472);
#2471 = CARTESIAN_POINT('',(1.075095064519E-02,5.));
#2472 = VECTOR('',#2473,1.);
#2473 = DIRECTION('',(-0.,-1.));
#2474 = ( GEOMETRIC_REPRESENTATION_CONTEXT(2) 
PARAMETRIC_REPRESENTATION_CONTEXT() REPRESENTATION_CONTEXT('2D SPACE',''
  ) );
#2475 = ORIENTED_EDGE('',*,*,#1518,.F.);
#2476 = ORIENTED_EDGE('',*,*,#1632,.F.);
#2477 = ADVANCED_FACE('',(#2478),#1971,.F.);
#2478 = FACE_BOUND('',#2479,.F.);
#2479 = EDGE_LOOP('',(#2480,#2481,#2482));
#2480 = ORIENTED_EDGE('',*,*,#1953,.F.);
#2481 = ORIENTED_EDGE('',*,*,#2455,.T.);
#2482 = ORIENTED_EDGE('',*,*,#2483,.T.);
#2483 = EDGE_CURVE('',#2427,#1839,#2484,.T.);
#2484 = SURFACE_CURVE('',#2485,(#2490,#2497),.PCURVE_S1.);
#2485 = CIRCLE('',#2486,186.25);
#2486 = AXIS2_PLACEMENT_3D('',#2487,#2488,#2489);
#2487 = CARTESIAN_POINT('',(-2.556831758308E-15,3.5,-154.25));
#2488 = DIRECTION('',(0.,-1.,0.));
#2489 = DIRECTION('',(0.289932885906,0.,0.957046979866));
#2490 = PCURVE('',#1971,#2491);
#2491 = DEFINITIONAL_REPRESENTATION('',(#2492),#2496);
#2492 = LINE('',#2493,#2494);
#2493 = CARTESIAN_POINT('',(0.,-3.5));
#2494 = VECTOR('',#2495,1.);
#2495 = DIRECTION('',(1.,0.));
#2496 = ( GEOMETRIC_REPRESENTATION_CONTEXT(2) 
PARAMETRIC_REPRESENTATION_CONTEXT() REPRESENTATION_CONTEXT('2D SPACE',''
  ) );
#2497 = PCURVE('',#1912,#2498);
#2498 = DEFINITIONAL_REPRESENTATION('',(#2499),#2503);
#2499 = LINE('',#2500,#2501);
#2500 = CARTESIAN_POINT('',(0.,3.14159265359));
#2501 = VECTOR('',#2502,1.);
#2502 = DIRECTION('',(1.,0.));
#2503 = ( GEOMETRIC_REPRESENTATION_CONTEXT(2) 
PARAMETRIC_REPRESENTATION_CONTEXT() REPRESENTATION_CONTEXT('2D SPACE',''
  ) );
#2504 = ADVANCED_FACE('',(#2505),#1912,.T.);
#2505 = FACE_BOUND('',#2506,.T.);
#2506 = EDGE_LOOP('',(#2507,#2508,#2528,#2529));
#2507 = ORIENTED_EDGE('',*,*,#2047,.F.);
#2508 = ORIENTED_EDGE('',*,*,#2509,.T.);
#2509 = EDGE_CURVE('',#2020,#2427,#2510,.T.);
#2510 = SURFACE_CURVE('',#2511,(#2516,#2522),.PCURVE_S1.);
#2511 = CIRCLE('',#2512,1.5);
#2512 = AXIS2_PLACEMENT_3D('',#2513,#2514,#2515);
#2513 = CARTESIAN_POINT('',(52.5,3.5,26.010401919002));
#2514 = DIRECTION('',(-0.960108665348,0.,0.279627163782));
#2515 = DIRECTION('',(-0.279627163782,0.,-0.960108665348));
#2516 = PCURVE('',#1912,#2517);
#2517 = DEFINITIONAL_REPRESENTATION('',(#2518),#2521);
#2518 = B_SPLINE_CURVE_WITH_KNOTS('',1,(#2519,#2520),.UNSPECIFIED.,.F.,
  .F.,(2,2),(4.712388980385,6.28318530718),.PIECEWISE_BEZIER_KNOTS.);
#2519 = CARTESIAN_POINT('',(1.075095064519E-02,4.712388980385));
#2520 = CARTESIAN_POINT('',(1.075095064519E-02,3.14159265359));
#2521 = ( GEOMETRIC_REPRESENTATION_CONTEXT(2) 
PARAMETRIC_REPRESENTATION_CONTEXT() REPRESENTATION_CONTEXT('2D SPACE',''
  ) );
#2522 = PCURVE('',#2443,#2523);
#2523 = DEFINITIONAL_REPRESENTATION('',(#2524),#2527);
#2524 = B_SPLINE_CURVE_WITH_KNOTS('',1,(#2525,#2526),.UNSPECIFIED.,.F.,
  .F.,(2,2),(4.712388980385,6.28318530718),.PIECEWISE_BEZIER_KNOTS.);
#2525 = CARTESIAN_POINT('',(-1.854202086927,-1.570796326795));
#2526 = CARTESIAN_POINT('',(-1.854202086927,0.));
#2527 = ( GEOMETRIC_REPRESENTATION_CONTEXT(2) 
PARAMETRIC_REPRESENTATION_CONTEXT() REPRESENTATION_CONTEXT('2D SPACE',''
  ) );
#2528 = ORIENTED_EDGE('',*,*,#2483,.T.);
#2529 = ORIENTED_EDGE('',*,*,#1838,.T.);
#2530 = ADVANCED_FACE('',(#2531),#1794,.T.);
#2531 = FACE_BOUND('',#2532,.T.);
#2532 = EDGE_LOOP('',(#2533,#2553,#2554,#2555));
#2533 = ORIENTED_EDGE('',*,*,#2534,.F.);
#2534 = EDGE_CURVE('',#2267,#2347,#2535,.T.);
#2535 = SURFACE_CURVE('',#2536,(#2541,#2547),.PCURVE_S1.);
#2536 = CIRCLE('',#2537,1.5);
#2537 = AXIS2_PLACEMENT_3D('',#2538,#2539,#2540);
#2538 = CARTESIAN_POINT('',(52.5,-3.5,26.010401919002));
#2539 = DIRECTION('',(0.960108665348,0.,-0.279627163782));
#2540 = DIRECTION('',(-0.279627163782,0.,-0.960108665348));
#2541 = PCURVE('',#1794,#2542);
#2542 = DEFINITIONAL_REPRESENTATION('',(#2543),#2546);
#2543 = B_SPLINE_CURVE_WITH_KNOTS('',1,(#2544,#2545),.UNSPECIFIED.,.F.,
  .F.,(2,2),(4.712388980385,6.28318530718),.PIECEWISE_BEZIER_KNOTS.);
#2544 = CARTESIAN_POINT('',(1.075095064519E-02,1.570796326795));
#2545 = CARTESIAN_POINT('',(1.075095064519E-02,3.14159265359));
#2546 = ( GEOMETRIC_REPRESENTATION_CONTEXT(2) 
PARAMETRIC_REPRESENTATION_CONTEXT() REPRESENTATION_CONTEXT('2D SPACE',''
  ) );
#2547 = PCURVE('',#2386,#2548);
#2548 = DEFINITIONAL_REPRESENTATION('',(#2549),#2552);
#2549 = B_SPLINE_CURVE_WITH_KNOTS('',1,(#2550,#2551),.UNSPECIFIED.,.F.,
  .F.,(2,2),(4.712388980385,6.28318530718),.PIECEWISE_BEZIER_KNOTS.);
#2550 = CARTESIAN_POINT('',(1.854202086927,-1.570796326795));
#2551 = CARTESIAN_POINT('',(1.854202086927,0.));
#2552 = ( GEOMETRIC_REPRESENTATION_CONTEXT(2) 
PARAMETRIC_REPRESENTATION_CONTEXT() REPRESENTATION_CONTEXT('2D SPACE',''
  ) );
#2553 = ORIENTED_EDGE('',*,*,#2294,.T.);
#2554 = ORIENTED_EDGE('',*,*,#1722,.F.);
#2555 = ORIENTED_EDGE('',*,*,#2556,.F.);
#2556 = EDGE_CURVE('',#2347,#1689,#2557,.T.);
#2557 = SURFACE_CURVE('',#2558,(#2563,#2570),.PCURVE_S1.);
#2558 = CIRCLE('',#2559,186.25);
#2559 = AXIS2_PLACEMENT_3D('',#2560,#2561,#2562);
#2560 = CARTESIAN_POINT('',(-2.556831758308E-15,-3.5,-154.25));
#2561 = DIRECTION('',(0.,-1.,0.));
#2562 = DIRECTION('',(0.289932885906,0.,0.957046979866));
#2563 = PCURVE('',#1794,#2564);
#2564 = DEFINITIONAL_REPRESENTATION('',(#2565),#2569);
#2565 = LINE('',#2566,#2567);
#2566 = CARTESIAN_POINT('',(0.,3.14159265359));
#2567 = VECTOR('',#2568,1.);
#2568 = DIRECTION('',(1.,0.));
#2569 = ( GEOMETRIC_REPRESENTATION_CONTEXT(2) 
PARAMETRIC_REPRESENTATION_CONTEXT() REPRESENTATION_CONTEXT('2D SPACE',''
  ) );
#2570 = PCURVE('',#1708,#2571);
#2571 = DEFINITIONAL_REPRESENTATION('',(#2572),#2576);
#2572 = LINE('',#2573,#2574);
#2573 = CARTESIAN_POINT('',(0.,3.5));
#2574 = VECTOR('',#2575,1.);
#2575 = DIRECTION('',(1.,0.));
#2576 = ( GEOMETRIC_REPRESENTATION_CONTEXT(2) 
PARAMETRIC_REPRESENTATION_CONTEXT() REPRESENTATION_CONTEXT('2D SPACE',''
  ) );
#2577 = ADVANCED_FACE('',(#2578),#1708,.F.);
#2578 = FACE_BOUND('',#2579,.F.);
#2579 = EDGE_LOOP('',(#2580,#2581,#2582));
#2580 = ORIENTED_EDGE('',*,*,#2556,.F.);
#2581 = ORIENTED_EDGE('',*,*,#2346,.T.);
#2582 = ORIENTED_EDGE('',*,*,#1688,.F.);
#2583 = ADVANCED_FACE('',(#2584,#2615),#1619,.T.);
#2584 = FACE_BOUND('',#2585,.T.);
#2585 = EDGE_LOOP('',(#2586));
#2586 = ORIENTED_EDGE('',*,*,#2587,.T.);
#2587 = EDGE_CURVE('',#2588,#2588,#2590,.T.);
#2588 = VERTEX_POINT('',#2589);
#2589 = CARTESIAN_POINT('',(55.,-1.714505518806E-15,2.));
#2590 = SURFACE_CURVE('',#2591,(#2596,#2603),.PCURVE_S1.);
#2591 = CIRCLE('',#2592,7.);
#2592 = AXIS2_PLACEMENT_3D('',#2593,#2594,#2595);
#2593 = CARTESIAN_POINT('',(48.,0.,2.));
#2594 = DIRECTION('',(0.,0.,1.));
#2595 = DIRECTION('',(1.,0.,0.));
#2596 = PCURVE('',#1619,#2597);
#2597 = DEFINITIONAL_REPRESENTATION('',(#2598),#2602);
#2598 = CIRCLE('',#2599,7.);
#2599 = AXIS2_PLACEMENT_2D('',#2600,#2601);
#2600 = CARTESIAN_POINT('',(0.,0.));
#2601 = DIRECTION('',(1.,0.));
#2602 = ( GEOMETRIC_REPRESENTATION_CONTEXT(2) 
PARAMETRIC_REPRESENTATION_CONTEXT() REPRESENTATION_CONTEXT('2D SPACE',''
  ) );
#2603 = PCURVE('',#2604,#2609);
#2604 = CYLINDRICAL_SURFACE('',#2605,7.);
#2605 = AXIS2_PLACEMENT_3D('',#2606,#2607,#2608);
#2606 = CARTESIAN_POINT('',(48.,0.,0.));
#2607 = DIRECTION('',(0.,0.,1.));
#2608 = DIRECTION('',(1.,0.,0.));
#2609 = DEFINITIONAL_REPRESENTATION('',(#2610),#2614);
#2610 = LINE('',#2611,#2612);
#2611 = CARTESIAN_POINT('',(0.,2.));
#2612 = VECTOR('',#2613,1.);
#2613 = DIRECTION('',(1.,0.));
#2614 = ( GEOMETRIC_REPRESENTATION_CONTEXT(2) 
PARAMETRIC_REPRESENTATION_CONTEXT() REPRESENTATION_CONTEXT('2D SPACE',''
  ) );
#2615 = FACE_BOUND('',#2616,.T.);
#2616 = EDGE_LOOP('',(#2617));
#2617 = ORIENTED_EDGE('',*,*,#1604,.F.);
#2618 = ADVANCED_FACE('',(#2619),#2007,.T.);
#2619 = FACE_BOUND('',#2620,.T.);
#2620 = EDGE_LOOP('',(#2621,#2648,#2677,#2702));
#2621 = ORIENTED_EDGE('',*,*,#2622,.T.);
#2622 = EDGE_CURVE('',#1989,#2623,#2625,.T.);
#2623 = VERTEX_POINT('',#2624);
#2624 = CARTESIAN_POINT('',(-52.92625169147,3.5,32.321762554696));
#2625 = SURFACE_CURVE('',#2626,(#2631,#2637),.PCURVE_S1.);
#2626 = CIRCLE('',#2627,1.5);
#2627 = AXIS2_PLACEMENT_3D('',#2628,#2629,#2630);
#2628 = CARTESIAN_POINT('',(-52.5,3.5,30.883600708618));
#2629 = DIRECTION('',(0.958774564052,0.,0.284167794317));
#2630 = DIRECTION('',(-0.284167794317,0.,0.958774564052));
#2631 = PCURVE('',#2007,#2632);
#2632 = DEFINITIONAL_REPRESENTATION('',(#2633),#2636);
#2633 = B_SPLINE_CURVE_WITH_KNOTS('',1,(#2634,#2635),.UNSPECIFIED.,.F.,
  .F.,(2,2),(4.712388980385,6.28318530718),.PIECEWISE_BEZIER_KNOTS.);
#2634 = CARTESIAN_POINT('',(6.018383294905E-03,1.570796326795));
#2635 = CARTESIAN_POINT('',(6.018383294905E-03,0.));
#2636 = ( GEOMETRIC_REPRESENTATION_CONTEXT(2) 
PARAMETRIC_REPRESENTATION_CONTEXT() REPRESENTATION_CONTEXT('2D SPACE',''
  ) );
#2637 = PCURVE('',#2638,#2643);
#2638 = SPHERICAL_SURFACE('',#2639,1.5);
#2639 = AXIS2_PLACEMENT_3D('',#2640,#2641,#2642);
#2640 = CARTESIAN_POINT('',(-52.5,3.5,30.883600708618));
#2641 = DIRECTION('',(-0.,-1.,0.));
#2642 = DIRECTION('',(-0.284167794317,0.,0.958774564052));
#2643 = DEFINITIONAL_REPRESENTATION('',(#2644),#2647);
#2644 = B_SPLINE_CURVE_WITH_KNOTS('',1,(#2645,#2646),.UNSPECIFIED.,.F.,
  .F.,(2,2),(4.712388980385,6.28318530718),.PIECEWISE_BEZIER_KNOTS.);
#2645 = CARTESIAN_POINT('',(0.,-1.570796326795));
#2646 = CARTESIAN_POINT('',(0.,0.));
#2647 = ( GEOMETRIC_REPRESENTATION_CONTEXT(2) 
PARAMETRIC_REPRESENTATION_CONTEXT() REPRESENTATION_CONTEXT('2D SPACE',''
  ) );
#2648 = ORIENTED_EDGE('',*,*,#2649,.T.);
#2649 = EDGE_CURVE('',#2623,#2650,#2652,.T.);
#2650 = VERTEX_POINT('',#2651);
#2651 = CARTESIAN_POINT('',(52.926251691475,3.5,32.321762554696));
#2652 = SURFACE_CURVE('',#2653,(#2658,#2665),.PCURVE_S1.);
#2653 = CIRCLE('',#2654,186.25);
#2654 = AXIS2_PLACEMENT_3D('',#2655,#2656,#2657);
#2655 = CARTESIAN_POINT('',(2.556831758308E-15,3.5,-146.25));
#2656 = DIRECTION('',(0.,1.,-0.));
#2657 = DIRECTION('',(-0.289932885906,0.,0.957046979866));
#2658 = PCURVE('',#2007,#2659);
#2659 = DEFINITIONAL_REPRESENTATION('',(#2660),#2664);
#2660 = LINE('',#2661,#2662);
#2661 = CARTESIAN_POINT('',(0.,0.));
#2662 = VECTOR('',#2663,1.);
#2663 = DIRECTION('',(1.,0.));
#2664 = ( GEOMETRIC_REPRESENTATION_CONTEXT(2) 
PARAMETRIC_REPRESENTATION_CONTEXT() REPRESENTATION_CONTEXT('2D SPACE',''
  ) );
#2665 = PCURVE('',#2666,#2671);
#2666 = CYLINDRICAL_SURFACE('',#2667,186.25);
#2667 = AXIS2_PLACEMENT_3D('',#2668,#2669,#2670);
#2668 = CARTESIAN_POINT('',(2.556831758308E-15,0.,-146.25));
#2669 = DIRECTION('',(-0.,-1.,0.));
#2670 = DIRECTION('',(-0.289932885906,0.,0.957046979866));
#2671 = DEFINITIONAL_REPRESENTATION('',(#2672),#2676);
#2672 = LINE('',#2673,#2674);
#2673 = CARTESIAN_POINT('',(-0.,-3.5));
#2674 = VECTOR('',#2675,1.);
#2675 = DIRECTION('',(-1.,0.));
#2676 = ( GEOMETRIC_REPRESENTATION_CONTEXT(2) 
PARAMETRIC_REPRESENTATION_CONTEXT() REPRESENTATION_CONTEXT('2D SPACE',''
  ) );
#2677 = ORIENTED_EDGE('',*,*,#2678,.F.);
#2678 = EDGE_CURVE('',#1991,#2650,#2679,.T.);
#2679 = SURFACE_CURVE('',#2680,(#2685,#2691),.PCURVE_S1.);
#2680 = CIRCLE('',#2681,1.5);
#2681 = AXIS2_PLACEMENT_3D('',#2682,#2683,#2684);
#2682 = CARTESIAN_POINT('',(52.5,3.5,30.883600708618));
#2683 = DIRECTION('',(0.958774564052,0.,-0.284167794317));
#2684 = DIRECTION('',(0.284167794317,0.,0.958774564052));
#2685 = PCURVE('',#2007,#2686);
#2686 = DEFINITIONAL_REPRESENTATION('',(#2687),#2690);
#2687 = B_SPLINE_CURVE_WITH_KNOTS('',1,(#2688,#2689),.UNSPECIFIED.,.F.,
  .F.,(2,2),(4.712388980385,6.28318530718),.PIECEWISE_BEZIER_KNOTS.);
#2688 = CARTESIAN_POINT('',(0.582295038259,1.570796326795));
#2689 = CARTESIAN_POINT('',(0.582295038259,0.));
#2690 = ( GEOMETRIC_REPRESENTATION_CONTEXT(2) 
PARAMETRIC_REPRESENTATION_CONTEXT() REPRESENTATION_CONTEXT('2D SPACE',''
  ) );
#2691 = PCURVE('',#2692,#2697);
#2692 = SPHERICAL_SURFACE('',#2693,1.5);
#2693 = AXIS2_PLACEMENT_3D('',#2694,#2695,#2696);
#2694 = CARTESIAN_POINT('',(52.5,3.5,30.883600708618));
#2695 = DIRECTION('',(-0.,-1.,0.));
#2696 = DIRECTION('',(1.,-0.,-2.368475785867E-15));
#2697 = DEFINITIONAL_REPRESENTATION('',(#2698),#2701);
#2698 = B_SPLINE_CURVE_WITH_KNOTS('',1,(#2699,#2700),.UNSPECIFIED.,.F.,
  .F.,(2,2),(4.712388980385,6.28318530718),.PIECEWISE_BEZIER_KNOTS.);
#2699 = CARTESIAN_POINT('',(1.282657999313,-1.570796326795));
#2700 = CARTESIAN_POINT('',(1.282657999313,0.));
#2701 = ( GEOMETRIC_REPRESENTATION_CONTEXT(2) 
PARAMETRIC_REPRESENTATION_CONTEXT() REPRESENTATION_CONTEXT('2D SPACE',''
  ) );
#2702 = ORIENTED_EDGE('',*,*,#1988,.F.);
#2703 = ADVANCED_FACE('',(#2704),#2089,.T.);
#2704 = FACE_BOUND('',#2705,.T.);
#2705 = EDGE_LOOP('',(#2706,#2707,#2708,#2728));
#2706 = ORIENTED_EDGE('',*,*,#2104,.T.);
#2707 = ORIENTED_EDGE('',*,*,#2211,.T.);
#2708 = ORIENTED_EDGE('',*,*,#2709,.F.);
#2709 = EDGE_CURVE('',#1989,#2160,#2710,.T.);
#2710 = SURFACE_CURVE('',#2711,(#2716,#2722),.PCURVE_S1.);
#2711 = CIRCLE('',#2712,1.5);
#2712 = AXIS2_PLACEMENT_3D('',#2713,#2714,#2715);
#2713 = CARTESIAN_POINT('',(-52.5,3.5,30.883600708618));
#2714 = DIRECTION('',(-4.057724291527E-15,0.,1.));
#2715 = DIRECTION('',(-1.,0.,-4.057724291527E-15));
#2716 = PCURVE('',#2089,#2717);
#2717 = DEFINITIONAL_REPRESENTATION('',(#2718),#2721);
#2718 = B_SPLINE_CURVE_WITH_KNOTS('',1,(#2719,#2720),.UNSPECIFIED.,.F.,
  .F.,(2,2),(4.712388980385,6.28318530718),.PIECEWISE_BEZIER_KNOTS.);
#2719 = CARTESIAN_POINT('',(0.,6.883600708618));
#2720 = CARTESIAN_POINT('',(1.570796326795,6.883600708618));
#2721 = ( GEOMETRIC_REPRESENTATION_CONTEXT(2) 
PARAMETRIC_REPRESENTATION_CONTEXT() REPRESENTATION_CONTEXT('2D SPACE',''
  ) );
#2722 = PCURVE('',#2638,#2723);
#2723 = DEFINITIONAL_REPRESENTATION('',(#2724),#2727);
#2724 = B_SPLINE_CURVE_WITH_KNOTS('',1,(#2725,#2726),.UNSPECIFIED.,.F.,
  .F.,(2,2),(4.712388980385,6.28318530718),.PIECEWISE_BEZIER_KNOTS.);
#2725 = CARTESIAN_POINT('',(1.282657999313,-1.570796326795));
#2726 = CARTESIAN_POINT('',(1.282657999313,0.));
#2727 = ( GEOMETRIC_REPRESENTATION_CONTEXT(2) 
PARAMETRIC_REPRESENTATION_CONTEXT() REPRESENTATION_CONTEXT('2D SPACE',''
  ) );
#2728 = ORIENTED_EDGE('',*,*,#2075,.F.);
#2729 = ADVANCED_FACE('',(#2730),#2035,.T.);
#2730 = FACE_BOUND('',#2731,.F.);
#2731 = EDGE_LOOP('',(#2732,#2754,#2755,#2775));
#2732 = ORIENTED_EDGE('',*,*,#2733,.F.);
#2733 = EDGE_CURVE('',#1991,#2734,#2736,.T.);
#2734 = VERTEX_POINT('',#2735);
#2735 = CARTESIAN_POINT('',(54.,3.5,30.883600708618));
#2736 = SURFACE_CURVE('',#2737,(#2742,#2748),.PCURVE_S1.);
#2737 = CIRCLE('',#2738,1.5);
#2738 = AXIS2_PLACEMENT_3D('',#2739,#2740,#2741);
#2739 = CARTESIAN_POINT('',(52.5,3.5,30.883600708618));
#2740 = DIRECTION('',(-2.368475785867E-15,0.,-1.));
#2741 = DIRECTION('',(1.,0.,-2.368475785867E-15));
#2742 = PCURVE('',#2035,#2743);
#2743 = DEFINITIONAL_REPRESENTATION('',(#2744),#2747);
#2744 = B_SPLINE_CURVE_WITH_KNOTS('',1,(#2745,#2746),.UNSPECIFIED.,.F.,
  .F.,(2,2),(4.712388980385,6.28318530718),.PIECEWISE_BEZIER_KNOTS.);
#2745 = CARTESIAN_POINT('',(-1.570796326795,1.116399291382));
#2746 = CARTESIAN_POINT('',(0.,1.116399291382));
#2747 = ( GEOMETRIC_REPRESENTATION_CONTEXT(2) 
PARAMETRIC_REPRESENTATION_CONTEXT() REPRESENTATION_CONTEXT('2D SPACE',''
  ) );
#2748 = PCURVE('',#2692,#2749);
#2749 = DEFINITIONAL_REPRESENTATION('',(#2750),#2753);
#2750 = B_SPLINE_CURVE_WITH_KNOTS('',1,(#2751,#2752),.UNSPECIFIED.,.F.,
  .F.,(2,2),(4.712388980385,6.28318530718),.PIECEWISE_BEZIER_KNOTS.);
#2751 = CARTESIAN_POINT('',(0.,-1.570796326795));
#2752 = CARTESIAN_POINT('',(0.,0.));
#2753 = ( GEOMETRIC_REPRESENTATION_CONTEXT(2) 
PARAMETRIC_REPRESENTATION_CONTEXT() REPRESENTATION_CONTEXT('2D SPACE',''
  ) );
#2754 = ORIENTED_EDGE('',*,*,#2019,.T.);
#2755 = ORIENTED_EDGE('',*,*,#2756,.T.);
#2756 = EDGE_CURVE('',#2020,#2399,#2757,.T.);
#2757 = SURFACE_CURVE('',#2758,(#2763,#2769),.PCURVE_S1.);
#2758 = CIRCLE('',#2759,1.5);
#2759 = AXIS2_PLACEMENT_3D('',#2760,#2761,#2762);
#2760 = CARTESIAN_POINT('',(52.5,3.5,26.010401919002));
#2761 = DIRECTION('',(0.,0.,-1.));
#2762 = DIRECTION('',(1.,0.,0.));
#2763 = PCURVE('',#2035,#2764);
#2764 = DEFINITIONAL_REPRESENTATION('',(#2765),#2768);
#2765 = B_SPLINE_CURVE_WITH_KNOTS('',1,(#2766,#2767),.UNSPECIFIED.,.F.,
  .F.,(2,2),(4.712388980385,6.28318530718),.PIECEWISE_BEZIER_KNOTS.);
#2766 = CARTESIAN_POINT('',(-1.570796326795,5.989598080998));
#2767 = CARTESIAN_POINT('',(0.,5.989598080998));
#2768 = ( GEOMETRIC_REPRESENTATION_CONTEXT(2) 
PARAMETRIC_REPRESENTATION_CONTEXT() REPRESENTATION_CONTEXT('2D SPACE',''
  ) );
#2769 = PCURVE('',#2443,#2770);
#2770 = DEFINITIONAL_REPRESENTATION('',(#2771),#2774);
#2771 = B_SPLINE_CURVE_WITH_KNOTS('',1,(#2772,#2773),.UNSPECIFIED.,.F.,
  .F.,(2,2),(4.712388980385,6.28318530718),.PIECEWISE_BEZIER_KNOTS.);
#2772 = CARTESIAN_POINT('',(0.,-1.570796326795));
#2773 = CARTESIAN_POINT('',(0.,0.));
#2774 = ( GEOMETRIC_REPRESENTATION_CONTEXT(2) 
PARAMETRIC_REPRESENTATION_CONTEXT() REPRESENTATION_CONTEXT('2D SPACE',''
  ) );
#2775 = ORIENTED_EDGE('',*,*,#2776,.F.);
#2776 = EDGE_CURVE('',#2734,#2399,#2777,.T.);
#2777 = SURFACE_CURVE('',#2778,(#2782,#2789),.PCURVE_S1.);
#2778 = LINE('',#2779,#2780);
#2779 = CARTESIAN_POINT('',(54.,3.5,32.));
#2780 = VECTOR('',#2781,1.);
#2781 = DIRECTION('',(0.,0.,-1.));
#2782 = PCURVE('',#2035,#2783);
#2783 = DEFINITIONAL_REPRESENTATION('',(#2784),#2788);
#2784 = LINE('',#2785,#2786);
#2785 = CARTESIAN_POINT('',(-0.,0.));
#2786 = VECTOR('',#2787,1.);
#2787 = DIRECTION('',(-0.,1.));
#2788 = ( GEOMETRIC_REPRESENTATION_CONTEXT(2) 
PARAMETRIC_REPRESENTATION_CONTEXT() REPRESENTATION_CONTEXT('2D SPACE',''
  ) );
#2789 = PCURVE('',#2414,#2790);
#2790 = DEFINITIONAL_REPRESENTATION('',(#2791),#2795);
#2791 = LINE('',#2792,#2793);
#2792 = CARTESIAN_POINT('',(0.,-3.5));
#2793 = VECTOR('',#2794,1.);
#2794 = DIRECTION('',(1.,0.));
#2795 = ( GEOMETRIC_REPRESENTATION_CONTEXT(2) 
PARAMETRIC_REPRESENTATION_CONTEXT() REPRESENTATION_CONTEXT('2D SPACE',''
  ) );
#2796 = ADVANCED_FACE('',(#2797),#2144,.T.);
#2797 = FACE_BOUND('',#2798,.F.);
#2798 = EDGE_LOOP('',(#2799,#2800,#2801,#2826));
#2799 = ORIENTED_EDGE('',*,*,#2130,.T.);
#2800 = ORIENTED_EDGE('',*,*,#2189,.T.);
#2801 = ORIENTED_EDGE('',*,*,#2802,.F.);
#2802 = EDGE_CURVE('',#2236,#2162,#2803,.T.);
#2803 = SURFACE_CURVE('',#2804,(#2809,#2815),.PCURVE_S1.);
#2804 = CIRCLE('',#2805,1.5);
#2805 = AXIS2_PLACEMENT_3D('',#2806,#2807,#2808);
#2806 = CARTESIAN_POINT('',(-52.5,-3.5,30.883600708618));
#2807 = DIRECTION('',(4.057724291527E-15,0.,-1.));
#2808 = DIRECTION('',(-1.,0.,-4.057724291527E-15));
#2809 = PCURVE('',#2144,#2810);
#2810 = DEFINITIONAL_REPRESENTATION('',(#2811),#2814);
#2811 = B_SPLINE_CURVE_WITH_KNOTS('',1,(#2812,#2813),.UNSPECIFIED.,.F.,
  .F.,(2,2),(4.712388980385,6.28318530718),.PIECEWISE_BEZIER_KNOTS.);
#2812 = CARTESIAN_POINT('',(0.,6.883600708618));
#2813 = CARTESIAN_POINT('',(-1.570796326795,6.883600708618));
#2814 = ( GEOMETRIC_REPRESENTATION_CONTEXT(2) 
PARAMETRIC_REPRESENTATION_CONTEXT() REPRESENTATION_CONTEXT('2D SPACE',''
  ) );
#2815 = PCURVE('',#2816,#2821);
#2816 = SPHERICAL_SURFACE('',#2817,1.5);
#2817 = AXIS2_PLACEMENT_3D('',#2818,#2819,#2820);
#2818 = CARTESIAN_POINT('',(-52.5,-3.5,30.883600708618));
#2819 = DIRECTION('',(0.,1.,-0.));
#2820 = DIRECTION('',(-0.284167794317,0.,0.958774564052));
#2821 = DEFINITIONAL_REPRESENTATION('',(#2822),#2825);
#2822 = B_SPLINE_CURVE_WITH_KNOTS('',1,(#2823,#2824),.UNSPECIFIED.,.F.,
  .F.,(2,2),(4.712388980385,6.28318530718),.PIECEWISE_BEZIER_KNOTS.);
#2823 = CARTESIAN_POINT('',(-1.282657999313,-1.570796326795));
#2824 = CARTESIAN_POINT('',(-1.282657999313,0.));
#2825 = ( GEOMETRIC_REPRESENTATION_CONTEXT(2) 
PARAMETRIC_REPRESENTATION_CONTEXT() REPRESENTATION_CONTEXT('2D SPACE',''
  ) );
#2826 = ORIENTED_EDGE('',*,*,#2322,.F.);
#2827 = ADVANCED_FACE('',(#2828),#2177,.T.);
#2828 = FACE_BOUND('',#2829,.T.);
#2829 = EDGE_LOOP('',(#2830,#2853,#2875,#2876));
#2830 = ORIENTED_EDGE('',*,*,#2831,.F.);
#2831 = EDGE_CURVE('',#2623,#2832,#2834,.T.);
#2832 = VERTEX_POINT('',#2833);
#2833 = CARTESIAN_POINT('',(-52.92625169147,-3.5,32.321762554696));
#2834 = SURFACE_CURVE('',#2835,(#2839,#2846),.PCURVE_S1.);
#2835 = LINE('',#2836,#2837);
#2836 = CARTESIAN_POINT('',(-52.92625169147,5.,32.321762554696));
#2837 = VECTOR('',#2838,1.);
#2838 = DIRECTION('',(-0.,-1.,0.));
#2839 = PCURVE('',#2177,#2840);
#2840 = DEFINITIONAL_REPRESENTATION('',(#2841),#2845);
#2841 = LINE('',#2842,#2843);
#2842 = CARTESIAN_POINT('',(0.,0.));
#2843 = VECTOR('',#2844,1.);
#2844 = DIRECTION('',(0.,1.));
#2845 = ( GEOMETRIC_REPRESENTATION_CONTEXT(2) 
PARAMETRIC_REPRESENTATION_CONTEXT() REPRESENTATION_CONTEXT('2D SPACE',''
  ) );
#2846 = PCURVE('',#2666,#2847);
#2847 = DEFINITIONAL_REPRESENTATION('',(#2848),#2852);
#2848 = LINE('',#2849,#2850);
#2849 = CARTESIAN_POINT('',(-6.018383294905E-03,-5.));
#2850 = VECTOR('',#2851,1.);
#2851 = DIRECTION('',(-0.,1.));
#2852 = ( GEOMETRIC_REPRESENTATION_CONTEXT(2) 
PARAMETRIC_REPRESENTATION_CONTEXT() REPRESENTATION_CONTEXT('2D SPACE',''
  ) );
#2853 = ORIENTED_EDGE('',*,*,#2854,.T.);
#2854 = EDGE_CURVE('',#2623,#2160,#2855,.T.);
#2855 = SURFACE_CURVE('',#2856,(#2861,#2868),.PCURVE_S1.);
#2856 = CIRCLE('',#2857,1.5);
#2857 = AXIS2_PLACEMENT_3D('',#2858,#2859,#2860);
#2858 = CARTESIAN_POINT('',(-52.5,3.5,30.883600708618));
#2859 = DIRECTION('',(-0.,-1.,0.));
#2860 = DIRECTION('',(-0.284167794317,0.,0.958774564052));
#2861 = PCURVE('',#2177,#2862);
#2862 = DEFINITIONAL_REPRESENTATION('',(#2863),#2867);
#2863 = LINE('',#2864,#2865);
#2864 = CARTESIAN_POINT('',(0.,1.5));
#2865 = VECTOR('',#2866,1.);
#2866 = DIRECTION('',(1.,0.));
#2867 = ( GEOMETRIC_REPRESENTATION_CONTEXT(2) 
PARAMETRIC_REPRESENTATION_CONTEXT() REPRESENTATION_CONTEXT('2D SPACE',''
  ) );
#2868 = PCURVE('',#2638,#2869);
#2869 = DEFINITIONAL_REPRESENTATION('',(#2870),#2874);
#2870 = LINE('',#2871,#2872);
#2871 = CARTESIAN_POINT('',(0.,0.));
#2872 = VECTOR('',#2873,1.);
#2873 = DIRECTION('',(1.,0.));
#2874 = ( GEOMETRIC_REPRESENTATION_CONTEXT(2) 
PARAMETRIC_REPRESENTATION_CONTEXT() REPRESENTATION_CONTEXT('2D SPACE',''
  ) );
#2875 = ORIENTED_EDGE('',*,*,#2159,.T.);
#2876 = ORIENTED_EDGE('',*,*,#2877,.F.);
#2877 = EDGE_CURVE('',#2832,#2162,#2878,.T.);
#2878 = SURFACE_CURVE('',#2879,(#2884,#2891),.PCURVE_S1.);
#2879 = CIRCLE('',#2880,1.5);
#2880 = AXIS2_PLACEMENT_3D('',#2881,#2882,#2883);
#2881 = CARTESIAN_POINT('',(-52.5,-3.5,30.883600708618));
#2882 = DIRECTION('',(-0.,-1.,0.));
#2883 = DIRECTION('',(-0.284167794317,0.,0.958774564052));
#2884 = PCURVE('',#2177,#2885);
#2885 = DEFINITIONAL_REPRESENTATION('',(#2886),#2890);
#2886 = LINE('',#2887,#2888);
#2887 = CARTESIAN_POINT('',(0.,8.5));
#2888 = VECTOR('',#2889,1.);
#2889 = DIRECTION('',(1.,0.));
#2890 = ( GEOMETRIC_REPRESENTATION_CONTEXT(2) 
PARAMETRIC_REPRESENTATION_CONTEXT() REPRESENTATION_CONTEXT('2D SPACE',''
  ) );
#2891 = PCURVE('',#2816,#2892);
#2892 = DEFINITIONAL_REPRESENTATION('',(#2893),#2897);
#2893 = LINE('',#2894,#2895);
#2894 = CARTESIAN_POINT('',(-0.,0.));
#2895 = VECTOR('',#2896,1.);
#2896 = DIRECTION('',(-1.,0.));
#2897 = ( GEOMETRIC_REPRESENTATION_CONTEXT(2) 
PARAMETRIC_REPRESENTATION_CONTEXT() REPRESENTATION_CONTEXT('2D SPACE',''
  ) );
#2898 = ADVANCED_FACE('',(#2899),#2254,.T.);
#2899 = FACE_BOUND('',#2900,.F.);
#2900 = EDGE_LOOP('',(#2901,#2921,#2945,#2970));
#2901 = ORIENTED_EDGE('',*,*,#2902,.T.);
#2902 = EDGE_CURVE('',#2236,#2832,#2903,.T.);
#2903 = SURFACE_CURVE('',#2904,(#2909,#2915),.PCURVE_S1.);
#2904 = CIRCLE('',#2905,1.5);
#2905 = AXIS2_PLACEMENT_3D('',#2906,#2907,#2908);
#2906 = CARTESIAN_POINT('',(-52.5,-3.5,30.883600708618));
#2907 = DIRECTION('',(-0.958774564052,0.,-0.284167794317));
#2908 = DIRECTION('',(-0.284167794317,0.,0.958774564052));
#2909 = PCURVE('',#2254,#2910);
#2910 = DEFINITIONAL_REPRESENTATION('',(#2911),#2914);
#2911 = B_SPLINE_CURVE_WITH_KNOTS('',1,(#2912,#2913),.UNSPECIFIED.,.F.,
  .F.,(2,2),(4.712388980385,6.28318530718),.PIECEWISE_BEZIER_KNOTS.);
#2912 = CARTESIAN_POINT('',(-6.018383294905E-03,1.570796326795));
#2913 = CARTESIAN_POINT('',(-6.018383294905E-03,0.));
#2914 = ( GEOMETRIC_REPRESENTATION_CONTEXT(2) 
PARAMETRIC_REPRESENTATION_CONTEXT() REPRESENTATION_CONTEXT('2D SPACE',''
  ) );
#2915 = PCURVE('',#2816,#2916);
#2916 = DEFINITIONAL_REPRESENTATION('',(#2917),#2920);
#2917 = B_SPLINE_CURVE_WITH_KNOTS('',1,(#2918,#2919),.UNSPECIFIED.,.F.,
  .F.,(2,2),(4.712388980385,6.28318530718),.PIECEWISE_BEZIER_KNOTS.);
#2918 = CARTESIAN_POINT('',(0.,-1.570796326795));
#2919 = CARTESIAN_POINT('',(0.,0.));
#2920 = ( GEOMETRIC_REPRESENTATION_CONTEXT(2) 
PARAMETRIC_REPRESENTATION_CONTEXT() REPRESENTATION_CONTEXT('2D SPACE',''
  ) );
#2921 = ORIENTED_EDGE('',*,*,#2922,.T.);
#2922 = EDGE_CURVE('',#2832,#2923,#2925,.T.);
#2923 = VERTEX_POINT('',#2924);
#2924 = CARTESIAN_POINT('',(52.926251691475,-3.5,32.321762554696));
#2925 = SURFACE_CURVE('',#2926,(#2931,#2938),.PCURVE_S1.);
#2926 = CIRCLE('',#2927,186.25);
#2927 = AXIS2_PLACEMENT_3D('',#2928,#2929,#2930);
#2928 = CARTESIAN_POINT('',(2.556831758308E-15,-3.5,-146.25));
#2929 = DIRECTION('',(0.,1.,-0.));
#2930 = DIRECTION('',(-0.289932885906,0.,0.957046979866));
#2931 = PCURVE('',#2254,#2932);
#2932 = DEFINITIONAL_REPRESENTATION('',(#2933),#2937);
#2933 = LINE('',#2934,#2935);
#2934 = CARTESIAN_POINT('',(-0.,0.));
#2935 = VECTOR('',#2936,1.);
#2936 = DIRECTION('',(-1.,0.));
#2937 = ( GEOMETRIC_REPRESENTATION_CONTEXT(2) 
PARAMETRIC_REPRESENTATION_CONTEXT() REPRESENTATION_CONTEXT('2D SPACE',''
  ) );
#2938 = PCURVE('',#2666,#2939);
#2939 = DEFINITIONAL_REPRESENTATION('',(#2940),#2944);
#2940 = LINE('',#2941,#2942);
#2941 = CARTESIAN_POINT('',(-0.,3.5));
#2942 = VECTOR('',#2943,1.);
#2943 = DIRECTION('',(-1.,0.));
#2944 = ( GEOMETRIC_REPRESENTATION_CONTEXT(2) 
PARAMETRIC_REPRESENTATION_CONTEXT() REPRESENTATION_CONTEXT('2D SPACE',''
  ) );
#2945 = ORIENTED_EDGE('',*,*,#2946,.F.);
#2946 = EDGE_CURVE('',#2238,#2923,#2947,.T.);
#2947 = SURFACE_CURVE('',#2948,(#2953,#2959),.PCURVE_S1.);
#2948 = CIRCLE('',#2949,1.5);
#2949 = AXIS2_PLACEMENT_3D('',#2950,#2951,#2952);
#2950 = CARTESIAN_POINT('',(52.5,-3.5,30.883600708618));
#2951 = DIRECTION('',(-0.958774564052,0.,0.284167794317));
#2952 = DIRECTION('',(0.284167794317,0.,0.958774564052));
#2953 = PCURVE('',#2254,#2954);
#2954 = DEFINITIONAL_REPRESENTATION('',(#2955),#2958);
#2955 = B_SPLINE_CURVE_WITH_KNOTS('',1,(#2956,#2957),.UNSPECIFIED.,.F.,
  .F.,(2,2),(4.712388980385,6.28318530718),.PIECEWISE_BEZIER_KNOTS.);
#2956 = CARTESIAN_POINT('',(-0.582295038259,1.570796326795));
#2957 = CARTESIAN_POINT('',(-0.582295038259,0.));
#2958 = ( GEOMETRIC_REPRESENTATION_CONTEXT(2) 
PARAMETRIC_REPRESENTATION_CONTEXT() REPRESENTATION_CONTEXT('2D SPACE',''
  ) );
#2959 = PCURVE('',#2960,#2965);
#2960 = SPHERICAL_SURFACE('',#2961,1.5);
#2961 = AXIS2_PLACEMENT_3D('',#2962,#2963,#2964);
#2962 = CARTESIAN_POINT('',(52.5,-3.5,30.883600708618));
#2963 = DIRECTION('',(0.,1.,-0.));
#2964 = DIRECTION('',(0.284167794317,0.,0.958774564052));
#2965 = DEFINITIONAL_REPRESENTATION('',(#2966),#2969);
#2966 = B_SPLINE_CURVE_WITH_KNOTS('',1,(#2967,#2968),.UNSPECIFIED.,.F.,
  .F.,(2,2),(4.712388980385,6.28318530718),.PIECEWISE_BEZIER_KNOTS.);
#2967 = CARTESIAN_POINT('',(0.,-1.570796326795));
#2968 = CARTESIAN_POINT('',(0.,0.));
#2969 = ( GEOMETRIC_REPRESENTATION_CONTEXT(2) 
PARAMETRIC_REPRESENTATION_CONTEXT() REPRESENTATION_CONTEXT('2D SPACE',''
  ) );
#2970 = ORIENTED_EDGE('',*,*,#2235,.F.);
#2971 = ADVANCED_FACE('',(#2972),#2282,.T.);
#2972 = FACE_BOUND('',#2973,.F.);
#2973 = EDGE_LOOP('',(#2974,#2996,#3017,#3037));
#2974 = ORIENTED_EDGE('',*,*,#2975,.T.);
#2975 = EDGE_CURVE('',#2238,#2976,#2978,.T.);
#2976 = VERTEX_POINT('',#2977);
#2977 = CARTESIAN_POINT('',(54.,-3.5,30.883600708618));
#2978 = SURFACE_CURVE('',#2979,(#2984,#2990),.PCURVE_S1.);
#2979 = CIRCLE('',#2980,1.5);
#2980 = AXIS2_PLACEMENT_3D('',#2981,#2982,#2983);
#2981 = CARTESIAN_POINT('',(52.5,-3.5,30.883600708618));
#2982 = DIRECTION('',(-2.75891032524E-15,0.,1.));
#2983 = DIRECTION('',(1.,0.,2.75891032524E-15));
#2984 = PCURVE('',#2282,#2985);
#2985 = DEFINITIONAL_REPRESENTATION('',(#2986),#2989);
#2986 = B_SPLINE_CURVE_WITH_KNOTS('',1,(#2987,#2988),.UNSPECIFIED.,.F.,
  .F.,(2,2),(4.712388980385,6.28318530718),.PIECEWISE_BEZIER_KNOTS.);
#2987 = CARTESIAN_POINT('',(0.,1.116399291382));
#2988 = CARTESIAN_POINT('',(-1.570796326795,1.116399291382));
#2989 = ( GEOMETRIC_REPRESENTATION_CONTEXT(2) 
PARAMETRIC_REPRESENTATION_CONTEXT() REPRESENTATION_CONTEXT('2D SPACE',''
  ) );
#2990 = PCURVE('',#2960,#2991);
#2991 = DEFINITIONAL_REPRESENTATION('',(#2992),#2995);
#2992 = B_SPLINE_CURVE_WITH_KNOTS('',1,(#2993,#2994),.UNSPECIFIED.,.F.,
  .F.,(2,2),(4.712388980385,6.28318530718),.PIECEWISE_BEZIER_KNOTS.);
#2993 = CARTESIAN_POINT('',(1.282657999313,-1.570796326795));
#2994 = CARTESIAN_POINT('',(1.282657999313,0.));
#2995 = ( GEOMETRIC_REPRESENTATION_CONTEXT(2) 
PARAMETRIC_REPRESENTATION_CONTEXT() REPRESENTATION_CONTEXT('2D SPACE',''
  ) );
#2996 = ORIENTED_EDGE('',*,*,#2997,.T.);
#2997 = EDGE_CURVE('',#2976,#2370,#2998,.T.);
#2998 = SURFACE_CURVE('',#2999,(#3003,#3010),.PCURVE_S1.);
#2999 = LINE('',#3000,#3001);
#3000 = CARTESIAN_POINT('',(54.,-3.5,32.));
#3001 = VECTOR('',#3002,1.);
#3002 = DIRECTION('',(0.,0.,-1.));
#3003 = PCURVE('',#2282,#3004);
#3004 = DEFINITIONAL_REPRESENTATION('',(#3005),#3009);
#3005 = LINE('',#3006,#3007);
#3006 = CARTESIAN_POINT('',(-1.570796326795,0.));
#3007 = VECTOR('',#3008,1.);
#3008 = DIRECTION('',(-0.,1.));
#3009 = ( GEOMETRIC_REPRESENTATION_CONTEXT(2) 
PARAMETRIC_REPRESENTATION_CONTEXT() REPRESENTATION_CONTEXT('2D SPACE',''
  ) );
#3010 = PCURVE('',#2414,#3011);
#3011 = DEFINITIONAL_REPRESENTATION('',(#3012),#3016);
#3012 = LINE('',#3013,#3014);
#3013 = CARTESIAN_POINT('',(0.,3.5));
#3014 = VECTOR('',#3015,1.);
#3015 = DIRECTION('',(1.,0.));
#3016 = ( GEOMETRIC_REPRESENTATION_CONTEXT(2) 
PARAMETRIC_REPRESENTATION_CONTEXT() REPRESENTATION_CONTEXT('2D SPACE',''
  ) );
#3017 = ORIENTED_EDGE('',*,*,#3018,.F.);
#3018 = EDGE_CURVE('',#2267,#2370,#3019,.T.);
#3019 = SURFACE_CURVE('',#3020,(#3025,#3031),.PCURVE_S1.);
#3020 = CIRCLE('',#3021,1.5);
#3021 = AXIS2_PLACEMENT_3D('',#3022,#3023,#3024);
#3022 = CARTESIAN_POINT('',(52.5,-3.5,26.010401919002));
#3023 = DIRECTION('',(0.,0.,1.));
#3024 = DIRECTION('',(1.,-0.,0.));
#3025 = PCURVE('',#2282,#3026);
#3026 = DEFINITIONAL_REPRESENTATION('',(#3027),#3030);
#3027 = B_SPLINE_CURVE_WITH_KNOTS('',1,(#3028,#3029),.UNSPECIFIED.,.F.,
  .F.,(2,2),(4.712388980385,6.28318530718),.PIECEWISE_BEZIER_KNOTS.);
#3028 = CARTESIAN_POINT('',(0.,5.989598080998));
#3029 = CARTESIAN_POINT('',(-1.570796326795,5.989598080998));
#3030 = ( GEOMETRIC_REPRESENTATION_CONTEXT(2) 
PARAMETRIC_REPRESENTATION_CONTEXT() REPRESENTATION_CONTEXT('2D SPACE',''
  ) );
#3031 = PCURVE('',#2386,#3032);
#3032 = DEFINITIONAL_REPRESENTATION('',(#3033),#3036);
#3033 = B_SPLINE_CURVE_WITH_KNOTS('',1,(#3034,#3035),.UNSPECIFIED.,.F.,
  .F.,(2,2),(4.712388980385,6.28318530718),.PIECEWISE_BEZIER_KNOTS.);
#3034 = CARTESIAN_POINT('',(0.,-1.570796326795));
#3035 = CARTESIAN_POINT('',(0.,0.));
#3036 = ( GEOMETRIC_REPRESENTATION_CONTEXT(2) 
PARAMETRIC_REPRESENTATION_CONTEXT() REPRESENTATION_CONTEXT('2D SPACE',''
  ) );
#3037 = ORIENTED_EDGE('',*,*,#2266,.F.);
#3038 = ADVANCED_FACE('',(#3039),#2443,.T.);
#3039 = FACE_BOUND('',#3040,.F.);
#3040 = EDGE_LOOP('',(#3041,#3042,#3043));
#3041 = ORIENTED_EDGE('',*,*,#2756,.F.);
#3042 = ORIENTED_EDGE('',*,*,#2509,.T.);
#3043 = ORIENTED_EDGE('',*,*,#2426,.F.);
#3044 = ADVANCED_FACE('',(#3045),#2414,.F.);
#3045 = FACE_BOUND('',#3046,.F.);
#3046 = EDGE_LOOP('',(#3047,#3073,#3074,#3075));
#3047 = ORIENTED_EDGE('',*,*,#3048,.T.);
#3048 = EDGE_CURVE('',#2976,#2734,#3049,.T.);
#3049 = SURFACE_CURVE('',#3050,(#3054,#3061),.PCURVE_S1.);
#3050 = LINE('',#3051,#3052);
#3051 = CARTESIAN_POINT('',(54.,-5.,30.883600708618));
#3052 = VECTOR('',#3053,1.);
#3053 = DIRECTION('',(0.,1.,-0.));
#3054 = PCURVE('',#2414,#3055);
#3055 = DEFINITIONAL_REPRESENTATION('',(#3056),#3060);
#3056 = LINE('',#3057,#3058);
#3057 = CARTESIAN_POINT('',(1.116399291382,5.));
#3058 = VECTOR('',#3059,1.);
#3059 = DIRECTION('',(0.,-1.));
#3060 = ( GEOMETRIC_REPRESENTATION_CONTEXT(2) 
PARAMETRIC_REPRESENTATION_CONTEXT() REPRESENTATION_CONTEXT('2D SPACE',''
  ) );
#3061 = PCURVE('',#3062,#3067);
#3062 = CYLINDRICAL_SURFACE('',#3063,1.5);
#3063 = AXIS2_PLACEMENT_3D('',#3064,#3065,#3066);
#3064 = CARTESIAN_POINT('',(52.5,-5.,30.883600708618));
#3065 = DIRECTION('',(0.,1.,-0.));
#3066 = DIRECTION('',(0.284167794317,0.,0.958774564052));
#3067 = DEFINITIONAL_REPRESENTATION('',(#3068),#3072);
#3068 = LINE('',#3069,#3070);
#3069 = CARTESIAN_POINT('',(1.282657999313,0.));
#3070 = VECTOR('',#3071,1.);
#3071 = DIRECTION('',(0.,1.));
#3072 = ( GEOMETRIC_REPRESENTATION_CONTEXT(2) 
PARAMETRIC_REPRESENTATION_CONTEXT() REPRESENTATION_CONTEXT('2D SPACE',''
  ) );
#3073 = ORIENTED_EDGE('',*,*,#2776,.T.);
#3074 = ORIENTED_EDGE('',*,*,#2398,.F.);
#3075 = ORIENTED_EDGE('',*,*,#2997,.F.);
#3076 = ADVANCED_FACE('',(#3077),#2386,.T.);
#3077 = FACE_BOUND('',#3078,.T.);
#3078 = EDGE_LOOP('',(#3079,#3080,#3081));
#3079 = ORIENTED_EDGE('',*,*,#3018,.F.);
#3080 = ORIENTED_EDGE('',*,*,#2534,.T.);
#3081 = ORIENTED_EDGE('',*,*,#2369,.F.);
#3082 = ADVANCED_FACE('',(#3083),#2604,.T.);
#3083 = FACE_BOUND('',#3084,.T.);
#3084 = EDGE_LOOP('',(#3085,#3086,#3109,#3136));
#3085 = ORIENTED_EDGE('',*,*,#2587,.F.);
#3086 = ORIENTED_EDGE('',*,*,#3087,.F.);
#3087 = EDGE_CURVE('',#3088,#2588,#3090,.T.);
#3088 = VERTEX_POINT('',#3089);
#3089 = CARTESIAN_POINT('',(55.,-1.714505518806E-15,0.));
#3090 = SEAM_CURVE('',#3091,(#3095,#3102),.PCURVE_S1.);
#3091 = LINE('',#3092,#3093);
#3092 = CARTESIAN_POINT('',(55.,-1.714505518806E-15,0.));
#3093 = VECTOR('',#3094,1.);
#3094 = DIRECTION('',(0.,0.,1.));
#3095 = PCURVE('',#2604,#3096);
#3096 = DEFINITIONAL_REPRESENTATION('',(#3097),#3101);
#3097 = LINE('',#3098,#3099);
#3098 = CARTESIAN_POINT('',(0.,-0.));
#3099 = VECTOR('',#3100,1.);
#3100 = DIRECTION('',(0.,1.));
#3101 = ( GEOMETRIC_REPRESENTATION_CONTEXT(2) 
PARAMETRIC_REPRESENTATION_CONTEXT() REPRESENTATION_CONTEXT('2D SPACE',''
  ) );
#3102 = PCURVE('',#2604,#3103);
#3103 = DEFINITIONAL_REPRESENTATION('',(#3104),#3108);
#3104 = LINE('',#3105,#3106);
#3105 = CARTESIAN_POINT('',(6.28318530718,-0.));
#3106 = VECTOR('',#3107,1.);
#3107 = DIRECTION('',(0.,1.));
#3108 = ( GEOMETRIC_REPRESENTATION_CONTEXT(2) 
PARAMETRIC_REPRESENTATION_CONTEXT() REPRESENTATION_CONTEXT('2D SPACE',''
  ) );
#3109 = ORIENTED_EDGE('',*,*,#3110,.T.);
#3110 = EDGE_CURVE('',#3088,#3088,#3111,.T.);
#3111 = SURFACE_CURVE('',#3112,(#3117,#3124),.PCURVE_S1.);
#3112 = CIRCLE('',#3113,7.);
#3113 = AXIS2_PLACEMENT_3D('',#3114,#3115,#3116);
#3114 = CARTESIAN_POINT('',(48.,0.,0.));
#3115 = DIRECTION('',(0.,0.,1.));
#3116 = DIRECTION('',(1.,0.,0.));
#3117 = PCURVE('',#2604,#3118);
#3118 = DEFINITIONAL_REPRESENTATION('',(#3119),#3123);
#3119 = LINE('',#3120,#3121);
#3120 = CARTESIAN_POINT('',(0.,0.));
#3121 = VECTOR('',#3122,1.);
#3122 = DIRECTION('',(1.,0.));
#3123 = ( GEOMETRIC_REPRESENTATION_CONTEXT(2) 
PARAMETRIC_REPRESENTATION_CONTEXT() REPRESENTATION_CONTEXT('2D SPACE',''
  ) );
#3124 = PCURVE('',#3125,#3130);
#3125 = PLANE('',#3126);
#3126 = AXIS2_PLACEMENT_3D('',#3127,#3128,#3129);
#3127 = CARTESIAN_POINT('',(48.,0.,0.));
#3128 = DIRECTION('',(0.,0.,1.));
#3129 = DIRECTION('',(1.,0.,0.));
#3130 = DEFINITIONAL_REPRESENTATION('',(#3131),#3135);
#3131 = CIRCLE('',#3132,7.);
#3132 = AXIS2_PLACEMENT_2D('',#3133,#3134);
#3133 = CARTESIAN_POINT('',(0.,0.));
#3134 = DIRECTION('',(1.,0.));
#3135 = ( GEOMETRIC_REPRESENTATION_CONTEXT(2) 
PARAMETRIC_REPRESENTATION_CONTEXT() REPRESENTATION_CONTEXT('2D SPACE',''
  ) );
#3136 = ORIENTED_EDGE('',*,*,#3087,.T.);
#3137 = ADVANCED_FACE('',(#3138),#2638,.T.);
#3138 = FACE_BOUND('',#3139,.T.);
#3139 = EDGE_LOOP('',(#3140,#3141,#3142));
#3140 = ORIENTED_EDGE('',*,*,#2622,.F.);
#3141 = ORIENTED_EDGE('',*,*,#2709,.T.);
#3142 = ORIENTED_EDGE('',*,*,#2854,.F.);
#3143 = ADVANCED_FACE('',(#3144),#2666,.T.);
#3144 = FACE_BOUND('',#3145,.F.);
#3145 = EDGE_LOOP('',(#3146,#3147,#3148,#3169));
#3146 = ORIENTED_EDGE('',*,*,#2831,.F.);
#3147 = ORIENTED_EDGE('',*,*,#2649,.T.);
#3148 = ORIENTED_EDGE('',*,*,#3149,.F.);
#3149 = EDGE_CURVE('',#2923,#2650,#3150,.T.);
#3150 = SURFACE_CURVE('',#3151,(#3155,#3162),.PCURVE_S1.);
#3151 = LINE('',#3152,#3153);
#3152 = CARTESIAN_POINT('',(52.926251691475,-5.,32.321762554696));
#3153 = VECTOR('',#3154,1.);
#3154 = DIRECTION('',(0.,1.,-0.));
#3155 = PCURVE('',#2666,#3156);
#3156 = DEFINITIONAL_REPRESENTATION('',(#3157),#3161);
#3157 = LINE('',#3158,#3159);
#3158 = CARTESIAN_POINT('',(-0.582295038259,5.));
#3159 = VECTOR('',#3160,1.);
#3160 = DIRECTION('',(-0.,-1.));
#3161 = ( GEOMETRIC_REPRESENTATION_CONTEXT(2) 
PARAMETRIC_REPRESENTATION_CONTEXT() REPRESENTATION_CONTEXT('2D SPACE',''
  ) );
#3162 = PCURVE('',#3062,#3163);
#3163 = DEFINITIONAL_REPRESENTATION('',(#3164),#3168);
#3164 = LINE('',#3165,#3166);
#3165 = CARTESIAN_POINT('',(0.,0.));
#3166 = VECTOR('',#3167,1.);
#3167 = DIRECTION('',(0.,1.));
#3168 = ( GEOMETRIC_REPRESENTATION_CONTEXT(2) 
PARAMETRIC_REPRESENTATION_CONTEXT() REPRESENTATION_CONTEXT('2D SPACE',''
  ) );
#3169 = ORIENTED_EDGE('',*,*,#2922,.F.);
#3170 = ADVANCED_FACE('',(#3171),#2692,.T.);
#3171 = FACE_BOUND('',#3172,.T.);
#3172 = EDGE_LOOP('',(#3173,#3174,#3175));
#3173 = ORIENTED_EDGE('',*,*,#2733,.F.);
#3174 = ORIENTED_EDGE('',*,*,#2678,.T.);
#3175 = ORIENTED_EDGE('',*,*,#3176,.F.);
#3176 = EDGE_CURVE('',#2734,#2650,#3177,.T.);
#3177 = SURFACE_CURVE('',#3178,(#3183,#3190),.PCURVE_S1.);
#3178 = CIRCLE('',#3179,1.5);
#3179 = AXIS2_PLACEMENT_3D('',#3180,#3181,#3182);
#3180 = CARTESIAN_POINT('',(52.5,3.5,30.883600708618));
#3181 = DIRECTION('',(0.,-1.,0.));
#3182 = DIRECTION('',(1.,-0.,-2.368475785867E-15));
#3183 = PCURVE('',#2692,#3184);
#3184 = DEFINITIONAL_REPRESENTATION('',(#3185),#3189);
#3185 = LINE('',#3186,#3187);
#3186 = CARTESIAN_POINT('',(0.,0.));
#3187 = VECTOR('',#3188,1.);
#3188 = DIRECTION('',(1.,0.));
#3189 = ( GEOMETRIC_REPRESENTATION_CONTEXT(2) 
PARAMETRIC_REPRESENTATION_CONTEXT() REPRESENTATION_CONTEXT('2D SPACE',''
  ) );
#3190 = PCURVE('',#3062,#3191);
#3191 = DEFINITIONAL_REPRESENTATION('',(#3192),#3196);
#3192 = LINE('',#3193,#3194);
#3193 = CARTESIAN_POINT('',(1.282657999313,8.5));
#3194 = VECTOR('',#3195,1.);
#3195 = DIRECTION('',(-1.,-0.));
#3196 = ( GEOMETRIC_REPRESENTATION_CONTEXT(2) 
PARAMETRIC_REPRESENTATION_CONTEXT() REPRESENTATION_CONTEXT('2D SPACE',''
  ) );
#3197 = ADVANCED_FACE('',(#3198),#2816,.T.);
#3198 = FACE_BOUND('',#3199,.F.);
#3199 = EDGE_LOOP('',(#3200,#3201,#3202));
#3200 = ORIENTED_EDGE('',*,*,#2902,.F.);
#3201 = ORIENTED_EDGE('',*,*,#2802,.T.);
#3202 = ORIENTED_EDGE('',*,*,#2877,.F.);
#3203 = ADVANCED_FACE('',(#3204),#2960,.T.);
#3204 = FACE_BOUND('',#3205,.T.);
#3205 = EDGE_LOOP('',(#3206,#3207,#3208));
#3206 = ORIENTED_EDGE('',*,*,#2946,.F.);
#3207 = ORIENTED_EDGE('',*,*,#2975,.T.);
#3208 = ORIENTED_EDGE('',*,*,#3209,.F.);
#3209 = EDGE_CURVE('',#2923,#2976,#3210,.T.);
#3210 = SURFACE_CURVE('',#3211,(#3216,#3223),.PCURVE_S1.);
#3211 = CIRCLE('',#3212,1.5);
#3212 = AXIS2_PLACEMENT_3D('',#3213,#3214,#3215);
#3213 = CARTESIAN_POINT('',(52.5,-3.5,30.883600708618));
#3214 = DIRECTION('',(0.,1.,-0.));
#3215 = DIRECTION('',(0.284167794317,0.,0.958774564052));
#3216 = PCURVE('',#2960,#3217);
#3217 = DEFINITIONAL_REPRESENTATION('',(#3218),#3222);
#3218 = LINE('',#3219,#3220);
#3219 = CARTESIAN_POINT('',(0.,0.));
#3220 = VECTOR('',#3221,1.);
#3221 = DIRECTION('',(1.,0.));
#3222 = ( GEOMETRIC_REPRESENTATION_CONTEXT(2) 
PARAMETRIC_REPRESENTATION_CONTEXT() REPRESENTATION_CONTEXT('2D SPACE',''
  ) );
#3223 = PCURVE('',#3062,#3224);
#3224 = DEFINITIONAL_REPRESENTATION('',(#3225),#3229);
#3225 = LINE('',#3226,#3227);
#3226 = CARTESIAN_POINT('',(0.,1.5));
#3227 = VECTOR('',#3228,1.);
#3228 = DIRECTION('',(1.,0.));
#3229 = ( GEOMETRIC_REPRESENTATION_CONTEXT(2) 
PARAMETRIC_REPRESENTATION_CONTEXT() REPRESENTATION_CONTEXT('2D SPACE',''
  ) );
#3230 = ADVANCED_FACE('',(#3231),#3062,.T.);
#3231 = FACE_BOUND('',#3232,.T.);
#3232 = EDGE_LOOP('',(#3233,#3234,#3235,#3236));
#3233 = ORIENTED_EDGE('',*,*,#3149,.F.);
#3234 = ORIENTED_EDGE('',*,*,#3209,.T.);
#3235 = ORIENTED_EDGE('',*,*,#3048,.T.);
#3236 = ORIENTED_EDGE('',*,*,#3176,.T.);
#3237 = ADVANCED_FACE('',(#3238),#3125,.F.);
#3238 = FACE_BOUND('',#3239,.T.);
#3239 = EDGE_LOOP('',(#3240));
#3240 = ORIENTED_EDGE('',*,*,#3110,.F.);
#3241 = ( GEOMETRIC_REPRESENTATION_CONTEXT(3) 
GLOBAL_UNCERTAINTY_ASSIGNED_CONTEXT((#3245)) 
GLOBAL_UNIT_ASSIGNED_CONTEXT((#3242,#3243,#3244)) REPRESENTATION_CONTEXT
('Context #1','3D Context with UNIT and UNCERTAINTY') );
#3242 = ( LENGTH_UNIT() NAMED_UNIT(*) SI_UNIT(.MILLI.,.METRE.) );
#3243 = ( NAMED_UNIT(*) PLANE_ANGLE_UNIT() SI_UNIT($,.RADIAN.) );
#3244 = ( NAMED_UNIT(*) SI_UNIT($,.STERADIAN.) SOLID_ANGLE_UNIT() );
#3245 = UNCERTAINTY_MEASURE_WITH_UNIT(LENGTH_MEASURE(1.E-07),#3242,
  'distance_accuracy_value','confusion accuracy');
#3246 = PRODUCT_RELATED_PRODUCT_CATEGORY('part',$,(#7));
ENDSEC;
END-ISO-10303-21;
